{
"type": "FeatureCollection",
"name": "PowerCo_Tar_P2_2026 - Captured_Area",
"crs": { "type": "name", "properties": { "name": "urn:ogc:def:crs:OGC:1.3:CRS84" } },
"xy_coordinate_resolution": 1e-15,
"features": [
{ "type": "Feature", "properties": { "Tasking_1": "Priority", "ID": 1, "Area": 3855.929, "Project": "PGRM3365", "layer": "Dissolved", "path": "MultiPolygon?crs=EPSG:32760&field=Tasking_1:string(100,0)&field=ID:long(10,0)&field=Area:double(10,3)&uid={8bcbdea4-e83f-425d-9753-561d1825b6dd}", "SN_No": "AiDash Inc", "Company_Name": "SN14592", "Description": "NI Powerco Network (BOP/Coromandel) 2026/27 orthos", "Percentage_Coverage": 100.0 }, "geometry": { "type": "MultiPolygon", "coordinates": [ [ [ [ 174.048937598881508, -39.564919382551992 ], [ 174.048469131345115, -39.565041128054808 ], [ 174.048235854814919, -39.565071537156086 ], [ 174.046417631755617, -39.565196130370772 ], [ 174.045677551155563, -39.565201715581935 ], [ 174.045627932979187, -39.565202007954703 ], [ 174.045621482540724, -39.565202035313369 ], [ 174.045571863202809, -39.565202163842869 ], [ 174.045252513082175, -39.565202463372223 ], [ 174.044870037788343, -39.565217111105092 ], [ 174.044589698915075, -39.565225225057098 ], [ 174.044553243727563, -39.565225939559731 ], [ 174.042730496454482, -39.565150768499819 ], [ 174.042531759885009, -39.565130379359907 ], [ 174.040746662485617, -39.564835408157322 ], [ 174.040711706986514, -39.564827367374804 ], [ 174.039008229439162, -39.564319865085878 ], [ 174.038827366256129, -39.564252935341365 ], [ 174.037247469177544, -39.563545401453531 ], [ 174.037217436214149, -39.563529392817401 ], [ 174.035800027418816, -39.562639257426675 ], [ 174.035654746405299, -39.562532341152689 ], [ 174.034434733322684, -39.561481527945816 ], [ 174.034412563175636, -39.561459119023368 ], [ 174.033419980526077, -39.560273510485956 ], [ 174.033324502815731, -39.560137076410719 ], [ 174.032955988796914, -39.559494695485888 ], [ 174.032763806643203, -39.559512366783913 ], [ 174.030940070744492, -39.559568420035276 ], [ 174.030913941927423, -39.559567633617142 ], [ 174.030713018642984, -39.559560238741305 ], [ 174.029578658473611, -39.559510869653764 ], [ 174.029564961592172, -39.559510267204097 ], [ 174.029563181059046, -39.559510188072757 ], [ 174.029549485123084, -39.559509573117488 ], [ 174.028691271946514, -39.559470642525298 ], [ 174.027676381648206, -39.559426322369511 ], [ 174.026658840360938, -39.559383596471264 ], [ 174.026627294229257, -39.559382238461886 ], [ 174.026623193549284, -39.559382057608936 ], [ 174.026591652296958, -39.559380633265512 ], [ 174.025370129459873, -39.559324176307577 ], [ 174.025369199491536, -39.559324133292364 ], [ 174.024610673120179, -39.559288985381798 ], [ 174.024610889398048, -39.559286189008503 ], [ 174.024521669298451, -39.559287074341832 ], [ 174.024093479932105, -39.559265259284885 ], [ 174.023519704760218, -39.55924853157093 ], [ 174.023378273426829, -39.559243740540346 ], [ 174.023359892933627, -39.559243031109069 ], [ 174.023218547451194, -39.559236907812654 ], [ 174.022573584274994, -39.559205916080643 ], [ 174.021465302059028, -39.559164795770911 ], [ 174.021443474987734, -39.559163969911197 ], [ 174.021440637601103, -39.559163860485896 ], [ 174.021418812570147, -39.559163002879345 ], [ 174.020469701470631, -39.559125011958564 ], [ 174.020420252194043, -39.55912295068476 ], [ 174.020413824554481, -39.559122672126115 ], [ 174.020364387068469, -39.559120447882165 ], [ 174.019304771494348, -39.559071017429339 ], [ 174.019275791722919, -39.559069637301327 ], [ 174.019272024649013, -39.559069454244735 ], [ 174.019243049436824, -39.559068018117593 ], [ 174.018285681982405, -39.55901963427192 ], [ 174.017433259953094, -39.558984484315957 ], [ 174.017366585453402, -39.55898158610092 ], [ 174.017357919239117, -39.55898119007297 ], [ 174.017291267365408, -39.558977995550563 ], [ 174.016407642479948, -39.558933669737272 ], [ 174.015616490391352, -39.558898693302268 ], [ 174.015603591668935, -39.55889811744769 ], [ 174.015601914887867, -39.558898041865547 ], [ 174.015589016978709, -39.558897454917847 ], [ 174.014686863645295, -39.558856007668169 ], [ 174.012730904741574, -39.558769130292283 ], [ 174.01255567292452, -39.55876031768311 ], [ 174.012532905263669, -39.558759038984732 ], [ 174.01235786538092, -39.55874817931192 ], [ 174.011585735806705, -39.558695728758103 ], [ 174.011442449649195, -39.558685302933981 ], [ 174.011423833997611, -39.558683858413019 ], [ 174.011280725518048, -39.558672060837822 ], [ 174.010524553872898, -39.558606055761857 ], [ 174.009814130305841, -39.558553463370515 ], [ 174.009744424819218, -39.558548138860772 ], [ 174.009735365882619, -39.55854742555718 ], [ 174.009665703114564, -39.558541776165974 ], [ 174.008990379351616, -39.558485415910042 ], [ 174.008405872378773, -39.558440832942615 ], [ 174.00784941216736, -39.558400843420692 ], [ 174.007777077789797, -39.558395468507946 ], [ 174.007767677234341, -39.558394747034932 ], [ 174.007695387681792, -39.558389022362903 ], [ 174.007108440259088, -39.558341105204704 ], [ 174.007076566261134, -39.558338468609378 ], [ 174.007072423256545, -39.558338121431845 ], [ 174.007040558722679, -39.558335416834282 ], [ 174.006464295027598, -39.558285881018499 ], [ 174.006055886387031, -39.558245094877506 ], [ 174.006002931185549, -39.558239066824129 ], [ 174.004403636214107, -39.557956299611988 ], [ 174.004314656092276, -39.557949952750725 ], [ 174.004252802343075, -39.557945411744285 ], [ 174.004244763450032, -39.557944804790509 ], [ 174.004182941921897, -39.55794000804638 ], [ 174.003468970692438, -39.557883117083179 ], [ 174.002843454158068, -39.557833653188375 ], [ 174.002197125433611, -39.557789297910276 ], [ 174.002103490097539, -39.557782576324932 ], [ 174.002091322267262, -39.557781664437037 ], [ 174.001997760214721, -39.557774356977959 ], [ 174.001331527226711, -39.557720213194862 ], [ 174.000673060672227, -39.557673110381579 ], [ 174.000423209296201, -39.557653128054582 ], [ 174.000390768653205, -39.557650259142491 ], [ 174.000141533229595, -39.557626104362321 ], [ 173.999426288712186, -39.557550702354916 ], [ 173.998394274753508, -39.557404938323145 ], [ 173.998261489075645, -39.557381348164938 ], [ 173.997250647484748, -39.55716418692267 ], [ 173.996497586107523, -39.556973696134079 ], [ 173.996257770527393, -39.55691078765129 ], [ 173.996226713227912, -39.556902347801504 ], [ 173.995988724213248, -39.556835412445793 ], [ 173.995379672190523, -39.556658278397954 ], [ 173.994774448083461, -39.556491115048011 ], [ 173.994640018153603, -39.556453261866011 ], [ 173.994622582027887, -39.55644825793793 ], [ 173.994488763872255, -39.556409127611815 ], [ 173.994041554740789, -39.556275917530677 ], [ 173.99375205012862, -39.556199639333684 ], [ 173.993538107808433, -39.556141462034951 ], [ 173.993510393217946, -39.556133689809677 ], [ 173.993297957232045, -39.556072294415067 ], [ 173.992736439802712, -39.555905164002816 ], [ 173.992132500564082, -39.555741218563838 ], [ 173.991974356112024, -39.555697292468842 ], [ 173.99195385170421, -39.555691467410107 ], [ 173.991796543731624, -39.555645777218068 ], [ 173.991255951897045, -39.555485302269808 ], [ 173.990677031926367, -39.55532280514231 ], [ 173.990612214694153, -39.555304442719205 ], [ 173.990603797681587, -39.555302036268024 ], [ 173.990539122413196, -39.555283376365502 ], [ 173.989911094320178, -39.555100532547407 ], [ 173.989335835509792, -39.554939093320499 ], [ 173.98865972832877, -39.554752801009919 ], [ 173.98855387351756, -39.55472318616107 ], [ 173.98854013678698, -39.554719284767863 ], [ 173.988434657282681, -39.554688878182908 ], [ 173.987791607824647, -39.554500755868652 ], [ 173.987159454841617, -39.554323355016223 ], [ 173.987148935925234, -39.554320398685952 ], [ 173.987031217074417, -39.554287187669203 ], [ 173.984122444086296, -39.553650718459785 ], [ 173.983907714315876, -39.553573966094987 ], [ 173.980883543300507, -39.552007604501632 ], [ 173.980709971640323, -39.551883237469241 ], [ 173.979938242365023, -39.551124405448157 ], [ 173.979668199475128, -39.550936848291762 ], [ 173.979612454330464, -39.550896108408658 ], [ 173.979193917700769, -39.550574302096884 ], [ 173.978682891854589, -39.550160923554095 ], [ 173.978147163938104, -39.54972756303539 ], [ 173.978096452233785, -39.54968628028152 ], [ 173.978089881715761, -39.549680897428132 ], [ 173.978039508527388, -39.549639367053224 ], [ 173.977593416524627, -39.549269241911958 ], [ 173.977143909061368, -39.54890316200197 ], [ 173.977128833482368, -39.54889086114499 ], [ 173.97712687560383, -39.54888926060557 ], [ 173.97711182997412, -39.548876937779035 ], [ 173.976551031271555, -39.548416754954687 ], [ 173.976535161928638, -39.548403706696647 ], [ 173.976533101098653, -39.548402008836021 ], [ 173.976517265364919, -39.54838893616148 ], [ 173.975990496033177, -39.547953206609925 ], [ 173.975362471566797, -39.54743776694874 ], [ 173.974808885403831, -39.546983421296368 ], [ 173.974788274865006, -39.546966461528079 ], [ 173.974785599183775, -39.546964254079555 ], [ 173.974765045395714, -39.546947253101315 ], [ 173.974247097761605, -39.546517719025111 ], [ 173.973724159244398, -39.546091650611061 ], [ 173.973682802894047, -39.546057779724705 ], [ 173.973677441329784, -39.546053365763917 ], [ 173.973636312075968, -39.546019329561389 ], [ 173.973166427660516, -39.545628453787792 ], [ 173.971820199261686, -39.544769502430448 ], [ 173.971782314351515, -39.544741261020782 ], [ 173.971554636178382, -39.544565050378971 ], [ 173.971130476498587, -39.544366813353214 ], [ 173.971088919502847, -39.544347299104508 ], [ 173.971083523966598, -39.544344753521216 ], [ 173.971042072712493, -39.544325104950175 ], [ 173.97042615813686, -39.544031776524179 ], [ 173.969761372633229, -39.543717753912958 ], [ 173.969091538571149, -39.54340215346884 ], [ 173.969080983949482, -39.543397174603911 ], [ 173.968382348434403, -39.543066605543693 ], [ 173.967692212945195, -39.542740863414615 ], [ 173.967672726488473, -39.54273164542451 ], [ 173.967670194773234, -39.542730445161581 ], [ 173.96765073176465, -39.542721197568206 ], [ 173.966958024792717, -39.542391337890095 ], [ 173.966283429866451, -39.542074028506583 ], [ 173.96561087828124, -39.54175817879797 ], [ 173.965585032107811, -39.541746004915588 ], [ 173.96558167477184, -39.54174441892949 ], [ 173.965555869622705, -39.541732193025915 ], [ 173.965403139594713, -39.541659621147076 ], [ 173.965391067370916, -39.541656458295705 ], [ 173.965386770416188, -39.54165532694936 ], [ 173.965353733810304, -39.541646585864441 ], [ 173.964726610288267, -39.541479839952473 ], [ 173.964050932954621, -39.541301531354421 ], [ 173.96401503798964, -39.541292008039143 ], [ 173.964010374265143, -39.541290764115516 ], [ 173.963974519622838, -39.541281150144322 ], [ 173.96338157712708, -39.541121318749667 ], [ 173.962802472533724, -39.540970335517329 ], [ 173.962764654128733, -39.540960419434342 ], [ 173.962759740609528, -39.540959123810779 ], [ 173.962721966410982, -39.540949107223597 ], [ 173.962125733568996, -39.540790116039744 ], [ 173.961470178270275, -39.540620237648788 ], [ 173.96143795825526, -39.54061184757709 ], [ 173.961433771720635, -39.540610752128558 ], [ 173.961401583510934, -39.540602289146136 ], [ 173.960776653244295, -39.540437189970199 ], [ 173.960374794717524, -39.540331474715551 ], [ 173.960220682915349, -39.540311043884138 ], [ 173.960161953863491, -39.540303138001853 ], [ 173.960154322540717, -39.540302095089366 ], [ 173.960095646626968, -39.540293956164149 ], [ 173.959553377116606, -39.540217625297203 ], [ 173.958995762336116, -39.54014328878673 ], [ 173.958929659421187, -39.540134324163333 ], [ 173.958921070458842, -39.540133139568709 ], [ 173.958855035492178, -39.540123879659532 ], [ 173.958247446419165, -39.540037274341451 ], [ 173.958202228324097, -39.540030757232628 ], [ 173.958196352159035, -39.540029901008523 ], [ 173.958151167715101, -39.540023245438789 ], [ 173.957529430927764, -39.539930676127064 ], [ 173.957529232839391, -39.539930646632264 ], [ 173.95728348965477, -39.539891921862846 ], [ 173.957251592850213, -39.539886617465754 ], [ 173.956246428621085, -39.539682686040592 ], [ 173.956148610254786, -39.53965917667319 ], [ 173.955404085845544, -39.539458571972233 ], [ 173.954722301816929, -39.53925455368875 ], [ 173.954223116986071, -39.539094758309737 ], [ 173.954158881173214, -39.539072829167701 ], [ 173.9536698228315, -39.538895253180684 ], [ 173.953023248036402, -39.538646132636835 ], [ 173.952347612140017, -39.538387006176869 ], [ 173.952324971389743, -39.538378298930432 ], [ 173.95232202968424, -39.538377164511587 ], [ 173.95229941342663, -39.538368419160257 ], [ 173.951681965549938, -39.538129009573339 ], [ 173.951073328179547, -39.537899356620315 ], [ 173.95106697054166, -39.537896955883475 ], [ 173.950385603628433, -39.537639152970101 ], [ 173.949661315414431, -39.537340134016517 ], [ 173.949569046668103, -39.537298737907115 ], [ 173.948873815963282, -39.536960893837062 ], [ 173.948415972169414, -39.536720554366752 ], [ 173.947839062587718, -39.536397307832267 ], [ 173.947765796225696, -39.536353547488986 ], [ 173.947215531082861, -39.536003558112654 ], [ 173.946625076440483, -39.535603935385168 ], [ 173.946508699936345, -39.53552410119385 ], [ 173.946493661302156, -39.535513644880432 ], [ 173.94637867420343, -39.535432612712981 ], [ 173.945864452189142, -39.535065336146772 ], [ 173.945612160330683, -39.534887917078706 ], [ 173.942210676960968, -39.534908524925591 ], [ 173.941976860831346, -39.534881295902942 ], [ 173.938508654710603, -39.534031760205387 ], [ 173.938297156296812, -39.533949909708603 ], [ 173.935337865139729, -39.532311990713175 ], [ 173.935169392561903, -39.532183533889551 ], [ 173.933008731292318, -39.529917615325346 ], [ 173.932899775499095, -39.529755129973474 ], [ 173.931749196523469, -39.527083065680202 ], [ 173.931710417167409, -39.526902459690895 ], [ 173.931682430372547, -39.524085837934877 ], [ 173.931717614548575, -39.523904791087645 ], [ 173.932814818695562, -39.521219317797339 ], [ 173.932920513633832, -39.521055550833125 ], [ 173.933861546010291, -39.519845357110512 ], [ 173.934122946526173, -39.519562127050875 ], [ 173.933928489429547, -39.519361602173475 ], [ 173.933909886041306, -39.519342364792543 ], [ 173.933907471914637, -39.51933986143549 ], [ 173.933888934892963, -39.519320585630986 ], [ 173.933769326088651, -39.519195862382091 ], [ 173.93332574280322, -39.519242667967561 ], [ 173.93232904150068, -39.519912395814224 ], [ 173.932236733141252, -39.519965189474966 ], [ 173.93068890296604, -39.520712628558123 ], [ 173.930580297796979, -39.520756308786773 ], [ 173.928900524737884, -39.521306988571503 ], [ 173.928791666717444, -39.521335102551681 ], [ 173.927021325902643, -39.52167545902411 ], [ 173.926900605813159, -39.521691005004229 ], [ 173.925083305502739, -39.521812654684688 ], [ 173.92496855732918, -39.521813336098774 ], [ 173.923149063748951, -39.521713283183402 ], [ 173.923028050270858, -39.521699172748498 ], [ 173.922102863762717, -39.521561387235032 ], [ 173.921922525682987, -39.521528608806847 ], [ 173.920184894250781, -39.52109890826469 ], [ 173.919966036158002, -39.52102970524313 ], [ 173.916855559545553, -39.519570170957792 ], [ 173.916675034751648, -39.519451971134103 ], [ 173.91429929425297, -39.517319382318831 ], [ 173.914174774860243, -39.517163759469042 ], [ 173.912766296872491, -39.514566921304898 ], [ 173.91270996717526, -39.514389111889592 ], [ 173.912406519817438, -39.511582255638828 ], [ 173.91242388535187, -39.511399666201598 ], [ 173.91313156420955, -39.509064911159378 ], [ 173.913082382755817, -39.509061394849645 ], [ 173.91302157390075, -39.509056922324241 ], [ 173.913013670776508, -39.509056324806131 ], [ 173.912952893105171, -39.509051604744975 ], [ 173.912246968864395, -39.508995327726872 ], [ 173.911874913995945, -39.50896096203266 ], [ 173.911826652422008, -39.508955891703323 ], [ 173.910044281866845, -39.508656768784384 ], [ 173.909864114230032, -39.508614831969695 ], [ 173.908164121968554, -39.508103381219819 ], [ 173.908120246670023, -39.508087005288921 ], [ 173.90654450310322, -39.507375827408744 ], [ 173.906389890399169, -39.507292811666041 ], [ 173.904977206259673, -39.506399423158101 ], [ 173.904942013168096, -39.506373345233598 ], [ 173.904675472778109, -39.506169364603032 ], [ 173.904393960398153, -39.505946864636101 ], [ 173.903810741720974, -39.505914677308567 ], [ 173.90363107594365, -39.505893689815458 ], [ 173.902261614601997, -39.505667625865605 ], [ 173.901604715154321, -39.505526657670487 ], [ 173.901578834812824, -39.505521078800371 ], [ 173.901575471454635, -39.505520350535377 ], [ 173.899838699486821, -39.505025781947992 ], [ 173.899757347016674, -39.504996728853939 ], [ 173.899675822105422, -39.504967967367598 ], [ 173.898058258934071, -39.504271889481174 ], [ 173.898055350832379, -39.504270391646592 ], [ 173.89660094353124, -39.503384234554531 ], [ 173.89653516592881, -39.503337127204091 ], [ 173.896469107995216, -39.503290255899771 ], [ 173.895208460337471, -39.502240994620614 ], [ 173.895206292203994, -39.502238873885275 ], [ 173.895189638600669, -39.502222545606536 ], [ 173.894666217157607, -39.501708123006928 ], [ 173.894157126907572, -39.501167609445716 ], [ 173.894094405400637, -39.501095535582202 ], [ 173.893638549112836, -39.500527220697521 ], [ 173.893566806370529, -39.500429886548474 ], [ 173.893456145897829, -39.500337365104535 ], [ 173.893235281620633, -39.500205504960299 ], [ 173.892884341277437, -39.50000182380132 ], [ 173.892814487605477, -39.499960962281826 ], [ 173.892805432585959, -39.499955623861084 ], [ 173.892735978265705, -39.499914355831081 ], [ 173.892245543437639, -39.499620669857215 ], [ 173.891690379357669, -39.499293981729707 ], [ 173.891068701168706, -39.498928928624302 ], [ 173.891045691977553, -39.498915382424414 ], [ 173.891042703613664, -39.498913618538793 ], [ 173.891019737975171, -39.498900028036651 ], [ 173.890560058739283, -39.498627297229397 ], [ 173.890297070179287, -39.498476123363339 ], [ 173.890166779790007, -39.49840012391379 ], [ 173.890149932384048, -39.498390152377922 ], [ 173.890021031913648, -39.498312743585252 ], [ 173.889640128091031, -39.498080663655969 ], [ 173.88910105830854, -39.497759337587119 ], [ 173.88909499432242, -39.497755720534876 ], [ 173.88864197552158, -39.497485033190188 ], [ 173.888088083352756, -39.497162537447487 ], [ 173.888069001600741, -39.497151403477723 ], [ 173.888066522897162, -39.497149954087973 ], [ 173.888047470748234, -39.497138789754018 ], [ 173.887471377262727, -39.496800480902891 ], [ 173.887446814300517, -39.496786016437959 ], [ 173.887443624342524, -39.496784132775289 ], [ 173.887419111027754, -39.496769617814557 ], [ 173.886841829446041, -39.496426849906484 ], [ 173.885747201063026, -39.495688397945877 ], [ 173.885613179680348, -39.495585900735129 ], [ 173.884645940519391, -39.494747473724914 ], [ 173.884365651015798, -39.494471602596668 ], [ 173.883604557198197, -39.493627253841652 ], [ 173.883514030187598, -39.493513469692928 ], [ 173.882882399582257, -39.492607293859272 ], [ 173.88270022517753, -39.492305865933709 ], [ 173.882058968680838, -39.490983448974021 ], [ 173.882029587320403, -39.490904534653225 ], [ 173.882000006042261, -39.490825665191444 ], [ 173.881630149534033, -39.489442362986217 ], [ 173.881545821167009, -39.488925439068638 ], [ 173.881543075310503, -39.488908477741646 ], [ 173.881542721051233, -39.488906272508117 ], [ 173.88154001676466, -39.488889307165337 ], [ 173.881527549396282, -39.488810477922037 ], [ 173.881302945538977, -39.488775336901391 ], [ 173.881086483757031, -39.488728202908177 ], [ 173.879456429511151, -39.488269051624236 ], [ 173.87889835289954, -39.488074177370834 ], [ 173.878524575697043, -39.487937406853725 ], [ 173.878476408278715, -39.487918962564159 ], [ 173.878109148317151, -39.487771974804019 ], [ 173.877524952038641, -39.487527862266546 ], [ 173.877015995771217, -39.487302157314154 ], [ 173.876950829178298, -39.487271540779361 ], [ 173.876457222563317, -39.487026222193229 ], [ 173.875820923056637, -39.486692124264387 ], [ 173.875725534881809, -39.486641500349293 ], [ 173.875713176995362, -39.48663487158862 ], [ 173.87561844384058, -39.486583514570789 ], [ 173.874905706066073, -39.486193010838356 ], [ 173.874837497367537, -39.486155352874945 ], [ 173.874828653128958, -39.486150432635625 ], [ 173.874760796618943, -39.486112394609528 ], [ 173.874165759719119, -39.485776295703815 ], [ 173.873958673155613, -39.485656569135024 ], [ 173.87393197862167, -39.485640774631193 ], [ 173.873640831822257, -39.485462737671973 ], [ 173.873629495325616, -39.485455574876198 ], [ 173.872485714197666, -39.48462743986552 ], [ 173.872356944462979, -39.484520734689376 ], [ 173.871283598851676, -39.483488370084359 ], [ 173.871264510967393, -39.483466956175917 ], [ 173.871120045319259, -39.483300968454287 ], [ 173.870802026984251, -39.482926657110376 ], [ 173.870434800065141, -39.48246468632405 ], [ 173.8703894386652, -39.482403570283914 ], [ 173.870058797701574, -39.481925294407752 ], [ 173.869715353157829, -39.481390361765754 ], [ 173.869692104601285, -39.481353944794478 ], [ 173.869689096091633, -39.481349205326744 ], [ 173.869666059884111, -39.481312707409799 ], [ 173.869296652470467, -39.480724061400259 ], [ 173.869295664625128, -39.480722486883046 ], [ 173.868882772830858, -39.480063960707831 ], [ 173.868875214094913, -39.480051882157866 ], [ 173.868874232970427, -39.480050311379131 ], [ 173.868866697483554, -39.480038224102294 ], [ 173.868541852315332, -39.479516159541753 ], [ 173.868147946404463, -39.478900984617866 ], [ 173.868115618819672, -39.478850095116968 ], [ 173.868111443172126, -39.478843469287092 ], [ 173.868079530025227, -39.478792422943854 ], [ 173.86792369064014, -39.478541136101803 ], [ 173.867557024971347, -39.478013275308797 ], [ 173.867320449000232, -39.477871156994624 ], [ 173.866127937194705, -39.477047014377639 ], [ 173.865983131149846, -39.476932138905582 ], [ 173.86494785733916, -39.475988968154446 ], [ 173.864598428976706, -39.475622230791927 ], [ 173.864592169838033, -39.47561565540267 ], [ 173.864025731716225, -39.475019150440474 ], [ 173.863440170365777, -39.47440480623542 ], [ 173.863406092652951, -39.474368867112226 ], [ 173.863401677512684, -39.474364186549543 ], [ 173.863367829990835, -39.474328117016171 ], [ 173.863020134752105, -39.473955657664966 ], [ 173.862662726658698, -39.473579011758417 ], [ 173.862641270223662, -39.473556326085657 ], [ 173.862638486839757, -39.473553373578284 ], [ 173.862108756707045, -39.472940182997426 ], [ 173.862046674113969, -39.472861525566685 ], [ 173.861389615234572, -39.471863972225471 ], [ 173.859636539145669, -39.47032358419419 ], [ 173.859509921163152, -39.470169028127636 ], [ 173.859290443100321, -39.469776186022891 ], [ 173.859206224138831, -39.469680962884901 ], [ 173.85887914888508, -39.469272241830652 ], [ 173.858849631004091, -39.469235155228333 ], [ 173.858845808758844, -39.469230326799675 ], [ 173.858378837064805, -39.468520941565266 ], [ 173.857302636037105, -39.468451440427174 ], [ 173.857254813315421, -39.468445394978652 ], [ 173.855484545824311, -39.468109293604662 ], [ 173.855305800772157, -39.468063570601622 ], [ 173.853959242969324, -39.467645161853646 ], [ 173.853592911941831, -39.467510177046968 ], [ 173.852668001677131, -39.467128811729282 ], [ 173.852550890475442, -39.467075135812067 ], [ 173.851674090456044, -39.466630718204208 ], [ 173.851265115475769, -39.466402367377412 ], [ 173.84987446634517, -39.46548927784665 ], [ 173.849706775960016, -39.465360345573188 ], [ 173.847559089349119, -39.463088357529124 ], [ 173.847464839418336, -39.462946388657898 ], [ 173.847459902161717, -39.462945695032296 ], [ 173.847236950192951, -39.462885266276153 ], [ 173.844036838382237, -39.461551074889037 ], [ 173.843848898500255, -39.461440194735381 ], [ 173.841337450288563, -39.459404710560541 ], [ 173.84120292135313, -39.459254236238209 ], [ 173.839664740876657, -39.456779162488004 ], [ 173.838651733638272, -39.456312464062719 ], [ 173.838470089827865, -39.456195462332644 ], [ 173.837164222472978, -39.455210193849574 ], [ 173.836939321413524, -39.455011567109487 ], [ 173.836482914987585, -39.45458243142776 ], [ 173.836425861117391, -39.454525276713305 ], [ 173.836004515580953, -39.454075109231908 ], [ 173.835764374531578, -39.453801114192345 ], [ 173.835150884490673, -39.453284523643731 ], [ 173.835020081089937, -39.45313209492938 ], [ 173.834986922380892, -39.453076036188286 ], [ 173.834945957411492, -39.453066679385344 ], [ 173.833971940376728, -39.452807289159779 ], [ 173.833847494693543, -39.452769285430634 ], [ 173.832906963530377, -39.452444003224024 ], [ 173.832317181499747, -39.452215195383211 ], [ 173.831321649639136, -39.45178021932994 ], [ 173.83119612944688, -39.451718877835177 ], [ 173.830260582010425, -39.451210139136933 ], [ 173.8298197949116, -39.450944422354702 ], [ 173.829100535023542, -39.450466539931128 ], [ 173.828822157557369, -39.450339153420437 ], [ 173.828640077567712, -39.450222575995333 ], [ 173.826235300823384, -39.448111399745315 ], [ 173.826108608424022, -39.447956903861034 ], [ 173.824663129076413, -39.445372902232151 ], [ 173.824604221459225, -39.445195614064858 ], [ 173.82460186334859, -39.445176438309566 ], [ 173.82446763910832, -39.445058188958512 ], [ 173.824013853080942, -39.444632786280238 ], [ 173.823957102688297, -39.444576134056014 ], [ 173.823537805642303, -39.444129964186907 ], [ 173.823236568583269, -39.443787848716404 ], [ 173.823130555366419, -39.443665303534651 ], [ 173.823116942986189, -39.443649286152485 ], [ 173.823013534966009, -39.443525410072532 ], [ 173.822819030979957, -39.443288165378014 ], [ 173.822634407088657, -39.443074242695523 ], [ 173.822283204206059, -39.442668064822961 ], [ 173.822246173186358, -39.442624969421352 ], [ 173.822241379978038, -39.442619356328684 ], [ 173.822204669331484, -39.442576096458737 ], [ 173.821898505165422, -39.442213040031106 ], [ 173.821592029093551, -39.441859246833161 ], [ 173.821540733674595, -39.441799518514991 ], [ 173.821534105293722, -39.441791733348019 ], [ 173.821483425622034, -39.441731689867105 ], [ 173.821254059160708, -39.441457564863413 ], [ 173.820998088825178, -39.441294369847597 ], [ 173.820841416874316, -39.441157404406333 ], [ 173.818885947234634, -39.438783806055362 ], [ 173.818791537105426, -39.438616003249535 ], [ 173.818149820476691, -39.436701544772376 ], [ 173.818118249297896, -39.436620797444483 ], [ 173.817943320671191, -39.436122299847192 ], [ 173.817922995837506, -39.436057042726297 ], [ 173.817785234439725, -39.435551584659613 ], [ 173.81768197152951, -39.435110490109402 ], [ 173.817569745762739, -39.434652626248543 ], [ 173.817381710303039, -39.434408170963628 ], [ 173.817378149092036, -39.434403538084567 ], [ 173.817022000083995, -39.433939406134563 ], [ 173.816946969367194, -39.433840188076388 ], [ 173.816937322042349, -39.433827241932804 ], [ 173.816863932374901, -39.433727288552262 ], [ 173.816556613089006, -39.433302440931847 ], [ 173.816549780249204, -39.433292981593809 ], [ 173.816548892935373, -39.433291751465397 ], [ 173.815782270365389, -39.431998399224362 ], [ 173.815746731070789, -39.4319232966185 ], [ 173.815710958672526, -39.43184826060763 ], [ 173.815212572818012, -39.430478293845816 ], [ 173.815212219163556, -39.430476911291173 ], [ 173.815209507001214, -39.430466274977661 ], [ 173.81510542641405, -39.430056803379344 ], [ 173.815102792798882, -39.430046409991633 ], [ 173.815102451454123, -39.430045058695846 ], [ 173.815099833611725, -39.430034662917627 ], [ 173.814981487616762, -39.429563219146409 ], [ 173.81496907399341, -39.429513008111478 ], [ 173.814967484136901, -39.429506477175892 ], [ 173.814955438428967, -39.429456212278865 ], [ 173.814833531648191, -39.428939344589068 ], [ 173.814826019121057, -39.42890716211523 ], [ 173.81482505229576, -39.428902977031598 ], [ 173.814817690586807, -39.428870773603329 ], [ 173.814790668387587, -39.428751303928841 ], [ 173.814467509725063, -39.428220184683752 ], [ 173.814401408189269, -39.428044432163922 ], [ 173.813963915829135, -39.425381382296749 ], [ 173.813660112293462, -39.425524161556474 ], [ 173.813110960131127, -39.425784158159551 ], [ 173.813101593251901, -39.425788588228066 ], [ 173.812509483343064, -39.426067868196199 ], [ 173.812249324680749, -39.42618700467191 ], [ 173.812215249851477, -39.426202148420231 ], [ 173.811951180386558, -39.426315992679179 ], [ 173.81181665483598, -39.426372223547801 ], [ 173.811411893998269, -39.426566741225756 ], [ 173.811372919934854, -39.426585388609659 ], [ 173.811367847158721, -39.42658780500831 ], [ 173.811328778512205, -39.426606332988271 ], [ 173.810603676757268, -39.426948679960937 ], [ 173.808978297430173, -39.42758629664727 ], [ 173.808759936978731, -39.427655857239728 ], [ 173.805226008314833, -39.428305224189614 ], [ 173.804990615690116, -39.4283190417502 ], [ 173.801370912462403, -39.428089595318021 ], [ 173.801141538703803, -39.428046317126196 ], [ 173.797790519659031, -39.426960531483282 ], [ 173.797589625418823, -39.426864395865721 ], [ 173.794835404808936, -39.425028597527877 ], [ 173.794682658708354, -39.424889018233827 ], [ 173.792794852587747, -39.422482961929525 ], [ 173.792705204504983, -39.422313605376345 ], [ 173.791868533597381, -39.419572857761992 ], [ 173.791850752025539, -39.419390303962778 ], [ 173.792146987090263, -39.41658316749043 ], [ 173.792202803448617, -39.416405286241663 ], [ 173.793602810062538, -39.41380652860731 ], [ 173.793726752714377, -39.413650730209085 ], [ 173.794336412044686, -39.413100494047143 ], [ 173.794057391986371, -39.4129262209755 ], [ 173.793110042817858, -39.412264800615667 ], [ 173.792993337914368, -39.412173836729579 ], [ 173.791813987841948, -39.411097470386849 ], [ 173.791772288586174, -39.411052722222557 ], [ 173.791094548373991, -39.410142464323869 ], [ 173.791049588255106, -39.410162249553004 ], [ 173.791008727539321, -39.410106375079195 ], [ 173.790757765870552, -39.409690129388174 ], [ 173.790588699811622, -39.409463053129279 ], [ 173.790554810815962, -39.409404439673146 ], [ 173.790580195514366, -39.409395607590717 ], [ 173.790332604547331, -39.408984943852921 ], [ 173.788847163890154, -39.408610453379289 ], [ 173.788636896600423, -39.408527328009001 ], [ 173.785699805908223, -39.406871619473826 ], [ 173.785532952701828, -39.406742153356603 ], [ 173.783399303478603, -39.404463351382219 ], [ 173.783292196621289, -39.404300221092988 ], [ 173.782170795022012, -39.401621439994628 ], [ 173.782133913081651, -39.401440616495321 ], [ 173.782134031868139, -39.400774268481975 ], [ 173.781768143487625, -39.400627698544767 ], [ 173.781577990845136, -39.400519293992311 ], [ 173.779024936509273, -39.398516985402964 ], [ 173.778887278184527, -39.398368295209018 ], [ 173.777256822267304, -39.395851864149222 ], [ 173.777185129820452, -39.395677446368943 ], [ 173.776636783351222, -39.392893258304426 ], [ 173.776638066766225, -39.392710187899652 ], [ 173.777225370102855, -39.389930789100887 ], [ 173.777299494572134, -39.389756985862135 ], [ 173.777645503042095, -39.389237042507382 ], [ 173.777648424268619, -39.389224414022223 ], [ 173.778840626444349, -39.386564170121062 ], [ 173.778952020776217, -39.386402789217222 ], [ 173.780829921075906, -39.38448113601995 ], [ 173.778014863210927, -39.382838254497415 ], [ 173.777850826493193, -39.38270668316563 ], [ 173.775766362715189, -39.380401045032741 ], [ 173.775662754704371, -39.380236574199607 ], [ 173.775122827006982, -39.378870523427452 ], [ 173.771931860061869, -39.377820693818414 ], [ 173.771731757217538, -39.377723749716317 ], [ 173.768991857265462, -39.375876878474237 ], [ 173.76884015851536, -39.375736685908798 ], [ 173.766969860672532, -39.373323064855555 ], [ 173.76688141327935, -39.373153350258868 ], [ 173.766063723290841, -39.370409286123603 ], [ 173.766047178166076, -39.370226664520942 ], [ 173.76636200851101, -39.367420783787082 ], [ 173.766418976054723, -39.367243131571016 ], [ 173.766995733014824, -39.365903343760216 ], [ 173.767414618035673, -39.365136467212672 ], [ 173.767691439065715, -39.364604083038671 ], [ 173.767707417178457, -39.364573515022741 ], [ 173.767709503704594, -39.36456954414858 ], [ 173.767725625994615, -39.364539021792829 ], [ 173.768021979270259, -39.363980882594291 ], [ 173.76827117751526, -39.363510096875366 ], [ 173.767921858066188, -39.362454980761456 ], [ 173.76789961101818, -39.362272724139409 ], [ 173.768126606610963, -39.35946173369453 ], [ 173.768177998125253, -39.359283060444049 ], [ 173.769512770638244, -39.356664088107038 ], [ 173.769632762066067, -39.356506486169387 ], [ 173.771944558014866, -39.354335854320389 ], [ 173.772121399767741, -39.35421474760323 ], [ 173.775183905555309, -39.352704879091391 ], [ 173.775400288758846, -39.352632118917548 ], [ 173.776549105527948, -39.352326428325028 ], [ 173.777752046327464, -39.351608194156256 ], [ 173.777959152287224, -39.351520664465667 ], [ 173.778488463741553, -39.351374636265291 ], [ 173.777145010755305, -39.350278674726106 ], [ 173.7770111732072, -39.350127947932002 ], [ 173.775444764596216, -39.347587531416174 ], [ 173.775377474967115, -39.347412070497661 ], [ 173.774898883787216, -39.344620165856796 ], [ 173.77490472091668, -39.344437147760793 ], [ 173.775199583079797, -39.34319194562898 ], [ 173.775206446319572, -39.342718033268227 ], [ 173.775206711249439, -39.342192500892409 ], [ 173.775206861328854, -39.342150082023934 ], [ 173.775206897570769, -39.342144567637277 ], [ 173.775207305059041, -39.342102149787806 ], [ 173.775207946222565, -39.342051428374241 ], [ 173.775161391038097, -39.341949770107853 ], [ 173.775118120237437, -39.341769805469312 ], [ 173.77504117069472, -39.339597272132629 ], [ 173.77479994998771, -39.339624323607765 ], [ 173.774767992473528, -39.339627636827665 ], [ 173.774521814259515, -39.339651080773315 ], [ 173.773873901938003, -39.339707323990687 ], [ 173.773867534576198, -39.339707875337773 ], [ 173.773496045007022, -39.339739836900684 ], [ 173.771999636388301, -39.339792955825395 ], [ 173.771805341969952, -39.339790092124183 ], [ 173.769994822288254, -39.339652538819792 ], [ 173.769953611875565, -39.339646845191496 ], [ 173.76819311109017, -39.339291026767157 ], [ 173.768009470175343, -39.339241675031488 ], [ 173.766342354660651, -39.338676354838455 ], [ 173.766305428395924, -39.338661050011702 ], [ 173.764772757418314, -39.337900155641904 ], [ 173.764617751746982, -39.337809148803821 ], [ 173.763257274284314, -39.336871421091615 ], [ 173.763228247601205, -39.336848003766733 ], [ 173.762073461330488, -39.335756540928273 ], [ 173.761962265607593, -39.33563279024942 ], [ 173.761041603615951, -39.334414473574455 ], [ 173.761023317699369, -39.33438523662489 ], [ 173.760359437490962, -39.333070071381094 ], [ 173.760302933343496, -39.332925693056211 ], [ 173.759912169765698, -39.331546066898277 ], [ 173.75990641349415, -39.331513872690167 ], [ 173.759798370422203, -39.33010375894645 ], [ 173.759802082371891, -39.329952887086279 ], [ 173.759927379198587, -39.328793769710025 ], [ 173.759956637736565, -39.328641778056991 ], [ 173.760365876497019, -39.327265389898102 ], [ 173.760436768797376, -39.327090792506702 ], [ 173.761534525011797, -39.325380919213124 ], [ 173.76145844061179, -39.325159816638482 ], [ 173.761254973294257, -39.324573628010405 ], [ 173.76104883670024, -39.323981777631225 ], [ 173.761035084024684, -39.323941929203777 ], [ 173.761033311470186, -39.323936745753741 ], [ 173.761019794076162, -39.323896848796075 ], [ 173.760830721522893, -39.323333550060809 ], [ 173.760511414485478, -39.321942881307919 ], [ 173.760488366500113, -39.321760685423627 ], [ 173.76070267398876, -39.318949096451206 ], [ 173.760753237295717, -39.318770285616615 ], [ 173.762075528287738, -39.316147730682374 ], [ 173.762194745296256, -39.315989806328602 ], [ 173.763469208525692, -39.314783996154254 ], [ 173.763356854468327, -39.314836356350071 ], [ 173.763138277730121, -39.314904821234201 ], [ 173.759604809536711, -39.315536470450041 ], [ 173.759369692323588, -39.315549108781006 ], [ 173.755757898299123, -39.315301543082839 ], [ 173.75552926465221, -39.315257117624931 ], [ 173.753995726738424, -39.314750372877633 ], [ 173.752625665457373, -39.314442460515131 ], [ 173.752412309890815, -39.314364695086141 ], [ 173.749411333998438, -39.31278412281101 ], [ 173.749239366343232, -39.312658944197842 ], [ 173.747014175127191, -39.310435305000567 ], [ 173.74690042887849, -39.310274970093168 ], [ 173.745668797963731, -39.307625979715446 ], [ 173.745624402095359, -39.307446185981362 ], [ 173.745604525939626, -39.306970498416611 ], [ 173.74559849835029, -39.306949999435595 ], [ 173.745366785490859, -39.30585465617181 ], [ 173.745298516462469, -39.305332333109149 ], [ 173.745245695056667, -39.304723413583126 ], [ 173.745242288038526, -39.304644164265312 ], [ 173.745242461121137, -39.304383572123768 ], [ 173.745179671574675, -39.304025253642195 ], [ 173.745076507996174, -39.302614928078363 ], [ 173.745081637248262, -39.302431899373879 ], [ 173.745726508459796, -39.299660328011257 ], [ 173.745804178805884, -39.299487488091899 ], [ 173.747519706496149, -39.297006370720339 ], [ 173.747662308174029, -39.296860635874893 ], [ 173.750280494002084, -39.294912793744274 ], [ 173.750474066196659, -39.29480842602635 ], [ 173.752098954852755, -39.294199240630391 ], [ 173.752168422438984, -39.29412373556449 ], [ 173.750456823925248, -39.292408989552186 ], [ 173.75034333325695, -39.292248556990273 ], [ 173.749115759288941, -39.289598505522299 ], [ 173.74907162874905, -39.289418673197865 ], [ 173.748958013399289, -39.286603551277381 ], [ 173.748987554115473, -39.286421923369666 ], [ 173.749233494419599, -39.285764216701033 ], [ 173.746434937557638, -39.284439661847919 ], [ 173.746255390013431, -39.284321145628809 ], [ 173.743894231846326, -39.282184432021587 ], [ 173.743770607558417, -39.282028595939522 ], [ 173.742374749780623, -39.279429402126112 ], [ 173.742319145412267, -39.279251503470157 ], [ 173.742025121221104, -39.276444290568122 ], [ 173.742042971374161, -39.276261744570014 ], [ 173.742822861514867, -39.273706625083278 ], [ 173.74247054611709, -39.272439140307341 ], [ 173.742470521267535, -39.272438997222928 ], [ 173.742369490651186, -39.271027467389125 ], [ 173.742372166887577, -39.270937136962068 ], [ 173.742374814433873, -39.270846806023421 ], [ 173.742558880172425, -39.269440351525212 ], [ 173.742558913422613, -39.269440209475086 ], [ 173.74302396777918, -39.268073494783643 ], [ 173.743062421951379, -39.267988227894676 ], [ 173.743100848950633, -39.267902953627463 ], [ 173.743520538769957, -39.267163429275392 ], [ 173.74405103141595, -39.265872574786428 ], [ 173.744140078432252, -39.265703092489048 ], [ 173.74601781776056, -39.263294346479768 ], [ 173.746169870813986, -39.263154546431025 ], [ 173.74891308095394, -39.261314693661454 ], [ 173.749113255001021, -39.261218256939422 ], [ 173.752453439191356, -39.260127343032927 ], [ 173.752682144302241, -39.260083706562945 ], [ 173.755884450776506, -39.25987507155061 ], [ 173.757192401318264, -39.258375119395666 ], [ 173.757061018643213, -39.257810189622859 ], [ 173.757037431954046, -39.257628035708933 ], [ 173.757242903253342, -39.254816036784256 ], [ 173.757292870705925, -39.254637131344701 ], [ 173.758605889659293, -39.252012111366192 ], [ 173.758724511995553, -39.251853965109873 ], [ 173.761016453885162, -39.249672838970405 ], [ 173.761192115461199, -39.249550929113397 ], [ 173.764169375373569, -39.248061777654101 ], [ 173.763837783914511, -39.247592650935999 ], [ 173.763758055762025, -39.247420390729665 ], [ 173.763079777495705, -39.244653663237969 ], [ 173.763072413486896, -39.244470677232457 ], [ 173.76352685010778, -39.241676384090248 ], [ 173.763592561953885, -39.241500584070543 ], [ 173.765135097541759, -39.238952231264804 ], [ 173.76526744547769, -39.238800823560467 ], [ 173.767747003264247, -39.236747816798548 ], [ 173.767933029254465, -39.236635618849711 ], [ 173.771106891600681, -39.235278867113081 ], [ 173.771328388866266, -39.235216858335058 ], [ 173.773232885720518, -39.234934359541889 ], [ 173.773236752147255, -39.234861744166281 ], [ 173.773280866309619, -39.234577042097541 ], [ 173.773100206070467, -39.234449540757765 ], [ 173.772620966262934, -39.234115550991476 ], [ 173.772101229983946, -39.233760056563838 ], [ 173.771994265688789, -39.233685975570388 ], [ 173.771980437490242, -39.23367627849936 ], [ 173.771874660269447, -39.233601173785836 ], [ 173.771425183720993, -39.233278042481032 ], [ 173.77133169506115, -39.233210083211333 ], [ 173.771319604711834, -39.233201196525876 ], [ 173.771227087998227, -39.233132437558666 ], [ 173.770977772650127, -39.232945082435307 ], [ 173.770695897510592, -39.232753544168958 ], [ 173.770688137140496, -39.232748266182206 ], [ 173.770173226775626, -39.232397261706438 ], [ 173.768905460299209, -39.231385630394911 ], [ 173.768754894248843, -39.231244901456563 ], [ 173.766902563243036, -39.228824660294478 ], [ 173.766815290075442, -39.228654632045853 ], [ 173.766015318411974, -39.225907655811973 ], [ 173.765999874090369, -39.225724973942221 ], [ 173.766330440267438, -39.222920173584939 ], [ 173.766388327496003, -39.222742720350617 ], [ 173.767816938464904, -39.220154633884384 ], [ 173.767942483067344, -39.219999777639124 ], [ 173.768151077369737, -39.219814669918044 ], [ 173.768159499745821, -39.219793228328172 ], [ 173.768262405698408, -39.21952920272016 ], [ 173.768281633965785, -39.21946847989831 ], [ 173.768354598281263, -39.219207666601868 ], [ 173.76851471295285, -39.218621734773457 ], [ 173.768817241250019, -39.217738025895628 ], [ 173.76886395948253, -39.217624991901189 ], [ 173.769280171933815, -39.216769715822942 ], [ 173.769605412499004, -39.216191863902331 ], [ 173.769635950158346, -39.216138085991005 ], [ 173.769639949353632, -39.216131105020267 ], [ 173.769670937775516, -39.216077483381653 ], [ 173.769928469669168, -39.215635715437202 ], [ 173.770214190906017, -39.215136015907134 ], [ 173.771080089025787, -39.213894315797447 ], [ 173.771208190779902, -39.213740737113291 ], [ 173.773629774968015, -39.211646882539078 ], [ 173.773812603288462, -39.21153161073201 ], [ 173.776947258813806, -39.210122290754057 ], [ 173.777166919553423, -39.21005660608288 ], [ 173.780707880068064, -39.20946973144806 ], [ 173.780942878386611, -39.209460061521142 ], [ 173.781918748465927, -39.209539480907821 ], [ 173.784159250238332, -39.207517400439542 ], [ 173.784338884408442, -39.207399136256903 ], [ 173.784338993592655, -39.207399084733638 ], [ 173.784601951615173, -39.204819660155806 ], [ 173.78465702259129, -39.204641665596185 ], [ 173.785219133411175, -39.203298413875984 ], [ 173.785474844025174, -39.202818903749211 ], [ 173.785487163249911, -39.202795892525138 ], [ 173.785488770068355, -39.202792902797022 ], [ 173.785501171127606, -39.202769918203984 ], [ 173.785774866204576, -39.202264598336143 ], [ 173.786057282174198, -39.201738406551314 ], [ 173.786062904925586, -39.201727948781603 ], [ 173.786063636983386, -39.201726589629303 ], [ 173.786069276659816, -39.201716137363711 ], [ 173.786300558705165, -39.201288243860397 ], [ 173.786334869513041, -39.201225432463687 ], [ 173.786339369629189, -39.201217280253772 ], [ 173.786374291377115, -39.201154673036001 ], [ 173.786598792357893, -39.200756329061697 ], [ 173.786803407581942, -39.200442618568999 ], [ 173.786330087500318, -39.19983308792559 ], [ 173.786244182177057, -39.199699843023659 ], [ 173.785559953258399, -39.198391348864973 ], [ 173.785546574352196, -39.198358611257184 ], [ 173.785133858076307, -39.196982940776586 ], [ 173.785105078883532, -39.196835561979093 ], [ 173.78497402220961, -39.195426591043088 ], [ 173.784974299813172, -39.195392238823381 ], [ 173.785128111520493, -39.193984661276694 ], [ 173.785159268375253, -39.19383757560054 ], [ 173.785491910351283, -39.192718072599746 ], [ 173.785538868667885, -39.192596102354898 ], [ 173.786194681796616, -39.19127884705496 ], [ 173.786296622999259, -39.191113846784624 ], [ 173.788355865472198, -39.188797529976966 ], [ 173.788518329438659, -39.188665115741024 ], [ 173.79139643392881, -39.18695729170603 ], [ 173.791603517619762, -39.186870421618245 ], [ 173.794882992037287, -39.185975285402577 ], [ 173.796299169036047, -39.183943757374081 ], [ 173.796442311124139, -39.183798470789945 ], [ 173.799066590096345, -39.181858885807266 ], [ 173.799260404249026, -39.181755130045012 ], [ 173.80252623574907, -39.18054151889968 ], [ 173.802751753789096, -39.180489447162863 ], [ 173.806339548140983, -39.180120568756713 ], [ 173.806574702671242, -39.180125276596748 ], [ 173.810133397007377, -39.180637231014515 ], [ 173.810355178513248, -39.180698258150244 ], [ 173.812013736039177, -39.181272183655928 ], [ 173.812498217963281, -39.181476657613644 ], [ 173.813020029560136, -39.18168543653632 ], [ 173.813145774641072, -39.181736508117083 ], [ 173.813162068600803, -39.181743225163437 ], [ 173.813286999825181, -39.181795492758283 ], [ 173.813775297292835, -39.182002793471689 ], [ 173.814266757940374, -39.182198150985862 ], [ 173.814273003599197, -39.182200635473428 ], [ 173.814827002574788, -39.182421430831077 ], [ 173.816851100987066, -39.181634689701426 ], [ 173.817075403863043, -39.181579516537752 ], [ 173.820654323895155, -39.181161228785378 ], [ 173.820889554117997, -39.181162693894954 ], [ 173.820958007629599, -39.181171569620112 ], [ 173.821007111351435, -39.181124184997799 ], [ 173.821168701467542, -39.180991132749391 ], [ 173.824035455243688, -39.179272010981428 ], [ 173.824241955342131, -39.179184328280762 ], [ 173.824937846484602, -39.178991302998085 ], [ 173.824418050796595, -39.177784929523909 ], [ 173.82437906844757, -39.17760437716894 ], [ 173.824345010056277, -39.17478782503175 ], [ 173.824379617664363, -39.174606733488659 ], [ 173.825465372014463, -39.17191983230471 ], [ 173.825570173394709, -39.171755926699653 ], [ 173.827669350127621, -39.169461653937788 ], [ 173.827834081497912, -39.16933097547718 ], [ 173.830484453724267, -39.167801960785681 ], [ 173.829058543620334, -39.166037305423664 ], [ 173.829036320811866, -39.166000842285356 ], [ 173.828684784129877, -39.16536134509716 ], [ 173.828619176576126, -39.165227969607621 ], [ 173.827957570527047, -39.163208116080582 ], [ 173.827950532193512, -39.163167360010185 ], [ 173.827861718212546, -39.162415368150832 ], [ 173.827852645757559, -39.162273469591256 ], [ 173.828005910386821, -39.160298871943525 ], [ 173.828015015502558, -39.160257685725639 ], [ 173.828259597541006, -39.15940260488302 ], [ 173.828307669191503, -39.159266200078456 ], [ 173.829151375751366, -39.157567991581708 ], [ 173.829176003146415, -39.157530279660328 ], [ 173.829852848454664, -39.156627674907163 ], [ 173.829953080766757, -39.156510241273807 ], [ 173.831262284207469, -39.15524198483525 ], [ 173.831300293999675, -39.155211311240393 ], [ 173.832488840638121, -39.154376400771405 ], [ 173.8326311478788, -39.154289557698021 ], [ 173.833820642946336, -39.153652790165175 ], [ 173.8338234202553, -39.153651494336756 ], [ 173.834100172691763, -39.15352638711839 ], [ 173.834120285326463, -39.153517582533645 ], [ 173.834242296572597, -39.153464921983584 ], [ 173.834267350046019, -39.153454262097625 ], [ 173.834546653179956, -39.153339252333346 ], [ 173.834550655104408, -39.153337658530219 ], [ 173.835640438998155, -39.152974114412352 ], [ 173.835635201138984, -39.152963986585561 ], [ 173.835666276707343, -39.15295424359833 ], [ 173.835958534705441, -39.152867997271343 ], [ 173.83599555746153, -39.152855646352968 ], [ 173.836058883925944, -39.152838383653744 ], [ 173.836110124537385, -39.152823262218227 ], [ 173.836131669232657, -39.152817295044258 ], [ 173.83827412215544, -39.152398263413183 ], [ 173.838307003893021, -39.152394382281095 ], [ 173.839625555060621, -39.152298463887469 ], [ 173.839827499091029, -39.152292821379511 ], [ 173.842439383846113, -39.152451039645904 ], [ 173.842472582739106, -39.152456041999656 ], [ 173.843404213033523, -39.152627848731065 ], [ 173.843598130513953, -39.152670281706065 ], [ 173.846130038034744, -39.153502903222765 ], [ 173.847083874617113, -39.152688462417238 ], [ 173.847206852027455, -39.152598735286858 ], [ 173.848202674056125, -39.151949942796705 ], [ 173.848866800785913, -39.151564463292438 ], [ 173.848888753458766, -39.151551752577724 ], [ 173.848891609811972, -39.151550102815655 ], [ 173.848913601034582, -39.151537432575395 ], [ 173.849595498417528, -39.151145524199755 ], [ 173.849670274243351, -39.151102906972305 ], [ 173.849680023450816, -39.151097397147893 ], [ 173.849755235432895, -39.151055247845761 ], [ 173.850417796883022, -39.15068706873695 ], [ 173.850609970235155, -39.150582551389206 ], [ 173.850635127041784, -39.150569162676774 ], [ 173.850829981489056, -39.150467699828603 ], [ 173.851169565764536, -39.150294726120009 ], [ 173.851352107397901, -39.150203635675595 ], [ 173.851375978273666, -39.150191968167036 ], [ 173.851560680887587, -39.15010355847614 ], [ 173.852316864493503, -39.149749161738335 ], [ 173.853236611427064, -39.149266989332425 ], [ 173.85344136018918, -39.149176966368863 ], [ 173.854766755320355, -39.148792087062837 ], [ 173.856071613334564, -39.14689010031676 ], [ 173.855752042707195, -39.14590290606219 ], [ 173.855714350387132, -39.14573025135401 ], [ 173.855551570489808, -39.144323223989694 ], [ 173.855551453606608, -39.144315173224534 ], [ 173.85567333620142, -39.142905639375151 ], [ 173.855706003949933, -39.142732365081436 ], [ 173.856109529386771, -39.141355030376829 ], [ 173.856112612845294, -39.141347345492363 ], [ 173.85613659283834, -39.141288294525211 ], [ 173.856294431894725, -39.140904211875011 ], [ 173.856381004540964, -39.140701836423659 ], [ 173.85639265756194, -39.140675635120644 ], [ 173.857119017289051, -39.139381094448737 ], [ 173.857213166755457, -39.139243794792783 ], [ 173.858190593598522, -39.13805367002545 ], [ 173.858212071949225, -39.138031554944114 ], [ 173.858379877550561, -39.137862963159243 ], [ 173.858746272017839, -39.137503719684233 ], [ 173.858874565044431, -39.137380183499992 ], [ 173.858891423761804, -39.13736423963941 ], [ 173.8590224956165, -39.137242485657573 ], [ 173.859392239006667, -39.136905115958029 ], [ 173.860674502518663, -39.13590582770275 ], [ 173.860853215156936, -39.13578687283173 ], [ 173.863936324794537, -39.134314247220487 ], [ 173.864153482671838, -39.134244117184274 ], [ 173.867669924321802, -39.133585450971516 ], [ 173.867904277253047, -39.133571008375604 ], [ 173.871509963253203, -39.133790757228191 ], [ 173.871738580167346, -39.133833415629212 ], [ 173.875080696008069, -39.134910082806691 ], [ 173.875281206155421, -39.135005668414323 ], [ 173.876940934542432, -39.136108498766696 ], [ 173.877962696835681, -39.135774398163818 ], [ 173.877969853048398, -39.135697104578121 ], [ 173.877971672418653, -39.135677744676016 ], [ 173.877971912420293, -39.135675228090243 ], [ 173.877973785383006, -39.135655871288009 ], [ 173.878030698517421, -39.135076018651091 ], [ 173.878310433546289, -39.133680172115184 ], [ 173.878364798357865, -39.133502044228536 ], [ 173.879741270059668, -39.130897243485599 ], [ 173.879863642389296, -39.130740915803322 ], [ 173.882206097052915, -39.128594837477571 ], [ 173.882384494512735, -39.128475609169101 ], [ 173.88546362124805, -39.126998272999934 ], [ 173.88568058289485, -39.126927811566539 ], [ 173.886588521832323, -39.126756275858618 ], [ 173.88698372033727, -39.126408061639516 ], [ 173.887057314809169, -39.126343837503484 ], [ 173.887066933107775, -39.126335524179119 ], [ 173.8883831091388, -39.125363473072873 ], [ 173.888554805704189, -39.12525526507666 ], [ 173.890049964029743, -39.124455533103962 ], [ 173.890062409193206, -39.124449941386317 ], [ 173.891699745065438, -39.123842216719986 ], [ 173.891905960356212, -39.123780625556819 ], [ 173.893645166203129, -39.123379864746745 ], [ 173.893659220314561, -39.123377541818414 ], [ 173.893767438503517, -39.12336007567982 ], [ 173.893956271948269, -39.123330330865791 ], [ 173.894127580212768, -39.123288906092796 ], [ 173.894487559447356, -39.12319058302527 ], [ 173.894971578460769, -39.123051751011765 ], [ 173.895636567701018, -39.122878658969917 ], [ 173.895723812345892, -39.12285821888014 ], [ 173.896119975539591, -39.122775521626693 ], [ 173.896798057400929, -39.122337144411752 ], [ 173.897000184553491, -39.122243690241618 ], [ 173.900360239336237, -39.12120250529734 ], [ 173.900589542746644, -39.121162271467938 ], [ 173.901505401296163, -39.121116206797446 ], [ 173.902206133065874, -39.118870176605654 ], [ 173.902296683235704, -39.118701215660728 ], [ 173.904194547293287, -39.116303561243676 ], [ 173.904347681223186, -39.116164663998205 ], [ 173.90710361556026, -39.114341156293548 ], [ 173.90730434253021, -39.114245915471642 ], [ 173.910648606435757, -39.113175000592449 ], [ 173.910877282462764, -39.113132736095025 ], [ 173.91448261906686, -39.112919209232864 ], [ 173.914716868048743, -39.112934056960562 ], [ 173.917499332420704, -39.113460493897961 ], [ 173.918578250638262, -39.11260122694145 ], [ 173.918766852628664, -39.112491978973651 ], [ 173.921970129357277, -39.111185502259247 ], [ 173.92219282745927, -39.111126998804508 ], [ 173.923406524120793, -39.110966482843502 ], [ 173.92671630286938, -39.109996719369136 ], [ 173.926946507994955, -39.109959866297949 ], [ 173.930558361730192, -39.109831453681267 ], [ 173.930791918416418, -39.109851818646426 ], [ 173.933428053684452, -39.110416944153023 ], [ 173.933431350954294, -39.110414765038577 ], [ 173.934901989213728, -39.109588178589661 ], [ 173.934992520612894, -39.109545280014018 ], [ 173.935703868311492, -39.109234445904796 ], [ 173.935954712767852, -39.109133729197147 ], [ 173.93740629611213, -39.108645674477323 ], [ 173.93759967524926, -39.108592556061431 ], [ 173.938331659252327, -39.108434411955031 ], [ 173.938401174640688, -39.108415729521553 ], [ 173.938399063958315, -39.108410103900816 ], [ 173.938561270978767, -39.108373162540836 ], [ 173.938652053829969, -39.10834934863621 ], [ 173.938673185817549, -39.10834394070794 ], [ 173.938836134762681, -39.108303278730176 ], [ 173.938873036644935, -39.108294304392921 ], [ 173.939237704629619, -39.108198879448906 ], [ 173.939294436314327, -39.108185001356247 ], [ 173.939519071971347, -39.108133832202512 ], [ 173.93964615664882, -39.108098496966242 ], [ 173.939665221401185, -39.108093308379317 ], [ 173.939812217585029, -39.108054164047395 ], [ 173.940022086200685, -39.10799950132315 ], [ 173.941012915284603, -39.107807235688142 ], [ 173.941192553446371, -39.107747753370056 ], [ 173.941340340482583, -39.107692611736297 ], [ 173.941573376893871, -39.107608130892402 ], [ 173.941603824595688, -39.107597412176034 ], [ 173.941839214378319, -39.107516989686772 ], [ 173.942154571382019, -39.107412487056848 ], [ 173.942462194300276, -39.107306079613238 ], [ 173.942580090397541, -39.107265909496256 ], [ 173.942595453722703, -39.1072607540153 ], [ 173.942713916475583, -39.107221609040145 ], [ 173.943168884269994, -39.10707359048741 ], [ 173.943370366827367, -39.107009767822028 ], [ 173.943396657426035, -39.10700166362075 ], [ 173.943539198792791, -39.106958928718463 ], [ 173.943608634568506, -39.106883784015061 ], [ 173.946153970421193, -39.1048832723434 ], [ 173.946343483620922, -39.104775002709545 ], [ 173.946582965658536, -39.104678898938928 ], [ 173.946594560368794, -39.104671313467598 ], [ 173.946667786525637, -39.104627264246595 ], [ 173.94765518798809, -39.104124387119462 ], [ 173.947918198514117, -39.103956649125216 ], [ 173.949501387840712, -39.102917747840365 ], [ 173.949702595662188, -39.102823158154131 ], [ 173.952390176510079, -39.101972599565727 ], [ 173.95505179754241, -39.100203267061872 ], [ 173.955252220344363, -39.100107679608648 ], [ 173.956868185141815, -39.099466922170528 ], [ 173.957408410788219, -39.09929280836355 ], [ 173.957828949568324, -39.099164706358891 ], [ 173.957884016140838, -39.099148891514631 ], [ 173.958310655473355, -39.099033688202546 ], [ 173.958908278715739, -39.098882436381274 ], [ 173.959385250690957, -39.098761227416077 ], [ 173.959994497008665, -39.098620718811446 ], [ 173.960074283272178, -39.098604162416962 ], [ 173.960144664459307, -39.098594084971225 ], [ 173.96029055688544, -39.098548961647381 ], [ 173.960339221222256, -39.098534665040063 ], [ 173.960716005699311, -39.098429741620578 ], [ 173.961384283956164, -39.098253748582202 ], [ 173.96139340985809, -39.098251348474193 ], [ 173.961980895522004, -39.098097377972138 ], [ 173.962178276466716, -39.098047181264633 ], [ 173.962204009137793, -39.098040835828364 ], [ 173.962402515447849, -39.09799341043766 ], [ 173.963042450379589, -39.097845408094578 ], [ 173.963194630914614, -39.097811094369526 ], [ 173.96321445268913, -39.097806739458903 ], [ 173.963367222534771, -39.097774054558364 ], [ 173.964235978178976, -39.097593162474922 ], [ 173.96445066261947, -39.097550174638926 ], [ 173.964478637799544, -39.097544795292606 ], [ 173.964694340755045, -39.097505023952806 ], [ 173.965574464640326, -39.097349673107608 ], [ 173.965707707645009, -39.097326797322793 ], [ 173.965725051158671, -39.097323903252239 ], [ 173.96585863144378, -39.097302254874513 ], [ 173.966576301866581, -39.097189384832014 ], [ 173.966988014320009, -39.097113792358115 ], [ 173.967054706273359, -39.097101709642558 ], [ 173.967063382122518, -39.097100158917691 ], [ 173.967130164772072, -39.097088384327577 ], [ 173.967673441269341, -39.096993914183457 ], [ 173.96775201882599, -39.096980473729523 ], [ 173.967762241588133, -39.096978754198147 ], [ 173.967840937295563, -39.096965740323199 ], [ 173.96842464023041, -39.096870865316369 ], [ 173.968770439238625, -39.096813655176113 ], [ 173.969120971115473, -39.096732951877122 ], [ 173.969139396746272, -39.096728722664288 ], [ 173.969141792667529, -39.096728174417201 ], [ 173.969160227364, -39.096723969059532 ], [ 173.969995475482904, -39.09653401427061 ], [ 173.970035551360468, -39.096524961066144 ], [ 173.970040763933923, -39.096523791482724 ], [ 173.970080881493828, -39.096514851095748 ], [ 173.970725931418002, -39.096372077769338 ], [ 173.970728134879522, -39.09637159023633 ], [ 173.971355967490865, -39.096232809016861 ], [ 173.971532835170535, -39.09619489153657 ], [ 173.971555876720032, -39.096190104775843 ], [ 173.971733494423148, -39.096154379782398 ], [ 173.972291059644419, -39.096045903635392 ], [ 173.972729201238536, -39.0959602064571 ], [ 173.972764108744144, -39.095953423731068 ], [ 173.972768648471884, -39.095952547482931 ], [ 173.972803582931704, -39.095945849468322 ], [ 173.973372516202971, -39.095837497428292 ], [ 173.973870168234725, -39.095740698089685 ], [ 173.973964836832067, -39.095722613832557 ], [ 173.973977156253397, -39.095720303365582 ], [ 173.974072017215775, -39.095702841976731 ], [ 173.974470122271811, -39.095630940602881 ], [ 173.974938410140822, -39.095537899555936 ], [ 173.975159391738458, -39.095495794408869 ], [ 173.975188185692559, -39.095490541605372 ], [ 173.975410188015616, -39.095451834389181 ], [ 173.976056930073497, -39.09534426753514 ], [ 173.976080573344916, -39.095340355229112 ], [ 173.976083647651706, -39.095339849134305 ], [ 173.976107301407524, -39.09533597536673 ], [ 173.97667672988257, -39.095243203175627 ], [ 173.976902083599526, -39.095201592124411 ], [ 173.976980984197922, -39.095187250669731 ], [ 173.97699124953715, -39.095185414322081 ], [ 173.977070277235157, -39.095171504274539 ], [ 173.978075760164614, -39.094997404087039 ], [ 173.978081376936501, -39.094996432639661 ], [ 173.978755936148616, -39.094880111866843 ], [ 173.978779631280133, -39.094876046170114 ], [ 173.978782712356491, -39.094875520149941 ], [ 173.978837358913324, -39.094866298465284 ], [ 173.978841382358041, -39.094865627439887 ], [ 173.978872340993576, -39.094860498735748 ], [ 173.979457437282605, -39.094764220667429 ], [ 173.980079112307379, -39.094659788091754 ], [ 173.980481256382944, -39.094591712141714 ], [ 173.980817709939458, -39.094404511814886 ], [ 173.981361285554073, -39.094097691221933 ], [ 173.981593563587694, -39.093964252028925 ], [ 173.98160855876813, -39.093954440559195 ], [ 173.982068178269657, -39.093649439496346 ], [ 173.982294008041265, -39.093499481808102 ], [ 173.982313422728708, -39.093452800554601 ], [ 173.982419939500346, -39.093289592971381 ], [ 173.984542457259579, -39.091009364280126 ], [ 173.984708470239894, -39.090879791049545 ], [ 173.987631157347863, -39.089222218350564 ], [ 173.987840416472352, -39.089138959515211 ], [ 173.988313285816247, -39.089018891079213 ], [ 173.988521315908628, -39.088889445551658 ], [ 173.988609029131283, -39.088835406010297 ], [ 173.98862047519367, -39.088828424029543 ], [ 173.988708855239054, -39.088775048481907 ], [ 173.989158731398732, -39.088506056748137 ], [ 173.989172352276967, -39.088497924953295 ], [ 173.989174123997003, -39.088496868845247 ], [ 173.989187760350603, -39.088488752824048 ], [ 173.989669123769858, -39.088202695704808 ], [ 173.990324854102056, -39.08784041512552 ], [ 173.990412096369312, -39.087795684959055 ], [ 173.991483905824936, -39.087316851598892 ], [ 173.992324896890835, -39.085459128000529 ], [ 173.992436759998867, -39.085298111128665 ], [ 173.994633692934457, -39.083061220052926 ], [ 173.994803914531389, -39.082935020632512 ], [ 173.997780090404774, -39.081336641914163 ], [ 173.997992008920875, -39.08125760975939 ], [ 174.001004703732661, -39.080558869974404 ], [ 174.001451496113788, -39.079208885172584 ], [ 174.001545037041126, -39.079040921469634 ], [ 174.003484970435807, -39.076664126146127 ], [ 174.003640515331199, -39.07652690995112 ], [ 174.006427651787391, -39.074733630984703 ], [ 174.006517894150079, -39.07469213196579 ], [ 174.006910144894221, -39.073241380706499 ], [ 174.006993947758957, -39.073070323703121 ], [ 174.007511200606558, -39.072369163829386 ], [ 174.007451348260389, -39.07069559327892 ], [ 174.007481614236298, -39.070514013743562 ], [ 174.008502072475864, -39.067811649662687 ], [ 174.008602831468949, -39.067646246644657 ], [ 174.010644453155436, -39.065321930256211 ], [ 174.01080583681437, -39.065188891631898 ], [ 174.012150542583072, -39.064241674328862 ], [ 174.012313857439068, -39.064143624543128 ], [ 174.012432741640822, -39.064073199087623 ], [ 174.012448271834074, -39.064064122032818 ], [ 174.01256831368363, -39.063994900490044 ], [ 174.012641341913309, -39.063953355655691 ], [ 174.012729765595168, -39.063899122795469 ], [ 174.012095616777543, -39.062041578706577 ], [ 174.012071459243288, -39.061859443295184 ], [ 174.012266620549894, -39.059046530515538 ], [ 174.012315835063646, -39.058867489244093 ], [ 174.013616282104408, -39.056239255404407 ], [ 174.013734043153164, -39.056080832331205 ], [ 174.016012381904204, -39.053894507698637 ], [ 174.016187158119294, -39.053772207180593 ], [ 174.01659001941303, -39.053503067490468 ], [ 174.017044303576228, -39.053213410542945 ], [ 174.017763987409296, -39.052789973887378 ], [ 174.017864653128584, -39.05273541968468 ], [ 174.018661012445648, -39.052340463383743 ], [ 174.019185725357005, -39.052103133171002 ], [ 174.020508879090016, -39.051589891708161 ], [ 174.020685647842356, -39.051532007175702 ], [ 174.022082015783496, -39.051154716558322 ], [ 174.022677904365395, -39.051026350037233 ], [ 174.023348482763453, -39.050913381866323 ], [ 174.023576492528008, -39.050720563541439 ], [ 174.023760725137748, -39.050607020955994 ], [ 174.026910562769103, -39.049227401446828 ], [ 174.027130768615137, -39.04916380108893 ], [ 174.030673113329613, -39.048610569439582 ], [ 174.030907744271474, -39.048603134953119 ], [ 174.034495976098583, -39.048930429844233 ], [ 174.034722073858376, -39.048979889034896 ], [ 174.038005083755479, -39.050155689970268 ], [ 174.038200523785889, -39.05025720353742 ], [ 174.040371897997886, -39.051817800394673 ], [ 174.040506468145111, -39.051766688361447 ], [ 174.04219272325787, -39.051249507836609 ], [ 174.042737403407671, -39.051119883759036 ], [ 174.043456921742234, -39.05096825660474 ], [ 174.043551176925348, -39.050950917844922 ], [ 174.044281738716336, -39.050835794790153 ], [ 174.044454898886045, -39.050813015601463 ], [ 174.044499222782406, -39.050804509026683 ], [ 174.044525665976721, -39.050797075267106 ], [ 174.044874962401934, -39.050693656039805 ], [ 174.044930015797149, -39.050671199676998 ], [ 174.046596528828076, -39.050116514720358 ], [ 174.046819073554815, -39.050058060926531 ], [ 174.048756660638531, -39.049802063491725 ], [ 174.049876538483517, -39.049414052594393 ], [ 174.050399219699386, -39.049270062490685 ], [ 174.050421724867277, -39.049263883004798 ], [ 174.050424651598632, -39.049263082029462 ], [ 174.050447173067454, -39.049256938817969 ], [ 174.050904418897488, -39.049132627348904 ], [ 174.05096154500373, -39.049117226948411 ], [ 174.050968978064532, -39.04911524006404 ], [ 174.051026206739579, -39.049100073012504 ], [ 174.051691116189176, -39.048925364948609 ], [ 174.052444007421997, -39.048749541762916 ], [ 174.052542766664942, -39.048729306631998 ], [ 174.054325951841264, -39.048478545679409 ], [ 174.054458715599736, -39.048468169454885 ], [ 174.055228681643115, -39.048455342723635 ], [ 174.056775356788421, -39.047769908644646 ], [ 174.056995150722912, -39.047705448657219 ], [ 174.059213089069459, -39.047350052792346 ], [ 174.059295387603356, -39.047327699306564 ], [ 174.059576001401012, -39.047253819330358 ], [ 174.059794099385357, -39.047198273969215 ], [ 174.059822541296171, -39.047191273394368 ], [ 174.060042011181309, -39.047139117601901 ], [ 174.06033360783232, -39.047072282032978 ], [ 174.060386682305761, -39.04706022453005 ], [ 174.060393586757641, -39.047058669941009 ], [ 174.060446734621308, -39.047046810689551 ], [ 174.060863220860398, -39.046954716743706 ], [ 174.062639809337412, -39.046677082766294 ], [ 174.062872963707832, -39.046655297190803 ], [ 174.06648303833822, -39.046761764313054 ], [ 174.066713417326582, -39.046797220323214 ], [ 174.066771092945686, -39.046813736279326 ], [ 174.067850564682999, -39.0467901355428 ], [ 174.068083435601636, -39.046813699298944 ], [ 174.069901335936606, -39.047230724224754 ], [ 174.070992118833743, -39.046171598543573 ], [ 174.071165985977075, -39.046048520779415 ], [ 174.072210430681082, -39.045514885121186 ], [ 174.073295377177288, -39.044587111341272 ], [ 174.073478793131812, -39.04447277516293 ], [ 174.076618639575202, -39.043079594759114 ], [ 174.076838379196488, -39.043015046777619 ], [ 174.077910627289697, -39.042842783436775 ], [ 174.078947909547708, -39.042315357807006 ], [ 174.079131712434531, -39.042237190048503 ], [ 174.08059960490047, -39.041713159830756 ], [ 174.080647581701925, -39.041699104883662 ], [ 174.08069770918496, -39.041682422076775 ], [ 174.082414756033245, -39.041231488522683 ], [ 174.082642476350429, -39.041186841704054 ], [ 174.086240506448547, -39.040935762421157 ], [ 174.086474772976914, -39.040948170738289 ], [ 174.087231022917479, -39.041083084126733 ], [ 174.08770371241971, -39.040782596837246 ], [ 174.087906679241826, -39.040690526889954 ], [ 174.08836173360217, -39.040552981655409 ], [ 174.088411720561538, -39.04050013968547 ], [ 174.090984515484251, -39.038522634461366 ], [ 174.09117546688006, -39.038416078681955 ], [ 174.092857846061804, -39.037759466598104 ], [ 174.093173121411525, -39.037396190632627 ], [ 174.093333525747624, -39.03726246847571 ], [ 174.096183483903872, -39.035531565251667 ], [ 174.096389013206931, -39.035443039726246 ], [ 174.096583115612759, -39.035388208378848 ], [ 174.097220436198995, -39.035014278816682 ], [ 174.097427830141868, -39.034928441242393 ], [ 174.100844057300492, -39.03401334959883 ], [ 174.100977696064007, -39.033995053330273 ], [ 174.102054312301988, -39.033405508192658 ], [ 174.102265202562847, -39.033325025500822 ], [ 174.105718031336522, -39.032497873134439 ], [ 174.105950483918065, -39.032472149583825 ], [ 174.107233220943073, -39.032488287378271 ], [ 174.109334691826945, -39.032377482016841 ], [ 174.109568531531096, -39.032393861085374 ], [ 174.112492675595092, -39.032968028000774 ], [ 174.114653554751868, -39.031058833932086 ], [ 174.114834548489625, -39.030942200067265 ], [ 174.117944609271774, -39.029509626327631 ], [ 174.118162946599824, -39.029442317936528 ], [ 174.121688281801141, -39.028829351214291 ], [ 174.121922597220134, -39.028817954780621 ], [ 174.124819753020461, -39.02903279278172 ], [ 174.124961671204943, -39.028855421905796 ], [ 174.125115594308028, -39.028717152461567 ], [ 174.127881047954872, -39.026905024617008 ], [ 174.128082208036318, -39.026810617165232 ], [ 174.131430115254318, -39.025753648984995 ], [ 174.131658825971755, -39.025712341869941 ], [ 174.132652130525798, -39.025657658778137 ], [ 174.132987141289135, -39.025249509219691 ], [ 174.133006190290104, -39.025229883226508 ], [ 174.134209518901827, -39.024173740382636 ], [ 174.134356246400785, -39.024063708451031 ], [ 174.135327284054057, -39.023442149159429 ], [ 174.135315840888779, -39.023382024926413 ], [ 174.135314910496305, -39.023377011322438 ], [ 174.135196860547239, -39.021967045486214 ], [ 174.13519919945, -39.021830099448572 ], [ 174.135201120404218, -39.02183011941225 ], [ 174.135211857384718, -39.021478199817096 ], [ 174.135212695760572, -39.021464804163742 ], [ 174.135812395202947, -39.019007513089804 ], [ 174.135887899253589, -39.018834124380248 ], [ 174.13757005592646, -39.016341187003938 ], [ 174.137710539058389, -39.016194483281367 ], [ 174.139548119476274, -39.014798497226714 ], [ 174.139586801229115, -39.014729875569287 ], [ 174.139730380124092, -39.014487345509288 ], [ 174.140572437733709, -39.013306685638149 ], [ 174.140696005377549, -39.013160452305982 ], [ 174.141808398033959, -39.012045404800723 ], [ 174.141815367815326, -39.012039448489091 ], [ 174.143137610985463, -39.011073876001745 ], [ 174.14331304340314, -39.010964585645361 ], [ 174.14474357788913, -39.010203092397738 ], [ 174.145075041352584, -39.010053766965591 ], [ 174.146010172787754, -39.009675770975733 ], [ 174.14613435683367, -39.009631056215909 ], [ 174.147109749993206, -39.009321132504724 ], [ 174.147445559512022, -39.009228125748727 ], [ 174.147469361871345, -39.009221556196806 ], [ 174.147472457372942, -39.009220704795943 ], [ 174.147496278114801, -39.00921417587314 ], [ 174.147836566042713, -39.009121233286542 ], [ 174.147859767683599, -39.009114917818742 ], [ 174.147862785010346, -39.009114099314587 ], [ 174.147886003780997, -39.009107822410776 ], [ 174.148176415496067, -39.009029582822627 ], [ 174.14846225281309, -39.008950248893697 ], [ 174.148469912266506, -39.008948125345114 ], [ 174.148896587781678, -39.008830165619742 ], [ 174.149086806558046, -39.008779029062509 ], [ 174.149111607365938, -39.008772549952546 ], [ 174.150868733216015, -39.008430403231806 ], [ 174.151074699636354, -39.00840347180614 ], [ 174.15287878527613, -39.008279967576172 ], [ 174.152904938274702, -39.008279784159264 ], [ 174.154711579343314, -39.008377965757546 ], [ 174.15491813331758, -39.008402004162747 ], [ 174.156682862568118, -39.008719452884222 ], [ 174.156707808724946, -39.00872558314498 ], [ 174.158387186671433, -39.009254488570441 ], [ 174.158574116813924, -39.009327144948443 ], [ 174.160126806462245, -39.010054486620142 ], [ 174.160148104669531, -39.010066330738745 ], [ 174.161535878095748, -39.010974207450069 ], [ 174.161684890906145, -39.011088372337625 ], [ 174.16202111325623, -39.011356932099893 ], [ 174.162092225137229, -39.011416153715444 ], [ 174.162261355148729, -39.011316977398813 ], [ 174.162468734902205, -39.011231207163853 ], [ 174.16519785386896, -39.010500970339308 ], [ 174.165400890416379, -39.010252809207131 ], [ 174.165638252792036, -39.009771729557102 ], [ 174.165824100018824, -39.009394670272421 ], [ 174.166604741953336, -39.008119681909896 ], [ 174.16672221492567, -39.007961146321279 ], [ 174.168996188075567, -39.005772723029899 ], [ 174.169170691819346, -39.005650265562558 ], [ 174.172083365990289, -39.004176153253518 ], [ 174.172068386562671, -39.004162581623476 ], [ 174.172032362022776, -39.004135102208828 ], [ 174.171673338733427, -39.003865806321897 ], [ 174.171396453835371, -39.003659795353663 ], [ 174.171348457822972, -39.003623878060878 ], [ 174.171342235638605, -39.003619194823067 ], [ 174.171294505737848, -39.003583062303129 ], [ 174.17102151471633, -39.003375206635326 ], [ 174.169828678778032, -39.00231205738497 ], [ 174.169688421732161, -39.002165234035409 ], [ 174.168010105575178, -38.99967082344336 ], [ 174.167934866693145, -38.999497366247489 ], [ 174.167326604654335, -38.996720350838011 ], [ 174.167323741426458, -38.996537240840809 ], [ 174.167844942994464, -38.993749467005102 ], [ 174.167914726681062, -38.993574628039624 ], [ 174.169514243572308, -38.991048962520459 ], [ 174.169649836093157, -38.990899506794463 ], [ 174.172171018428827, -38.988883134234484 ], [ 174.172359144457744, -38.988773688127715 ], [ 174.175555204510687, -38.987463932142553 ], [ 174.17577745194211, -38.987405205768518 ], [ 174.179335620205194, -38.986930233762024 ], [ 174.179570241320107, -38.986927973821892 ], [ 174.183142350819196, -38.987334266575481 ], [ 174.183366388275061, -38.987388694534964 ], [ 174.18660290544895, -38.988636501221194 ], [ 174.186794436066492, -38.988742291537562 ], [ 174.187334010351691, -38.989092992696293 ], [ 174.187344212369311, -38.989089904502272 ], [ 174.187573560315684, -38.989051206205886 ], [ 174.191177881182, -38.988893890835399 ], [ 174.191411327818571, -38.988912389908798 ], [ 174.194901590432636, -38.989631904911583 ], [ 174.195116293107077, -38.989705791559444 ], [ 174.195704615781494, -38.990001633198077 ], [ 174.196432858429517, -38.989845290201806 ], [ 174.196451106737527, -38.989842503731957 ], [ 174.197094350134051, -38.989633001570681 ], [ 174.197322369973932, -38.989589777153007 ], [ 174.197776332660908, -38.989560942945921 ], [ 174.199498748325738, -38.988721673484527 ], [ 174.199714775355176, -38.988650180981672 ], [ 174.202832245859128, -38.988044452569589 ], [ 174.204126835540478, -38.98746980782883 ], [ 174.206988287731974, -38.986042513009444 ], [ 174.207203328292451, -38.985969244215937 ], [ 174.20759922323154, -38.9858888500438 ], [ 174.208196942596601, -38.985646088701408 ], [ 174.208412940619496, -38.985574557912152 ], [ 174.211794691715653, -38.984916815615712 ], [ 174.212930098618727, -38.983638109845536 ], [ 174.213092267562104, -38.983505763208321 ], [ 174.215563404927195, -38.982037606186466 ], [ 174.216108449695923, -38.981584217843448 ], [ 174.216293781269684, -38.9814719176198 ], [ 174.21945614272218, -38.980113581184931 ], [ 174.219676857672454, -38.98005147120702 ], [ 174.223222150722165, -38.979522249941787 ], [ 174.223456651126753, -38.979516408003789 ], [ 174.224740324478717, -38.979642476867973 ], [ 174.225992345062224, -38.97914247089895 ], [ 174.22621535794363, -38.979085586405603 ], [ 174.227767032081005, -38.978891648097331 ], [ 174.227862386179879, -38.978857986254965 ], [ 174.227886808369647, -38.978851109757819 ], [ 174.229632671929181, -38.978477374396746 ], [ 174.229837884661038, -38.978446710907569 ], [ 174.229915334642413, -38.978439466694752 ], [ 174.229955323751483, -38.978429766394186 ], [ 174.23018414301086, -38.978389306657704 ], [ 174.230777164003001, -38.978358852684373 ], [ 174.231437593516461, -38.978297072800586 ], [ 174.231716137379522, -38.978286324207787 ], [ 174.231717671661329, -38.978310547634948 ], [ 174.233785841794031, -38.978204298136234 ], [ 174.234019480440054, -38.978221002850013 ], [ 174.237518200578847, -38.978913679317195 ], [ 174.237733797202537, -38.978985914259297 ], [ 174.23834745157194, -38.979287908659671 ], [ 174.239769551019833, -38.979683493420424 ], [ 174.239786990057496, -38.979689586459337 ], [ 174.2413762554892, -38.980366312831549 ], [ 174.241556952147647, -38.980458302731272 ], [ 174.242991059819701, -38.981320730374421 ], [ 174.243005233861567, -38.981330731104102 ], [ 174.243750774363718, -38.981946347045181 ], [ 174.244016063478114, -38.982053422863657 ], [ 174.244114886745905, -38.982101334057127 ], [ 174.244213719895072, -38.982149232845643 ], [ 174.245071960483614, -38.982642005897659 ], [ 174.246388801709827, -38.982620215755254 ], [ 174.246621272072474, -38.982645021977618 ], [ 174.250077261292574, -38.98345858190622 ], [ 174.250288539490953, -38.983538236759301 ], [ 174.252095435778841, -38.984517737921834 ], [ 174.255228495498358, -38.983484964145234 ], [ 174.255456263390442, -38.983440977569089 ], [ 174.259052867535303, -38.983200372251396 ], [ 174.259286903393189, -38.983213465179134 ], [ 174.262802789992691, -38.98385197408966 ], [ 174.263020193602387, -38.983920865709784 ], [ 174.263970450997107, -38.984368214131287 ], [ 174.264289040928702, -38.984065266945301 ], [ 174.264464445403121, -38.983943628634769 ], [ 174.267504764177716, -38.982424742163992 ], [ 174.267719735822993, -38.982351355683576 ], [ 174.271212526171496, -38.981639985044957 ], [ 174.271446028476504, -38.981622031643653 ], [ 174.275049514277299, -38.981787789209164 ], [ 174.275278699313986, -38.981827025929285 ], [ 174.278640281500145, -38.982853697264545 ], [ 174.278842723038707, -38.982946285088062 ], [ 174.281633442835471, -38.984733411908834 ], [ 174.281789328527054, -38.984870290881076 ], [ 174.282075867430848, -38.98521954445858 ], [ 174.28249245002516, -38.985206624757325 ], [ 174.282509309478343, -38.985206111490129 ], [ 174.282511501268544, -38.985206046015954 ], [ 174.28252836166476, -38.985205551988045 ], [ 174.283522318929556, -38.985176991610857 ], [ 174.284370574629378, -38.98515094947772 ], [ 174.285278045771008, -38.985118232471599 ], [ 174.2853258916914, -38.98511658494651 ], [ 174.285332112203491, -38.985116380842761 ], [ 174.285379966469577, -38.985114888310179 ], [ 174.286447112993898, -38.985083330992964 ], [ 174.286456176729956, -38.985083065668512 ], [ 174.287396326360806, -38.985056275783002 ], [ 174.287761492325984, -38.985045436634707 ], [ 174.288208629168906, -38.984731296442433 ], [ 174.288240032502927, -38.984712494533724 ], [ 174.289758589950338, -38.98394301256198 ], [ 174.28993038180738, -38.98387023136798 ], [ 174.291584442218152, -38.983295604379514 ], [ 174.291621751657544, -38.983285295470161 ], [ 174.293370601293873, -38.982919670067893 ], [ 174.293562797359613, -38.982891878377053 ], [ 174.295363388220693, -38.98274425229399 ], [ 174.295402952881687, -38.982743445164971 ], [ 174.295707401408265, -38.982740370550999 ], [ 174.296310522901877, -38.982740489000257 ], [ 174.296911282546034, -38.982720235079313 ], [ 174.296965078428656, -38.982718519401097 ], [ 174.296972072522721, -38.982718309097955 ], [ 174.297025878087112, -38.982716789343215 ], [ 174.297895246315107, -38.982693815450794 ], [ 174.297896186482802, -38.982693790631991 ], [ 174.298756642827584, -38.982671142872569 ], [ 174.300565324641468, -38.982734450002482 ], [ 174.300624256632148, -38.982740152378568 ], [ 174.301464620457494, -38.98011460917683 ], [ 174.30155639703375, -38.979946063835321 ], [ 174.303470582636493, -38.977557364987071 ], [ 174.303624585852589, -38.977419202032515 ], [ 174.30639061693671, -38.97560905427904 ], [ 174.306591771045476, -38.975514794581223 ], [ 174.309938919216279, -38.974460336614683 ], [ 174.310167538440965, -38.974419204055003 ], [ 174.313768264349676, -38.974223620377515 ], [ 174.314001978112003, -38.974239640063466 ], [ 174.317503954019742, -38.974922073233728 ], [ 174.317719893573326, -38.974993677964051 ], [ 174.320780439587821, -38.976487355755438 ], [ 174.320957473217078, -38.976607539078643 ], [ 174.323277056169104, -38.978766299508564 ], [ 174.3233978554359, -38.978923300525821 ], [ 174.324205324869695, -38.980188080341009 ], [ 174.3245348323276, -38.98082502626373 ], [ 174.324542981861839, -38.980840822364136 ], [ 174.324544038813343, -38.980842876637539 ], [ 174.324590170371238, -38.980958298351887 ], [ 174.326219538748006, -38.981723333909805 ], [ 174.326399206771896, -38.981841124166401 ], [ 174.328766171745201, -38.983968444241057 ], [ 174.328890420499903, -38.984123801404976 ], [ 174.329538998156266, -38.985317914254587 ], [ 174.330958425383812, -38.985712860753267 ], [ 174.331164405602948, -38.985800587005784 ], [ 174.332489470026417, -38.986597591512833 ], [ 174.335192524541128, -38.987134533669533 ], [ 174.33540807977738, -38.987206911748309 ], [ 174.33701007039005, -38.987865500606837 ], [ 174.337364434176493, -38.988040184764834 ], [ 174.340255450677518, -38.986372412741332 ], [ 174.340463647163119, -38.986287929062975 ], [ 174.34388771149986, -38.985395187534507 ], [ 174.344119164467173, -38.985365043325515 ], [ 174.347729094728209, -38.985341685745389 ], [ 174.347961156589491, -38.98536883089983 ], [ 174.348271901887728, -38.985445409617071 ], [ 174.348621150389079, -38.985339058793855 ], [ 174.348641102121178, -38.98533435320288 ], [ 174.350410049064834, -38.985032958548615 ], [ 174.350622105094402, -38.985010242079994 ], [ 174.352429677472486, -38.984928502871092 ], [ 174.35245051574708, -38.984928838845931 ], [ 174.354252223220755, -38.985068770554911 ], [ 174.354462896891789, -38.985098302755411 ], [ 174.354476022000142, -38.985100986762966 ], [ 174.354894009599093, -38.985122900451174 ], [ 174.355126494997677, -38.985147740764461 ], [ 174.357186840602651, -38.985633071924795 ], [ 174.358756114303873, -38.985733795829582 ], [ 174.358984093682295, -38.985777173284788 ], [ 174.35953030801511, -38.985917338968477 ], [ 174.363120288018024, -38.985727693458799 ], [ 174.36335400609795, -38.98574405843361 ], [ 174.366854974988684, -38.986431674552087 ], [ 174.367070780922404, -38.986503599482603 ], [ 174.368399229431532, -38.987154580310261 ], [ 174.368475957501289, -38.987121277599158 ], [ 174.368696355256759, -38.987058398960784 ], [ 174.369668112413422, -38.986909874278247 ], [ 174.370293968014607, -38.985927944472877 ], [ 174.370430059581849, -38.985778747829428 ], [ 174.372957992530502, -38.98376726807939 ], [ 174.373146486291176, -38.983658191124889 ], [ 174.37634697132512, -38.982354761026102 ], [ 174.376569419191924, -38.982296477740206 ], [ 174.380129253820172, -38.981828645464205 ], [ 174.380363888460352, -38.981826859172855 ], [ 174.382807387148716, -38.982109857641873 ], [ 174.383292324877885, -38.981784443555853 ], [ 174.383491991064801, -38.981688240580532 ], [ 174.3855248097789, -38.981024914381194 ], [ 174.386791617456311, -38.980572924546173 ], [ 174.387017652821982, -38.980523776006216 ], [ 174.387421583681146, -38.980445623463218 ], [ 174.387853535971971, -38.980306974788995 ], [ 174.388081832779449, -38.980264673036402 ], [ 174.388223060372013, -38.980244884661474 ], [ 174.388313961991258, -38.980226033420436 ], [ 174.388315948551252, -38.980231869356004 ], [ 174.388412852504416, -38.980218291283705 ], [ 174.388468844749269, -38.980202684495616 ], [ 174.389071230856985, -38.980010773719052 ], [ 174.389299668599932, -38.979968940753849 ], [ 174.392899805803694, -38.979762339439283 ], [ 174.393133625457239, -38.979777644865131 ], [ 174.394735333041581, -38.980084563000133 ], [ 174.395335714917678, -38.979982523796615 ], [ 174.395569970912504, -38.979972030958031 ], [ 174.39897074735299, -38.980237652031683 ], [ 174.399174782892146, -38.980190227989851 ], [ 174.399227053598565, -38.980181494249912 ], [ 174.399630669827587, -38.98011990487646 ], [ 174.400229803325232, -38.980037102091494 ], [ 174.400536103256371, -38.97999807749828 ], [ 174.400576002431876, -38.979993423121961 ], [ 174.400883535999156, -38.979960841923116 ], [ 174.401417836469221, -38.979909936510801 ], [ 174.401422814958238, -38.979909473699394 ], [ 174.401491200091129, -38.979865952610389 ], [ 174.401512260741697, -38.97985258151494 ], [ 174.401515001239318, -38.979850845790359 ], [ 174.40153610209083, -38.979837513430581 ], [ 174.402171780445087, -38.979436827550529 ], [ 174.402740523195774, -38.979062669807035 ], [ 174.402965059435047, -38.978918688217533 ], [ 174.402994546409786, -38.978900260437662 ], [ 174.403223655942327, -38.978760737712214 ], [ 174.403613391347761, -38.978529498266468 ], [ 174.403810383622073, -38.978415177161786 ], [ 174.403836192208246, -38.978400529701865 ], [ 174.40403625511135, -38.978289505263774 ], [ 174.404415727477925, -38.97808362432162 ], [ 174.404790012349679, -38.977888890426328 ], [ 174.404839282841181, -38.977864324742214 ], [ 174.405098814112279, -38.977740417655745 ], [ 174.405766378570661, -38.977300382512389 ], [ 174.405767282051784, -38.977301217604733 ], [ 174.405877975117733, -38.977221522406914 ], [ 174.406292988613274, -38.976952371347117 ], [ 174.407010991709171, -38.976292189014806 ], [ 174.407188949789429, -38.976172829358198 ], [ 174.407677538049427, -38.975937546614055 ], [ 174.407725505561928, -38.975885275531155 ], [ 174.407890292940323, -38.975754902842169 ], [ 174.410071859181102, -38.97450004080396 ], [ 174.410410007250761, -38.974277567432026 ], [ 174.410445030992804, -38.974254617092448 ], [ 174.410449591633466, -38.974251640603342 ], [ 174.410484731593669, -38.974228798802677 ], [ 174.411209985666943, -38.973759257643202 ], [ 174.411553234981255, -38.973533431284302 ], [ 174.411620203269621, -38.973371349242626 ], [ 174.411726265705312, -38.973207984520229 ], [ 174.413841502214296, -38.970924857553733 ], [ 174.414007034609085, -38.970795069331409 ], [ 174.416922397317336, -38.969133861300413 ], [ 174.417131196559609, -38.969050350681407 ], [ 174.418106461830945, -38.968801091664744 ], [ 174.418602135427989, -38.968305469382862 ], [ 174.418773659953729, -38.968180517182617 ], [ 174.419877601503828, -38.967598779875011 ], [ 174.420180773763235, -38.967274973411335 ], [ 174.420622514191678, -38.966848297267603 ], [ 174.420705990969623, -38.966768602500963 ], [ 174.420716918431765, -38.966758290936177 ], [ 174.420801556455842, -38.966679346243367 ], [ 174.420808829079618, -38.966672641054991 ], [ 174.422020558845304, -38.965718560664889 ], [ 174.422017890251254, -38.965716251305579 ], [ 174.422041516532744, -38.965699611661343 ], [ 174.422062452021493, -38.965685574503695 ], [ 174.422083354164954, -38.965669116400619 ], [ 174.422215718092644, -38.965580093385235 ], [ 174.422217441034633, -38.965581654720751 ], [ 174.422468223969588, -38.965413504217516 ], [ 174.42248997012797, -38.965399627969617 ], [ 174.422782683049263, -38.965262303156003 ], [ 174.423004451918331, -38.96475824060245 ], [ 174.42311442934178, -38.964596465144794 ], [ 174.425284193184012, -38.962344866617798 ], [ 174.425452811932416, -38.962217537361326 ], [ 174.428407444573509, -38.960599529946101 ], [ 174.428618199758517, -38.960519107307853 ], [ 174.429868984997768, -38.960219657177348 ], [ 174.429862449687306, -38.960174259638649 ], [ 174.429857966062201, -38.960069444310598 ], [ 174.429939667090139, -38.9586576923232 ], [ 174.429952123784375, -38.958579464791534 ], [ 174.430315666099403, -38.957195071147261 ], [ 174.430352884723391, -38.957094303828228 ], [ 174.430683707475936, -38.95632924986969 ], [ 174.430708767926745, -38.956278869294358 ], [ 174.430916743610339, -38.955888207648201 ], [ 174.430945295734233, -38.955837939979844 ], [ 174.431806601277515, -38.95459502247143 ], [ 174.431896125655783, -38.95448703854403 ], [ 174.43299580787388, -38.953364616107336 ], [ 174.433042854082316, -38.953323696825379 ], [ 174.434353833007719, -38.952349401034525 ], [ 174.434481704802266, -38.952268300021181 ], [ 174.435971699617454, -38.951466113588815 ], [ 174.436032634525986, -38.951438547111728 ], [ 174.437664965357158, -38.950828217351514 ], [ 174.437818669147106, -38.950781935642873 ], [ 174.439553152999878, -38.950378484685622 ], [ 174.439622013318797, -38.950366968553524 ], [ 174.441374512439864, -38.950184641036287 ], [ 174.441418685320087, -38.950164074372118 ], [ 174.441636450876359, -38.95009604091296 ], [ 174.442536091773746, -38.949936356900096 ], [ 174.442743504566209, -38.949392591100704 ], [ 174.442950281648109, -38.948817954816121 ], [ 174.442984321146554, -38.948725265823576 ], [ 174.442988828753244, -38.948713235097024 ], [ 174.443024137048752, -38.948620835988457 ], [ 174.44326680844992, -38.947997965550776 ], [ 174.443300249596462, -38.947913617557894 ], [ 174.443304665670382, -38.947902669223019 ], [ 174.443982099638816, -38.946592211342939 ], [ 174.44408020664028, -38.946438434663797 ], [ 174.444934794523334, -38.945326990414038 ], [ 174.444824722535998, -38.942925930646801 ], [ 174.44485309930613, -38.942744125837095 ], [ 174.445844526770458, -38.940034891921634 ], [ 174.445943447420234, -38.939868832112289 ], [ 174.447958231221122, -38.93753142579201 ], [ 174.448118007220728, -38.937397363227774 ], [ 174.448704191931967, -38.937038999795575 ], [ 174.449512550238438, -38.935245720159152 ], [ 174.449624065283217, -38.935084603723595 ], [ 174.451814953424531, -38.932845995781982 ], [ 174.45198474692512, -38.932719675486872 ], [ 174.454953957141726, -38.931119340289442 ], [ 174.455165409349405, -38.93104017779806 ], [ 174.457462794172073, -38.930504906521413 ], [ 174.458440251769503, -38.929890915252898 ], [ 174.458488517038887, -38.929865191973946 ], [ 174.458864726639774, -38.92967297425372 ], [ 174.459469462276019, -38.92937697568555 ], [ 174.459553426639843, -38.929336313441674 ], [ 174.460634721812397, -38.928748884539125 ], [ 174.460802925740097, -38.928614051487727 ], [ 174.460990821767069, -38.928504486694969 ], [ 174.461008006831008, -38.928497426627615 ], [ 174.461525744908471, -38.92729925672446 ], [ 174.461634559294851, -38.927137021366839 ], [ 174.462181529961839, -38.926562781811903 ], [ 174.46196074026733, -38.925944109031931 ], [ 174.461933885998633, -38.925762161848404 ], [ 174.461977776377211, -38.92495205489444 ], [ 174.46197689052417, -38.924949155933071 ], [ 174.46195879961931, -38.92476654949666 ], [ 174.462020414805778, -38.924165029088705 ], [ 174.462086403355073, -38.922946951706862 ], [ 174.46213283914642, -38.922767427252026 ], [ 174.462171979960345, -38.922685313671465 ], [ 174.462246495656984, -38.921957795553915 ], [ 174.462301524977789, -38.921779759277868 ], [ 174.463686152913738, -38.919177908320009 ], [ 174.463808908, -38.919021867787528 ], [ 174.46615483867896, -38.916881566516537 ], [ 174.466333299699244, -38.916762792835875 ], [ 174.467327235701646, -38.91628828458272 ], [ 174.467517888859106, -38.915919412901665 ], [ 174.467638591798874, -38.915762400530525 ], [ 174.469956311477716, -38.913603484801719 ], [ 174.470133202333301, -38.913483292874041 ], [ 174.471587017509165, -38.912642394337176 ], [ 174.473903716693144, -38.911510710236712 ], [ 174.47418702090846, -38.911376697055474 ], [ 174.474224163071938, -38.911359692195752 ], [ 174.475851716001188, -38.910743044399226 ], [ 174.476030333445067, -38.910688435073851 ], [ 174.476090608355463, -38.910674153070794 ], [ 174.476784566480092, -38.910098086178856 ], [ 174.476969956414194, -38.909985993070862 ], [ 174.480132215032597, -38.908631267883898 ], [ 174.480352858413653, -38.908569414472446 ], [ 174.482657464025266, -38.908227930619596 ], [ 174.482847181777771, -38.907859287472959 ], [ 174.482849884360689, -38.907854040712763 ], [ 174.483088108965092, -38.907392615576136 ], [ 174.483136155130552, -38.907301007815896 ], [ 174.48314248470578, -38.907289125987631 ], [ 174.483191816619694, -38.907197936389316 ], [ 174.48359531683667, -38.906463344837618 ], [ 174.483844748007499, -38.905998506974697 ], [ 174.483849928306114, -38.905988868629656 ], [ 174.483850602675801, -38.905987615949655 ], [ 174.483855797295234, -38.905977982294438 ], [ 174.484211474834325, -38.905319423621641 ], [ 174.484575742093426, -38.904631202729284 ], [ 174.484584700657365, -38.904614325353741 ], [ 174.484585868117421, -38.904612132220329 ], [ 174.484594870477281, -38.904595269081902 ], [ 174.484984260890855, -38.903867935082644 ], [ 174.484990682891805, -38.903855963660845 ], [ 174.484991519187616, -38.903854407845131 ], [ 174.484997963275816, -38.90384244364062 ], [ 174.48537300917468, -38.903147520144586 ], [ 174.485381528148224, -38.903131776878112 ], [ 174.48538263809877, -38.903129731076831 ], [ 174.485391195287349, -38.903114000477444 ], [ 174.485764063066966, -38.902430356061664 ], [ 174.485989812309953, -38.902042185604685 ], [ 174.486020671306903, -38.90199229434576 ], [ 174.486933014921334, -38.900772042296133 ], [ 174.487026648478832, -38.900666747997441 ], [ 174.488172011853976, -38.899573030393249 ], [ 174.488221087902133, -38.899533031322335 ], [ 174.488607917135141, -38.899232330112895 ], [ 174.48919661183723, -38.898795874195407 ], [ 174.489279813391192, -38.898734797179614 ], [ 174.48929067963752, -38.898726899215205 ], [ 174.489374651104043, -38.898666469086017 ], [ 174.489912231148054, -38.898283422732788 ], [ 174.491017390947121, -38.89748982497153 ], [ 174.491019788096651, -38.897488104066255 ], [ 174.491674588193035, -38.89701835996285 ], [ 174.49238210285543, -38.896506090583763 ], [ 174.492400019806354, -38.89649314534681 ], [ 174.492402351287893, -38.896491464393719 ], [ 174.492420303283325, -38.896478548813924 ], [ 174.493130127107747, -38.895968943170836 ], [ 174.493915630146518, -38.895395206752632 ], [ 174.493963539605573, -38.895360411418324 ], [ 174.493969784205603, -38.895355901871319 ], [ 174.494017945516106, -38.895321319559159 ], [ 174.494611791616649, -38.894897325177048 ], [ 174.495319917824332, -38.894385715726713 ], [ 174.496048745105696, -38.89385903863851 ], [ 174.496052328628139, -38.893856450108636 ], [ 174.496796641878376, -38.893319376393393 ], [ 174.496817532978184, -38.89330433907417 ], [ 174.496820251898072, -38.893302386841221 ], [ 174.496841190334862, -38.893287389807305 ], [ 174.497567231210155, -38.892768645868472 ], [ 174.498086568181151, -38.89239153768213 ], [ 174.498691236571176, -38.891927997951129 ], [ 174.498813671036714, -38.891835515488062 ], [ 174.498829700275166, -38.89182358530671 ], [ 174.498953869478726, -38.891732526516385 ], [ 174.499671008795588, -38.891214342116029 ], [ 174.500386802836346, -38.890691976191846 ], [ 174.500420546954103, -38.89066744891948 ], [ 174.500424941828385, -38.890664267240105 ], [ 174.500458811161167, -38.890639845599203 ], [ 174.501196636050992, -38.890109957151715 ], [ 174.501211033524442, -38.890099634676901 ], [ 174.501212906647851, -38.890098293997497 ], [ 174.501227326457723, -38.890087990634967 ], [ 174.501925913967199, -38.889589673251109 ], [ 174.502398401635418, -38.889249756369296 ], [ 174.502429949056108, -38.889226294831964 ], [ 174.502728319344328, -38.888963140715084 ], [ 174.503080275428118, -38.888666425345953 ], [ 174.503127114753198, -38.888628674741661 ], [ 174.503495763672021, -38.888344611529128 ], [ 174.504018906308147, -38.887959220234514 ], [ 174.504044129330651, -38.887940694475837 ], [ 174.504047412942327, -38.887938289981513 ], [ 174.504072707022601, -38.887919823519901 ], [ 174.504532662195459, -38.887585030682246 ], [ 174.504905468519468, -38.887325229381972 ], [ 174.504954846703498, -38.88729229169234 ], [ 174.506418101933917, -38.886461984105068 ], [ 174.506563086363798, -38.886392595292776 ], [ 174.508174484478559, -38.885751388843552 ], [ 174.508234466832931, -38.885731987075118 ], [ 174.509423142537514, -38.88543043159801 ], [ 174.50950679755573, -38.885369929887773 ], [ 174.509690755776688, -38.88525646431976 ], [ 174.512835363419043, -38.883878314154124 ], [ 174.513055172109603, -38.883814825440375 ], [ 174.516590676609866, -38.883263517237268 ], [ 174.516824826410385, -38.883256218069121 ], [ 174.520405275967363, -38.883585701643121 ], [ 174.52063085561835, -38.883635306531147 ], [ 174.523905902080713, -38.884813346304156 ], [ 174.524100837718436, -38.884915001630283 ], [ 174.526749981018639, -38.886826325751407 ], [ 174.526895194077042, -38.886970084091026 ], [ 174.528659122822631, -38.8894276516804 ], [ 174.528740396394539, -38.889599444263453 ], [ 174.529446369059968, -38.89236273410458 ], [ 174.529455740477232, -38.892545746705565 ], [ 174.529034523499462, -38.895344284856762 ], [ 174.528971066463271, -38.895520602912477 ], [ 174.528024059905363, -38.897128911153594 ], [ 174.527724752068224, -38.898169921638058 ], [ 174.527651544400925, -38.898317705591637 ], [ 174.527649734972869, -38.898317158246506 ], [ 174.527503803886219, -38.898603583598614 ], [ 174.527500224537221, -38.898610169304497 ], [ 174.525828304639958, -38.90077704136506 ], [ 174.525711733274363, -38.900888877134534 ], [ 174.525709314897057, -38.900887337938073 ], [ 174.525224603877348, -38.901330210450134 ], [ 174.525218617936872, -38.901335285081856 ], [ 174.524634414576326, -38.901719479626571 ], [ 174.523522898427359, -38.902815216656776 ], [ 174.523350349651508, -38.902939186388316 ], [ 174.520346538260213, -38.904498401235898 ], [ 174.520133399900345, -38.90457463332406 ], [ 174.51895206767901, -38.904832269138801 ], [ 174.518843889401637, -38.90509158367054 ], [ 174.518737273188322, -38.905254699934623 ], [ 174.517368676099437, -38.906723600897337 ], [ 174.516984028847816, -38.908251939972672 ], [ 174.516903372181986, -38.908423914600299 ], [ 174.515147986700811, -38.910885420497792 ], [ 174.515003251972473, -38.911029501391567 ], [ 174.512696995551323, -38.912702292621269 ], [ 174.512736344058879, -38.912742366730264 ], [ 174.514128466049954, -38.914368828871623 ], [ 174.515012955200433, -38.915601631838705 ], [ 174.5151111877326, -38.915767935660014 ], [ 174.516091577958491, -38.918479650503357 ], [ 174.516119225593627, -38.918661529754836 ], [ 174.5159790135869, -38.921477202694781 ], [ 174.515933361173921, -38.921656854294056 ], [ 174.51468613620321, -38.924300859093364 ], [ 174.51457164437042, -38.924460695895114 ], [ 174.512339393314335, -38.926674181317473 ], [ 174.512167264945532, -38.926798554274193 ], [ 174.509168469667884, -38.928364796611518 ], [ 174.508955554959499, -38.928441527798391 ], [ 174.505483815908434, -38.929207165292198 ], [ 174.505250962546683, -38.929228741279296 ], [ 174.502469186246486, -38.929143912387829 ], [ 174.501868073611462, -38.930128868840484 ], [ 174.501750874732465, -38.930287506861085 ], [ 174.499481142056965, -38.932477704824464 ], [ 174.49930690815674, -38.932600286462083 ], [ 174.496281607743271, -38.934135377414066 ], [ 174.4960673953602, -38.934209900106147 ], [ 174.492582725469418, -38.934939572261335 ], [ 174.492349509490481, -38.934958738827582 ], [ 174.489335105542494, -38.934835591686706 ], [ 174.490816219066801, -38.936387119915281 ], [ 174.490925257011725, -38.936549272079397 ], [ 174.492082486214429, -38.93921815605654 ], [ 174.492122034557724, -38.939398687560505 ], [ 174.492166652067851, -38.942216234531344 ], [ 174.492132830948236, -38.942397474566881 ], [ 174.491537019470968, -38.943892120114747 ], [ 174.491536833947066, -38.943893320600623 ], [ 174.491503238604707, -38.943985534539109 ], [ 174.491517110201784, -38.944078380811369 ], [ 174.491526515089049, -38.944248645459844 ], [ 174.491462408484551, -38.945660994902703 ], [ 174.491460532915596, -38.945673790250268 ], [ 174.491114280628835, -38.947060918597153 ], [ 174.491055846984921, -38.947225119084003 ], [ 174.490435957033128, -38.948552867267722 ], [ 174.49042910951178, -38.948564583682341 ], [ 174.489550835109952, -38.94980025376438 ], [ 174.489430275848065, -38.94994231510011 ], [ 174.488315230833678, -38.951055473731316 ], [ 174.488304081248913, -38.951064964130573 ], [ 174.486979721988405, -38.952028196165578 ], [ 174.486808835355305, -38.952134209315936 ], [ 174.48530777010842, -38.952923788139813 ], [ 174.485293409831485, -38.952930123292255 ], [ 174.484442284702283, -38.953239537006603 ], [ 174.484530819432479, -38.953304817820552 ], [ 174.48502101733456, -38.953499530204731 ], [ 174.485515077640571, -38.953723243410302 ], [ 174.485607767971942, -38.95370108216111 ], [ 174.487127605734145, -38.953357931440564 ], [ 174.488376645588318, -38.953133779010528 ], [ 174.488540589270514, -38.953111761177389 ], [ 174.4898137619507, -38.952997177504365 ], [ 174.490401043817513, -38.952970008571896 ], [ 174.491171054883978, -38.952954499829666 ], [ 174.491271130896138, -38.952955094024794 ], [ 174.49204075124922, -38.952979744248765 ], [ 174.492848543563866, -38.953026749063802 ], [ 174.492989997586051, -38.953035663174191 ], [ 174.493008376786321, -38.953036910284254 ], [ 174.493149679694199, -38.953047182482869 ], [ 174.49451913767524, -38.953153367294554 ], [ 174.494842617466361, -38.953182052046323 ], [ 174.494884594095254, -38.953186243615683 ], [ 174.496656351303272, -38.95347493207467 ], [ 174.496841293681513, -38.953517122741239 ], [ 174.498533425781432, -38.954018647176717 ], [ 174.498571690336149, -38.954032760945253 ], [ 174.500142542245982, -38.954734779122283 ], [ 174.500301742851974, -38.954819524770571 ], [ 174.501690955798551, -38.95569114667876 ], [ 174.502163152379467, -38.955012900682149 ], [ 174.502306041573263, -38.954867649009564 ], [ 174.504924904316709, -38.952928998270679 ], [ 174.505118275905062, -38.952825327558365 ], [ 174.508376073301179, -38.951613366884388 ], [ 174.508601002305909, -38.951561422013071 ], [ 174.509274843098495, -38.951492374091352 ], [ 174.509287745835451, -38.951473056725639 ], [ 174.509708837968674, -38.950934492763423 ], [ 174.510052388722272, -38.950520979459689 ], [ 174.51009889974722, -38.950468216864763 ], [ 174.511238874258623, -38.949370550166705 ], [ 174.511344396474556, -38.949283841748986 ], [ 174.512690197834701, -38.948338924948729 ], [ 174.512755309271085, -38.948299966189353 ], [ 174.513266669968914, -38.948010988743455 ], [ 174.513904425950329, -38.947670946744971 ], [ 174.514442639909333, -38.947425662412883 ], [ 174.515082886376803, -38.946125572308787 ], [ 174.515200280743557, -38.945967009780887 ], [ 174.515287371518298, -38.945883128132103 ], [ 174.515275695887823, -38.945554919682124 ], [ 174.515277573266076, -38.945455491262642 ], [ 174.51533368023513, -38.94469113695277 ], [ 174.515397018964165, -38.944197044449254 ], [ 174.515544875204768, -38.943402713703222 ], [ 174.515569944629902, -38.943300323966668 ], [ 174.515807770847346, -38.942519427806467 ], [ 174.515995909993819, -38.94200474684191 ], [ 174.516045332138987, -38.941873337929103 ], [ 174.516051922952727, -38.941856293905801 ], [ 174.516709378605583, -38.940539610079206 ], [ 174.516801650067322, -38.940390566115632 ], [ 174.51771472184663, -38.939170405628261 ], [ 174.517727733393059, -38.939155786129277 ], [ 174.517828916932359, -38.939043922758273 ], [ 174.518201813678559, -38.938638244251116 ], [ 174.518645674948175, -38.938186244187392 ], [ 174.51870569687776, -38.938128967197194 ], [ 174.519185249847936, -38.937699782644799 ], [ 174.519673713958667, -38.937289559020591 ], [ 174.520232250855003, -38.935780743630808 ], [ 174.520331823152247, -38.935614916597011 ], [ 174.522355760526949, -38.93328228337608 ], [ 174.522516060201013, -38.933148600899344 ], [ 174.525363694641726, -38.931418551105402 ], [ 174.525399968358784, -38.931402924951854 ], [ 174.525556691599775, -38.93114755736967 ], [ 174.525624551684245, -38.931038862870572 ], [ 174.525633494532713, -38.931024779477653 ], [ 174.525703216730022, -38.930916806392098 ], [ 174.525873791367587, -38.930657002485134 ], [ 174.526175685647473, -38.930152384105028 ], [ 174.526225199272403, -38.930070692225478 ], [ 174.526231704095949, -38.930060097773868 ], [ 174.526282264678372, -38.929978798089849 ], [ 174.526610704202824, -38.92945734713318 ], [ 174.527044066653104, -38.928766145984248 ], [ 174.527500047735998, -38.928031986608467 ], [ 174.527500074082582, -38.928031944188469 ], [ 174.527921555309774, -38.92735333201253 ], [ 174.527921579947275, -38.9273532923443 ], [ 174.528317089521551, -38.926716496213018 ], [ 174.528318018710223, -38.926715000489949 ], [ 174.528743433283239, -38.926030609578191 ], [ 174.528748091533458, -38.926023124166441 ], [ 174.529242968593678, -38.925230261530011 ], [ 174.529881033053158, -38.924339872524669 ], [ 174.529972094767174, -38.924228157713578 ], [ 174.530734978884652, -38.923399856496744 ], [ 174.531507385556893, -38.922654230825749 ], [ 174.531980932049976, -38.922137048304513 ], [ 174.53205469256946, -38.921912835062592 ], [ 174.532114118365371, -38.921777342562343 ], [ 174.532653143030387, -38.920757014191302 ], [ 174.532659249458874, -38.920747206915046 ], [ 174.532908784902077, -38.920369377692552 ], [ 174.532926840449676, -38.920343553777499 ], [ 174.533734261352237, -38.919349288624772 ], [ 174.533850475862238, -38.919224963590629 ], [ 174.535747277765751, -38.917719030754824 ], [ 174.536386407536185, -38.916950657181864 ], [ 174.536895750808014, -38.916324767687072 ], [ 174.53691017591845, -38.916307087158295 ], [ 174.53691205460359, -38.916304790398613 ], [ 174.536926532341511, -38.916287136162879 ], [ 174.537270936329975, -38.915868238993447 ], [ 174.537317590458656, -38.915811955177823 ], [ 174.537323690270455, -38.915804656020114 ], [ 174.537370879399816, -38.91574864510158 ], [ 174.538020330237799, -38.914983984726327 ], [ 174.53802037511042, -38.914983931893211 ], [ 174.538579679609256, -38.914325409393662 ], [ 174.538579716285625, -38.914325366210818 ], [ 174.539113103355305, -38.913697358766377 ], [ 174.539133550027174, -38.913673368082655 ], [ 174.539136214474809, -38.913670252623618 ], [ 174.539156759305058, -38.913646313168321 ], [ 174.539651795892837, -38.913071466147848 ], [ 174.539848573628689, -38.912850180851443 ], [ 174.539874699644031, -38.91282171910013 ], [ 174.54007986059446, -38.912605131283854 ], [ 174.54062993550292, -38.912042219084782 ], [ 174.540651568874523, -38.912020151291095 ], [ 174.540654386871893, -38.912017285874697 ], [ 174.540676107305302, -38.911995270339574 ], [ 174.541215194758678, -38.911450593184043 ], [ 174.541236640510249, -38.911428992656134 ], [ 174.541239433904082, -38.911426187900503 ], [ 174.541260963442426, -38.911404638341544 ], [ 174.541351241779267, -38.911314558050009 ], [ 174.54175056861007, -38.910523496650192 ], [ 174.541774305957745, -38.910119176910548 ], [ 174.541806293391573, -38.909532245553152 ], [ 174.541836225650712, -38.908941429994719 ], [ 174.541836701227226, -38.90893216190517 ], [ 174.541873044580882, -38.908246321493614 ], [ 174.541898034794826, -38.907584457892497 ], [ 174.541908505545365, -38.907383381042351 ], [ 174.541910240312347, -38.90735725619529 ], [ 174.541926458267568, -38.907156412320234 ], [ 174.541992940728704, -38.906457437237677 ], [ 174.542091967638669, -38.905772342925097 ], [ 174.542109181690876, -38.905683795839941 ], [ 174.542274985696878, -38.905006627202596 ], [ 174.542387625874966, -38.904626130996292 ], [ 174.542572351320842, -38.904080574449871 ], [ 174.542599184053387, -38.90401030924717 ], [ 174.542827269566885, -38.903474862584062 ], [ 174.543148603211307, -38.902792613377379 ], [ 174.543535224953104, -38.902070268362444 ], [ 174.543590608992531, -38.901978246302541 ], [ 174.544056048778771, -38.901284866994821 ], [ 174.544540039839347, -38.900634256897646 ], [ 174.545199148784434, -38.899846138491505 ], [ 174.545291441388542, -38.899747457418506 ], [ 174.545605171198815, -38.899446400177347 ], [ 174.546497215860313, -38.898112751072034 ], [ 174.546636946862748, -38.89796569697797 ], [ 174.549213009503831, -38.895993936785494 ], [ 174.549404043717828, -38.895887817256629 ], [ 174.552633606000569, -38.894634545279509 ], [ 174.552857246961196, -38.894579744861097 ], [ 174.553240852577687, -38.894535427388192 ], [ 174.554313203460595, -38.893911465980857 ], [ 174.554520773792859, -38.89382640884417 ], [ 174.554864821681491, -38.893735555500641 ], [ 174.555310710330303, -38.893504623081469 ], [ 174.555722861859948, -38.89330083595852 ], [ 174.555777134540932, -38.893275241174777 ], [ 174.556343420322321, -38.893053539229925 ], [ 174.556810241285689, -38.892799018324475 ], [ 174.556856066033788, -38.892774162110157 ], [ 174.556862033220114, -38.892770942086571 ], [ 174.556908011339004, -38.892746259476283 ], [ 174.557565402467191, -38.892395172703274 ], [ 174.558937038819096, -38.89176645539213 ], [ 174.559121699241388, -38.891694700872023 ], [ 174.560590995050717, -38.891219501315689 ], [ 174.561456652839382, -38.890992791928014 ], [ 174.56293199959083, -38.890689611400028 ], [ 174.563126284309448, -38.890660268094692 ], [ 174.56463993661626, -38.890512012746235 ], [ 174.5656588481433, -38.890465410739409 ], [ 174.565755738700261, -38.890461298585286 ], [ 174.56576833712964, -38.890460805450502 ], [ 174.565865268563812, -38.890457330916007 ], [ 174.566837130145672, -38.890425693508561 ], [ 174.567801218515456, -38.890388751872258 ], [ 174.568730769762027, -38.890382461822959 ], [ 174.568851457072725, -38.890385450737028 ], [ 174.569778634493133, -38.890437724125761 ], [ 174.570501000132708, -38.890501418212125 ], [ 174.57206725974703, -38.890726032929507 ], [ 174.572267327370298, -38.890766059706351 ], [ 174.573779034691285, -38.891157242428392 ], [ 174.574447999112664, -38.891371460458153 ], [ 174.574533577832653, -38.891399178850612 ], [ 174.574544684360689, -38.8914028171232 ], [ 174.574629975303338, -38.891431072155385 ], [ 174.575149227108312, -38.891605014491589 ], [ 174.576139984190576, -38.891926221439441 ], [ 174.576165695212808, -38.891934585365419 ], [ 174.576169035958912, -38.891935675829522 ], [ 174.57619472103093, -38.891944088274329 ], [ 174.577294915914109, -38.892305641970204 ], [ 174.577299157656711, -38.892307036662999 ], [ 174.578218931597178, -38.892609885911412 ], [ 174.5791047502087, -38.892901154304596 ], [ 174.579116644936249, -38.892905071428068 ], [ 174.580015930760027, -38.893202394995598 ], [ 174.581424398226943, -38.893759813268765 ], [ 174.581600305490866, -38.893841714463306 ], [ 174.582898105375051, -38.894544315980113 ], [ 174.583613714984978, -38.894991376623096 ], [ 174.583777034941875, -38.895108573537364 ], [ 174.585851356192904, -38.894914398958512 ], [ 174.586085569988768, -38.894921330101802 ], [ 174.589623182141366, -38.89546709534676 ], [ 174.589843197409863, -38.895530240467892 ], [ 174.592991973084651, -38.896903493860592 ], [ 174.593176259791591, -38.897016674332242 ], [ 174.595628041753201, -38.899083039363333 ], [ 174.595758562396156, -38.899235179722602 ], [ 174.597273337347275, -38.901792438384696 ], [ 174.597337311917016, -38.901968649167323 ], [ 174.59776671067425, -38.904766516530934 ], [ 174.597757869076958, -38.904949550574045 ], [ 174.597059725263364, -38.907714160146057 ], [ 174.596978924065269, -38.907886100257926 ], [ 174.595221452756419, -38.910346808772303 ], [ 174.59507659474113, -38.910490821798831 ], [ 174.593850692787413, -38.911530088555011 ], [ 174.593519603152373, -38.911769925347691 ], [ 174.593475843888058, -38.911806751094723 ], [ 174.593118025687488, -38.912143275200016 ], [ 174.593051386048217, -38.912205378001076 ], [ 174.593042676572935, -38.912213420749083 ], [ 174.592975324284282, -38.912275052532316 ], [ 174.592435693731773, -38.912764369527778 ], [ 174.592292012255626, -38.912892191706526 ], [ 174.592273134438614, -38.912908669282132 ], [ 174.592126387960434, -38.913034348262492 ], [ 174.591538963163316, -38.913527988628807 ], [ 174.590647293722384, -38.914200806774495 ], [ 174.590525699967515, -38.914283157654978 ], [ 174.589546696607613, -38.914877275403114 ], [ 174.589426210963893, -38.914942591975887 ], [ 174.589351330600579, -38.914994411884905 ], [ 174.588490572011693, -38.915590093143237 ], [ 174.588021854502301, -38.91589750547854 ], [ 174.587959606601288, -38.915936177706477 ], [ 174.586459689653111, -38.916726323382733 ], [ 174.586324276279043, -38.916786155371916 ], [ 174.584684577048193, -38.91738323917447 ], [ 174.584610076682452, -38.917404988698095 ], [ 174.582870983101031, -38.917794304530993 ], [ 174.582718527545126, -38.91781851255827 ], [ 174.580922876635952, -38.917990469909832 ], [ 174.580843418800356, -38.917993167035917 ], [ 174.579035443204475, -38.91794353179025 ], [ 174.578880874455933, -38.91792974548175 ], [ 174.577105110416198, -38.917659739716321 ], [ 174.577028476041704, -38.917643120426071 ], [ 174.575328664390668, -38.917159396788556 ], [ 174.575187118462424, -38.917108966347854 ], [ 174.573605128369962, -38.916423439584044 ], [ 174.57353882150818, -38.916389131379034 ], [ 174.57303774032701, -38.916114640853657 ], [ 174.572211597552837, -38.915636025707762 ], [ 174.572177859414438, -38.915616405074559 ], [ 174.572173479427448, -38.915613848149185 ], [ 174.572139833150601, -38.9155941314689 ], [ 174.571336424036559, -38.91512153701926 ], [ 174.571175524556736, -38.915025144955045 ], [ 174.571154750320432, -38.915012471240438 ], [ 174.569820722714979, -38.914057915434547 ], [ 174.569678576585346, -38.913938880726597 ], [ 174.568552146793991, -38.91283302569628 ], [ 174.568537403356686, -38.912815956648267 ], [ 174.568425470488052, -38.912683877000717 ], [ 174.567850201733989, -38.911991913004535 ], [ 174.567827455144595, -38.911964442770298 ], [ 174.567824506400683, -38.911960867454646 ], [ 174.56780188769963, -38.911933332832419 ], [ 174.567231380803918, -38.911236041449207 ], [ 174.5667435495684, -38.910643528935395 ], [ 174.566308806788584, -38.910878792234307 ], [ 174.566305033732021, -38.910948462258673 ], [ 174.566304218550357, -38.910963227834891 ], [ 174.56630411056102, -38.910965147290455 ], [ 174.566303264368059, -38.910979911799892 ], [ 174.566263969781659, -38.911653159184006 ], [ 174.566232546453392, -38.912239550664779 ], [ 174.566222688012573, -38.912392422845187 ], [ 174.566221190361688, -38.912412286285068 ], [ 174.566208008012069, -38.912565005486783 ], [ 174.56613962833768, -38.913268127393017 ], [ 174.566123424096389, -38.913418139752039 ], [ 174.566121109076818, -38.913437626241638 ], [ 174.566101697625299, -38.913587406029642 ], [ 174.566035765911266, -38.914056944920695 ], [ 174.566034408934826, -38.914066561655751 ], [ 174.565932927247047, -38.91477683534297 ], [ 174.565840508415221, -38.915289503095323 ], [ 174.565826052896568, -38.915355825166451 ], [ 174.56569607885919, -38.91586349692318 ], [ 174.565528483756566, -38.916432535491204 ], [ 174.565379279414799, -38.916885061186328 ], [ 174.565357942920656, -38.916943456937773 ], [ 174.565178893327328, -38.917389327368412 ], [ 174.564961186959806, -38.917885958484668 ], [ 174.564456875145055, -38.918850393533745 ], [ 174.564382266316045, -38.918972393257199 ], [ 174.563738748559786, -38.919884876260902 ], [ 174.563383092956599, -38.920326623503122 ], [ 174.563360612715542, -38.920354432389018 ], [ 174.563357681842689, -38.92035804336362 ], [ 174.56313038137904, -38.920627302040025 ], [ 174.563103132219766, -38.920658356506017 ], [ 174.562888604720996, -38.920894603395162 ], [ 174.56251890346951, -38.921288162598856 ], [ 174.562461802167121, -38.921348420882154 ], [ 174.562454337382434, -38.921356230186078 ], [ 174.562396595843438, -38.921416115039648 ], [ 174.561870115127618, -38.921957429142758 ], [ 174.561819807062051, -38.92200877042918 ], [ 174.561813236425223, -38.922015426370422 ], [ 174.561762457770413, -38.922066484179808 ], [ 174.561181267542423, -38.922646552855603 ], [ 174.560682297779181, -38.923144560541225 ], [ 174.560762073721065, -38.92311751726178 ], [ 174.56087515548964, -38.923087172026591 ], [ 174.562627051337813, -38.922734283535171 ], [ 174.562740936795223, -38.922718660928886 ], [ 174.564541923930847, -38.922584171366807 ], [ 174.564661474469347, -38.922582604547053 ], [ 174.566467224226443, -38.922669824691894 ], [ 174.566581716576849, -38.92268245423373 ], [ 174.567457624617248, -38.922806177672058 ], [ 174.568441037375578, -38.922975939641319 ], [ 174.568886268655689, -38.923060074669721 ], [ 174.568943847880803, -38.923071905782578 ], [ 174.570652051561439, -38.923537541920915 ], [ 174.570812691418411, -38.923592720076535 ], [ 174.572406648465289, -38.924261343030913 ], [ 174.572456731497283, -38.924286492856517 ], [ 174.573897200710206, -38.925141646283386 ], [ 174.574028157676196, -38.925232897452567 ], [ 174.575279676175938, -38.926253530349108 ], [ 174.575317361400408, -38.926289537878468 ], [ 174.576349108919146, -38.92745052652004 ], [ 174.576437564505625, -38.927568921003996 ], [ 174.577224131153656, -38.928841683708434 ], [ 174.577245729133921, -38.928885025122042 ], [ 174.577767733681497, -38.930238227594003 ], [ 174.577805025696563, -38.930372178268954 ], [ 174.578049600566544, -38.931772503353649 ], [ 174.578052995398792, -38.93181893663369 ], [ 174.578070023542978, -38.93217652096552 ], [ 174.578070025659486, -38.932176616451621 ], [ 174.578014008549843, -38.933232731965745 ], [ 174.577996478248537, -38.933369032202734 ], [ 174.577676774161262, -38.934754281796231 ], [ 174.577661633377261, -38.934799357244103 ], [ 174.577190894055548, -38.935853676393222 ], [ 174.577466977601034, -38.936213072009735 ], [ 174.577554687355132, -38.936382941421563 ], [ 174.578364037897188, -38.9391290039541 ], [ 174.578380246831074, -38.939311727785089 ], [ 174.578063446992473, -38.942118718470219 ], [ 174.578006559519224, -38.942296410633311 ], [ 174.5769010465728, -38.944483765163952 ], [ 174.576890208789223, -38.944499008306117 ], [ 174.576549846854306, -38.944946714664866 ], [ 174.576436261542199, -38.945086736381718 ], [ 174.575392575998563, -38.946180328618006 ], [ 174.57538795639482, -38.946184472844436 ], [ 174.575309138149237, -38.946254445935459 ], [ 174.575298831776138, -38.946263500794416 ], [ 174.573994055426482, -38.94724290285307 ], [ 174.573824578883972, -38.947351483873263 ], [ 174.572339628892024, -38.948159415350105 ], [ 174.572326243192919, -38.948165539604894 ], [ 174.570697694463234, -38.948782102516219 ], [ 174.570493537806414, -38.948844466807728 ], [ 174.568761499228884, -38.94925447164421 ], [ 174.568746344801099, -38.949257065619072 ], [ 174.566953482217514, -38.949450416275276 ], [ 174.566734636123869, -38.949460457183378 ], [ 174.564925112207192, -38.949432388316161 ], [ 174.5649096730221, -38.949431198015972 ], [ 174.563128061747108, -38.949182404726251 ], [ 174.562915956777687, -38.949139139263941 ], [ 174.56120614531082, -38.948675747614267 ], [ 174.561191933241872, -38.948670889617496 ], [ 174.559596033806059, -38.948004317275384 ], [ 174.559411439429425, -38.947911982388312 ], [ 174.55796876101985, -38.947058646292525 ], [ 174.557957167628871, -38.947050596315393 ], [ 174.557868398034344, -38.946988313085015 ], [ 174.557144727246168, -38.946475250323957 ], [ 174.556806473899627, -38.946238979020521 ], [ 174.556502478829771, -38.946454976916932 ], [ 174.556317144872565, -38.946567232554543 ], [ 174.553154931223361, -38.947924617929004 ], [ 174.552934239515338, -38.947986649366634 ], [ 174.549389577948801, -38.948514414739712 ], [ 174.549155138490732, -38.94852014791973 ], [ 174.547115672189307, -38.948318761092665 ], [ 174.547150545866486, -38.948438486788682 ], [ 174.547183459393011, -38.948614358648712 ], [ 174.547304375438245, -38.949982312779888 ], [ 174.547302523834929, -38.95018080731397 ], [ 174.547523844760491, -38.950277070597146 ], [ 174.549330558082062, -38.950332868061956 ], [ 174.549554081418449, -38.950353570344561 ], [ 174.551329115679607, -38.950629616064248 ], [ 174.551338338807255, -38.950631648998794 ], [ 174.551409221955396, -38.950647463976267 ], [ 174.552090317248343, -38.950801262973016 ], [ 174.553437234776567, -38.951177505056386 ], [ 174.553607785024013, -38.95123468977053 ], [ 174.554884719408335, -38.951738213415688 ], [ 174.555371341646122, -38.951960682474166 ], [ 174.555686998259546, -38.952110338380784 ], [ 174.555727624398344, -38.952130301475499 ], [ 174.556070891806002, -38.952305707733835 ], [ 174.556075294333965, -38.952308045725935 ], [ 174.556109119052337, -38.952326077222999 ], [ 174.557000195658532, -38.952802904560741 ], [ 174.557256146058705, -38.952943890601205 ], [ 174.557289094871123, -38.952962568106869 ], [ 174.557540049286416, -38.953108928319217 ], [ 174.558177017978011, -38.95349104190197 ], [ 174.558802577466167, -38.95385692124372 ], [ 174.558804674008087, -38.953858147750864 ], [ 174.559513436207226, -38.954273029651453 ], [ 174.559545782789968, -38.9542920331996 ], [ 174.559549982282817, -38.954294509414368 ], [ 174.559582243282534, -38.954313601477999 ], [ 174.55966126781226, -38.954360538821561 ], [ 174.560054982441869, -38.954546052638136 ], [ 174.560840948337727, -38.95491628028487 ], [ 174.561823427966004, -38.955434637949999 ], [ 174.561946383968035, -38.955506964899079 ], [ 174.562855535539484, -38.956101330168813 ], [ 174.563422747911829, -38.956512659666167 ], [ 174.564237615092452, -38.957100175509801 ], [ 174.564293823800256, -38.957140972508775 ], [ 174.564301108260935, -38.957146295037198 ], [ 174.56435696817897, -38.957187383091039 ], [ 174.565039199211185, -38.95769255087405 ], [ 174.565998952949968, -38.958504173132155 ], [ 174.566238944134597, -38.958554416867742 ], [ 174.566643148485923, -38.958636501704191 ], [ 174.567061248324592, -38.958672663539623 ], [ 174.567717105530591, -38.958744319140322 ], [ 174.567801954502755, -38.958755536510019 ], [ 174.568285904853582, -38.958830731749671 ], [ 174.569125294278365, -38.958760565380906 ], [ 174.570058970929921, -38.958673486744026 ], [ 174.571261552504978, -38.958610827758271 ], [ 174.57141800568769, -38.958609071398847 ], [ 174.572622397928825, -38.95864470950692 ], [ 174.573711381424943, -38.958721552980627 ], [ 174.57515815896403, -38.958896458761352 ], [ 174.57534363908178, -38.958928403423222 ], [ 174.576750404642269, -38.959244954586197 ], [ 174.57769505807056, -38.959509250384386 ], [ 174.577709599872946, -38.959513327407791 ], [ 174.57771148984915, -38.959513858408158 ], [ 174.577726024603777, -38.959517950621162 ], [ 174.579599832357275, -38.960046603654263 ], [ 174.579920235784414, -38.960141216837449 ], [ 174.57996164523675, -38.960153996570554 ], [ 174.581587681480329, -38.96077504007043 ], [ 174.581751721995204, -38.960850683223754 ], [ 174.583233340642295, -38.961662657406123 ], [ 174.583267667024614, -38.9616848014103 ], [ 174.584568388398225, -38.962667720876496 ], [ 174.584694468857975, -38.962779235779493 ], [ 174.585782267563445, -38.963908903603922 ], [ 174.585806151024144, -38.963938244927114 ], [ 174.586654233513428, -38.965186852152435 ], [ 174.586730011084114, -38.96532332571703 ], [ 174.587317486412587, -38.96666013241861 ], [ 174.587328588284436, -38.966693799501314 ], [ 174.587640974681619, -38.968085893071098 ], [ 174.587649988700718, -38.968159833095662 ], [ 174.587670726425131, -38.968160474059886 ], [ 174.587844730156604, -38.968128584066143 ], [ 174.589563849833269, -38.967441349973271 ], [ 174.59008045850635, -38.9672473161312 ], [ 174.5901483785278, -38.96722340937032 ], [ 174.590676693394045, -38.967049646839889 ], [ 174.591179447272111, -38.966895655388612 ], [ 174.591279189373012, -38.966865520184236 ], [ 174.591292178821533, -38.96686164960515 ], [ 174.591392274391126, -38.966832237438851 ], [ 174.592660120134127, -38.966464911657134 ], [ 174.593612517586706, -38.966225107853532 ], [ 174.593737826201476, -38.966198179527318 ], [ 174.594713254484844, -38.966023701216159 ], [ 174.595918192232176, -38.965850713910996 ], [ 174.596882852943367, -38.965744858782607 ], [ 174.597008778690878, -38.965735251256163 ], [ 174.597981438098344, -38.965693298244503 ], [ 174.600461873876895, -38.965668161704087 ], [ 174.600532661537073, -38.965665250288154 ], [ 174.600544238907247, -38.964261045180876 ], [ 174.600572564778616, -38.963685596526879 ], [ 174.600579305089241, -38.963610956513698 ], [ 174.60084789813223, -38.962213297246066 ], [ 174.600879348129553, -38.962107217384023 ], [ 174.601424664688125, -38.960759566372673 ], [ 174.601460616186074, -38.960690205253968 ], [ 174.601759022094853, -38.960163563878751 ], [ 174.602296440530182, -38.959291549940204 ], [ 174.602363146140476, -38.959185109683162 ], [ 174.602371934064308, -38.959171317583888 ], [ 174.602440427280015, -38.959065571697018 ], [ 174.602904310270304, -38.958360927455267 ], [ 174.603508962531663, -38.957549459916891 ], [ 174.603594384775079, -38.957447449625995 ], [ 174.604684165701599, -38.956345614058705 ], [ 174.604692083040504, -38.956334878735852 ], [ 174.605715617924659, -38.955169223319878 ], [ 174.605795806518813, -38.95509172251478 ], [ 174.607040242261178, -38.954065422729691 ], [ 174.607120194406207, -38.954009080602084 ], [ 174.607755165127912, -38.953592944822141 ], [ 174.607944964666274, -38.953477372587891 ], [ 174.607960145346993, -38.953468144663788 ], [ 174.607962120111523, -38.953466946321548 ], [ 174.607977320423231, -38.953457738211036 ], [ 174.608659013866912, -38.953045485022592 ], [ 174.608700704131167, -38.953020391225536 ], [ 174.608706133369083, -38.953017138703295 ], [ 174.60874796984217, -38.952992193696737 ], [ 174.609312153292194, -38.952657384504725 ], [ 174.609567123738856, -38.95249628326075 ], [ 174.609576051657967, -38.9524906478578 ], [ 174.610774812942083, -38.951735921466508 ], [ 174.6110742478443, -38.951546787046688 ], [ 174.611379990637772, -38.951350386512836 ], [ 174.612345133310356, -38.950520242729567 ], [ 174.613034130453912, -38.949975975315027 ], [ 174.61312738378308, -38.949908316711053 ], [ 174.613873053350488, -38.949411682161056 ], [ 174.614203055973178, -38.949210155596774 ], [ 174.615238199799194, -38.948559481858894 ], [ 174.615281253094395, -38.948532551060183 ], [ 174.615286860709631, -38.948529060526482 ], [ 174.615330078418282, -38.94850229080668 ], [ 174.615933285318931, -38.948130482894562 ], [ 174.616550027971215, -38.947742994442308 ], [ 174.616721241674924, -38.947637489345553 ], [ 174.616743663488563, -38.94762393921512 ], [ 174.616917400767079, -38.947520980762796 ], [ 174.617312373768272, -38.947291476803883 ], [ 174.617312426679433, -38.947291446059175 ], [ 174.618163939994275, -38.946796663691593 ], [ 174.618429505001131, -38.946646879475026 ], [ 174.618464375488401, -38.946627794228924 ], [ 174.620023366846681, -38.94590992181088 ], [ 174.620196255890733, -38.945843994168712 ], [ 174.621879832521017, -38.945325380475722 ], [ 174.621920547525065, -38.945315642750231 ], [ 174.623687269601589, -38.945009055529397 ], [ 174.62387778217925, -38.944988069163493 ], [ 174.624099660931222, -38.944977382437159 ], [ 174.624829814100536, -38.944396777620469 ], [ 174.624930344975269, -38.944328487518945 ], [ 174.625733601611245, -38.943830062473545 ], [ 174.627104934588999, -38.943054239213218 ], [ 174.627399259016357, -38.942764007317855 ], [ 174.627673236751036, -38.942503975908878 ], [ 174.627709650305775, -38.942470703467016 ], [ 174.62898975982273, -38.94147166768942 ], [ 174.629125925991048, -38.941380904686497 ], [ 174.630590356154585, -38.940550536997733 ], [ 174.630638151008696, -38.940527679297624 ], [ 174.63101001225607, -38.940357218578164 ], [ 174.631327610552859, -38.940217797970405 ], [ 174.632719970231534, -38.939405186729935 ], [ 174.633599845622882, -38.93893941380891 ], [ 174.633717554871339, -38.938883103854032 ], [ 174.635330124251936, -38.938241697933677 ], [ 174.63541992968004, -38.93821266032549 ], [ 174.637141097359319, -38.937776138560167 ], [ 174.637275322685269, -38.937750988193379 ], [ 174.63906272220612, -38.937530095022744 ], [ 174.639159620461413, -38.937524149194346 ], [ 174.64096925750431, -38.937524322760162 ], [ 174.641106864804044, -38.93753279309508 ], [ 174.64216153568799, -38.937636083128425 ], [ 174.643048430206676, -38.937755580697264 ], [ 174.64307794657222, -38.937759588364656 ], [ 174.64308178282721, -38.93776011325258 ], [ 174.643111285769123, -38.937764180784086 ], [ 174.643891338054914, -38.937872538868596 ], [ 174.643952195439937, -38.937881123948003 ], [ 174.643960103012574, -38.937882256564826 ], [ 174.644020900591755, -38.937891096359323 ], [ 174.644936310079885, -38.938026174545421 ], [ 174.645763629540198, -38.938132246825454 ], [ 174.648747636061273, -38.938440798678073 ], [ 174.648843851858544, -38.938451068364891 ], [ 174.648856352495159, -38.938452444523136 ], [ 174.648952454185149, -38.938463346501869 ], [ 174.650566763728364, -38.93865188839753 ], [ 174.650907565916242, -38.938689333966487 ], [ 174.65132935084614, -38.937514834255872 ], [ 174.651349155730713, -38.93747271968607 ], [ 174.652104387962794, -38.936188347067855 ], [ 174.652190948484701, -38.936067215396776 ], [ 174.652927709569724, -38.935166344928639 ], [ 174.65349823555033, -38.934552351258439 ], [ 174.653540751481614, -38.934506895040947 ], [ 174.653546302138068, -38.934500999279635 ], [ 174.653589180921216, -38.93445575147669 ], [ 174.654621085344331, -38.933373898771492 ], [ 174.655594508501594, -38.932349781743945 ], [ 174.655599482731361, -38.932344552266748 ], [ 174.657042475740639, -38.930830390037386 ], [ 174.657054443904286, -38.930817854001383 ], [ 174.657056001576819, -38.930816225371181 ], [ 174.657067997606447, -38.930803705558105 ], [ 174.657551155527131, -38.930300358089546 ], [ 174.658628327863568, -38.929330669651598 ], [ 174.658779119614394, -38.929213024966174 ], [ 174.66015569878769, -38.928295750613046 ], [ 174.660173194485623, -38.928285833575835 ], [ 174.661716499303452, -38.927548037398417 ], [ 174.661906445562323, -38.927472542173923 ], [ 174.663578480246457, -38.926932383036664 ], [ 174.663599042351535, -38.92692717377296 ], [ 174.665358651468267, -38.926597950307176 ], [ 174.6655691640334, -38.926571992144346 ], [ 174.667373034826767, -38.926461805472506 ], [ 174.667394651266164, -38.926461813734356 ], [ 174.669198384582728, -38.926573379416624 ], [ 174.669408864875265, -38.926599498549827 ], [ 174.671009573843833, -38.926890766341913 ], [ 174.674274646547218, -38.927680174181546 ], [ 174.675336791065519, -38.927982250671604 ], [ 174.675472077676318, -38.928026705646566 ], [ 174.676491266613681, -38.92840855228328 ], [ 174.677437982719368, -38.928808947645948 ], [ 174.678589655722362, -38.929034751110109 ], [ 174.678805372639602, -38.929106587351207 ], [ 174.679766404052884, -38.929577291282691 ], [ 174.679769883030303, -38.929577501806882 ], [ 174.679771990214107, -38.929577630486705 ], [ 174.679788198481873, -38.929578629259197 ], [ 174.680739178779618, -38.929637752749819 ], [ 174.681575054735987, -38.929682087780918 ], [ 174.681991925010777, -38.929690475855864 ], [ 174.682660303107582, -38.929703553902044 ], [ 174.682952624210628, -38.929712171625383 ], [ 174.682990601657536, -38.929713668165704 ], [ 174.684218120262159, -38.929813686667671 ], [ 174.684338960359412, -38.929828674103852 ], [ 174.685262468304671, -38.929973637644387 ], [ 174.686365424229365, -38.930183701096873 ], [ 174.687578029959582, -38.930470595664595 ], [ 174.687732574482737, -38.930514532685187 ], [ 174.689379152225655, -38.931100646674786 ], [ 174.689440949354776, -38.931127401651977 ], [ 174.690949901652573, -38.931907470540608 ], [ 174.691079506040836, -38.931986555588161 ], [ 174.692413685500895, -38.932941377079068 ], [ 174.692461875954393, -38.932981737084646 ], [ 174.693588429704278, -38.934087807945126 ], [ 174.693680408663369, -38.934194302029297 ], [ 174.694571594280291, -38.935424393184135 ], [ 174.694601460547432, -38.935474408536038 ], [ 174.69523532279706, -38.9367982370064 ], [ 174.695280670200788, -38.936921717927035 ], [ 174.695641588522051, -38.938306690599092 ], [ 174.695650205264883, -38.938361466193975 ], [ 174.695729275329086, -38.939773482705967 ], [ 174.695723546787491, -38.939901864417102 ], [ 174.695518803894259, -38.941306156266187 ], [ 174.695505324994087, -38.941360330460469 ], [ 174.695021793850145, -38.942722317310235 ], [ 174.694982905271218, -38.942805774140965 ], [ 174.695258878660724, -38.943750709896761 ], [ 174.695265031739808, -38.943790896485723 ], [ 174.695342579372095, -38.944622207212667 ], [ 174.695347413451543, -38.944764990574619 ], [ 174.695048296050174, -38.94705446523561 ], [ 174.695036224433835, -38.947094765620008 ], [ 174.694895739115452, -38.947517313928095 ], [ 174.694845853903871, -38.94765367931489 ], [ 174.693476273029745, -38.950027450690278 ], [ 174.693446821514129, -38.95006346099953 ], [ 174.693339050276222, -38.950192777156879 ], [ 174.69323965815434, -38.950309833169023 ], [ 174.690843507121059, -38.952358439393805 ], [ 174.690799222920958, -38.952386175305492 ], [ 174.690788532906936, -38.95239286248782 ], [ 174.690649695514935, -38.952479606954917 ], [ 174.687526155852652, -38.953870606789927 ], [ 174.687471039573836, -38.953886893910031 ], [ 174.687458543718378, -38.953890580032407 ], [ 174.687294187973038, -38.953938977884938 ], [ 174.683898747171014, -38.954502884328306 ], [ 174.683837860911808, -38.954505669244355 ], [ 174.683654407691165, -38.954512916224267 ], [ 174.683480961923351, -38.954518686971262 ], [ 174.680295595197833, -38.954277677052403 ], [ 174.680234566377464, -38.95426622850718 ], [ 174.679752047223161, -38.954167044526237 ], [ 174.679586831055275, -38.954130081889318 ], [ 174.676999246518193, -38.953272988325132 ], [ 174.676943716282835, -38.953247968793654 ], [ 174.676161718599701, -38.95286219532921 ], [ 174.676021244871151, -38.952786577675738 ], [ 174.674241438410462, -38.951603937298785 ], [ 174.674196508843551, -38.951567337991783 ], [ 174.673277518424925, -38.950719786076583 ], [ 174.673175874465699, -38.950613376573848 ], [ 174.672584136120889, -38.949907119470247 ], [ 174.672354451525706, -38.950428786350294 ], [ 174.671915083172678, -38.951282216254917 ], [ 174.671850867912326, -38.951390598304684 ], [ 174.670964306852056, -38.952622801224905 ], [ 174.670918488725022, -38.952676186840179 ], [ 174.669795946268664, -38.953784913837858 ], [ 174.669691976000792, -38.953872494278613 ], [ 174.668361088088005, -38.954830437515469 ], [ 174.668296381555876, -38.95487015316268 ], [ 174.666789922567887, -38.955653718710749 ], [ 174.666656374411673, -38.955711922288707 ], [ 174.665599756949689, -38.9561186261353 ], [ 174.664121710911047, -38.956615979237981 ], [ 174.663977077949596, -38.956663737148482 ], [ 174.663958222400282, -38.956669845453334 ], [ 174.663812769990585, -38.956716061462373 ], [ 174.663102310990013, -38.956937410069663 ], [ 174.662613550829406, -38.957079767861643 ], [ 174.662549508566883, -38.957097143314819 ], [ 174.661920307834691, -38.957225672142705 ], [ 174.661432060552698, -38.95764430895877 ], [ 174.660802415395352, -38.958143685696299 ], [ 174.660717452687209, -38.958206021863674 ], [ 174.660039979331856, -38.958665662804798 ], [ 174.658401475818692, -38.959692738474956 ], [ 174.65690531005464, -38.960488341936717 ], [ 174.656701641862071, -38.960579254252565 ], [ 174.653326572507012, -38.961577936843412 ], [ 174.65309688480761, -38.961615254474843 ], [ 174.649491693310551, -38.961750664276551 ], [ 174.649258477922046, -38.961730733183401 ], [ 174.645776202246452, -38.960989614473476 ], [ 174.645562296616276, -38.960914386671995 ], [ 174.642543921301723, -38.959369315761855 ], [ 174.642370269693117, -38.959246157857002 ], [ 174.641846733541456, -38.958736829076109 ], [ 174.641842744797998, -38.958741455851445 ], [ 174.641754538410254, -38.958828207896019 ], [ 174.640521261841513, -38.959862776348913 ], [ 174.640452440102024, -38.959912107801109 ], [ 174.639907884714177, -38.960278691567694 ], [ 174.637815870547655, -38.961600474777136 ], [ 174.637082673037725, -38.962027294590925 ], [ 174.636984691570206, -38.962079746141256 ], [ 174.635415952704449, -38.962785053566428 ], [ 174.635310715859191, -38.96282412975377 ], [ 174.633619941489115, -38.96332913349606 ], [ 174.633505991804924, -38.963355375459919 ], [ 174.632949165087496, -38.963465078291868 ], [ 174.632686080803126, -38.963552779217444 ], [ 174.632560186343227, -38.963589625517415 ], [ 174.630820447458092, -38.963980364568876 ], [ 174.63072161597367, -38.963996131362713 ], [ 174.62975326637698, -38.964089607771655 ], [ 174.629494193744506, -38.964312484184788 ], [ 174.628986760714071, -38.96475000132196 ], [ 174.628397638375418, -38.965222019604688 ], [ 174.628318280700427, -38.965281113567933 ], [ 174.627686515784347, -38.965718232947111 ], [ 174.626690804807026, -38.966357934658504 ], [ 174.626348319593035, -38.966919269145862 ], [ 174.626159952897865, -38.967176552032527 ], [ 174.625591267084275, -38.967876436425328 ], [ 174.625512136807657, -38.967964575850054 ], [ 174.625197115467984, -38.968262636146441 ], [ 174.62519557840929, -38.968431184790944 ], [ 174.625194323947994, -38.968471444692135 ], [ 174.625177849834813, -38.968781006639134 ], [ 174.625145193435259, -38.969214643555077 ], [ 174.625065645407432, -38.970272613636403 ], [ 174.624960220664292, -38.971675291581079 ], [ 174.624926490577764, -38.972014405157481 ], [ 174.624921041031342, -38.972058409579581 ], [ 174.624870931860073, -38.972396287103365 ], [ 174.624623555559168, -38.973827185015352 ], [ 174.624619592619069, -38.973849889347832 ], [ 174.624619072627581, -38.973852840394891 ], [ 174.624615035698952, -38.973875536786331 ], [ 174.624569768064134, -38.974127683925047 ], [ 174.624643638761938, -38.974189946185867 ], [ 174.625017964331221, -38.974521396743377 ], [ 174.62506524402184, -38.974565390792478 ], [ 174.626116482050207, -38.975716089131573 ], [ 174.626199753134841, -38.975824294020036 ], [ 174.62700747333804, -38.977089186284196 ], [ 174.627035025254855, -38.977142431328723 ], [ 174.627234089398371, -38.977556067568067 ], [ 174.627941365290297, -38.979142870583424 ], [ 174.629325492121097, -38.980270625725645 ], [ 174.629459322108261, -38.980421084540623 ], [ 174.630124596733907, -38.981496613250592 ], [ 174.630871569392241, -38.982161552258589 ], [ 174.630990074202685, -38.982282013291872 ], [ 174.631156576642127, -38.982476199031019 ], [ 174.631648040143943, -38.982810748179524 ], [ 174.631798594225955, -38.982951252224005 ], [ 174.633653113825289, -38.985369028839784 ], [ 174.633740678269561, -38.985538966600821 ], [ 174.634547243819696, -38.98828567949127 ], [ 174.634563240467685, -38.988468418479158 ], [ 174.63424277405332, -38.991275219435238 ], [ 174.634185628075983, -38.991452872080174 ], [ 174.632769365310594, -38.994044998337245 ], [ 174.632644662787612, -38.994200172873576 ], [ 174.631565011877001, -38.995334902770871 ], [ 174.631327067914214, -38.995547799610911 ], [ 174.631271166030842, -38.995597447819016 ], [ 174.631263868532358, -38.995603881190476 ], [ 174.629960729472856, -38.996585387135823 ], [ 174.629787970127978, -38.996696456958588 ], [ 174.628304077438059, -38.997506778194918 ], [ 174.628294589098232, -38.997511136690818 ], [ 174.62666649173147, -38.998130316468696 ], [ 174.626458196998243, -38.998194284732691 ], [ 174.624725992567789, -38.998607068943848 ], [ 174.624715242391318, -38.998608925787991 ], [ 174.622921600894784, -38.998805149983944 ], [ 174.622698166631693, -38.998815752966379 ], [ 174.620887269910725, -38.998790580861311 ], [ 174.620876310590177, -38.998789754235943 ], [ 174.619092766440843, -38.998543809704131 ], [ 174.618876072518361, -38.998500009375242 ], [ 174.617163815862, -38.99803934816255 ], [ 174.617153720583786, -38.9980359190277 ], [ 174.615554923815523, -38.997371891669914 ], [ 174.615366189087155, -38.997277977354642 ], [ 174.613920232797909, -38.996426937997263 ], [ 174.61391199003387, -38.996421242148941 ], [ 174.612654478691383, -38.995404154980868 ], [ 174.612512181138015, -38.995269322784992 ], [ 174.611474081583765, -38.994111237250351 ], [ 174.611468498227396, -38.994103832401422 ], [ 174.611425817174649, -38.994046749048039 ], [ 174.611267026124636, -38.993832573203782 ], [ 174.611092008998469, -38.993672732611074 ], [ 174.610640366050347, -38.993237970768817 ], [ 174.609721680105338, -38.992357287918729 ], [ 174.609612072259182, -38.992250567409968 ], [ 174.609597959062398, -38.992236610109188 ], [ 174.609490440802944, -38.992128602915777 ], [ 174.6089497067195, -38.99157680617661 ], [ 174.608954989967884, -38.991573653066425 ], [ 174.60883123040918, -38.991463730425963 ], [ 174.607471884334331, -38.990040944756629 ], [ 174.606691504949936, -38.989109001070545 ], [ 174.606597763512212, -38.988980328605138 ], [ 174.605957173162381, -38.987954824243616 ], [ 174.605731365863704, -38.987526366820546 ], [ 174.605723957898448, -38.987512276654918 ], [ 174.605722996847987, -38.987510444298628 ], [ 174.605715619421233, -38.987496344367393 ], [ 174.605321217589307, -38.986740720026397 ], [ 174.605211094542966, -38.986521581588427 ], [ 174.605197257987868, -38.986492952457247 ], [ 174.605094510933952, -38.986271642729534 ], [ 174.604864036823272, -38.985754199363413 ], [ 174.604114920496528, -38.985133679670412 ], [ 174.604075290954768, -38.985123964681279 ], [ 174.602747033541362, -38.984784858101342 ], [ 174.601511588770734, -38.984835663522674 ], [ 174.601283081576611, -38.984843287585527 ], [ 174.601253365973264, -38.984844048836891 ], [ 174.60102471005132, -38.984848136333525 ], [ 174.599908585974475, -38.98485944638697 ], [ 174.598974305251915, -38.985232941597701 ], [ 174.598968286789869, -38.985235345832656 ], [ 174.597696635170649, -38.985742395101695 ], [ 174.596419847184336, -38.986177751289951 ], [ 174.596250098875913, -38.986226334065059 ], [ 174.594915376586215, -38.986538404568385 ], [ 174.591662342733144, -38.987134569892909 ], [ 174.59012535104128, -38.987331935531948 ], [ 174.589924238139304, -38.987346974464394 ], [ 174.588367188971517, -38.98738097685515 ], [ 174.584627910494305, -38.987265364930771 ], [ 174.584031002680405, -38.987234788960691 ], [ 174.583953588804206, -38.987229247435842 ], [ 174.583359514118769, -38.987174569199269 ], [ 174.582819834877029, -38.987113788832055 ], [ 174.580633205692806, -38.986879754825878 ], [ 174.580623626001255, -38.986878726273034 ], [ 174.579711807392954, -38.986780049130424 ], [ 174.579436923364426, -38.986747660583561 ], [ 174.579401258624216, -38.98674311473205 ], [ 174.579127454362066, -38.98670556710529 ], [ 174.578083640930942, -38.98655228187868 ], [ 174.578055063783864, -38.986548056042501 ], [ 174.578051349645364, -38.986547503029897 ], [ 174.578022786199909, -38.986543220979826 ], [ 174.576068554674237, -38.986248243814458 ], [ 174.576046509626394, -38.986244898702765 ], [ 174.57604364431495, -38.986244461661904 ], [ 174.576021607648073, -38.986241083068023 ], [ 174.574897578287789, -38.986067857706466 ], [ 174.574858527590663, -38.986061784702898 ], [ 174.574853452761886, -38.986060988378398 ], [ 174.574814429169976, -38.98605481023597 ], [ 174.57308680128483, -38.985778858510237 ], [ 174.57284247375938, -38.985737673518365 ], [ 174.57281078922253, -38.985732051595676 ], [ 174.571081984974597, -38.985311573679454 ], [ 174.570893950636389, -38.985252848063524 ], [ 174.569403819239113, -38.984677804489223 ], [ 174.569438924242206, -38.984785187185672 ], [ 174.569705933755159, -38.985549778631366 ], [ 174.569705943417517, -38.985549806299751 ], [ 174.56992672519408, -38.986182023578451 ], [ 174.569929617897714, -38.98619032228558 ], [ 174.570148229335302, -38.986820497703384 ], [ 174.570316281271687, -38.987373564482134 ], [ 174.570335200857414, -38.987445929320913 ], [ 174.570458219103443, -38.988006167801821 ], [ 174.570628843741929, -38.988963825416626 ], [ 174.570831777461279, -38.990006104902136 ], [ 174.570980730785863, -38.990757609707529 ], [ 174.570995323554541, -38.990833364132826 ], [ 174.570997166915959, -38.990843218326063 ], [ 174.571010933552714, -38.990919066873715 ], [ 174.571136045710034, -38.991630142140743 ], [ 174.571209750697705, -38.992013517829641 ], [ 174.571215890751574, -38.992045854935988 ], [ 174.571216679180338, -38.99205005987654 ], [ 174.571222668799464, -38.99208241416332 ], [ 174.5713752979334, -38.992917573539899 ], [ 174.571439698926952, -38.993237152572867 ], [ 174.571499765764344, -38.993464207037078 ], [ 174.571605133475799, -38.993814673919452 ], [ 174.571623109906653, -38.993875409954917 ], [ 174.571625411803609, -38.993883311855782 ], [ 174.57164284917161, -38.993944143526186 ], [ 174.571797794618561, -38.994493597517938 ], [ 174.571972223247201, -38.995051209950304 ], [ 174.571978846629037, -38.995072495695609 ], [ 174.57197970335551, -38.995075263655025 ], [ 174.571986260381152, -38.995096561900581 ], [ 174.572188051862724, -38.995755533204047 ], [ 174.572207111078626, -38.995818780815249 ], [ 174.572209550741832, -38.995827009871668 ], [ 174.57222802480598, -38.995890363128609 ], [ 174.572278382180286, -38.996065979014894 ], [ 174.572303192955843, -38.996122496409711 ], [ 174.57232473741945, -38.996172042205323 ], [ 174.572327514203891, -38.996178489452461 ], [ 174.572348689500558, -38.996228132074357 ], [ 174.57246364862695, -38.996500272318109 ], [ 174.572638095774039, -38.996822051512801 ], [ 174.57269638531929, -38.996931573659921 ], [ 174.572703842522571, -38.996945849849709 ], [ 174.572760279179192, -38.997055961392356 ], [ 174.573194055661503, -38.997918705858233 ], [ 174.57368181056836, -38.998266622243484 ], [ 174.57382815150811, -38.998409825746421 ], [ 174.575610228657098, -39.000860647832802 ], [ 174.575692704603085, -39.001032129139794 ], [ 174.575936500486478, -39.001961264343443 ], [ 174.577041498711367, -39.002813172303867 ], [ 174.577154100246617, -39.002914799014142 ], [ 174.57822754361672, -39.004053141566359 ], [ 174.578260856503789, -39.004094989601619 ], [ 174.578433649337256, -39.004322603387436 ], [ 174.579200772990134, -39.004654749585001 ], [ 174.579919384427882, -39.004993113082826 ], [ 174.580010632706234, -39.005039690196426 ], [ 174.580695841153499, -39.005417897896734 ], [ 174.58186733436952, -39.006115708906627 ], [ 174.582885956544743, -39.006799183834104 ], [ 174.583011314755282, -39.006893736428424 ], [ 174.584210859729183, -39.007952710033777 ], [ 174.584247515869635, -39.007990704031293 ], [ 174.585220003872735, -39.009183041105437 ], [ 174.585301784924951, -39.009303189037581 ], [ 174.585861826776124, -39.010256013220697 ], [ 174.586515837210783, -39.011564778766363 ], [ 174.586601046970912, -39.011740696821178 ], [ 174.586611817043888, -39.01176365389415 ], [ 174.586692300702992, -39.01194092158061 ], [ 174.587205121674742, -39.013109011177974 ], [ 174.587592387955397, -39.013874893781804 ], [ 174.587604001908602, -39.013897954891952 ], [ 174.587605506434556, -39.013900954450989 ], [ 174.587617039034143, -39.013924040402877 ], [ 174.588109839090549, -39.014914537645502 ], [ 174.588423169581517, -39.015632562756316 ], [ 174.588458796988988, -39.015727077367821 ], [ 174.588831964538457, -39.017110052205368 ], [ 174.588846008173618, -39.017194552117694 ], [ 174.588937266435892, -39.018606040815754 ], [ 174.588933712523584, -39.018704518413898 ], [ 174.588865448213227, -39.019461139497416 ], [ 174.588691923648327, -39.020660489534549 ], [ 174.588640646471646, -39.021049326494911 ], [ 174.588671045194559, -39.022862716893208 ], [ 174.58882537189632, -39.02344890550404 ], [ 174.588914759683036, -39.023829809454945 ], [ 174.588925010434934, -39.023879498898367 ], [ 174.588993326404562, -39.024263047934618 ], [ 174.5890848727893, -39.024872938367302 ], [ 174.589090675580962, -39.024912348014837 ], [ 174.589091415476389, -39.024917472540032 ], [ 174.589096995691136, -39.024956901741859 ], [ 174.589217597487902, -39.025826609038425 ], [ 174.589485192643906, -39.026392963343881 ], [ 174.589882729630403, -39.026945412133486 ], [ 174.590236903623492, -39.027512312030716 ], [ 174.590638613899443, -39.027625566619854 ], [ 174.592504098391629, -39.028185345671758 ], [ 174.592830419890447, -39.028287738732104 ], [ 174.592872572024504, -39.028301550588928 ], [ 174.593334983107695, -39.028487603108516 ], [ 174.593827468397734, -39.02841143713627 ], [ 174.594356074241318, -39.028339595788289 ], [ 174.594425033965564, -39.028331506307779 ], [ 174.595760738609158, -39.028257678692434 ], [ 174.596071347829366, -39.028057768693728 ], [ 174.596207782537675, -39.027979624251557 ], [ 174.596951076515296, -39.027620284727284 ], [ 174.597106576580615, -39.027440804729054 ], [ 174.597161418604429, -39.02738712346153 ], [ 174.597547205061346, -39.027064996518838 ], [ 174.597662381338353, -39.026849094837083 ], [ 174.597676454649019, -39.026827636392404 ], [ 174.598625637980263, -39.025623801799192 ], [ 174.598745954634552, -39.025495063085089 ], [ 174.599924844597638, -39.024421857171177 ], [ 174.599946729006632, -39.024404840687467 ], [ 174.600116797701247, -39.024275296262523 ], [ 174.600608131103684, -39.023908665394728 ], [ 174.601252713527828, -39.023422680833427 ], [ 174.602323453549189, -39.022708602758399 ], [ 174.60246937646744, -39.02262272878302 ], [ 174.603643605306559, -39.022015667749955 ], [ 174.604311310458939, -39.021714495995766 ], [ 174.605830640999699, -39.021140385982022 ], [ 174.606034072724924, -39.021077383055683 ], [ 174.607765210408104, -39.020660535536621 ], [ 174.607780926278167, -39.020657782836899 ], [ 174.609574332660941, -39.020457292007251 ], [ 174.609792763326794, -39.020446404043426 ], [ 174.611480870500174, -39.020458718988827 ], [ 174.612678142186354, -39.020535955814331 ], [ 174.614466437541694, -39.020762561226192 ], [ 174.614694532216475, -39.020806021470065 ], [ 174.61802645087019, -39.021894584781862 ], [ 174.61822617394057, -39.021990895994406 ], [ 174.620963940222481, -39.023829286407569 ], [ 174.621115745110899, -39.023969024211652 ], [ 174.622991382383077, -39.026377340219945 ], [ 174.623080407535838, -39.026546829489391 ], [ 174.623910247268753, -39.029289373334812 ], [ 174.623927771606816, -39.029472025519013 ], [ 174.623630458106049, -39.032280357747482 ], [ 174.623574757253039, -39.032458293818337 ], [ 174.622179259119946, -39.035057502410098 ], [ 174.622055777622592, -39.035213302893112 ], [ 174.621019324579919, -39.036152358763921 ], [ 174.621410930009148, -39.037289449773468 ], [ 174.621430202172178, -39.037370274396039 ], [ 174.621620712534025, -39.038775741801381 ], [ 174.621624198279846, -39.038877217693368 ], [ 174.62153044301445, -39.040288623596616 ], [ 174.621516746195567, -39.040370136941085 ], [ 174.621141016187892, -39.041752726588179 ], [ 174.621104120295911, -39.041850075671768 ], [ 174.620455650962583, -39.043169801772855 ], [ 174.620410322027311, -39.043244024220613 ], [ 174.620035899662753, -39.04380540748425 ], [ 174.619901837464425, -39.043990242495717 ], [ 174.618888558672694, -39.045162010248127 ], [ 174.618742361693165, -39.045305366896748 ], [ 174.616078356726717, -39.047209291063872 ], [ 174.615882497051331, -39.047310396667321 ], [ 174.612594265692081, -39.048479097562222 ], [ 174.612367919288374, -39.048528052104608 ], [ 174.608777430802604, -39.048847091960511 ], [ 174.608542761958489, -39.048839101878144 ], [ 174.605001613496626, -39.048277243110036 ], [ 174.604781602196937, -39.04821309111238 ], [ 174.602823201613461, -39.047348975428662 ], [ 174.60249668805497, -39.047418931559875 ], [ 174.60249242995738, -39.047419568759288 ], [ 174.60245966628321, -39.047424433410725 ], [ 174.600837621767852, -39.04766336535608 ], [ 174.600107046780977, -39.04775219173775 ], [ 174.600011695477576, -39.047761357678944 ], [ 174.598201040514937, -39.047823673255863 ], [ 174.59806160688953, -39.047819926832524 ], [ 174.597354674582903, -39.047757375826514 ], [ 174.596302444991863, -39.048100946202361 ], [ 174.596122249900048, -39.048147198869827 ], [ 174.594361533857551, -39.048482386415593 ], [ 174.594316487630323, -39.048488087485495 ], [ 174.593969123148383, -39.048527834275994 ], [ 174.592686678430937, -39.048659074326999 ], [ 174.592351864477081, -39.048689467193775 ], [ 174.59230827398622, -39.048692922162012 ], [ 174.590496307977759, -39.048725067658786 ], [ 174.59030509161181, -39.048716738466183 ], [ 174.588508994096344, -39.048527429535994 ], [ 174.588466168458751, -39.048520210381461 ], [ 174.586730181546869, -39.048114113018606 ], [ 174.58671181257688, -39.048108557355199 ], [ 174.586580288407475, -39.048490912938426 ], [ 174.586507112398635, -39.048651912237126 ], [ 174.585769481901679, -39.049942848834647 ], [ 174.585761834441712, -39.0499538244501 ], [ 174.58570243016888, -39.050038007554434 ], [ 174.585198156774908, -39.050743676208171 ], [ 174.584324056065441, -39.051789182635673 ], [ 174.58419891825011, -39.051918321069159 ], [ 174.582996144263632, -39.052975584085274 ], [ 174.582976250023961, -39.052990524755238 ], [ 174.581576131919405, -39.053888044398136 ], [ 174.581405931170991, -39.053980705969856 ], [ 174.580033189150043, -39.054622578078884 ], [ 174.579350780542939, -39.054893416291399 ], [ 174.579230787829403, -39.055116720717017 ], [ 174.57866120577512, -39.056053973594075 ], [ 174.578629990243456, -39.056104924843282 ], [ 174.578625905630048, -39.056111538521826 ], [ 174.578594280955514, -39.05616233617318 ], [ 174.578162249701791, -39.05685078294151 ], [ 174.577617427710209, -39.057621179023812 ], [ 174.577540502709155, -39.05771839756693 ], [ 174.576901862545071, -39.058443670856306 ], [ 174.575800355411928, -39.059572186151378 ], [ 174.575712173441985, -39.059666343845997 ], [ 174.575201849180587, -39.060172246741445 ], [ 174.575132578990349, -39.06023608302047 ], [ 174.574577207945566, -39.060712276505349 ], [ 174.573864106482461, -39.061281442076194 ], [ 174.573782555251114, -39.061345880654414 ], [ 174.57377189984922, -39.061354215915742 ], [ 174.573689521821109, -39.061418012126637 ], [ 174.57311397741023, -39.061859269519587 ], [ 174.571762799826843, -39.062930248169224 ], [ 174.57168841568091, -39.062873208581571 ], [ 174.571084380900942, -39.063433027136981 ], [ 174.570906882862658, -39.063553019872131 ], [ 174.567925266589953, -39.065014578861316 ], [ 174.567869055727215, -39.065033534412429 ], [ 174.567752668493512, -39.065072194275004 ], [ 174.567592498371909, -39.065124591110774 ], [ 174.564445313349438, -39.065766831906068 ], [ 174.564382643921277, -39.065772462171395 ], [ 174.563930394105881, -39.0658060819799 ], [ 174.56375898705133, -39.065816176984249 ], [ 174.560912815872541, -39.065709032556747 ], [ 174.560849287276028, -39.065700433920334 ], [ 174.559972818108264, -39.065554289359739 ], [ 174.559807496750324, -39.065521446547649 ], [ 174.557593138360971, -39.064887781768739 ], [ 174.55753443400954, -39.064865443891172 ], [ 174.55630611249066, -39.064323228931023 ], [ 174.556163602777332, -39.064251017040675 ], [ 174.555021324409495, -39.063590827079771 ], [ 174.555015837539543, -39.063587227541731 ], [ 174.554677781208483, -39.063356551452578 ], [ 174.554634598460211, -39.063325908767411 ], [ 174.553393887324376, -39.062295537858162 ], [ 174.553283191945866, -39.062187780853748 ], [ 174.552264544760192, -39.061018771086168 ], [ 174.552235623832672, -39.060979224421168 ], [ 174.551464113668771, -39.059700367448045 ], [ 174.551401553374376, -39.059571215396872 ], [ 174.55089616708031, -39.058214005575181 ], [ 174.550884337731446, -39.05816942674241 ], [ 174.550657502898815, -39.056767286442678 ], [ 174.55064919623004, -39.056629383219857 ], [ 174.550706481209829, -39.055216838898083 ], [ 174.550712899279887, -39.055171591862056 ], [ 174.551052875915644, -39.053783424088216 ], [ 174.551099629180982, -39.053650268651275 ], [ 174.551713908786809, -39.052320655509199 ], [ 174.55173794385874, -39.052279169105724 ], [ 174.552611389032791, -39.051040845529307 ], [ 174.552708619980535, -39.050925470535802 ], [ 174.553819712632361, -39.049808921498702 ], [ 174.553859010570619, -39.049775256008893 ], [ 174.554167760043811, -39.049520874356958 ], [ 174.555646386508727, -39.048349085448059 ], [ 174.555714140905081, -39.048295835105698 ], [ 174.555722985786815, -39.048288941280376 ], [ 174.55579130649366, -39.048236132771173 ], [ 174.556351730325247, -39.047806541696019 ], [ 174.556417864183118, -39.047753766590404 ], [ 174.556537667195471, -39.04763106032221 ], [ 174.556799594885007, -39.046862625214501 ], [ 174.557213992615488, -39.045878659872571 ], [ 174.557277101297103, -39.045753578455326 ], [ 174.558070897314423, -39.044483096328619 ], [ 174.558102887542361, -39.044440705273765 ], [ 174.55914174309035, -39.043282689305933 ], [ 174.559251322999842, -39.043178935096151 ], [ 174.560153176529298, -39.042418678717503 ], [ 174.56100579776583, -39.041778078900286 ], [ 174.561824611204457, -39.041063707923861 ], [ 174.562296176375128, -39.040649007954734 ], [ 174.562692711336609, -39.040288784139697 ], [ 174.562877709082613, -39.040138489043173 ], [ 174.563077435987282, -39.039664109886651 ], [ 174.563539749815504, -39.038775329119026 ], [ 174.563800965694242, -39.038311097503048 ], [ 174.56383818852521, -39.038249701347389 ], [ 174.564738921056858, -39.037023388105069 ], [ 174.564822585104054, -39.036927754598992 ], [ 174.565958170564699, -39.035826418128686 ], [ 174.566017895242993, -39.035776996268986 ], [ 174.566491462109809, -39.03540722738844 ], [ 174.56732731862428, -39.034791381746487 ], [ 174.567005260591657, -39.03432090628641 ], [ 174.566949204925038, -39.034237981293728 ], [ 174.566941989828621, -39.034227171756555 ], [ 174.566233959404286, -39.032926259029701 ], [ 174.56616434498585, -39.032763990043271 ], [ 174.565981716306538, -39.032192700170071 ], [ 174.565946033656701, -39.032130153790078 ], [ 174.565341570727242, -39.030797844759626 ], [ 174.565314932967453, -39.03072023439826 ], [ 174.565288062041304, -39.030642672957725 ], [ 174.564954098411079, -39.029253620463194 ], [ 174.564848969277165, -39.028488984485591 ], [ 174.564772411522227, -39.027935523453898 ], [ 174.562940540425586, -39.027319818755799 ], [ 174.562742085774062, -39.027221915165129 ], [ 174.560993336294189, -39.026023034782632 ], [ 174.560838629486938, -39.026130127504004 ], [ 174.559393284983798, -39.026982363510051 ], [ 174.559195434689457, -39.027081007140993 ], [ 174.555884643619578, -39.028208454243313 ], [ 174.555657391217551, -39.028254573808518 ], [ 174.552061929448882, -39.028528711885912 ], [ 174.551827528043844, -39.028517791437096 ], [ 174.548299480186643, -39.027911780000217 ], [ 174.548080883533146, -39.027844889208005 ], [ 174.545144312182941, -39.026499877308694 ], [ 174.544979843358959, -39.026576519603971 ], [ 174.544793008113288, -39.026648719914178 ], [ 174.543111380757352, -39.027174801668984 ], [ 174.543085995838169, -39.02718098922746 ], [ 174.541319546986472, -39.027495374004801 ], [ 174.541113249092632, -39.027518999683004 ], [ 174.539510078900804, -39.027614333517597 ], [ 174.537432832812158, -39.027624687433786 ], [ 174.537095627569954, -39.027622523729228 ], [ 174.537051805508156, -39.027621743187574 ], [ 174.5352492599323, -39.02747871164604 ], [ 174.535060930204509, -39.027451991020101 ], [ 174.533309281225115, -39.027090746020683 ], [ 174.533267914182147, -39.027079439764485 ], [ 174.533224558080946, -39.027067032471862 ], [ 174.533020024064058, -39.027106638298832 ], [ 174.532966038800225, -39.027116984348872 ], [ 174.53295901660394, -39.027118316147991 ], [ 174.532904968079208, -39.027128459315051 ], [ 174.531652933040675, -39.027360932463708 ], [ 174.531236705758573, -39.027431909945484 ], [ 174.531182396362652, -39.027440355211027 ], [ 174.530763094550309, -39.027499304882191 ], [ 174.529640587722099, -39.027640484072244 ], [ 174.529628987185191, -39.027641938367012 ], [ 174.528038790255181, -39.027839632169545 ], [ 174.527867648343715, -39.027859881984014 ], [ 174.527845375842332, -39.027862384216483 ], [ 174.526037293034733, -39.027953475185825 ], [ 174.525824751220938, -39.027951145644636 ], [ 174.525257655771895, -39.027910070310341 ], [ 174.523524668808847, -39.027941737460061 ], [ 174.523291949251387, -39.027917328453711 ], [ 174.519831085778861, -39.027109511488888 ], [ 174.519619433590407, -39.027030197607345 ], [ 174.51805291678582, -39.026320134022676 ], [ 174.517513563926258, -39.026029235867277 ], [ 174.517342581539708, -39.025935218874324 ], [ 174.517320497630578, -39.025922840589516 ], [ 174.51715172757153, -39.025826422435117 ], [ 174.51679574896184, -39.025619159769079 ], [ 174.51669172845024, -39.025557878864639 ], [ 174.516678263880266, -39.0255498530518 ], [ 174.51657513716242, -39.025487659913367 ], [ 174.516199215151289, -39.025258292722114 ], [ 174.51406431931548, -39.025153064582412 ], [ 174.51410222740094, -39.027861167051803 ], [ 174.514068028646903, -39.028042368066693 ], [ 174.513922071939049, -39.028406216058812 ], [ 174.515347461112526, -39.028869474601059 ], [ 174.515547417931288, -39.02896549893682 ], [ 174.51689885455761, -39.029869589368801 ], [ 174.516963828861236, -39.029807734607637 ], [ 174.517046330390059, -39.029860456843096 ], [ 174.517922524411063, -39.030554383622089 ], [ 174.518289591695066, -39.030799931681315 ], [ 174.518441728756699, -39.030939448199987 ], [ 174.518423777670449, -39.030951356547718 ], [ 174.518771010794154, -39.031226347788412 ], [ 174.518917043817225, -39.031369778065255 ], [ 174.519640700854069, -39.032369263827981 ], [ 174.519737547649015, -39.032363487097356 ], [ 174.519916922374392, -39.032363796273991 ], [ 174.521722980385078, -39.032477775425455 ], [ 174.521778251178205, -39.032484699873969 ], [ 174.52353922858066, -39.032817607089214 ], [ 174.523709705342299, -39.032861128150387 ], [ 174.525382257790454, -39.033404768074369 ], [ 174.525432081710079, -39.033424673315011 ], [ 174.526975035725712, -39.034165666602817 ], [ 174.527119932459357, -39.034248141155203 ], [ 174.528495304976673, -39.035168247207935 ], [ 174.528534806095337, -39.035199185491102 ], [ 174.52970873049108, -39.03627575618804 ], [ 174.529813865525199, -39.036389113646955 ], [ 174.530757434625087, -39.037595646227928 ], [ 174.530782746199947, -39.037634589928381 ], [ 174.53147271526106, -39.038941381909169 ], [ 174.53152779481772, -39.039074528511577 ], [ 174.531947162885132, -39.040449406532645 ], [ 174.53195580589886, -39.04049254419796 ], [ 174.532094229419044, -39.041901656903185 ], [ 174.53209385616654, -39.042041560705044 ], [ 174.531947909137074, -39.04345021150035 ], [ 174.531939035474096, -39.043493320702353 ], [ 174.531512294507451, -39.044866822318809 ], [ 174.531456498087664, -39.044999788327615 ], [ 174.530948639558744, -39.046002533275647 ], [ 174.530635946882796, -39.046525845785027 ], [ 174.52974396126919, -39.047756067453044 ], [ 174.529612672685232, -39.047907938516254 ], [ 174.527148908289604, -39.049969233931463 ], [ 174.526963850747762, -39.050082031498278 ], [ 174.523803653404173, -39.051448683625715 ], [ 174.523582944168339, -39.05151136297583 ], [ 174.522173900424718, -39.051725159507178 ], [ 174.521302407935394, -39.052033264633216 ], [ 174.52120892502694, -39.052059575526457 ], [ 174.521115541620418, -39.052086100424248 ], [ 174.519352460755897, -39.052466651818804 ], [ 174.519350294560041, -39.052466978009484 ], [ 174.519333629137634, -39.052469477624115 ], [ 174.517948678661725, -39.052676372096236 ], [ 174.517864553729453, -39.052688686960316 ], [ 174.517853610029448, -39.052690256270701 ], [ 174.516050799158222, -39.052836021802158 ], [ 174.515826968673963, -39.052840346786937 ], [ 174.514017111533434, -39.052764387554781 ], [ 174.514006081583005, -39.052763242835773 ], [ 174.512233760021076, -39.05246743376712 ], [ 174.512019174755466, -39.052417608848963 ], [ 174.510328047089388, -39.051909234039037 ], [ 174.510318010985486, -39.051905487400333 ], [ 174.510240947176243, -39.051876444032082 ], [ 174.507840232318927, -39.050963067558627 ], [ 174.507157301481982, -39.05076145245696 ], [ 174.505995076351411, -39.05036000699679 ], [ 174.505848123052658, -39.050301503219359 ], [ 174.504749529353063, -39.049802891255403 ], [ 174.503083273066039, -39.048947560930408 ], [ 174.502101566048395, -39.048383508214044 ], [ 174.501979258275099, -39.048305139041517 ], [ 174.500673618662404, -39.047325012951596 ], [ 174.500622365373658, -39.047279979500409 ], [ 174.499529464173833, -39.046152642455347 ], [ 174.499444205998202, -39.046048635645406 ], [ 174.498842618807004, -39.045221546231396 ], [ 174.498020290975774, -39.043937343378587 ], [ 174.497891944912908, -39.043730334605804 ], [ 174.497875703190402, -39.04370326175917 ], [ 174.497471080167202, -39.042862534692325 ], [ 174.497388957000226, -39.042807461292739 ], [ 174.495449992205067, -39.041665821618523 ], [ 174.495287006194559, -39.041533953517941 ], [ 174.494992070803363, -39.041204812091131 ], [ 174.493359577544794, -39.040099917114098 ], [ 174.492749972312311, -39.03973716538782 ], [ 174.492578705695422, -39.039633250330048 ], [ 174.49255660577569, -39.03961957942149 ], [ 174.492387873629298, -39.039513172812967 ], [ 174.49195817106758, -39.039236942105383 ], [ 174.491255147906713, -39.039346307160059 ], [ 174.491234400534239, -39.039362279345539 ], [ 174.491166962550011, -39.039406612452822 ], [ 174.490635349479078, -39.039735740346877 ], [ 174.4902199190484, -39.039977760135315 ], [ 174.490209010325515, -39.039985975775728 ], [ 174.490014396547053, -39.040129183252979 ], [ 174.489988823554711, -39.040147569139336 ], [ 174.48979000668416, -39.040287221444778 ], [ 174.489151609208193, -39.040725296931861 ], [ 174.48791196312348, -39.041466221157677 ], [ 174.48774321129784, -39.041553620755039 ], [ 174.486386677096306, -39.042157304396497 ], [ 174.485892804112183, -39.042343765391834 ], [ 174.485858652325874, -39.042423241085402 ], [ 174.484188725974718, -39.044921966709246 ], [ 174.484048931278579, -39.045069141418551 ], [ 174.482837598266173, -39.045996491155854 ], [ 174.482320192802433, -39.046641341886691 ], [ 174.482276544135232, -39.046695315076988 ], [ 174.482270837999152, -39.04670231582687 ], [ 174.481181683340765, -39.047831845359461 ], [ 174.481033191123743, -39.047962998126344 ], [ 174.479730807237473, -39.048945744197603 ], [ 174.479722605655581, -39.048951027112572 ], [ 174.479659331898034, -39.048991490622299 ], [ 174.478727263778609, -39.049583243782934 ], [ 174.478708841729201, -39.049594901263198 ], [ 174.478136402602985, -39.052217797127973 ], [ 174.47806125642191, -39.052391321737886 ], [ 174.477752363681844, -39.052850888509418 ], [ 174.478716873819877, -39.053932285043032 ], [ 174.478819168666945, -39.054097155642864 ], [ 174.479864702911499, -39.056794351385655 ], [ 174.47989665271021, -39.056975799635254 ], [ 174.47982204124358, -39.05979289399253 ], [ 174.479780509725231, -39.059973159125057 ], [ 174.478592918937295, -39.062634388564611 ], [ 174.47848196316005, -39.062795823482148 ], [ 174.477928913892242, -39.063364183672427 ], [ 174.477615445288961, -39.063965461999807 ], [ 174.477084337134556, -39.064825924678026 ], [ 174.47668264949283, -39.065419088327772 ], [ 174.476626821098193, -39.065494577602003 ], [ 174.475600945130026, -39.066659712503032 ], [ 174.475523038312502, -39.066734803324728 ], [ 174.474275950511725, -39.06776047114878 ], [ 174.47419292672592, -39.067818814542079 ], [ 174.473624657782523, -39.068189200191441 ], [ 174.472431336996607, -39.070693827941412 ], [ 174.472316085192176, -39.070853427953047 ], [ 174.470071988505339, -39.073062337692278 ], [ 174.469899099141969, -39.073186359919802 ], [ 174.468601194453072, -39.073859098109807 ], [ 174.468423049908182, -39.074088766375816 ], [ 174.467191953126047, -39.075774794262074 ], [ 174.467154325034556, -39.075825935540145 ], [ 174.467149405513425, -39.075832571354113 ], [ 174.466121903331867, -39.076996906088006 ], [ 174.465980076584401, -39.077133309364356 ], [ 174.465147844303232, -39.07781632434979 ], [ 174.465000335083687, -39.07798078107573 ], [ 174.46493745228176, -39.078045931025898 ], [ 174.464431320322547, -39.078533939747153 ], [ 174.464017642967519, -39.078905533075591 ], [ 174.46397097761033, -39.07907766877419 ], [ 174.463741772452948, -39.07997731667259 ], [ 174.463738836294596, -39.079988802057436 ], [ 174.463738453348611, -39.079990294963146 ], [ 174.463735498030218, -39.080001777358547 ], [ 174.463489098179934, -39.080955890637028 ], [ 174.463242150417841, -39.081732141208484 ], [ 174.463204366818786, -39.081831744864111 ], [ 174.462870027547268, -39.082587857965429 ], [ 174.462443407485694, -39.083429341286624 ], [ 174.462127516884095, -39.083994919539492 ], [ 174.462083270006076, -39.084067262952345 ], [ 174.461177011134538, -39.085291282443421 ], [ 174.461101770905486, -39.085376644499881 ], [ 174.459960946860974, -39.086475091130517 ], [ 174.459890177562528, -39.086533235904952 ], [ 174.459326128802758, -39.086965963751254 ], [ 174.458047588004007, -39.087881771600429 ], [ 174.458035975210663, -39.08789004832478 ], [ 174.457568648461773, -39.088380078929944 ], [ 174.456376092780999, -39.089444659748438 ], [ 174.456208122033473, -39.089572752053151 ], [ 174.453260124320366, -39.091204059544012 ], [ 174.453049574292947, -39.091285425696398 ], [ 174.449598899633685, -39.092126855791086 ], [ 174.449366386212688, -39.092153528510835 ], [ 174.445750927165562, -39.092122689673332 ], [ 174.445519219160644, -39.092092057331648 ], [ 174.442093019591141, -39.091191974021797 ], [ 174.441884806611114, -39.091107036560231 ], [ 174.438983352834441, -39.08942585098589 ], [ 174.438819021054002, -39.089294925712693 ], [ 174.436726361579815, -39.08699725617582 ], [ 174.436621996350709, -39.086833162448549 ], [ 174.435542924262506, -39.084143969427487 ], [ 174.435508735793576, -39.083962772475203 ], [ 174.435548761692445, -39.08114531936743 ], [ 174.435588087816114, -39.080964756724384 ], [ 174.436743156232808, -39.078294829697974 ], [ 174.43685213902674, -39.078132574658341 ], [ 174.437816474541961, -39.076935879560288 ], [ 174.438679813092818, -39.076030841199994 ], [ 174.438703170765081, -39.076006441151286 ], [ 174.438706214131173, -39.076003273154001 ], [ 174.43872967747555, -39.075978934782782 ], [ 174.439077290211259, -39.075619621990647 ], [ 174.439784709519699, -39.074956913947432 ], [ 174.439881746553766, -39.074874386063023 ], [ 174.439976875305575, -39.074800877452461 ], [ 174.439980230608143, -39.074788515933079 ], [ 174.440011526727005, -39.074270713805149 ], [ 174.440222381438701, -39.072931079315481 ], [ 174.440266332298052, -39.072759501206811 ], [ 174.440759700420784, -39.071399663613278 ], [ 174.440763383505725, -39.071391898732138 ], [ 174.441523548004369, -39.07010895995375 ], [ 174.441633359030618, -39.069956364719985 ], [ 174.442591194700924, -39.068832030920674 ], [ 174.443107038267215, -39.068315201085902 ], [ 174.443129491299288, -39.068292778050051 ], [ 174.443132416091487, -39.068289866654979 ], [ 174.443154959862596, -39.068267498997493 ], [ 174.443581170484862, -39.067845986362229 ], [ 174.444076584018404, -39.067388197669104 ], [ 174.444143453240684, -39.067330419337061 ], [ 174.444676796945487, -39.066899310436035 ], [ 174.44534037035848, -39.066397448798298 ], [ 174.445357248562004, -39.066377167226996 ], [ 174.446289469235893, -39.065406868139569 ], [ 174.446420972619308, -39.065287644300717 ], [ 174.446690521366577, -39.065074185395723 ], [ 174.447118403589656, -39.064488406945301 ], [ 174.447194689856303, -39.064385552211881 ], [ 174.447204719756627, -39.064372232671467 ], [ 174.447282739647221, -39.064270171397062 ], [ 174.44836377744403, -39.06287696160588 ], [ 174.448725040319061, -39.062379574821882 ], [ 174.448753836360851, -39.062340159895612 ], [ 174.448757596371451, -39.062335043337264 ], [ 174.448786646646226, -39.06229574198111 ], [ 174.449345255889767, -39.061544384156164 ], [ 174.449678400708422, -39.061095878013091 ], [ 174.449984785301609, -39.060679439285757 ], [ 174.450166349000227, -39.060441222642233 ], [ 174.450190557620175, -39.060410544853333 ], [ 174.450381434209135, -39.060176795497561 ], [ 174.450907148917452, -39.059554340062256 ], [ 174.45165322547092, -39.058436629957889 ], [ 174.451597305659391, -39.05837239992244 ], [ 174.451497405700195, -39.058206639418302 ], [ 174.451254044938452, -39.057552183994439 ], [ 174.450656140064183, -39.056467444369986 ], [ 174.450583293620383, -39.056302143982585 ], [ 174.450130628698503, -39.054933741178488 ], [ 174.450128751304334, -39.05492540758803 ], [ 174.449956219300816, -39.053518639889106 ], [ 174.449952454314683, -39.053343878580513 ], [ 174.450064286402238, -39.051933385925203 ], [ 174.450065803661744, -39.051925007865421 ], [ 174.450459229151619, -39.050545519925556 ], [ 174.450524905540277, -39.050378404375124 ], [ 174.450702935589959, -39.050022903341208 ], [ 174.450942501363812, -39.048925071880497 ], [ 174.451017637203933, -39.048751547874303 ], [ 174.452694845056271, -39.0462558034748 ], [ 174.452835060958961, -39.046108874633177 ], [ 174.454281617988983, -39.045006343380834 ], [ 174.454452893144889, -39.044416771581389 ], [ 174.454500479580531, -39.044287824493701 ], [ 174.454799809492016, -39.043622956463651 ], [ 174.455115906532939, -39.042673322886841 ], [ 174.455184898278389, -39.042475351109907 ], [ 174.455194241877933, -39.042449697772014 ], [ 174.45582460813759, -39.041124763172263 ], [ 174.45590910222046, -39.040982523115701 ], [ 174.456797452071299, -39.039750794118575 ], [ 174.456816502445548, -39.039728647676782 ], [ 174.456965531587286, -39.039559592061195 ], [ 174.457643229754154, -39.038809264229428 ], [ 174.45834982191397, -39.038104136791837 ], [ 174.458447283767327, -39.038016251027173 ], [ 174.459240104579948, -39.037369289185904 ], [ 174.460507957215242, -39.036432598869077 ], [ 174.460856468045847, -39.036185433711779 ], [ 174.460902595576556, -39.036154036081733 ], [ 174.461263739083336, -39.035918160736735 ], [ 174.46240343079748, -39.035204103766795 ], [ 174.462403511350828, -39.035204053296788 ], [ 174.462559086143472, -39.035106581314004 ], [ 174.46270153559496, -39.034929159212624 ], [ 174.462708461216863, -39.034920544075746 ], [ 174.462709362356321, -39.034919424506754 ], [ 174.462716300418265, -39.034910815505114 ], [ 174.463221735175352, -39.034284431635434 ], [ 174.4634670581911, -39.033978458239247 ], [ 174.46390147992031, -39.033392227563532 ], [ 174.463906888278416, -39.033384936943861 ], [ 174.464285252308571, -39.032876282763084 ], [ 174.464654803333133, -39.032371730451004 ], [ 174.46579377919474, -39.030687443747283 ], [ 174.466688865175627, -39.029570282879078 ], [ 174.466818183616112, -39.029432448361838 ], [ 174.467999573211586, -39.028360984773876 ], [ 174.468010938542619, -39.028352180166841 ], [ 174.469392640077871, -39.027438040997055 ], [ 174.46957022814604, -39.027338117378484 ], [ 174.471008541333561, -39.026647604461935 ], [ 174.47199596177461, -39.026248057757556 ], [ 174.472209109338706, -39.026163979663515 ], [ 174.472236960456001, -39.02615327420196 ], [ 174.472452291628485, -39.026072652883663 ], [ 174.473744908236, -39.025601446232542 ], [ 174.474494972831309, -39.024588803293334 ], [ 174.474623731065947, -39.024419275500378 ], [ 174.474640776650347, -39.024397382339878 ], [ 174.475699799012858, -39.023250760083364 ], [ 174.475830567970576, -39.023130352434123 ], [ 174.476627803825835, -39.022503455030666 ], [ 174.474082182414662, -39.022073157368524 ], [ 174.473544685338652, -39.021971723088548 ], [ 174.473475255657235, -39.021957238989927 ], [ 174.471767237046294, -39.021486129223874 ], [ 174.471617811025141, -39.021434296571485 ], [ 174.470025329261119, -39.020760534712153 ], [ 174.469965038098906, -39.020730021519583 ], [ 174.469508469901399, -39.020486636711468 ], [ 174.469208806311997, -39.020318539912353 ], [ 174.469134210733586, -39.020276341835299 ], [ 174.469124541532892, -39.020270825980589 ], [ 174.469050380178288, -39.020228164754677 ], [ 174.467810714064086, -39.01950905855805 ], [ 174.466627945659184, -39.018868644984813 ], [ 174.466329349166131, -39.01870129274112 ], [ 174.465654948930336, -39.018771268953373 ], [ 174.463974349478406, -39.018849026389354 ], [ 174.463756090806868, -39.018846685197744 ], [ 174.462078869366479, -39.018732909640647 ], [ 174.460602991411946, -39.018547419184991 ], [ 174.460389053300901, -39.018518917496401 ], [ 174.460361288463105, -39.018515008643327 ], [ 174.458609280604492, -39.018155669494433 ], [ 174.458413957002051, -39.018102514549604 ], [ 174.456755606106896, -39.017533766365233 ], [ 174.456730749478339, -39.017523354942249 ], [ 174.455206898539444, -39.016759209899597 ], [ 174.455042198657026, -39.016661566018712 ], [ 174.453690379891896, -39.015720844587683 ], [ 174.453670865172938, -39.015704950106027 ], [ 174.453522225485585, -39.015581583907775 ], [ 174.452350900590346, -39.014590902719313 ], [ 174.45169869582918, -39.014902524418595 ], [ 174.451617957351658, -39.014934597440735 ], [ 174.449944196697544, -39.015475048978516 ], [ 174.449806424796748, -39.015509938197908 ], [ 174.448044880169732, -39.015839440027996 ], [ 174.447955387507136, -39.015850476181257 ], [ 174.446149450720327, -39.015960913077961 ], [ 174.446004601328525, -39.015960876503456 ], [ 174.444198758220779, -39.015849527827655 ], [ 174.444109274895794, -39.015838446512781 ], [ 174.443940922679104, -39.015806867161558 ], [ 174.441251193308858, -39.015862391071025 ], [ 174.441018428667235, -39.015838532408651 ], [ 174.437555169052303, -39.01503891809535 ], [ 174.437343254288436, -39.014960107084391 ], [ 174.434366364554108, -39.013364637124248 ], [ 174.434196048735771, -39.013238591228024 ], [ 174.432957861590211, -39.011980144057624 ], [ 174.432225625721799, -39.011628626083564 ], [ 174.43112650843085, -39.011804344646393 ], [ 174.430891995750414, -39.01181258944812 ], [ 174.427303113442576, -39.011497481754404 ], [ 174.427076817075061, -39.01144877748257 ], [ 174.42378849819184, -39.010283752749615 ], [ 174.423592577140369, -39.010182868961451 ], [ 174.420926791029331, -39.008282010817503 ], [ 174.420780426595599, -39.008138826038007 ], [ 174.418998125362606, -39.005688256841843 ], [ 174.418915642331655, -39.005516790317081 ], [ 174.418701309900712, -39.004700118809758 ], [ 174.418557775995708, -39.004621361209573 ], [ 174.417697104153348, -39.004166872457247 ], [ 174.416929968641057, -39.003777410832946 ], [ 174.416888627538754, -39.003756324025687 ], [ 174.41688326073816, -39.003753573779569 ], [ 174.416842035677661, -39.003732349108155 ], [ 174.416605387934482, -39.003609942899374 ], [ 174.416348113815275, -39.003656707549823 ], [ 174.416116039105418, -39.003684136931085 ], [ 174.416049072997055, -39.003683784331635 ], [ 174.415575026853816, -39.004222149024393 ], [ 174.415413479931004, -39.004355018131001 ], [ 174.414515883363123, -39.004892586925145 ], [ 174.414443653186879, -39.006064550918531 ], [ 174.414395839568868, -39.006243857111606 ], [ 174.41311617213762, -39.00887865787773 ], [ 174.412999675932014, -39.009037658281542 ], [ 174.410738954328195, -39.011234929040334 ], [ 174.410565174759341, -39.011358056436492 ], [ 174.410527048173037, -39.011381083201307 ], [ 174.410836323106594, -39.011797449240476 ], [ 174.410848652733506, -39.011814088977175 ], [ 174.410850252625124, -39.011816253475111 ], [ 174.410862536715371, -39.011832913706868 ], [ 174.411452708984342, -39.012635301119346 ], [ 174.412018303917222, -39.013142192042338 ], [ 174.412650390150532, -39.013757028506582 ], [ 174.413436151279967, -39.014620892558533 ], [ 174.41352949719564, -39.014737484743343 ], [ 174.413584601430586, -39.014816275751265 ], [ 174.41398703426259, -39.015163152313455 ], [ 174.414115402390962, -39.01531649283465 ], [ 174.415592991511488, -39.017887542320999 ], [ 174.415631905200797, -39.017999668657232 ], [ 174.415898975088624, -39.01848795424069 ], [ 174.416007718043261, -39.018676733201644 ], [ 174.416520654002255, -39.019433781218645 ], [ 174.416536861645682, -39.019457789450755 ], [ 174.416538962607433, -39.019460912988869 ], [ 174.416555077452642, -39.019484959189292 ], [ 174.416799382047174, -39.019850844133714 ], [ 174.418815068651327, -39.021564454259568 ], [ 174.418944789694876, -39.02171710667492 ], [ 174.420445017164155, -39.024280217902948 ], [ 174.420507923421468, -39.024456668091062 ], [ 174.420903906457909, -39.027150540988366 ], [ 174.42188611821382, -39.027745275055359 ], [ 174.422019326433912, -39.027839889601836 ], [ 174.423259089520542, -39.028870400447254 ], [ 174.423293563848858, -39.028903988723719 ], [ 174.424311420592574, -39.030073076418581 ], [ 174.424400632132148, -39.030195166170785 ], [ 174.425171514414842, -39.03147404953436 ], [ 174.425190996121415, -39.031514302940785 ], [ 174.425333558677295, -39.031826092947512 ], [ 174.425574972429672, -39.032386409179146 ], [ 174.425870389848882, -39.033020419635307 ], [ 174.42618564919124, -39.033670806205031 ], [ 174.426239106313574, -39.033762636332099 ], [ 174.426127474871294, -39.03380216590034 ], [ 174.426982998638351, -39.03537295479429 ], [ 174.427039869269123, -39.035550649076228 ], [ 174.427318425980388, -39.036776067601174 ], [ 174.427364659669792, -39.037113955525029 ], [ 174.427453798139595, -39.037704652840489 ], [ 174.427490597593135, -39.03798668487191 ], [ 174.427494640510474, -39.038023398667136 ], [ 174.427520039736578, -39.038306194256208 ], [ 174.427553325230747, -39.038784746108021 ], [ 174.427563573985509, -39.039579345653991 ], [ 174.427559065689792, -39.039682488322711 ], [ 174.427479457471975, -39.040474699000406 ], [ 174.427406094505017, -39.040940010453198 ], [ 174.427352871077858, -39.041236739970039 ], [ 174.427345131194443, -39.041275214382829 ], [ 174.426924677270875, -39.042649821980234 ], [ 174.426867643812443, -39.042787390042051 ], [ 174.426176596482605, -39.044093776182656 ], [ 174.426153988310148, -39.044128502017116 ], [ 174.425209353218662, -39.045334494244152 ], [ 174.425100591327578, -39.045451583301158 ], [ 174.423925618639146, -39.046527478979428 ], [ 174.423890354156214, -39.04655505639272 ], [ 174.423614562051455, -39.046763670695242 ], [ 174.423192657438165, -39.04707234844286 ], [ 174.42177780587852, -39.047955428746668 ], [ 174.42158348968195, -39.048058302704845 ], [ 174.41831324961106, -39.049256774979852 ], [ 174.41808766977644, -39.049307783789445 ], [ 174.415591875666479, -39.04955262751114 ], [ 174.414799838109445, -39.050028632847294 ], [ 174.41478724508886, -39.050036190245699 ], [ 174.414785607129488, -39.050037171829004 ], [ 174.414773000775568, -39.050044715712239 ], [ 174.412564765090679, -39.051364237899989 ], [ 174.412537618155085, -39.051380409225317 ], [ 174.41253408507265, -39.051382507422943 ], [ 174.412506876893559, -39.051398616061164 ], [ 174.411843685291444, -39.051790050837987 ], [ 174.411528621191508, -39.05214346921607 ], [ 174.410940745697047, -39.052804788182229 ], [ 174.410913265219079, -39.052835564356648 ], [ 174.410909682087265, -39.052839559441871 ], [ 174.410882037460368, -39.052870246117031 ], [ 174.410079073307116, -39.05375762061437 ], [ 174.408851128103549, -39.055243450883175 ], [ 174.408183268837149, -39.05596968485127 ], [ 174.408090659539369, -39.056060508048816 ], [ 174.407333760098794, -39.056731553457659 ], [ 174.407333217470239, -39.05673198891639 ], [ 174.406849878765996, -39.057097882732336 ], [ 174.406786471228202, -39.057143157828222 ], [ 174.405373598556423, -39.058004732667939 ], [ 174.405248976771105, -39.058069229936827 ], [ 174.403618604739847, -39.058772375267552 ], [ 174.403540207139656, -39.058800003165921 ], [ 174.402120723534182, -39.059202641131805 ], [ 174.402577378994295, -39.059307816951524 ], [ 174.402809513406822, -39.059363355649417 ], [ 174.402839590244099, -39.059370822132088 ], [ 174.404518245011957, -39.05990388725607 ], [ 174.404700268497947, -39.059975140627103 ], [ 174.406251332619291, -39.060706354538354 ], [ 174.406276979232018, -39.060720701118832 ], [ 174.407662264971066, -39.061632067153823 ], [ 174.40780714636449, -39.061743683106265 ], [ 174.408992548958508, -39.062812765871961 ], [ 174.409011255216654, -39.062832588663731 ], [ 174.409153093946856, -39.062986250771189 ], [ 174.409897970098513, -39.063811360915288 ], [ 174.410401343961723, -39.064361011435381 ], [ 174.411210297439567, -39.065381895067304 ], [ 174.411303679729116, -39.065519470452429 ], [ 174.411931374650123, -39.066615132314205 ], [ 174.412280870982954, -39.067353799614772 ], [ 174.412599598097842, -39.068135315048494 ], [ 174.412635019522099, -39.068238170523202 ], [ 174.412861236348164, -39.069039047201315 ], [ 174.413069676599349, -39.069978922440534 ], [ 174.413776253719789, -39.071255340797642 ], [ 174.413776751762214, -39.071256240617878 ], [ 174.413902093280313, -39.071482782575572 ], [ 174.413951302593745, -39.07157307216535 ], [ 174.413957617612056, -39.071584836622328 ], [ 174.414005562425132, -39.071675538678868 ], [ 174.414147759832304, -39.071948761811207 ], [ 174.414274696163091, -39.072105873784103 ], [ 174.414381845634296, -39.072241127152999 ], [ 174.414395574939022, -39.072258804542273 ], [ 174.414499645536182, -39.072395511011052 ], [ 174.415193827478987, -39.073325983702091 ], [ 174.415740809644518, -39.073904973484282 ], [ 174.415921640399318, -39.074101873624421 ], [ 174.415944702768144, -39.074127712333087 ], [ 174.416118677675826, -39.074328330798387 ], [ 174.41659670129539, -39.074895853338433 ], [ 174.417469761562302, -39.076134362316743 ], [ 174.417566406301091, -39.07630129673322 ], [ 174.418519548757047, -39.07901919337128 ], [ 174.418545285559958, -39.079201235757381 ], [ 174.418374249832596, -39.08201568430421 ], [ 174.418326550492736, -39.082195015544521 ], [ 174.417047942317879, -39.084830508541359 ], [ 174.416931467835724, -39.084989572779563 ], [ 174.41467034701131, -39.08718809123291 ], [ 174.414496494455477, -39.087311314996505 ], [ 174.411474171069102, -39.088857599805038 ], [ 174.411259959583475, -39.088932917651015 ], [ 174.407772339906927, -39.089675560837186 ], [ 174.407538744284295, -39.089695597717366 ], [ 174.403927342415415, -39.089561881205881 ], [ 174.40369723753912, -39.089524675310599 ], [ 174.400315699154675, -39.088527697870155 ], [ 174.400111617437659, -39.08843689283988 ], [ 174.397291050317591, -39.086674284190437 ], [ 174.397132972959838, -39.086538771813146 ], [ 174.396022279317435, -39.085421780317937 ], [ 174.395725951452079, -39.085069847255618 ], [ 174.394980986002849, -39.084281036249635 ], [ 174.394624882245324, -39.083881824494 ], [ 174.394580419668472, -39.083828991103204 ], [ 174.394252483674222, -39.083415381545933 ], [ 174.39333343641519, -39.082183002231375 ], [ 174.392741805422247, -39.081450440938703 ], [ 174.392237025984912, -39.080759518929661 ], [ 174.392176615462319, -39.080667618398742 ], [ 174.391752001576776, -39.079944686401603 ], [ 174.391250885962023, -39.07898122966732 ], [ 174.391179570928642, -39.078852258865325 ], [ 174.390254960907413, -39.077180974899065 ], [ 174.39013627162916, -39.076957671138288 ], [ 174.389252720787539, -39.076737412465398 ], [ 174.389228714288976, -39.076729762598973 ], [ 174.389044700949142, -39.076669674504132 ], [ 174.388389908577039, -39.076450655049122 ], [ 174.38828339333233, -39.076414531328716 ], [ 174.38826957699527, -39.076409781100118 ], [ 174.388163533209536, -39.076372824381004 ], [ 174.387575772424753, -39.076165215049251 ], [ 174.386933849832047, -39.075938836484916 ], [ 174.386567420461972, -39.075803523241767 ], [ 174.386520195365108, -39.075785286410067 ], [ 174.386160084821995, -39.075640033034048 ], [ 174.383228021101729, -39.074405981081512 ], [ 174.381871943046235, -39.07387694096775 ], [ 174.380727752412611, -39.073435544064552 ], [ 174.380654035304417, -39.073406849937662 ], [ 174.380644469272539, -39.07340309310748 ], [ 174.3805710166599, -39.073373989847063 ], [ 174.379124233229504, -39.072795663891398 ], [ 174.376827863562852, -39.071908622354378 ], [ 174.376736742623592, -39.071872909430567 ], [ 174.375769343274897, -39.071858207885505 ], [ 174.37558584498592, -39.071844139376488 ], [ 174.373801195713668, -39.071595889875603 ], [ 174.373751796070422, -39.071585846160019 ], [ 174.372038960150945, -39.071123002797997 ], [ 174.371870025119165, -39.071065416216491 ], [ 174.370271193556079, -39.07039937872424 ], [ 174.370228195118784, -39.0703779258209 ], [ 174.36976204850555, -39.07010290100753 ], [ 174.369895469568235, -39.071479370188122 ], [ 174.369876304635511, -39.071661900081565 ], [ 174.369021505479537, -39.074399520062151 ], [ 174.368930913208175, -39.074568498819481 ], [ 174.367032545204893, -39.07696619892689 ], [ 174.366879387327941, -39.07710508303223 ], [ 174.364123219677168, -39.078928110144624 ], [ 174.36392248738963, -39.0790233011612 ], [ 174.362512208139151, -39.079474490563356 ], [ 174.362070169812142, -39.079755057140282 ], [ 174.359932859752291, -39.081123731432861 ], [ 174.359541625708005, -39.08136344603021 ], [ 174.359489927827951, -39.081393740883115 ], [ 174.357959722427438, -39.082151703968925 ], [ 174.357808761618486, -39.082214097419524 ], [ 174.356145233833018, -39.082776132469839 ], [ 174.356084053042764, -39.08279249134587 ], [ 174.355609952886368, -39.082910426763412 ], [ 174.352529008856493, -39.083620171203719 ], [ 174.351376238492293, -39.084471969832052 ], [ 174.351257933983192, -39.084546562621696 ], [ 174.350235180574117, -39.085093835216718 ], [ 174.350020497867462, -39.085251460333701 ], [ 174.349569971323632, -39.085652935204934 ], [ 174.349769377733878, -39.085930750337347 ], [ 174.350114897351858, -39.086451174944557 ], [ 174.350156944930944, -39.086519896772735 ], [ 174.350458310858471, -39.08705673118012 ], [ 174.350606074420938, -39.087345152369011 ], [ 174.350645291767847, -39.087402541535582 ], [ 174.350652868910913, -39.087413775987017 ], [ 174.350710553604642, -39.087500441063618 ], [ 174.351060163895085, -39.088032727526368 ], [ 174.351421561565189, -39.088572105977541 ], [ 174.351444762756103, -39.088606917543707 ], [ 174.351447766250715, -39.088611448144931 ], [ 174.351470772669273, -39.088646338135938 ], [ 174.352229042102806, -39.089802444687408 ], [ 174.352254265092682, -39.089841130287418 ], [ 174.352257528516731, -39.089846165542745 ], [ 174.352709400302501, -39.090635337250397 ], [ 174.352759082194524, -39.090734654432538 ], [ 174.353096529835227, -39.091512219519061 ], [ 174.353369972949451, -39.092251772619868 ], [ 174.353386419829633, -39.092266102433854 ], [ 174.355023193862223, -39.094244493455122 ], [ 174.355343763044885, -39.094570564238211 ], [ 174.355369555295908, -39.094596899167954 ], [ 174.355372900197324, -39.094600327502455 ], [ 174.35539856796791, -39.094626736180359 ], [ 174.355633658927076, -39.094869538577647 ], [ 174.3562235904094, -39.095460729114052 ], [ 174.356282586597558, -39.095520363347646 ], [ 174.356290214383677, -39.095528140646167 ], [ 174.356348568750462, -39.09558815715944 ], [ 174.356965569118955, -39.096228266262187 ], [ 174.35723939735135, -39.096524677332575 ], [ 174.357273977998602, -39.09656375726383 ], [ 174.357532159682847, -39.096868575941528 ], [ 174.359022547833604, -39.098708206751652 ], [ 174.359677373703903, -39.099062904683386 ], [ 174.359846996807704, -39.099189674033347 ], [ 174.362032983412007, -39.101434035007564 ], [ 174.362144039345964, -39.101595441047529 ], [ 174.36249513557263, -39.102381161465949 ], [ 174.36265143152923, -39.102520926458034 ], [ 174.362791460645212, -39.102668017067067 ], [ 174.364354503228327, -39.105000812550593 ], [ 174.364764615378363, -39.105050765039607 ], [ 174.364988309240061, -39.105107007938727 ], [ 174.368213718178509, -39.106381042528447 ], [ 174.368404166079898, -39.106488385561015 ], [ 174.370966559518251, -39.108476567120547 ], [ 174.371105121547231, -39.108624506212323 ], [ 174.37275366908969, -39.111132270779905 ], [ 174.372826778689557, -39.111306327849363 ], [ 174.373400023588715, -39.114088238282037 ], [ 174.37340051674434, -39.114271377223268 ], [ 174.372842213008767, -39.117055132890677 ], [ 174.372770032387621, -39.117229426493168 ], [ 174.372079331011776, -39.118536102652641 ], [ 174.37139074528929, -39.119594267251188 ], [ 174.370666130575103, -39.120727205542153 ], [ 174.370664783684987, -39.120729310691011 ], [ 174.370061495629869, -39.121671430489059 ], [ 174.370056890836963, -39.121678613495106 ], [ 174.369922318180215, -39.121887942211345 ], [ 174.369650780048431, -39.122493791494293 ], [ 174.36916564949928, -39.124012603478867 ], [ 174.36941937267531, -39.125661129492265 ], [ 174.369494669731125, -39.126715225380408 ], [ 174.371046988663664, -39.126693901693436 ], [ 174.371279832001989, -39.126719355095908 ], [ 174.373051160292221, -39.127024931291693 ], [ 174.373152704055968, -39.127049093794177 ], [ 174.373345491784761, -39.127005053450361 ], [ 174.373454628646073, -39.126987223790039 ], [ 174.375253992501655, -39.126806531071516 ], [ 174.375378178587056, -39.126801720689279 ], [ 174.376335424687397, -39.126795542746514 ], [ 174.377521666422155, -39.126826148755733 ], [ 174.378130709953041, -39.126854403636941 ], [ 174.378209706164427, -39.126859700587225 ], [ 174.379493106909791, -39.127025545698018 ], [ 174.380050190910225, -39.126712288627132 ], [ 174.380131756722676, -39.126673697823612 ], [ 174.380213143707806, -39.126634878687959 ], [ 174.38134220272309, -39.126188128225841 ], [ 174.382190395904871, -39.12573832770201 ], [ 174.382403056757227, -39.125660210003488 ], [ 174.385875811904015, -39.124871790995947 ], [ 174.386109052456419, -39.124848675805445 ], [ 174.386430715507714, -39.124836636000801 ], [ 174.387228426806303, -39.124730748922097 ], [ 174.387424645046337, -39.124673974398668 ], [ 174.38765514415374, -39.124637842657968 ], [ 174.390205260423869, -39.124555305392704 ], [ 174.392968302114042, -39.124006375141853 ], [ 174.393202412111407, -39.123989428199138 ], [ 174.395346077954144, -39.124097107993052 ], [ 174.398386270848221, -39.123226604098917 ], [ 174.398616922422264, -39.123191081216923 ], [ 174.40223147223972, -39.123083636356093 ], [ 174.402464928653899, -39.123105363380546 ], [ 174.405945259369503, -39.123873107122975 ], [ 174.406158676996057, -39.123949958380912 ], [ 174.406357567490062, -39.124053711982832 ], [ 174.406470543428583, -39.124053767680167 ], [ 174.407410560387319, -39.124084043996831 ], [ 174.407764468116426, -39.124106704510623 ], [ 174.409350571849046, -39.123831071002733 ], [ 174.4095648313033, -39.123807385788318 ], [ 174.411039176178065, -39.123735578135424 ], [ 174.411821076033419, -39.123433815270332 ], [ 174.412547887047509, -39.12317724474017 ], [ 174.41264373643088, -39.123146468289512 ], [ 174.41437008033742, -39.122712060821819 ], [ 174.414498640802975, -39.122688197363438 ], [ 174.416290959304916, -39.122469469092856 ], [ 174.416394325821301, -39.122463267014162 ], [ 174.417191567581398, -39.12243694240729 ], [ 174.417297435754818, -39.122436294788805 ], [ 174.419612182272715, -39.121264313799777 ], [ 174.419633701798773, -39.121256842025254 ], [ 174.419810254177747, -39.121016243846341 ], [ 174.419957423866947, -39.120873418155313 ], [ 174.422634895647263, -39.118979018716828 ], [ 174.42283151218362, -39.118878603867778 ], [ 174.425708447394271, -39.117869038312485 ], [ 174.426680268550541, -39.116916762832332 ], [ 174.426853557275933, -39.116792994934542 ], [ 174.429869016326535, -39.1152371588758 ], [ 174.430082911699259, -39.115161157660786 ], [ 174.43055491741859, -39.115059057529464 ], [ 174.431559086254282, -39.114437869243048 ], [ 174.43230546959677, -39.114012909557246 ], [ 174.432405176939113, -39.113960772839569 ], [ 174.433985990576844, -39.113267684334943 ], [ 174.43409098791912, -39.113229765465114 ], [ 174.435791487189078, -39.112737836415597 ], [ 174.435906992084597, -39.112712251087522 ], [ 174.437685319129258, -39.112433590291147 ], [ 174.437800216708013, -39.112422800566101 ], [ 174.439612600120654, -39.112364267517449 ], [ 174.439732600185636, -39.112367737242479 ], [ 174.441534431052673, -39.112530773176232 ], [ 174.441647986270397, -39.11254816850559 ], [ 174.443394914840354, -39.112928761171879 ], [ 174.443507668233082, -39.112960946595088 ], [ 174.443938275054336, -39.113099315295862 ], [ 174.444560512602635, -39.113010779683052 ], [ 174.44472444639328, -39.112994658486727 ], [ 174.445994252176376, -39.112924814443133 ], [ 174.446649179202126, -39.112916951454629 ], [ 174.447079514488507, -39.112894401814863 ], [ 174.447680747396902, -39.112875123206756 ], [ 174.447758938426432, -39.112874202735725 ], [ 174.448360644655139, -39.112879320255786 ], [ 174.449097514693506, -39.112900535336713 ], [ 174.450022814932623, -39.112956210826681 ], [ 174.450142537676385, -39.112967195091414 ], [ 174.451059126583857, -39.113080508388407 ], [ 174.45277243148206, -39.11334761957238 ], [ 174.452827849868896, -39.113356368945105 ], [ 174.452835050646939, -39.1133575200816 ], [ 174.452890413461148, -39.113366480501206 ], [ 174.453600926416186, -39.113482886745039 ], [ 174.454009500225681, -39.113555873089318 ], [ 174.454062376651649, -39.113566108183036 ], [ 174.454467286383306, -39.113650584834502 ], [ 174.455360283735899, -39.113850471740797 ], [ 174.456454125060503, -39.113921258453232 ], [ 174.456668190011243, -39.113948412437523 ], [ 174.458430223327952, -39.114284245913076 ], [ 174.458447714680915, -39.114288738436727 ], [ 174.4585819918006, -39.114323938537432 ], [ 174.458697233404706, -39.114354762119675 ], [ 174.459097676684081, -39.114424756701645 ], [ 174.459746331216394, -39.114553607839248 ], [ 174.459829963531433, -39.114572245383933 ], [ 174.460467960251322, -39.114730125773406 ], [ 174.461604558037493, -39.115039878017384 ], [ 174.461647787022656, -39.115051733737218 ], [ 174.461653402848953, -39.115053283651754 ], [ 174.461696571191993, -39.115065272770956 ], [ 174.462922238776116, -39.115407803155733 ], [ 174.463597013662991, -39.115593812519208 ], [ 174.464628703609407, -39.115795985423993 ], [ 174.464833661237208, -39.115848627684166 ], [ 174.466372754513259, -39.116342200750346 ], [ 174.467353083969158, -39.116723001011671 ], [ 174.468092062990422, -39.117003498239676 ], [ 174.468934188501891, -39.117322594906447 ], [ 174.468979727074782, -39.11733994633105 ], [ 174.468985640713441, -39.117342212115162 ], [ 174.469031081197016, -39.117359718907679 ], [ 174.469619475109482, -39.117587658392054 ], [ 174.470107504592931, -39.117772095342133 ], [ 174.470324930723734, -39.117856474049084 ], [ 174.470353045113399, -39.117867673353935 ], [ 174.470568148062341, -39.11795559164937 ], [ 174.471256544477967, -39.118244178462724 ], [ 174.472750078121038, -39.118990752505482 ], [ 174.472933562266917, -39.119098808067463 ], [ 174.473756247384159, -39.119665601254582 ], [ 174.474606636019757, -39.120046043031557 ], [ 174.476060488931694, -39.120816560088144 ], [ 174.476238648441779, -39.120927310699621 ], [ 174.477525712065273, -39.12186065131165 ], [ 174.478151429351726, -39.122389082387116 ], [ 174.478427285242248, -39.12263060234686 ], [ 174.47846241177669, -39.122662491055124 ], [ 174.478726964094193, -39.122911566634563 ], [ 174.479342288565988, -39.12351252713524 ], [ 174.479797817027816, -39.124037102346207 ], [ 174.480234608926565, -39.124256925456422 ], [ 174.480313760214017, -39.124312178418045 ], [ 174.480548526005862, -39.124321937007458 ], [ 174.480650509263427, -39.124328897101975 ], [ 174.482439878098234, -39.124562304486098 ], [ 174.482569380583215, -39.124587466253686 ], [ 174.484289865414638, -39.125036008364859 ], [ 174.484384098794919, -39.125067172349361 ], [ 174.485098480813377, -39.125326143411165 ], [ 174.485772259561116, -39.125592509742077 ], [ 174.48617975967241, -39.125761658637636 ], [ 174.486232150105877, -39.125784462904946 ], [ 174.487741643407844, -39.126568507225812 ], [ 174.487879703349904, -39.126653118634003 ], [ 174.489213185015473, -39.12761142135372 ], [ 174.489253966679371, -39.127645718687958 ], [ 174.489560908117454, -39.127914423934548 ], [ 174.490051538717722, -39.128361600279177 ], [ 174.491044891299367, -39.129412479224932 ], [ 174.491160676929809, -39.129555643870752 ], [ 174.491948639502482, -39.130707299525518 ], [ 174.492322938877862, -39.13136520364727 ], [ 174.492629296518516, -39.131893377426891 ], [ 174.493720010358572, -39.131865653508498 ], [ 174.493884812131682, -39.131868517443287 ], [ 174.495690084260389, -39.132010780082162 ], [ 174.495759871256496, -39.132020635136669 ], [ 174.497514360591282, -39.132381068696063 ], [ 174.497669963790059, -39.132423451193048 ], [ 174.498062680724729, -39.132549664992148 ], [ 174.498725092573778, -39.132667421140297 ], [ 174.500094695357888, -39.132981285446007 ], [ 174.500268838348632, -39.133030475156893 ], [ 174.501578360684192, -39.133473376435617 ], [ 174.504253739064239, -39.134535568336013 ], [ 174.50477516012586, -39.134737677295483 ], [ 174.504783627855005, -39.134740962780818 ], [ 174.507184451933909, -39.135674883663377 ], [ 174.50751336448775, -39.135807997011462 ], [ 174.507555756159917, -39.135825830873223 ], [ 174.507866239671415, -39.135961498820606 ], [ 174.509279820160657, -39.136116543194731 ], [ 174.509457327635062, -39.136147231300775 ], [ 174.511192510111186, -39.136560777724185 ], [ 174.51124261345845, -39.136576159809877 ], [ 174.512873393122732, -39.13719598822631 ], [ 174.51303004233506, -39.137267888740375 ], [ 174.514191940635641, -39.137877924218074 ], [ 174.515334466775442, -39.138559671614061 ], [ 174.515389072943805, -39.138592456272697 ], [ 174.51539615537186, -39.138596734719243 ], [ 174.515450509634775, -39.13862977231561 ], [ 174.516779021013832, -39.139442225229253 ], [ 174.518113940744996, -39.140399542806144 ], [ 174.518273914887828, -39.140533797639804 ], [ 174.519011846859257, -39.141390286702169 ], [ 174.519655292681705, -39.141049391041754 ], [ 174.519845443698188, -39.140963799002911 ], [ 174.521482996428972, -39.14035474208093 ], [ 174.521497687069314, -39.140350343719909 ], [ 174.523237405536406, -39.139948249462982 ], [ 174.523452209515, -39.139912598428793 ], [ 174.525251269531879, -39.139727361486862 ], [ 174.525266986342274, -39.139726713124873 ], [ 174.527081107544177, -39.139762896512991 ], [ 174.52729954585044, -39.139780675174407 ], [ 174.52908407684572, -39.140037385748435 ], [ 174.529099281961805, -39.140040550846386 ], [ 174.530810296670438, -39.14051147354192 ], [ 174.531010995254491, -39.140580942540019 ], [ 174.532606378964971, -39.141254483769885 ], [ 174.532619584517875, -39.141261152639487 ], [ 174.534060059381488, -39.142120736036233 ], [ 174.534223377883848, -39.14223509786401 ], [ 174.5354734824746, -39.143259562600782 ], [ 174.535483396037705, -39.143269082668048 ], [ 174.536512343016625, -39.144433211310563 ], [ 174.53662229523519, -39.144581274706987 ], [ 174.537404745045734, -39.145856407880828 ], [ 174.537410396060579, -39.145867847480055 ], [ 174.537927067317185, -39.147222592750211 ], [ 174.537972885836353, -39.147389866930119 ], [ 174.538211042913531, -39.14879086902107 ], [ 174.538211877751849, -39.148803108506904 ], [ 174.538165637972583, -39.150215871439698 ], [ 174.538142829879547, -39.150385983524536 ], [ 174.537813313501658, -39.151775719377724 ], [ 174.537809249836812, -39.151787560669476 ], [ 174.537321288823875, -39.15286282144281 ], [ 174.537508375791646, -39.154116314144055 ], [ 174.537498642195033, -39.154299309563591 ], [ 174.536785054148652, -39.157061719685352 ], [ 174.536703161905166, -39.157233416005155 ], [ 174.534927977339407, -39.159688914810417 ], [ 174.534781935997728, -39.159832502697526 ], [ 174.532118855504422, -39.161740681092148 ], [ 174.531922958889254, -39.161842101694774 ], [ 174.531239578276825, -39.162138515993007 ], [ 174.5308576290725, -39.162761760757931 ], [ 174.530728744405991, -39.162957460384703 ], [ 174.530705205697416, -39.163238117505983 ], [ 174.530824134937291, -39.164359430211512 ], [ 174.53101116935548, -39.165707154822336 ], [ 174.531121762819566, -39.166459904593282 ], [ 174.531139524067896, -39.166589034937402 ], [ 174.531141677436779, -39.16660583396844 ], [ 174.531157044935867, -39.166735150255711 ], [ 174.531221160947467, -39.167320673552666 ], [ 174.531389723019117, -39.168230497222417 ], [ 174.531590224177449, -39.169274649458529 ], [ 174.531960806752295, -39.170028335763654 ], [ 174.53232280366575, -39.170892993888103 ], [ 174.532362462339648, -39.171006959989924 ], [ 174.532529156069643, -39.171603956348285 ], [ 174.532822547714147, -39.17214769537447 ], [ 174.532882999721579, -39.172261917163262 ], [ 174.53289072729612, -39.172276807248743 ], [ 174.533436594694024, -39.173624633995203 ], [ 174.533484926789669, -39.173787621323491 ], [ 174.533753209275602, -39.175185321214961 ], [ 174.533754647570817, -39.175201341276932 ], [ 174.533764625527681, -39.175324631585191 ], [ 174.533822511320722, -39.176127614691765 ], [ 174.53382724804581, -39.176198284022441 ], [ 174.533827817439089, -39.176207472776525 ], [ 174.533831840609849, -39.176278168893084 ], [ 174.533847252310892, -39.176575396971934 ], [ 174.53377790218633, -39.17798757847428 ], [ 174.533750492745185, -39.17816948305515 ], [ 174.532771485876964, -39.180882211464564 ], [ 174.532673189959155, -39.181048619434456 ], [ 174.530664914903639, -39.183393083083345 ], [ 174.530505348764194, -39.183527702426531 ], [ 174.527664341512121, -39.185274358034974 ], [ 174.527459124236231, -39.185364007761613 ], [ 174.524063519916524, -39.18634182973598 ], [ 174.523832744654214, -39.186377731470856 ], [ 174.520215037405023, -39.186490972487242 ], [ 174.51998130258329, -39.186469610842259 ], [ 174.516495757158538, -39.185707186229635 ], [ 174.516281951127183, -39.185630653326143 ], [ 174.513269872108339, -39.184067226055511 ], [ 174.513096929321676, -39.183943016314416 ], [ 174.510853207855718, -39.181731676410017 ], [ 174.51073805751119, -39.181571951857102 ], [ 174.509482287033563, -39.178929211431743 ], [ 174.509436195790784, -39.178749609852076 ], [ 174.509349704249274, -39.178184691210369 ], [ 174.509276979159893, -39.178049824002237 ], [ 174.50882700583, -39.177056074045353 ], [ 174.508778403149762, -39.176924669709216 ], [ 174.50851204484411, -39.176005220974481 ], [ 174.508070820461086, -39.175107233742928 ], [ 174.507667956866101, -39.174120768969317 ], [ 174.507625210804065, -39.173990613212204 ], [ 174.507370440534714, -39.172974682095827 ], [ 174.507239430334465, -39.172225425162438 ], [ 174.507012095618137, -39.171039385500826 ], [ 174.507007743099877, -39.171016475624377 ], [ 174.507007182193206, -39.171013496779445 ], [ 174.507002905377902, -39.170990578272338 ], [ 174.50677904392515, -39.169779996391213 ], [ 174.506735934035106, -39.169520107252765 ], [ 174.506730962334046, -39.169486265353626 ], [ 174.506697584477422, -39.16922550989198 ], [ 174.50661835299772, -39.16849963614937 ], [ 174.506523792684533, -39.167854482866559 ], [ 174.506519745540913, -39.16782648147651 ], [ 174.506519226729324, -39.167822840664059 ], [ 174.506515292155967, -39.16779482955473 ], [ 174.50630793745367, -39.166296915156515 ], [ 174.506293214215589, -39.166183862570939 ], [ 174.506291419376169, -39.166169156919899 ], [ 174.506278529696914, -39.1660559687204 ], [ 174.506072539309571, -39.16410737913268 ], [ 174.506033964926019, -39.163443656408951 ], [ 174.506033042676705, -39.163357345949287 ], [ 174.506057427978078, -39.162693215430963 ], [ 174.506129847725362, -39.161833316083737 ], [ 174.506150602314136, -39.161156804312178 ], [ 174.506239657864029, -39.160236107072173 ], [ 174.5062590749165, -39.160117192321742 ], [ 174.506468741629874, -39.159208431646931 ], [ 174.506585888068258, -39.158817162835298 ], [ 174.506311081500627, -39.158696441224372 ], [ 174.505454657637443, -39.15827190526516 ], [ 174.504971408954816, -39.15806225683194 ], [ 174.504957395219293, -39.158056167263908 ], [ 174.504955574140098, -39.158055374636405 ], [ 174.504941571272354, -39.158049269935347 ], [ 174.50345195219154, -39.157398781855917 ], [ 174.50268099169395, -39.157030539906479 ], [ 174.502583322705107, -39.156979692915272 ], [ 174.50185168363231, -39.156565673738157 ], [ 174.500881966779502, -39.155970450088226 ], [ 174.500693083610344, -39.155851988230225 ], [ 174.500668738906143, -39.155836389440381 ], [ 174.500483088166703, -39.155714869921823 ], [ 174.498668950161658, -39.154501869622948 ], [ 174.498403870968986, -39.154319059001303 ], [ 174.498369886022999, -39.154294888500139 ], [ 174.498112119895154, -39.154105845274955 ], [ 174.497180309676025, -39.153401183415781 ], [ 174.496764589962055, -39.153129888548627 ], [ 174.496740235472004, -39.153114370345065 ], [ 174.495822265470309, -39.15269802457788 ], [ 174.493789857906449, -39.151907345291292 ], [ 174.493223292499295, -39.151687719396705 ], [ 174.493173551924826, -39.151668321186499 ], [ 174.493167093478121, -39.151665787324461 ], [ 174.493117473334166, -39.151646203041636 ], [ 174.492039986441085, -39.151218389222002 ], [ 174.491528117404471, -39.151253114319168 ], [ 174.49137566990359, -39.151257400176192 ], [ 174.490200844013742, -39.15124392531267 ], [ 174.489012754750604, -39.151183193945478 ], [ 174.48800838792107, -39.151097408204983 ], [ 174.487878694571549, -39.151081840502322 ], [ 174.486887780085823, -39.150928123278888 ], [ 174.48454840556056, -39.150481663094645 ], [ 174.483135069016242, -39.15023775080887 ], [ 174.482645037284129, -39.150144402714808 ], [ 174.482581703374962, -39.150131191589807 ], [ 174.482097367384313, -39.15002129163566 ], [ 174.481518159225061, -39.149879119659616 ], [ 174.480419676259402, -39.149560998828264 ], [ 174.480279928356168, -39.14951412221415 ], [ 174.478674584338194, -39.148854885208515 ], [ 174.478603829316427, -39.148820046758708 ], [ 174.477150729898398, -39.147973364386289 ], [ 174.477036431738412, -39.147895153727134 ], [ 174.476196419690979, -39.147258799419575 ], [ 174.475834098624574, -39.14695501019461 ], [ 174.475461751905044, -39.146652236090972 ], [ 174.475390119206111, -39.146593460403125 ], [ 174.475380851296336, -39.146585787094352 ], [ 174.475309900767968, -39.146526511878356 ], [ 174.474748918762003, -39.146053589858738 ], [ 174.474086533014002, -39.145497778986311 ], [ 174.473348770117155, -39.144813554920354 ], [ 174.473258756978993, -39.144721124419952 ], [ 174.472611701889747, -39.143983341342221 ], [ 174.472024593615203, -39.14323690755328 ], [ 174.471586880920967, -39.142573642654781 ], [ 174.471213583334844, -39.142458535394503 ], [ 174.471054247509301, -39.142397743606459 ], [ 174.469864157107565, -39.141873589225938 ], [ 174.469549874051665, -39.141715373938531 ], [ 174.469461486105899, -39.141683428529483 ], [ 174.46933752230413, -39.141637927929565 ], [ 174.46932145259251, -39.141631938694616 ], [ 174.469198190063338, -39.141585297219095 ], [ 174.468467105244542, -39.141304475305446 ], [ 174.46841505873067, -39.141284356359307 ], [ 174.468408301166306, -39.141281727674418 ], [ 174.468356385151878, -39.141261405314637 ], [ 174.468038853891414, -39.141136328802347 ], [ 174.46719847743725, -39.140930692170926 ], [ 174.467033191300004, -39.140879549653192 ], [ 174.465694552024445, -39.140385855570536 ], [ 174.465681949026248, -39.140380412205879 ], [ 174.465296846666064, -39.140206450246495 ], [ 174.465259678621294, -39.140188907080855 ], [ 174.463871383897441, -39.139419284089541 ], [ 174.463734488856375, -39.139330865866071 ], [ 174.462733304353264, -39.138602042672844 ], [ 174.461987156388261, -39.137990431085129 ], [ 174.461253126310368, -39.13732690892229 ], [ 174.461163308343259, -39.137237245481955 ], [ 174.460515523131761, -39.136521330628767 ], [ 174.460060325693604, -39.135962373934625 ], [ 174.459767391457802, -39.13558229133033 ], [ 174.459730894301345, -39.13553218077363 ], [ 174.459670266812168, -39.13544394712217 ], [ 174.459029892119275, -39.135110229851861 ], [ 174.458902621701839, -39.135036014958899 ], [ 174.458380418563024, -39.134696450245229 ], [ 174.45799242418471, -39.134557753467682 ], [ 174.457796678902866, -39.134456255212434 ], [ 174.457731543396335, -39.134409517811584 ], [ 174.45731456950756, -39.134251504838346 ], [ 174.457310631731218, -39.134250011892071 ], [ 174.456707284423032, -39.134020979250074 ], [ 174.456097688141938, -39.133874759685803 ], [ 174.454680751891289, -39.133484145399152 ], [ 174.454657214100024, -39.133477634143254 ], [ 174.454654155363528, -39.133476785106289 ], [ 174.454630635670128, -39.133470234254972 ], [ 174.453425617706898, -39.133133453532793 ], [ 174.453008784109755, -39.133019849786493 ], [ 174.452856328022762, -39.132993199068025 ], [ 174.451455223448448, -39.132955277143104 ], [ 174.451221575734991, -39.132934573536396 ], [ 174.450060290498698, -39.132683897039783 ], [ 174.449992262366862, -39.132721564306799 ], [ 174.44978165084882, -39.13280302697617 ], [ 174.44632959413363, -39.133646042798283 ], [ 174.44621666372268, -39.133659043172017 ], [ 174.444874013229509, -39.134016658892996 ], [ 174.444642342692447, -39.134048083293848 ], [ 174.441024954482174, -39.134091288150131 ], [ 174.440901969979819, -39.134077617784662 ], [ 174.440968458332691, -39.134181935125888 ], [ 174.441025171176364, -39.134282519482852 ], [ 174.441296468293359, -39.134832506670953 ], [ 174.441474471341849, -39.135043872109563 ], [ 174.441580973625406, -39.135193092746469 ], [ 174.442335406517799, -39.13647832093222 ], [ 174.442340942730368, -39.136490123190889 ], [ 174.442567066685086, -39.137122209620514 ], [ 174.443314739301684, -39.138165418844181 ], [ 174.443395822092526, -39.138337333758237 ], [ 174.444096638593749, -39.141101583847679 ], [ 174.444105538721118, -39.141284597411129 ], [ 174.443675154637106, -39.144082204454968 ], [ 174.443610991821799, -39.144258401988957 ], [ 174.44318584026766, -39.144973850460161 ], [ 174.443171118330497, -39.145089655128686 ], [ 174.443129656762693, -39.145269931460284 ], [ 174.441942414950375, -39.147931557140275 ], [ 174.44183143402492, -39.148093031734476 ], [ 174.43964589601029, -39.150338669629939 ], [ 174.439476254601374, -39.150465533153948 ], [ 174.436984816226271, -39.151815967527824 ], [ 174.438487332117774, -39.151814214415374 ], [ 174.439723686103093, -39.151888510506232 ], [ 174.441324763574329, -39.151968954255921 ], [ 174.44135978597663, -39.151970755208069 ], [ 174.441364338421096, -39.15197099470921 ], [ 174.441399353626508, -39.151972878389934 ], [ 174.44195903637916, -39.152003650114217 ], [ 174.444640716248955, -39.152144786223012 ], [ 174.444705056691163, -39.152148312026227 ], [ 174.444713419242731, -39.152148788532976 ], [ 174.444777733440191, -39.15215259360297 ], [ 174.445744488852341, -39.152211897544696 ], [ 174.447432000744385, -39.15228954844023 ], [ 174.448165992068368, -39.152288856870072 ], [ 174.449334539984989, -39.152244903767176 ], [ 174.449384129195607, -39.152227045625011 ], [ 174.450611455168996, -39.151849624898063 ], [ 174.450774076301855, -39.151807793906777 ], [ 174.452536778107941, -39.151471127015192 ], [ 174.452600462608729, -39.151463022035806 ], [ 174.454409095580672, -39.15134517357567 ], [ 174.454580358387716, -39.15134451198233 ], [ 174.456390405611216, -39.151448381569615 ], [ 174.45645419036407, -39.151455994152535 ], [ 174.458221099783998, -39.151779027398327 ], [ 174.458384246479341, -39.151819600157374 ], [ 174.46006452772238, -39.152353845006346 ], [ 174.460122171376128, -39.152376430344567 ], [ 174.461674461153251, -39.153108738555659 ], [ 174.461813527024646, -39.153186575775202 ], [ 174.463199612361336, -39.154098920765499 ], [ 174.463245473753261, -39.154134268867836 ], [ 174.464431224812301, -39.155204193518706 ], [ 174.464532598964382, -39.155311678430607 ], [ 174.465251733618516, -39.156173173263781 ], [ 174.465691029392787, -39.156771568866048 ], [ 174.466465333231895, -39.1580497094048 ], [ 174.466548681905465, -39.1582209743815 ], [ 174.467285788265855, -39.160979550688793 ], [ 174.46729708212024, -39.161162485691904 ], [ 174.466903154520651, -39.163963379414824 ], [ 174.46684127896134, -39.1641400775299 ], [ 174.465354744139347, -39.166709101732295 ], [ 174.465225748347109, -39.166862264485431 ], [ 174.462792031470542, -39.168947902320895 ], [ 174.462608539181502, -39.169062533749141 ], [ 174.459465861967459, -39.170460575050249 ], [ 174.459245837025691, -39.170525450881314 ], [ 174.455701901815701, -39.171099002079544 ], [ 174.45546688885409, -39.171107769722035 ], [ 174.454691287240109, -39.171041582518619 ], [ 174.453778056421385, -39.17117530665255 ], [ 174.452505516347514, -39.171311753597244 ], [ 174.451811504235167, -39.171369618780361 ], [ 174.451721073320499, -39.171375016641882 ], [ 174.45102384093525, -39.171400195473204 ], [ 174.450453345421664, -39.171407382871173 ], [ 174.449065186109209, -39.17145958152954 ], [ 174.448793200382909, -39.171467312206687 ], [ 174.448757831944022, -39.171467993301718 ], [ 174.448485687862302, -39.17147074100987 ], [ 174.447090424504154, -39.171472042584632 ], [ 174.446742074313022, -39.171468281988496 ], [ 174.446696808517117, -39.171467262473953 ], [ 174.44634876189059, -39.171455338233301 ], [ 174.444169878452442, -39.171355059758973 ], [ 174.444056855985565, -39.171349424782072 ], [ 174.444042168025277, -39.17134863626675 ], [ 174.44392922187356, -39.171342140238849 ], [ 174.442910459732474, -39.17127963773703 ], [ 174.441855671590872, -39.171224121870232 ], [ 174.440503391651191, -39.171824394618888 ], [ 174.440283288729432, -39.171889114126891 ], [ 174.436738648154574, -39.172460151910229 ], [ 174.436503622605898, -39.172468753156046 ], [ 174.432905786434333, -39.172159110622992 ], [ 174.432678853278162, -39.172110751629063 ], [ 174.429380136406422, -39.170950754862183 ], [ 174.429210553146447, -39.170864002122912 ], [ 174.429182503138065, -39.170859622209107 ], [ 174.42812457215399, -39.170688648305202 ], [ 174.427917541563488, -39.170657307675746 ], [ 174.427774905313441, -39.170718363134121 ], [ 174.426782865372189, -39.171096170942718 ], [ 174.42665118507287, -39.171140387369448 ], [ 174.425617375236357, -39.171442831928118 ], [ 174.424743847488088, -39.171661949841159 ], [ 174.423634251266378, -39.172468236181366 ], [ 174.423439262089971, -39.172570728694204 ], [ 174.420159409236618, -39.173762792693566 ], [ 174.419933268118172, -39.173813360129159 ], [ 174.416556999284069, -39.174137297866096 ], [ 174.416332417062932, -39.174392145100271 ], [ 174.416250417710273, -39.174476710267506 ], [ 174.415581753198012, -39.175104947789372 ], [ 174.414465658799799, -39.176061773608019 ], [ 174.413324673005718, -39.176914675006934 ], [ 174.413167320229263, -39.177017158864324 ], [ 174.41168777724539, -39.177836192046037 ], [ 174.411661655517122, -39.177848370185053 ], [ 174.410035683287788, -39.178477150207044 ], [ 174.409845336874412, -39.178536766053369 ], [ 174.408112981129051, -39.178959802835678 ], [ 174.408083302150089, -39.178965101285357 ], [ 174.406287236313943, -39.179171977302452 ], [ 174.406082534649812, -39.179182887601698 ], [ 174.404500518055926, -39.179182820594463 ], [ 174.403741510279019, -39.179142300176508 ], [ 174.403635925539589, -39.179136285185727 ], [ 174.403622204407981, -39.179135454372812 ], [ 174.403516694816204, -39.179128687626459 ], [ 174.401978269683042, -39.17902449419028 ], [ 174.401541353223763, -39.178988381778424 ], [ 174.401484689106098, -39.178982849528282 ], [ 174.400556811099023, -39.178833947489565 ], [ 174.398916909321002, -39.178709970344769 ], [ 174.398689152467256, -39.178663965758446 ], [ 174.397375637747956, -39.178218401610749 ], [ 174.397345687029457, -39.178217098864813 ], [ 174.397240052491981, -39.17820598451582 ], [ 174.397117983862586, -39.179293335031822 ], [ 174.397115485567866, -39.17930496254359 ], [ 174.397095689259913, -39.179394329626909 ], [ 174.396617865978385, -39.181488280526636 ], [ 174.396615945293917, -39.181496674422966 ], [ 174.396186104400357, -39.183362089354482 ], [ 174.395811098085744, -39.185007852177016 ], [ 174.396118854417551, -39.186523700699674 ], [ 174.396118767065701, -39.186706839987885 ], [ 174.395551053579794, -39.18948951265137 ], [ 174.39547824525593, -39.189663666846847 ], [ 174.394516878625751, -39.191130543437431 ], [ 174.394794309551685, -39.191394858904488 ], [ 174.39591624021449, -39.191777238447976 ], [ 174.395926054640853, -39.191778089832312 ], [ 174.396489040736412, -39.191837848409968 ], [ 174.396561939901432, -39.191847009888868 ], [ 174.397120479596111, -39.191928197169027 ], [ 174.397900928126859, -39.192057140863056 ], [ 174.398657120361889, -39.192159218017615 ], [ 174.398953953869835, -39.192202397328458 ], [ 174.39899244158201, -39.192208401372355 ], [ 174.399287726747957, -39.192257591972648 ], [ 174.400422778472887, -39.192458755703271 ], [ 174.400551742385119, -39.192482215870413 ], [ 174.400568484726136, -39.192485340232778 ], [ 174.400697095292969, -39.192509947179474 ], [ 174.401134067904792, -39.192595617880613 ], [ 174.402854784257244, -39.193047291785163 ], [ 174.403071200216431, -39.19311926141107 ], [ 174.406137168353411, -39.194618113214283 ], [ 174.406314421778319, -39.194738595986941 ], [ 174.407680997238799, -39.196012067320574 ], [ 174.407970829964484, -39.196240627260359 ], [ 174.408857357658349, -39.197026110565403 ], [ 174.40896461541675, -39.197133075217899 ], [ 174.409728206382539, -39.197993202849325 ], [ 174.41048510431159, -39.198961503117836 ], [ 174.410610211140664, -39.199125433122624 ], [ 174.410626183342856, -39.199146875575586 ], [ 174.410746802693041, -39.199312829467253 ], [ 174.411059415449699, -39.199753761548614 ], [ 174.411480685140845, -39.200409754914986 ], [ 174.411530901152076, -39.200496626105881 ], [ 174.41214363708076, -39.201826903680889 ], [ 174.412173476224439, -39.201912254768224 ], [ 174.412473410405966, -39.203145281608329 ], [ 174.412831925163289, -39.203700801212761 ], [ 174.413345766616857, -39.204127718342697 ], [ 174.41447943339648, -39.205231784621134 ], [ 174.414611476054063, -39.205383397696671 ], [ 174.416148958478345, -39.207934423521465 ], [ 174.416214326653403, -39.208110361302296 ], [ 174.416663369734408, -39.210906165040953 ], [ 174.4166556568305, -39.211089207121873 ], [ 174.415972169411049, -39.213856124650356 ], [ 174.415892121364777, -39.214028353064428 ], [ 174.414142881502869, -39.21649551516483 ], [ 174.413998327225954, -39.21664006852123 ], [ 174.411354493814258, -39.218565924622865 ], [ 174.411159581424869, -39.218668649561735 ], [ 174.407879966316727, -39.219864630557382 ], [ 174.407653778936634, -39.21991546850515 ], [ 174.404059506926188, -39.220264465424101 ], [ 174.403824193263944, -39.220258438397444 ], [ 174.400267232535498, -39.219726280384499 ], [ 174.400045835792895, -39.219663978886054 ], [ 174.397211422643778, -39.21844740417265 ], [ 174.396804326492514, -39.218303800628043 ], [ 174.396607760540405, -39.218203003731347 ], [ 174.395654129498467, -39.217525781943138 ], [ 174.395376706789108, -39.217420752816324 ], [ 174.395183739942837, -39.217315835101211 ], [ 174.392576248465645, -39.215360301106891 ], [ 174.392434414739597, -39.215214129907231 ], [ 174.390731506449413, -39.212727477836111 ], [ 174.390693278726019, -39.212641331913041 ], [ 174.39021819051294, -39.212054029625733 ], [ 174.390125519124581, -39.211885678552505 ], [ 174.390080690652923, -39.211747676129718 ], [ 174.389527622517704, -39.210993306048024 ], [ 174.389481829740447, -39.21091759408538 ], [ 174.389435876784461, -39.2108419409034 ], [ 174.389257893237527, -39.210477292354355 ], [ 174.388838610829936, -39.210435418704449 ], [ 174.388726440860665, -39.210423782194241 ], [ 174.388711835301052, -39.210422210440036 ], [ 174.388588588669933, -39.210408421424439 ], [ 174.388587892150468, -39.210408340519457 ], [ 174.387593096070333, -39.210257890146778 ], [ 174.387465120221123, -39.210233968614851 ], [ 174.386003579561475, -39.209879774525362 ], [ 174.385940750083165, -39.209860919381875 ], [ 174.385308683555877, -39.209654303656208 ], [ 174.385288866981085, -39.209647281584715 ], [ 174.385029773753899, -39.209552442986798 ], [ 174.385015877536489, -39.20954719210296 ], [ 174.384022937203127, -39.209124106838999 ], [ 174.383910731517773, -39.209070586799918 ], [ 174.38307080357697, -39.208629468874427 ], [ 174.381744531047161, -39.207865085982768 ], [ 174.381109434319995, -39.207534261157051 ], [ 174.380392233454728, -39.207128875605029 ], [ 174.380301726718415, -39.20707347677547 ], [ 174.380068912779308, -39.206919384442806 ], [ 174.37887318184687, -39.20883275435888 ], [ 174.378861564457395, -39.208851289504011 ], [ 174.378860050652236, -39.208853697724216 ], [ 174.378848378731533, -39.208872212120497 ], [ 174.377976067937027, -39.21025187088798 ], [ 174.377960400017173, -39.210276555563361 ], [ 174.377958356886779, -39.210279762140928 ], [ 174.377942592031218, -39.210304409427977 ], [ 174.376726249364083, -39.212198752190695 ], [ 174.376184758623964, -39.213200217754867 ], [ 174.37617910784715, -39.213210650115975 ], [ 174.376178372149866, -39.21321200596433 ], [ 174.376172704507411, -39.213222432808706 ], [ 174.375520453781036, -39.214420264710512 ], [ 174.37507513571498, -39.21523817043952 ], [ 174.374753358782442, -39.215836195282932 ], [ 174.374566307632563, -39.216473672856097 ], [ 174.375174331716238, -39.217351383026283 ], [ 174.375251167100203, -39.217484615597897 ], [ 174.375906798093467, -39.218946723415279 ], [ 174.375918720510072, -39.218983114104915 ], [ 174.37620957229322, -39.220234381109343 ], [ 174.376229828628823, -39.2203794084188 ], [ 174.376271939249392, -39.2219508072723 ], [ 174.376268715630289, -39.221988436672248 ], [ 174.376050488478256, -39.223228188049177 ], [ 174.3760122421441, -39.22337083208479 ], [ 174.375424991622936, -39.224882660285417 ], [ 174.375406869308705, -39.22491782689395 ], [ 174.374708735200414, -39.22604045688265 ], [ 174.374615789853863, -39.22616677122825 ], [ 174.373463662343994, -39.22745673450531 ], [ 174.373432347611072, -39.227485977507335 ], [ 174.3723119387586, -39.228394715735753 ], [ 174.372173455496522, -39.228492351251113 ], [ 174.370590710974653, -39.229428918651678 ], [ 174.37054920250722, -39.229449356897327 ], [ 174.369328809501383, -39.229959204096254 ], [ 174.369199481436823, -39.23043699206994 ], [ 174.369171249130062, -39.230538391074461 ], [ 174.369167481413257, -39.230551556064064 ], [ 174.369137748844054, -39.230652695360561 ], [ 174.368949214328069, -39.231277428227692 ], [ 174.372369987902829, -39.231579917889391 ], [ 174.372596915293258, -39.231628814116647 ], [ 174.375893873856626, -39.232796504565293 ], [ 174.376090275283303, -39.232897539709278 ], [ 174.378762052956972, -39.234800365758225 ], [ 174.378908706479734, -39.234943653140135 ], [ 174.3801018907524, -39.236582485211805 ], [ 174.380154680874085, -39.236638047707004 ], [ 174.380946351883892, -39.236434102383477 ], [ 174.381178730274172, -39.236404417178868 ], [ 174.384801636742594, -39.236388207438623 ], [ 174.385034439339677, -39.236415811369788 ], [ 174.388486542958361, -39.237270922707772 ], [ 174.388696990001677, -39.237353115047391 ], [ 174.391640484458605, -39.238995877864198 ], [ 174.391807981050221, -39.239124616047469 ], [ 174.393954775307947, -39.241394277290695 ], [ 174.39406292542742, -39.241556963035038 ], [ 174.39520282928143, -39.244231401972691 ], [ 174.395241040850522, -39.244412113146225 ], [ 174.395262357739085, -39.247229565180199 ], [ 174.395226881581266, -39.247410613346368 ], [ 174.394127386054663, -39.250095282605727 ], [ 174.3940216862363, -39.250258944171833 ], [ 174.391908894817703, -39.25254800186088 ], [ 174.391743312842209, -39.252678253496548 ], [ 174.391586027394823, -39.252783938580663 ], [ 174.391685080496757, -39.254086060782456 ], [ 174.391653603911209, -39.255467482942151 ], [ 174.391631868351283, -39.255645767641994 ], [ 174.391318909981493, -39.257037764994038 ], [ 174.391317596321528, -39.257041738419517 ], [ 174.390728379640677, -39.258378532668111 ], [ 174.390636838748293, -39.258542868527336 ], [ 174.389807556323007, -39.259764867588096 ], [ 174.389338286472167, -39.260343842777075 ], [ 174.388795588471879, -39.261871706814404 ], [ 174.388759513561894, -39.261971043836894 ], [ 174.388754728768333, -39.261983936330751 ], [ 174.388717191467464, -39.262082945367233 ], [ 174.388578213526728, -39.262441913865011 ], [ 174.388442166260631, -39.262814226251074 ], [ 174.389024168127321, -39.262933932159569 ], [ 174.38959620027336, -39.263063911689741 ], [ 174.389669956475529, -39.263082284189984 ], [ 174.39023263530143, -39.263234958563679 ], [ 174.390914384394904, -39.263435373456772 ], [ 174.391113488988282, -39.263204501302603 ], [ 174.392241045811915, -39.262096111339055 ], [ 174.392401221078757, -39.261961819535067 ], [ 174.395250791206536, -39.260220864623129 ], [ 174.395456499738543, -39.260131618105007 ], [ 174.39724181898606, -39.259621914805983 ], [ 174.396502909448856, -39.257043347281716 ], [ 174.396497843199825, -39.256980019903615 ], [ 174.396413484564874, -39.25669238717699 ], [ 174.39628579823551, -39.256192028494816 ], [ 174.396271581144845, -39.256126668678291 ], [ 174.396110053536461, -39.254719154836216 ], [ 174.396108476515991, -39.254601789412014 ], [ 174.396232141962031, -39.253191958732785 ], [ 174.396244598834528, -39.253126382206425 ], [ 174.39635880305039, -39.25262405816887 ], [ 174.396644290007089, -39.251547219482717 ], [ 174.396674632161222, -39.251436305036023 ], [ 174.396678693234378, -39.251421906036967 ], [ 174.396710829125908, -39.251311297420671 ], [ 174.396993528451219, -39.250365988835718 ], [ 174.397136388706457, -39.249811590275513 ], [ 174.397193991129029, -39.249601134464257 ], [ 174.397201898691634, -39.249573848662841 ], [ 174.397265951059524, -39.24936452290963 ], [ 174.397465348758203, -39.248745797279696 ], [ 174.397577174830246, -39.248424157342704 ], [ 174.397592701813181, -39.248382567516082 ], [ 174.398234715610783, -39.247060570214103 ], [ 174.398311470615738, -39.246933664359915 ], [ 174.399211518399341, -39.245706026645657 ], [ 174.399242812341214, -39.245670202561683 ], [ 174.399490091098926, -39.2453980956046 ], [ 174.400087252932082, -39.244766103949623 ], [ 174.400239279354764, -39.244604697059579 ], [ 174.400351247963812, -39.244292516421233 ], [ 174.4004492285666, -39.244125978546904 ], [ 174.402453437568482, -39.241778741965391 ], [ 174.402612795788087, -39.241643895261419 ], [ 174.405451546582611, -39.239893067278565 ], [ 174.405656682950081, -39.239803107961819 ], [ 174.409052136239865, -39.238820020945241 ], [ 174.409282975629992, -39.238783752019565 ], [ 174.412902869610775, -39.238664606010651 ], [ 174.413136824405655, -39.238685576651569 ], [ 174.416626957316765, -39.239442034602867 ], [ 174.416841135175559, -39.239518193151405 ], [ 174.419859984102686, -39.241076239231184 ], [ 174.420033425470336, -39.241200133607201 ], [ 174.422285532850793, -39.2434073063475 ], [ 174.422401260461612, -39.243566812423907 ], [ 174.423666137033251, -39.246207109269108 ], [ 174.423712817615979, -39.246386616323065 ], [ 174.423932142194928, -39.247789413763876 ], [ 174.42396305685358, -39.248355508454935 ], [ 174.423972860531507, -39.248644110301683 ], [ 174.423973361328677, -39.248681634783352 ], [ 174.423849571481298, -39.250091478086297 ], [ 174.423822125871169, -39.250235891286913 ], [ 174.423416191425218, -39.251613318393069 ], [ 174.423401753365255, -39.251649126507296 ], [ 174.422723655100242, -39.252960217211005 ], [ 174.42264015154592, -39.253090966979677 ], [ 174.421731874211389, -39.254270572206707 ], [ 174.421754276252813, -39.254290005130251 ], [ 174.421890980071083, -39.254250363539448 ], [ 174.42217592240263, -39.254087239951275 ], [ 174.422385118135992, -39.254003056984573 ], [ 174.425824434807737, -39.253115258885721 ], [ 174.42597237917272, -39.253096282955568 ], [ 174.426412647816221, -39.252961754414137 ], [ 174.426627913997891, -39.252910727251752 ], [ 174.428321740423655, -39.252614949129097 ], [ 174.429724626274776, -39.25245463110555 ], [ 174.430703199235666, -39.252019995089633 ], [ 174.430706839291503, -39.252018661037951 ], [ 174.43240659958326, -39.251518268244496 ], [ 174.432628934007766, -39.25146791809243 ], [ 174.43410783031257, -39.25122896582203 ], [ 174.4343492009572, -39.250928532243101 ], [ 174.434585335641572, -39.250646482391602 ], [ 174.434616903308353, -39.250610274568061 ], [ 174.435751585338664, -39.249506374344172 ], [ 174.435874518249506, -39.249404343792648 ], [ 174.437217291057408, -39.248452029940708 ], [ 174.437261701808751, -39.248425177778913 ], [ 174.437608286513381, -39.248223586190967 ], [ 174.438072182681623, -39.247964125011748 ], [ 174.438472958797462, -39.247749749098936 ], [ 174.438525789071122, -39.247722742966744 ], [ 174.440118054783255, -39.247041466229732 ], [ 174.440275590177862, -39.246986098484442 ], [ 174.441985290953198, -39.246506858488992 ], [ 174.442046266811872, -39.246493866046514 ], [ 174.442518011053522, -39.246401583839244 ], [ 174.442592109223312, -39.246388368679476 ], [ 174.44303911225478, -39.246267151009462 ], [ 174.443128982799493, -39.246245207519365 ], [ 174.444900262592995, -39.245928913228454 ], [ 174.445040759471595, -39.245912714291819 ], [ 174.44685385868371, -39.245815738889824 ], [ 174.446948050978307, -39.245816460427356 ], [ 174.447672383979466, -39.245839649313169 ], [ 174.448347119103232, -39.245877723487901 ], [ 174.448560279549667, -39.245660975329749 ], [ 174.449431340826521, -39.244847190239703 ], [ 174.449752891954262, -39.244559390502566 ], [ 174.449795692910925, -39.244522681083552 ], [ 174.451008775510502, -39.243633640284123 ], [ 174.450945151586922, -39.243335815689484 ], [ 174.450943377231596, -39.243152678441632 ], [ 174.45148320451176, -39.240366547172194 ], [ 174.451554290841102, -39.240191946360895 ], [ 174.453174769542613, -39.237671875809149 ], [ 174.453311750900554, -39.237522900316186 ], [ 174.455854178778395, -39.235515527142525 ], [ 174.45604364389402, -39.235406756314404 ], [ 174.459259154162083, -39.234108522805371 ], [ 174.459482559921753, -39.234050600628471 ], [ 174.461337074118973, -39.233810854139541 ], [ 174.461573847251287, -39.232850596943919 ], [ 174.461613025663411, -39.231994923789898 ], [ 174.461713417320709, -39.231089834540491 ], [ 174.461734055682541, -39.230972983530847 ], [ 174.461951175745014, -39.230080364720791 ], [ 174.462557119516504, -39.228132822783827 ], [ 174.462837510090964, -39.227377496081317 ], [ 174.46287939629147, -39.227280726896531 ], [ 174.463110328901053, -39.226815433541624 ], [ 174.463004396627156, -39.226389381000402 ], [ 174.462989401986164, -39.226317259825663 ], [ 174.462981027718399, -39.226236952348202 ], [ 174.462545396900225, -39.226238451816549 ], [ 174.462433727358103, -39.226232002517847 ], [ 174.460637972783985, -39.226017096474649 ], [ 174.460517062096812, -39.225994956024202 ], [ 174.458786661082229, -39.225564173535119 ], [ 174.458683022293457, -39.225531196890024 ], [ 174.457897952301096, -39.225254430982936 ], [ 174.456269745158863, -39.224622565130296 ], [ 174.455615987566119, -39.224348132139362 ], [ 174.455532557681948, -39.224310372684378 ], [ 174.454038769395169, -39.223506003951748 ], [ 174.453930551289204, -39.223437365220818 ], [ 174.452616968265232, -39.222461124125488 ], [ 174.452552627358301, -39.222405158319191 ], [ 174.452075465866443, -39.221962294353801 ], [ 174.450720077638096, -39.220618999735962 ], [ 174.449770796537024, -39.219520624422529 ], [ 174.449661510801519, -39.219371571524889 ], [ 174.448888084620165, -39.218092886828586 ], [ 174.448882774659239, -39.21808195400056 ], [ 174.44837604221479, -39.216724894571662 ], [ 174.448331323296912, -39.216556867057022 ], [ 174.44810976156495, -39.215244631133494 ], [ 174.448029008903205, -39.214144640882317 ], [ 174.448021130962388, -39.214022847223909 ], [ 174.448020244678389, -39.214007009379984 ], [ 174.448083872377282, -39.212594727583294 ], [ 174.448108268841708, -39.212428337883608 ], [ 174.448455095106169, -39.211041185395231 ], [ 174.448460543149167, -39.211025909616829 ], [ 174.448503473774053, -39.210908624362062 ], [ 174.449226574497402, -39.208982671617598 ], [ 174.449377147874856, -39.208611595355158 ], [ 174.449398052462328, -39.208563706869079 ], [ 174.450115295074397, -39.207265391831513 ], [ 174.450194924369271, -39.207147678642698 ], [ 174.451164359295518, -39.205952630845381 ], [ 174.451203259577767, -39.205912111173525 ], [ 174.451511148295651, -39.205605451768527 ], [ 174.452118283617068, -39.205026942048342 ], [ 174.452455052819346, -39.204701026679039 ], [ 174.452889091477999, -39.204304975194766 ], [ 174.452947380510636, -39.204254799423026 ], [ 174.453386681223719, -39.203897936950071 ], [ 174.454127827966914, -39.202316135857288 ], [ 174.454242049995599, -39.20215599964834 ], [ 174.456472935323546, -39.199936556480147 ], [ 174.456645157488452, -39.199811716697312 ], [ 174.459648179668903, -39.198237209989543 ], [ 174.459861544692274, -39.198159883351188 ], [ 174.463342804389299, -39.197384389145164 ], [ 174.46357643276238, -39.197362142435466 ], [ 174.467195280542938, -39.197461547187004 ], [ 174.467426312010701, -39.197496557514945 ], [ 174.470828647475884, -39.198461139076912 ], [ 174.471034475354145, -39.1985499809769 ], [ 174.473887356417691, -39.200285357109337 ], [ 174.474047837329977, -39.20041933724319 ], [ 174.476072031883035, -39.202755690007756 ], [ 174.47617145581961, -39.202921696936222 ], [ 174.477168764295186, -39.205630375518254 ], [ 174.477197392805834, -39.205812161815324 ], [ 174.477276160012821, -39.207224002108056 ], [ 174.477202093273945, -39.208862097123898 ], [ 174.477198367021913, -39.208906196657402 ], [ 174.478486319323508, -39.209646357143022 ], [ 174.478658696465175, -39.20976273658227 ], [ 174.479932981828142, -39.21076984777757 ], [ 174.479937655878871, -39.210774173814251 ], [ 174.47997350689306, -39.210807518520262 ], [ 174.480509290843287, -39.21130829238497 ], [ 174.480539895637293, -39.211337017875692 ], [ 174.480543864301978, -39.211340758584399 ], [ 174.480574315887708, -39.211369582458197 ], [ 174.482161359476066, -39.212878111583308 ], [ 174.482249047370971, -39.212962490954737 ], [ 174.482260361456724, -39.212973513292177 ], [ 174.482346736418549, -39.213058708343951 ], [ 174.482985125498033, -39.213696229878174 ], [ 174.483735366213523, -39.214540619309204 ], [ 174.483824553543826, -39.214654349963261 ], [ 174.484446424449715, -39.215559663664955 ], [ 174.48519002591226, -39.216808586921502 ], [ 174.48605591982556, -39.217859452999662 ], [ 174.486519683992896, -39.21847459151855 ], [ 174.486575812399337, -39.218556289390449 ], [ 174.48730375106706, -39.219851060318227 ], [ 174.487342106289276, -39.219937114993442 ], [ 174.487800715369332, -39.221304522360427 ], [ 174.487821643790483, -39.221395713407922 ], [ 174.487999614679438, -39.22280208998955 ], [ 174.48800190681925, -39.222893152331054 ], [ 174.487894839395665, -39.224303869249511 ], [ 174.487878514822114, -39.224395627530384 ], [ 174.48779325712303, -39.224766129570966 ], [ 174.487961902463269, -39.225347234508739 ], [ 174.488109716364306, -39.225952150768038 ], [ 174.488125455494412, -39.226031208611715 ], [ 174.4882617529274, -39.227440399172728 ], [ 174.48826129245694, -39.227544101467316 ], [ 174.488112478021407, -39.228952525682658 ], [ 174.488096036168741, -39.229031497006432 ], [ 174.487942841935848, -39.229635603775918 ], [ 174.487570834582868, -39.230877290564315 ], [ 174.487213496103891, -39.231829330119112 ], [ 174.48715843287647, -39.2319507335352 ], [ 174.486668643195543, -39.2328664382825 ], [ 174.486250741850711, -39.233540445919139 ], [ 174.486218075575863, -39.233645551256345 ], [ 174.486189724234947, -39.234269498741789 ], [ 174.486124061146654, -39.234960281722806 ], [ 174.486111100018775, -39.235049695576443 ], [ 174.485977360446611, -39.235734510259569 ], [ 174.485723051368296, -39.236767338733131 ], [ 174.485685790983439, -39.238218326782132 ], [ 174.485638722015523, -39.238869257494677 ], [ 174.485628674741804, -39.238953595479856 ], [ 174.485541592646712, -39.23934593489772 ], [ 174.485951209187022, -39.23939228993595 ], [ 174.486017289425092, -39.239401562745662 ], [ 174.48751763645754, -39.239693702781871 ], [ 174.487645036227917, -39.23972567458987 ], [ 174.488859453265434, -39.240090214084852 ], [ 174.488891588510938, -39.24010151229156 ], [ 174.489017974801243, -39.240150039155239 ], [ 174.49125090177219, -39.240732220826914 ], [ 174.491459744268866, -39.240816886474335 ], [ 174.494371190593, -39.242494209982148 ], [ 174.494536176721567, -39.242624912436142 ], [ 174.495248725205414, -39.243402633866708 ], [ 174.495325404443435, -39.243461109414277 ], [ 174.495674687782241, -39.243744684444529 ], [ 174.495716729832907, -39.243778997477314 ], [ 174.495722180170731, -39.243783469322587 ], [ 174.495763989471556, -39.243817953909627 ], [ 174.49629901580127, -39.244261575795882 ], [ 174.496380474226243, -39.244328198758247 ], [ 174.496621718553968, -39.244490395926249 ], [ 174.497712112959107, -39.243190869487442 ], [ 174.497870084851343, -39.24305502680275 ], [ 174.500690860818452, -39.241286464762197 ], [ 174.500895075526444, -39.241195224378707 ], [ 174.502536975375904, -39.24058949976726 ], [ 174.50278917223622, -39.240514685129476 ], [ 174.503214038358465, -39.239756911289206 ], [ 174.503225537559501, -39.23973647067195 ], [ 174.503227036685729, -39.239733814835418 ], [ 174.50323860096529, -39.239713396429174 ], [ 174.503669997978648, -39.238954243562667 ], [ 174.504084264445709, -39.238210437859124 ], [ 174.504245090679916, -39.237934495252787 ], [ 174.504266767874043, -39.237898906281295 ], [ 174.504439436898338, -39.237627326230182 ], [ 174.504931475514979, -39.236885107650906 ], [ 174.5052308979798, -39.23646172158287 ], [ 174.505271692601553, -39.23640753270638 ], [ 174.505599879591784, -39.235997243665778 ], [ 174.506045751388797, -39.23547179356234 ], [ 174.506818673878342, -39.234663222219716 ], [ 174.506926386813745, -39.234562800585529 ], [ 174.507552617881174, -39.234041265988175 ], [ 174.507524875850976, -39.233924844806076 ], [ 174.507511576837061, -39.233858446333073 ], [ 174.507373637213078, -39.232449340577787 ], [ 174.507374019911566, -39.2323328672096 ], [ 174.507521211577313, -39.230924327599091 ], [ 174.5075349458902, -39.23085798278494 ], [ 174.50796362701729, -39.229484690576548 ], [ 174.508010267060399, -39.229374009403017 ], [ 174.508709865753417, -39.228069775807988 ], [ 174.50874928585074, -39.228009978439417 ], [ 174.509702564393393, -39.226806912855437 ], [ 174.509790891799753, -39.226712856651403 ], [ 174.510974368723197, -39.225640575752294 ], [ 174.511035614051991, -39.225593178105271 ], [ 174.512420147460432, -39.224678078507523 ], [ 174.512541514594233, -39.224609851969973 ], [ 174.514093015124274, -39.223874459079788 ], [ 174.514170090720341, -39.223844099480921 ], [ 174.514771601688892, -39.223623807921307 ], [ 174.515528478494502, -39.223366992788009 ], [ 174.516222647132935, -39.223180351188397 ], [ 174.51659649376262, -39.222421140013054 ], [ 174.516615167427943, -39.222389574222092 ], [ 174.516763443855268, -39.222148418705331 ], [ 174.51726435856051, -39.221363853735163 ], [ 174.517351953180878, -39.221229488272336 ], [ 174.517363527480569, -39.221212096061343 ], [ 174.51832272323503, -39.220011915936738 ], [ 174.518447572785192, -39.21988003520417 ], [ 174.519636288909965, -39.218811335060643 ], [ 174.5196542051238, -39.218797575773301 ], [ 174.519793160023397, -39.218692631696499 ], [ 174.520465383877109, -39.218193363916583 ], [ 174.520762321981181, -39.217980398194207 ], [ 174.520780789257088, -39.217967609598404 ], [ 174.521276527125792, -39.2161969326989 ], [ 174.521506384950328, -39.215508049711922 ], [ 174.521540764788, -39.215419552459608 ], [ 174.521839826913435, -39.214746939070842 ], [ 174.52354067552605, -39.211360810114577 ], [ 174.523753739645684, -39.210243062620606 ], [ 174.524044115283658, -39.209172651093652 ], [ 174.524092567834003, -39.209035791225908 ], [ 174.524710826028723, -39.207706966371909 ], [ 174.524732908507787, -39.207669090682472 ], [ 174.525610718550155, -39.20643186337189 ], [ 174.525711154295266, -39.2063133486878 ], [ 174.526555026616307, -39.205438268518286 ], [ 174.527335232248845, -39.204724047901607 ], [ 174.527714471336139, -39.204393694805923 ], [ 174.527765099325222, -39.204351717750725 ], [ 174.529108085340226, -39.203400223667174 ], [ 174.529236082855505, -39.203322914623463 ], [ 174.529471863890194, -39.203202310811029 ], [ 174.530124063401473, -39.202294742610505 ], [ 174.530197862370272, -39.20220867921531 ], [ 174.530797065187187, -39.201572725950236 ], [ 174.530777422847393, -39.201025207354604 ], [ 174.530783075548669, -39.200886199837157 ], [ 174.530908470908855, -39.199818927614402 ], [ 174.531011397933582, -39.199291522116781 ], [ 174.531119249702783, -39.198822743908835 ], [ 174.531135330567025, -39.198762133667771 ], [ 174.531274876499424, -39.198298446586087 ], [ 174.53157632903293, -39.197403982782191 ], [ 174.531692777357677, -39.197082824841459 ], [ 174.531708904236609, -39.197041306814306 ], [ 174.531840561676461, -39.196723725856735 ], [ 174.532067497845702, -39.196209139303356 ], [ 174.532218154895901, -39.195783031554782 ], [ 174.532464203137238, -39.19505464236768 ], [ 174.532547639938514, -39.194820527011316 ], [ 174.532559012218456, -39.194790211380109 ], [ 174.533203112704342, -39.193468866609514 ], [ 174.533286445284489, -39.193331512048452 ], [ 174.534188218097142, -39.192104832929999 ], [ 174.534211071291736, -39.192078735226957 ], [ 174.534390344528617, -39.191879828814379 ], [ 174.535537869733474, -39.190642443148306 ], [ 174.536358000502673, -39.189736770814456 ], [ 174.536781715763567, -39.189297892803722 ], [ 174.536838980551011, -39.189242197299542 ], [ 174.537296261956072, -39.188824221263651 ], [ 174.537905283605255, -39.188300735688998 ], [ 174.538531357731017, -39.187513715308029 ], [ 174.538899246663732, -39.187079751345067 ], [ 174.538949123569466, -39.187024456757108 ], [ 174.539348571556843, -39.18660773463872 ], [ 174.540191322449175, -39.185779516314142 ], [ 174.540293489853042, -39.185680550169131 ], [ 174.540306887447002, -39.185667758051402 ], [ 174.540410836871985, -39.185569922383557 ], [ 174.540928537235317, -39.185089598800417 ], [ 174.541596642548114, -39.18446279890572 ], [ 174.5416118200867, -39.184448589224345 ], [ 174.541613795599034, -39.184446743542978 ], [ 174.541629010557813, -39.184432558126119 ], [ 174.542243154624487, -39.183861156913665 ], [ 174.542251487526187, -39.18385341258363 ], [ 174.542976559348944, -39.183181494941415 ], [ 174.543331949315416, -39.182867282224983 ], [ 174.54337934426087, -39.182827291957921 ], [ 174.543753107295146, -39.182526269735618 ], [ 174.543952610808986, -39.182372890706944 ], [ 174.544463044224585, -39.181673006112597 ], [ 174.544609794108396, -39.181529827984562 ], [ 174.546098274886106, -39.180471212480889 ], [ 174.546189677108856, -39.180385509444015 ], [ 174.546246277934443, -39.180335414468338 ], [ 174.546695782874906, -39.179959729172445 ], [ 174.547388779824871, -39.179412656381892 ], [ 174.547527466610859, -39.179300602453054 ], [ 174.54763095813405, -39.179191430068663 ], [ 174.547681516060436, -39.179138503491551 ], [ 174.547688120865502, -39.179131641857062 ], [ 174.547739175324551, -39.179079004826619 ], [ 174.548155716756639, -39.178652801941453 ], [ 174.548849526905627, -39.1774152985477 ], [ 174.548976219722505, -39.177260957809267 ], [ 174.550209394609283, -39.176178898706112 ], [ 174.550218984813426, -39.17583716534196 ], [ 174.550330042490202, -39.174773729006759 ], [ 174.550354931287956, -39.174636631791984 ], [ 174.55062677571209, -39.173590879849456 ], [ 174.550911192804307, -39.172755001830318 ], [ 174.551177702577291, -39.172079896495411 ], [ 174.551216712700437, -39.171993324273444 ], [ 174.551550358095284, -39.171336549069167 ], [ 174.552114006403855, -39.170342816499314 ], [ 174.55233127792178, -39.169951289931475 ], [ 174.5522163550512, -39.169752456617886 ], [ 174.551644012236039, -39.168677820607989 ], [ 174.551389627727161, -39.168154841226901 ], [ 174.551359300100984, -39.168086120574337 ], [ 174.550905993734148, -39.16671765882834 ], [ 174.550881325899496, -39.166608300148958 ], [ 174.550708612260905, -39.16520148428647 ], [ 174.550707049689152, -39.165128831727237 ], [ 174.550717328658976, -39.164569675215382 ], [ 174.550725999998008, -39.164420960188473 ], [ 174.550506557699606, -39.163434534312657 ], [ 174.55049795651496, -39.16339535623105 ], [ 174.550496852803491, -39.163390261184581 ], [ 174.550488473811328, -39.163351053935884 ], [ 174.550386514482824, -39.162867369047426 ], [ 174.55024146580746, -39.161736274855834 ], [ 174.55023458069752, -39.161588893652883 ], [ 174.550264771997092, -39.160711956968946 ], [ 174.550206665492567, -39.160624695605975 ], [ 174.549822607017745, -39.159988290194313 ], [ 174.549776901214926, -39.159904167288843 ], [ 174.549457792949738, -39.159246374344633 ], [ 174.549160298852996, -39.158552279153213 ], [ 174.548842728785729, -39.157814180589845 ], [ 174.548743536043048, -39.157572370149282 ], [ 174.548731212556078, -39.157540799559975 ], [ 174.548640813161057, -39.157296908633107 ], [ 174.548373776497499, -39.156536378456956 ], [ 174.54806699691315, -39.155699594451121 ], [ 174.547802461935362, -39.154809014659158 ], [ 174.54777569786998, -39.154692180393326 ], [ 174.547628476431868, -39.153785310111047 ], [ 174.547567143574184, -39.153149442599364 ], [ 174.547560018533744, -39.1530709874284 ], [ 174.547559149494816, -39.153060785301562 ], [ 174.547581497861586, -39.151647665423368 ], [ 174.547601661868782, -39.151475331566665 ], [ 174.547907639100146, -39.150082330449912 ], [ 174.547910861465169, -39.15007241853791 ], [ 174.547936076436457, -39.149996257333846 ], [ 174.548234619552062, -39.149110519644687 ], [ 174.548279724786454, -39.148980654467557 ], [ 174.548285750058994, -39.148963807034242 ], [ 174.548333341320927, -39.148834480928407 ], [ 174.548647126821294, -39.148005217386313 ], [ 174.548895650617993, -39.147338431010759 ], [ 174.549121501924333, -39.146526266424182 ], [ 174.549313000440918, -39.145735198235485 ], [ 174.549585746737051, -39.14485447055678 ], [ 174.549628499574055, -39.144741652486225 ], [ 174.55001348792581, -39.143886717164598 ], [ 174.550044490105279, -39.143827579425469 ], [ 174.550257237481986, -39.142703009082354 ], [ 174.550299038669834, -39.142552065449124 ], [ 174.550819610756065, -39.141198224385128 ], [ 174.550833078050459, -39.141171142938354 ], [ 174.55161917833783, -39.139897380437681 ], [ 174.551718825236321, -39.139763882010413 ], [ 174.552572664922366, -39.138776503074865 ], [ 174.55331338637717, -39.138031395943436 ], [ 174.554407418442395, -39.13707895302386 ], [ 174.554560175894153, -39.136963596073279 ], [ 174.555816258792248, -39.136141314958067 ], [ 174.556501739989557, -39.135753703338004 ], [ 174.556753274360489, -39.135615413669839 ], [ 174.556786275237499, -39.135597778144728 ], [ 174.557106938192732, -39.135453843681482 ], [ 174.557191041560003, -39.135290147534974 ], [ 174.557239752263484, -39.135213416134107 ], [ 174.55764218748277, -39.134633855205934 ], [ 174.55770566682753, -39.134549925863496 ], [ 174.557855035867078, -39.133858766762486 ], [ 174.557878195573295, -39.133755291237797 ], [ 174.557881306943983, -39.133741853549523 ], [ 174.557906014477282, -39.133638595408037 ], [ 174.558087995383602, -39.132901925695499 ], [ 174.558270415221727, -39.132148714230496 ], [ 174.558363142133487, -39.131803164140138 ], [ 174.558376322100003, -39.131758443838777 ], [ 174.558452947461205, -39.131519982815696 ], [ 174.55843492120988, -39.131226053359264 ], [ 174.558433321605577, -39.131184496461429 ], [ 174.558428306587615, -39.130864657799584 ], [ 174.55842943138893, -39.130706727903316 ], [ 174.558414488510977, -39.129967576256583 ], [ 174.558528352329006, -39.128557122589669 ], [ 174.558561476473926, -39.12837579404998 ], [ 174.559625052569629, -39.12568255443923 ], [ 174.559687134037773, -39.12558383458353 ], [ 174.559122026084225, -39.124605160460867 ], [ 174.558845352033188, -39.124003805813217 ], [ 174.558771451404027, -39.123865409296087 ], [ 174.558489915055162, -39.123282004267416 ], [ 174.558456726508808, -39.123205266520948 ], [ 174.558014190030349, -39.121834711077106 ], [ 174.55799215445569, -39.121733417118222 ], [ 174.557830321358779, -39.120325810229353 ], [ 174.557829200887596, -39.120244839632981 ], [ 174.557917486347435, -39.11923145494054 ], [ 174.557395696712518, -39.118687604845988 ], [ 174.557286135711109, -39.118525550368268 ], [ 174.556122045550381, -39.115857691068754 ], [ 174.556082136622052, -39.115677194135095 ], [ 174.556033334058071, -39.112859682084142 ], [ 174.556066975106489, -39.112678411888126 ], [ 174.556891352437447, -39.110607053139439 ], [ 174.556565520581472, -39.109341674441403 ], [ 174.556557109295909, -39.109287071253618 ], [ 174.55650507608155, -39.108865862161309 ], [ 174.556412199835194, -39.107868898718849 ], [ 174.556404547724668, -39.107780774558165 ], [ 174.55640362507728, -39.107769314892288 ], [ 174.556397082610971, -39.107681136501014 ], [ 174.556325967516671, -39.106633508072989 ], [ 174.556321873258952, -39.106568778017653 ], [ 174.556321379872401, -39.10656036172724 ], [ 174.556317883566891, -39.106495610391868 ], [ 174.556284183059233, -39.105813001283217 ], [ 174.556282659632473, -39.105153021299735 ], [ 174.556286493872705, -39.105067333429652 ], [ 174.556287124185332, -39.105060476398329 ], [ 174.554052200751642, -39.103170116238822 ], [ 174.553921947290803, -39.103017650266104 ], [ 174.552413714498812, -39.100456638428234 ], [ 174.552350310517141, -39.100280272250444 ], [ 174.551931629994044, -39.097481451505459 ], [ 174.551941273987779, -39.097298450638228 ], [ 174.552652993758556, -39.094535796995693 ], [ 174.552734732717568, -39.094364074265535 ], [ 174.553496887562886, -39.093081688047398 ], [ 174.554016622268165, -39.092361434737711 ], [ 174.554873469791971, -39.091342150490242 ], [ 174.554995824717537, -39.091216108155365 ], [ 174.556200005176407, -39.090159398404992 ], [ 174.556223473780847, -39.090141802273401 ], [ 174.557624913343631, -39.089244886005453 ], [ 174.557791251604044, -39.08915447325284 ], [ 174.558031441430273, -39.089061082730872 ], [ 174.558013892150257, -39.089040538936956 ], [ 174.558027571666571, -39.089033441865993 ], [ 174.559423594045114, -39.088519771563973 ], [ 174.560804980520146, -39.087982621498945 ], [ 174.560820597235761, -39.087978634467198 ], [ 174.56083045602179, -39.088002087885826 ], [ 174.561073179548885, -39.087912770262868 ], [ 174.561267221793003, -39.087866834585881 ], [ 174.562790590858384, -39.087592345338244 ], [ 174.563216320682159, -39.08753896432809 ], [ 174.56347871065887, -39.087508466847865 ], [ 174.563512875236398, -39.087504807765377 ], [ 174.565323227081791, -39.087422826153002 ], [ 174.565524077875779, -39.087426033428827 ], [ 174.567328603688082, -39.087565739222185 ], [ 174.567362547353895, -39.087570485898382 ], [ 174.569116830423042, -39.087928443504886 ], [ 174.569306583629157, -39.087979858292975 ], [ 174.570967444670544, -39.088547255152477 ], [ 174.570997846008595, -39.088559943167013 ], [ 174.571230265249966, -39.088659635059415 ], [ 174.572042309373671, -39.089017465494074 ], [ 174.572257216006733, -39.089114553496792 ], [ 174.572284976639622, -39.089127407432848 ], [ 174.572497156673279, -39.08922807229785 ], [ 174.573884446461676, -39.089902260800258 ], [ 174.57402282464443, -39.089953770341978 ], [ 174.575561582636993, -39.090507669738294 ], [ 174.575702887195405, -39.09055943846873 ], [ 174.575721197629321, -39.090566264787135 ], [ 174.577290700266133, -39.091274293292557 ], [ 174.577467716721259, -39.091369332619585 ], [ 174.578875807318298, -39.092259961537273 ], [ 174.578890515580326, -39.092270862845773 ], [ 174.579002929276271, -39.092355314621713 ], [ 174.579864292975969, -39.093011217617388 ], [ 174.580838872897914, -39.09385309125453 ], [ 174.580956245253248, -39.093968302937753 ], [ 174.581787393044976, -39.094898917883363 ], [ 174.582300241201011, -39.095558063335126 ], [ 174.582685096138675, -39.096092962549143 ], [ 174.582732033454306, -39.096163745275454 ], [ 174.583435639219118, -39.097466322232307 ], [ 174.583477622601748, -39.097565084978797 ], [ 174.583911086639546, -39.098937391750241 ], [ 174.583927658774513, -39.099016012401229 ], [ 174.584028699010418, -39.099624170243416 ], [ 174.584103005085751, -39.100233790218276 ], [ 174.584145912114423, -39.100732482478868 ], [ 174.584149177987115, -39.100797383107732 ], [ 174.584077822137317, -39.102209550415139 ], [ 174.584059900172178, -39.102327451046953 ], [ 174.583705890927462, -39.103713533217409 ], [ 174.58368325661948, -39.103776043587757 ], [ 174.583055295096528, -39.105101907584896 ], [ 174.582991486841564, -39.105209721796975 ], [ 174.582126367171696, -39.106413025945791 ], [ 174.582545371819634, -39.107022049201717 ], [ 174.582663275844681, -39.107198052327391 ], [ 174.582678277886743, -39.10722106156102 ], [ 174.583370397928292, -39.108527402134079 ], [ 174.583432682136589, -39.108677369496519 ], [ 174.583854005029252, -39.110051980139936 ], [ 174.58385914736246, -39.110077475070341 ], [ 174.583999281005077, -39.11148651108428 ], [ 174.583999035770518, -39.111644133742445 ], [ 174.583854512105859, -39.113052900430915 ], [ 174.583849290131695, -39.113078385549301 ], [ 174.583806347251851, -39.113274079968839 ], [ 174.583633309132438, -39.11401345914156 ], [ 174.583599984384136, -39.114149882244782 ], [ 174.583595476907192, -39.114167590173707 ], [ 174.583571166719338, -39.114259379476756 ], [ 174.58368960529927, -39.114671494516948 ], [ 174.583786339528331, -39.115044970797797 ], [ 174.583797591446512, -39.115093708159527 ], [ 174.583977641581356, -39.116499988637223 ], [ 174.583981233842877, -39.116634043046119 ], [ 174.583876670086227, -39.118044951447722 ], [ 174.583868038239416, -39.118094012114291 ], [ 174.583791389391536, -39.118470307486319 ], [ 174.583591014659248, -39.119335354549463 ], [ 174.58339866668598, -39.120014505773753 ], [ 174.583369325503071, -39.12010191224897 ], [ 174.583110270047115, -39.120767475871922 ], [ 174.582886509803501, -39.121271394114352 ], [ 174.582933843605957, -39.122491133607312 ], [ 174.582904094189814, -39.122672818670189 ], [ 174.581890654983169, -39.125377783615427 ], [ 174.581790277967968, -39.125543414269679 ], [ 174.581740402740991, -39.125600429222303 ], [ 174.582829469401076, -39.128075590813417 ], [ 174.582869970193258, -39.128256010565039 ], [ 174.583041284072635, -39.129662952089589 ], [ 174.583058584623132, -39.130504208974365 ], [ 174.583059900909944, -39.130600080498333 ], [ 174.583059986848014, -39.130612544152598 ], [ 174.583059987370177, -39.130621118024372 ], [ 174.583073967571892, -39.130786459409734 ], [ 174.583075162640739, -39.130800766928559 ], [ 174.583075316098729, -39.130802627001245 ], [ 174.583076481922149, -39.130816935985095 ], [ 174.583163038747159, -39.131892848109707 ], [ 174.583167487257072, -39.131951173749236 ], [ 174.583168033978524, -39.131958757463487 ], [ 174.583127297213622, -39.133371655166975 ], [ 174.583104558807378, -39.133546410786884 ], [ 174.582780519309864, -39.134936948895387 ], [ 174.582778030154373, -39.134944293002015 ], [ 174.582758647489584, -39.13500073775527 ], [ 174.58238612009103, -39.136071634728559 ], [ 174.582289209009161, -39.136472340419843 ], [ 174.582285299805108, -39.136488423634539 ], [ 174.582284789169051, -39.136490514091392 ], [ 174.582280842433988, -39.136506591751427 ], [ 174.582121979435783, -39.137150565367321 ], [ 174.581925419495064, -39.138061518543104 ], [ 174.581923406724741, -39.138070816761726 ], [ 174.581923144251988, -39.13807202542359 ], [ 174.581921118980063, -39.138081322002911 ], [ 174.581750561810907, -39.138861740767872 ], [ 174.581730825408101, -39.138949425232497 ], [ 174.581728187395157, -39.138960814059224 ], [ 174.581707338982085, -39.139048342313288 ], [ 174.581480181826947, -39.139976403378242 ], [ 174.581294433750173, -39.140610026301374 ], [ 174.581266503642837, -39.140691611944995 ], [ 174.580662865100351, -39.142024393643645 ], [ 174.580611154544954, -39.142115144434946 ], [ 174.580183757408747, -39.142729965443003 ], [ 174.580096686405369, -39.143142690108107 ], [ 174.580070976451708, -39.143239028691937 ], [ 174.579833144695698, -39.14397361143984 ], [ 174.579567175305442, -39.14467007960215 ], [ 174.579563876744459, -39.144678701570655 ], [ 174.579022453090033, -39.146087319455233 ], [ 174.578962710835611, -39.146237934117764 ], [ 174.57895472487175, -39.146257459597926 ], [ 174.57826996296032, -39.14756626098896 ], [ 174.578176080414778, -39.147711823767743 ], [ 174.577236777478447, -39.148921091219385 ], [ 174.577221432738554, -39.148937739161219 ], [ 174.576050713028735, -39.150017690990005 ], [ 174.575903649319628, -39.150133536170529 ], [ 174.574530333999604, -39.151057572125389 ], [ 174.574509132247329, -39.151069712531481 ], [ 174.572967043728625, -39.151815074746146 ], [ 174.572840957051397, -39.151865811459821 ], [ 174.572793385991361, -39.152023797611044 ], [ 174.57278063520792, -39.152063072726854 ], [ 174.57268689336658, -39.152332133058756 ], [ 174.57391927158784, -39.151867003747718 ], [ 174.574144389705623, -39.151813877304988 ], [ 174.577729299257925, -39.151428396990198 ], [ 174.577964483291339, -39.151432027836606 ], [ 174.581526959050848, -39.151927853215646 ], [ 174.581749196599446, -39.151987886362093 ], [ 174.581832065804264, -39.152022386997388 ], [ 174.582689973879184, -39.151755064766903 ], [ 174.582900171507674, -39.151703163266347 ], [ 174.584554870115255, -39.151396719874327 ], [ 174.586060783406623, -39.151207567078551 ], [ 174.5870427615572, -39.151117543633063 ], [ 174.587170827224355, -39.151110105794665 ], [ 174.588159091083043, -39.15108570093166 ], [ 174.589706361901221, -39.151098995730926 ], [ 174.590834404825699, -39.151106361022066 ], [ 174.592043689018425, -39.151163648104244 ], [ 174.592199964849016, -39.151177475665762 ], [ 174.59398179015767, -39.151446715795075 ], [ 174.594057533990508, -39.151463051295195 ], [ 174.594934137295894, -39.151711229382414 ], [ 174.595378018762204, -39.151674178156149 ], [ 174.595612954410996, -39.15168338341541 ], [ 174.599154429853854, -39.152263446915839 ], [ 174.599374219315848, -39.152328721815245 ], [ 174.60251226901218, -39.153732402194812 ], [ 174.602695404290529, -39.153847359709395 ], [ 174.605122918861753, -39.155937303036893 ], [ 174.605251474970629, -39.156090693797523 ], [ 174.605401364425148, -39.156351270522876 ], [ 174.606148496500424, -39.156980334262741 ], [ 174.606218165852624, -39.157049116027885 ], [ 174.606728631237644, -39.157593835494659 ], [ 174.607464054598921, -39.158443671513886 ], [ 174.60828430515383, -39.159371345999254 ], [ 174.60830519284778, -39.159395049765621 ], [ 174.60830790192577, -39.159398134621007 ], [ 174.608328692354803, -39.159421890168467 ], [ 174.608623674330772, -39.15976009886375 ], [ 174.609104938435138, -39.160200446865531 ], [ 174.609232889430189, -39.160316339053779 ], [ 174.609831002548873, -39.160704861111633 ], [ 174.609875777784936, -39.160734095549472 ], [ 174.609881586202107, -39.160737907446567 ], [ 174.609926171229887, -39.16076731757957 ], [ 174.611100727923457, -39.161546065226212 ], [ 174.612386209740691, -39.162543968609604 ], [ 174.612539262439583, -39.162683072494822 ], [ 174.61443496526681, -39.165083528973334 ], [ 174.614525319025915, -39.165252643008422 ], [ 174.615110063870162, -39.167136583903805 ], [ 174.615329512998073, -39.166518473350791 ], [ 174.615780667838123, -39.165246929376224 ], [ 174.616017609332573, -39.164578001774139 ], [ 174.616636001168587, -39.163249253556053 ], [ 174.616733250856527, -39.163082474324177 ], [ 174.618726501014152, -39.160730414624354 ], [ 174.61888518302672, -39.160595189996741 ], [ 174.621714342035659, -39.158837699945344 ], [ 174.621918923013169, -39.158747263145784 ], [ 174.625307089094548, -39.157756327219786 ], [ 174.625537548185747, -39.157719527975829 ], [ 174.628220836210829, -39.157624980221328 ], [ 174.628427670726239, -39.157107828754398 ], [ 174.628494976863578, -39.156947080273163 ], [ 174.628798006091699, -39.155303599174616 ], [ 174.628867449763646, -39.155128601532105 ], [ 174.630463536499462, -39.15259958602492 ], [ 174.630599028580406, -39.152449858844257 ], [ 174.633120588003976, -39.150428586677911 ], [ 174.633308862870024, -39.150318782915598 ], [ 174.636509068623752, -39.149003057039351 ], [ 174.636731699514854, -39.148943921779562 ], [ 174.640297375529428, -39.148462493111317 ], [ 174.640532577182142, -39.148459813011463 ], [ 174.643352233059659, -39.148774654929127 ], [ 174.645446254395239, -39.148776089936561 ], [ 174.64606589895763, -39.148789440894134 ], [ 174.64614633524468, -39.148792855144386 ], [ 174.647945356947417, -39.148980253000843 ], [ 174.648097222589143, -39.149005644816832 ], [ 174.649836466562419, -39.149409842415359 ], [ 174.649911613022851, -39.14943244150701 ], [ 174.650483679970932, -39.149618344085475 ], [ 174.652998135613529, -39.15049773137595 ], [ 174.653269465573231, -39.150595922875901 ], [ 174.653304520614256, -39.1506090407713 ], [ 174.654873776854174, -39.151319280197299 ], [ 174.655035592024063, -39.151406417206246 ], [ 174.656442872670624, -39.152299035632772 ], [ 174.656471007508202, -39.15231994538393 ], [ 174.656684757927138, -39.15248296898455 ], [ 174.658000895421566, -39.153513043744979 ], [ 174.658799431663567, -39.153550673680456 ], [ 174.658920770585127, -39.153560252027013 ], [ 174.659850304910577, -39.15366344555536 ], [ 174.6606078286014, -39.153772123443488 ], [ 174.662026365176786, -39.153973912777801 ], [ 174.662295859676249, -39.154014825866184 ], [ 174.662330807987047, -39.154020467477018 ], [ 174.66259897982664, -39.15406634840533 ], [ 174.663216674145133, -39.154178025105338 ], [ 174.66359981921596, -39.154252683845606 ], [ 174.663649400847504, -39.154263048516611 ], [ 174.66526429551692, -39.154708994349384 ], [ 174.665560200485658, -39.154588299415167 ], [ 174.665583444289211, -39.154578844714898 ], [ 174.665586467766104, -39.154577618272931 ], [ 174.665609738991662, -39.154568204635197 ], [ 174.666442457162958, -39.154232282800116 ], [ 174.666949206837103, -39.153833469427099 ], [ 174.667435012247722, -39.153450150951173 ], [ 174.667197718442964, -39.152756889273583 ], [ 174.667043393395403, -39.152208437542185 ], [ 174.666905736888651, -39.151623521475237 ], [ 174.666286831091099, -39.149916090924698 ], [ 174.666259138199422, -39.149734201786522 ], [ 174.66640052795816, -39.146918463219052 ], [ 174.666446373574615, -39.146738812877402 ], [ 174.667698209007398, -39.144094895742981 ], [ 174.667813097196415, -39.143935068035759 ], [ 174.670052738420338, -39.14172173968543 ], [ 174.670225418684765, -39.141597376542059 ], [ 174.671870228955555, -39.140741066835155 ], [ 174.672059801269683, -39.139986953696209 ], [ 174.672114696990008, -39.139828556448421 ], [ 174.672723587028486, -39.138497169080146 ], [ 174.672733713985053, -39.138479541257368 ], [ 174.673602521830787, -39.13723871669881 ], [ 174.673717576794445, -39.137101280637324 ], [ 174.674698179217017, -39.136092604321277 ], [ 174.676653336730766, -39.134350579614413 ], [ 174.677963521330355, -39.133176661890509 ], [ 174.678046233620279, -39.133103356198021 ], [ 174.678057052178275, -39.133093872100751 ], [ 174.679364995625633, -39.13211419576745 ], [ 174.679534323726131, -39.132005935802653 ], [ 174.680871039877673, -39.131280115244579 ], [ 174.680470285459961, -39.12998145755499 ], [ 174.680433438299673, -39.129800555356411 ], [ 174.680432523035051, -39.126982639504021 ], [ 174.680469251020014, -39.126801722710802 ], [ 174.681586301565716, -39.124121496161266 ], [ 174.681693000992738, -39.123958272832937 ], [ 174.683818564191313, -39.121678060277517 ], [ 174.683984785531521, -39.121548504868187 ], [ 174.686910758850729, -39.119891457623247 ], [ 174.687120231547141, -39.119808248430061 ], [ 174.690560247933121, -39.118936520603057 ], [ 174.690792472942235, -39.118907800058153 ], [ 174.69440991422627, -39.118906694561147 ], [ 174.694642168467311, -39.118935273209978 ], [ 174.698083072149785, -39.11980490235289 ], [ 174.698292629469336, -39.119887984051779 ], [ 174.70122028441159, -39.121543256985277 ], [ 174.701386636929328, -39.121672712098629 ], [ 174.702700736203042, -39.123080131175257 ], [ 174.704033169382427, -39.123051716486486 ], [ 174.704266342979423, -39.123075406696252 ], [ 174.707736311662813, -39.123872451670657 ], [ 174.7079486816111, -39.123951102011816 ], [ 174.709100792759529, -39.124566228108037 ], [ 174.709103678285686, -39.124566959617013 ], [ 174.709900868043775, -39.124794586346006 ], [ 174.710818766369385, -39.125086874728865 ], [ 174.710847825824857, -39.125096163941095 ], [ 174.710851601442698, -39.12509737553286 ], [ 174.710880628415453, -39.125106726193927 ], [ 174.712036767944397, -39.125480586826889 ], [ 174.712087988991129, -39.12549726220432 ], [ 174.712094641009088, -39.125499442439235 ], [ 174.712145758700245, -39.125516309137382 ], [ 174.712799368123996, -39.125733413090394 ], [ 174.712297626464817, -39.124920361357404 ], [ 174.712212694664771, -39.124749558249306 ], [ 174.711449910942122, -39.121994953244872 ], [ 174.711436900171208, -39.121812066708955 ], [ 174.711804235264026, -39.119008675413063 ], [ 174.711864410063299, -39.118831607775313 ], [ 174.713325772687, -39.116253830914161 ], [ 174.713453235027146, -39.116099912828169 ], [ 174.715865487872833, -39.114000039160956 ], [ 174.716047757434012, -39.113884333912317 ], [ 174.719174762388292, -39.112467860496196 ], [ 174.719393999523845, -39.11240169075932 ], [ 174.722929736303115, -39.111807227780794 ], [ 174.723164487479465, -39.111797068559781 ], [ 174.726762981237385, -39.112082788034101 ], [ 174.726990276411271, -39.11212963366475 ], [ 174.73029941542265, -39.113267582081932 ], [ 174.730497013059619, -39.113366848944807 ], [ 174.730940942625921, -39.113676237734438 ], [ 174.733115725249746, -39.111816744894796 ], [ 174.733299311203638, -39.111702313062558 ], [ 174.733369226851948, -39.1116712915303 ], [ 174.733588212542116, -39.111025491334061 ], [ 174.733794953358654, -39.11027610485587 ], [ 174.733879966102421, -39.110038141226816 ], [ 174.733585270366319, -39.108954762888651 ], [ 174.733570642693365, -39.108867791574873 ], [ 174.733476799864661, -39.10745633299593 ], [ 174.73348010066448, -39.107360347783136 ], [ 174.733670809639193, -39.105954828568507 ], [ 174.733691392571842, -39.105868592171355 ], [ 174.734094890951724, -39.104698119895353 ], [ 174.733738453099363, -39.104094620270601 ], [ 174.733651923419529, -39.103960377372573 ], [ 174.733502531681125, -39.103812964911263 ], [ 174.733440187951544, -39.103746801756422 ], [ 174.732983547540897, -39.103224740712768 ], [ 174.732470399729237, -39.102591422980261 ], [ 174.73237278984098, -39.102468787695713 ], [ 174.732360265296506, -39.102452766926014 ], [ 174.731541099172517, -39.101191748333513 ], [ 174.731460773552925, -39.101039492945638 ], [ 174.730904891185787, -39.099694148243003 ], [ 174.730899334009905, -39.099675895910387 ], [ 174.73085803007362, -39.09953522650779 ], [ 174.730808103206982, -39.099358696422875 ], [ 174.730696980549396, -39.099287983502592 ], [ 174.730606214908221, -39.099220308733884 ], [ 174.729398135810527, -39.098166067593581 ], [ 174.729331432812103, -39.09809774468286 ], [ 174.728349912292458, -39.096909214735796 ], [ 174.728290432268409, -39.096822995898599 ], [ 174.72755963081903, -39.095529448713435 ], [ 174.72752329089414, -39.09544840776028 ], [ 174.727061190417146, -39.094081699544574 ], [ 174.727038815506319, -39.093985377815535 ], [ 174.726856778614064, -39.092579164394657 ], [ 174.726854355546891, -39.092493339172201 ], [ 174.726956846801016, -39.091082247054182 ], [ 174.726973762619735, -39.090985251594539 ], [ 174.727143972652328, -39.090243378514174 ], [ 174.727308456949459, -39.089666837317289 ], [ 174.7278397413113, -39.088315492053134 ], [ 174.727926013174852, -39.088145108352343 ], [ 174.729763035054702, -39.085717886466604 ], [ 174.729912635108946, -39.085576615548298 ], [ 174.732622013286289, -39.083710538594389 ], [ 174.732820296258325, -39.083612205568571 ], [ 174.73613684004053, -39.082489886042431 ], [ 174.736364400753359, -39.082444113388256 ], [ 174.739963561497945, -39.082175375785532 ], [ 174.740198132802078, -39.082186642597129 ], [ 174.743727735665232, -39.082797786746923 ], [ 174.743946365018417, -39.082864990842467 ], [ 174.745548553846476, -39.083601234677644 ], [ 174.746001420656341, -39.083766667534874 ], [ 174.746198559856794, -39.083853995479984 ], [ 174.746869692791734, -39.084208301745377 ], [ 174.747061030339694, -39.084296219814568 ], [ 174.747174818685778, -39.084369382199753 ], [ 174.747700003134213, -39.084646631277749 ], [ 174.747706539326089, -39.084650699544902 ], [ 174.749030436623173, -39.085616618328643 ], [ 174.749183311881296, -39.085747147563566 ], [ 174.750261507578102, -39.086820776356113 ], [ 174.750743698215643, -39.087384058962044 ], [ 174.750828310878404, -39.087484341039541 ], [ 174.750839198604865, -39.0874974342399 ], [ 174.750922089424364, -39.087598586015474 ], [ 174.751506603169048, -39.08832244605739 ], [ 174.751942775419565, -39.088825198983088 ], [ 174.752578815764082, -39.089650105040796 ], [ 174.752653925195744, -39.08976047414523 ], [ 174.753173413439754, -39.090633554886963 ], [ 174.753749445626568, -39.091755049132182 ], [ 174.755242281468014, -39.0905162049255 ], [ 174.755428002765115, -39.090403936949855 ], [ 174.757658984024374, -39.089448075718096 ], [ 174.757738432553339, -39.089397003541343 ], [ 174.758462923326277, -39.088896130926415 ], [ 174.758947515398802, -39.088353455776975 ], [ 174.759110297109686, -39.08822132556562 ], [ 174.759594108103187, -39.08793548375791 ], [ 174.759774758968547, -39.087759525584303 ], [ 174.759788798597555, -39.087745877794639 ], [ 174.759790625956867, -39.087744104965651 ], [ 174.759804699547999, -39.087730478463115 ], [ 174.760276743815211, -39.087274333419273 ], [ 174.760888596072903, -39.086439836787306 ], [ 174.761035688995491, -39.086296971768135 ], [ 174.76147039215229, -39.085989172964219 ], [ 174.761654040977277, -39.085706830295656 ], [ 174.762067637557038, -39.085125239903476 ], [ 174.762124909812314, -39.085051281762617 ], [ 174.763180884149762, -39.083902236377725 ], [ 174.76326136137564, -39.083827781733525 ], [ 174.764534931969905, -39.082821612689237 ], [ 174.764618720804634, -39.082765065608974 ], [ 174.765283860796757, -39.082348640925645 ], [ 174.765750619457805, -39.082077883015344 ], [ 174.766588871442679, -39.081634745180267 ], [ 174.766700870187293, -39.081580965885159 ], [ 174.767585676320664, -39.081196729600514 ], [ 174.768359384924821, -39.080894567035358 ], [ 174.768449049367405, -39.080859926914634 ], [ 174.768460730537385, -39.080855463114851 ], [ 174.768550776402805, -39.080821429392458 ], [ 174.76947453432777, -39.080476122526335 ], [ 174.769731795373161, -39.080382964291886 ], [ 174.769765424914851, -39.080371175407095 ], [ 174.770025541450025, -39.08028296617691 ], [ 174.771015271307277, -39.079958528561328 ], [ 174.771342202394237, -39.079861147090966 ], [ 174.77136996865832, -39.079815727211944 ], [ 174.771745250900722, -39.079208601579658 ], [ 174.772115320064188, -39.07859227285708 ], [ 174.772126102451466, -39.078574366470555 ], [ 174.772127507438711, -39.078572039843351 ], [ 174.77213834023965, -39.078554151965115 ], [ 174.772156066188927, -39.078524964684178 ], [ 174.772169519742789, -39.078457918274587 ], [ 174.773280069550736, -39.075776109896097 ], [ 174.773386348113746, -39.075612739620141 ], [ 174.775505621700773, -39.073329643184223 ], [ 174.775671456315592, -39.073199864435921 ], [ 174.776837906936578, -39.072536499874829 ], [ 174.777084464903282, -39.072280731481534 ], [ 174.776152079479857, -39.071025238866753 ], [ 174.776067615556599, -39.070854307693118 ], [ 174.775627713562073, -39.069701532085688 ], [ 174.77561805115991, -39.069698540895978 ], [ 174.773990662700129, -39.069075417554153 ], [ 174.773825755758878, -39.068999209915482 ], [ 174.772605438479872, -39.06834962835817 ], [ 174.770443947347957, -39.067033435432243 ], [ 174.770388945402743, -39.066999732540289 ], [ 174.770381812234405, -39.066995334327288 ], [ 174.770327073128243, -39.066961372404059 ], [ 174.769727258096935, -39.066586905956129 ], [ 174.768972765773754, -39.066157196485896 ], [ 174.768814359610474, -39.066065349097549 ], [ 174.76879389918949, -39.066053272647771 ], [ 174.768637529646895, -39.065959328504086 ], [ 174.767438623375597, -39.065226218883161 ], [ 174.766514379414957, -39.064673334777197 ], [ 174.765407379602038, -39.063919196172421 ], [ 174.765272038350048, -39.063814431019161 ], [ 174.764296864957288, -39.0629567992764 ], [ 174.763141193997228, -39.061799737454876 ], [ 174.763093447510585, -39.061751597884225 ], [ 174.763087267658676, -39.061745323463235 ], [ 174.762099385802969, -39.06056022441669 ], [ 174.762091825455116, -39.060549377037844 ], [ 174.761789370789842, -39.060599498621798 ], [ 174.761648235327726, -39.060617454244948 ], [ 174.760554123099155, -39.060715181026218 ], [ 174.759412734433369, -39.060774335259381 ], [ 174.758803641318451, -39.060832262105741 ], [ 174.758444977453934, -39.06086823146812 ], [ 174.757147833226583, -39.061234884223083 ], [ 174.755824893825633, -39.061608837551752 ], [ 174.754941218973386, -39.06182775829916 ], [ 174.754825062189809, -39.061852580600387 ], [ 174.753921710313335, -39.06201554127184 ], [ 174.752326627594982, -39.062251136817324 ], [ 174.750524414631087, -39.062404433612976 ], [ 174.750289569543696, -39.062409950735891 ], [ 174.746704040110671, -39.06205308955407 ], [ 174.746478506650107, -39.06200175184631 ], [ 174.743210019408622, -39.060798449679204 ], [ 174.743015881793355, -39.060695284531491 ], [ 174.740384462382366, -39.058763372480492 ], [ 174.740240727138996, -39.058618481755218 ], [ 174.738503960275636, -39.056147121977844 ], [ 174.738424694608483, -39.055974691892111 ], [ 174.737752508753459, -39.053205840777778 ], [ 174.737745464544872, -39.053022751995442 ], [ 174.738203528098666, -39.050227459567154 ], [ 174.738269385850629, -39.05005163403623 ], [ 174.739812728683319, -39.047503505745247 ], [ 174.739945034355912, -39.047352152395831 ], [ 174.742422500078419, -39.045300573316418 ], [ 174.742608299690403, -39.045188504332678 ], [ 174.745777373655841, -39.043834244222325 ], [ 174.745998482446396, -39.043772426396835 ], [ 174.747747300372993, -39.043401275566659 ], [ 174.748369638713967, -39.043309353845466 ], [ 174.748762030518122, -39.043198435102497 ], [ 174.748762181814243, -39.043198392335675 ], [ 174.751335939028763, -39.042470872676191 ], [ 174.752551179789691, -39.042185187417346 ], [ 174.752711296338248, -39.042154918667762 ], [ 174.753959388971339, -39.041974930544967 ], [ 174.755704740740811, -39.041799890703658 ], [ 174.755742273966206, -39.041796174953809 ], [ 174.755747154288144, -39.04179569813887 ], [ 174.755784702938854, -39.041792078274199 ], [ 174.756769597719398, -39.041698402324116 ], [ 174.757085469112866, -39.041671790094512 ], [ 174.757126585622558, -39.041668771492603 ], [ 174.757370511161952, -39.041653499530746 ], [ 174.758675492440062, -39.041196669909041 ], [ 174.758879906404985, -39.041139669459639 ], [ 174.760629070287763, -39.040769669118511 ], [ 174.760646756895824, -39.040767068763536 ], [ 174.760731916648069, -39.040754959941737 ], [ 174.759839373786519, -39.040049754119323 ], [ 174.75970256024587, -39.039900863625839 ], [ 174.759532686934563, -39.039681472926752 ], [ 174.7583610235653, -39.038876650144772 ], [ 174.758197494431158, -39.038745167048923 ], [ 174.75611846071385, -39.036440305167936 ], [ 174.756015042375367, -39.036275845768863 ], [ 174.754951120892486, -39.033582732161634 ], [ 174.754917930863826, -39.033401397480098 ], [ 174.754973149252862, -39.030583679335194 ], [ 174.755013427649004, -39.030403220392287 ], [ 174.756182243697651, -39.027736709947987 ], [ 174.756292039414831, -39.027574789897841 ], [ 174.758459935917472, -39.025320468190053 ], [ 174.758628496591939, -39.025192933872184 ], [ 174.758977332161493, -39.025001505833309 ], [ 174.758843047149242, -39.024431043040202 ], [ 174.758828421319606, -39.024354878163088 ], [ 174.758740643057536, -39.023766105258765 ], [ 174.758615463334479, -39.022590397091967 ], [ 174.758404117375221, -39.021569392696229 ], [ 174.758366656650651, -39.021374955740612 ], [ 174.758362140999765, -39.021349640485866 ], [ 174.758330130156281, -39.021154611985139 ], [ 174.758117324019224, -39.019735232494369 ], [ 174.758069630704114, -39.019342903308988 ], [ 174.758064863519223, -39.019291819137898 ], [ 174.758075496927205, -39.017878458031554 ], [ 174.75808980668765, -39.017746519822346 ], [ 174.758383720311514, -39.016351856140666 ], [ 174.758399421315318, -39.016302122924294 ], [ 174.758530927896516, -39.015921621328964 ], [ 174.758690560973321, -39.015496924644474 ], [ 174.757490239473782, -39.014585001292083 ], [ 174.757343718689839, -39.014455913464879 ], [ 174.756310879922012, -39.01339783110641 ], [ 174.755262885740393, -39.012141523105392 ], [ 174.754644511934856, -39.011786563340664 ], [ 174.754479495196904, -39.011656263959388 ], [ 174.752374049213756, -39.009366476599723 ], [ 174.752268727186731, -39.009202769050951 ], [ 174.751173364784677, -39.006517430163584 ], [ 174.751138041464912, -39.006336341911506 ], [ 174.751159869451811, -39.003518338451215 ], [ 174.751197993829095, -39.003337596456142 ], [ 174.75233473851236, -39.000662769558431 ], [ 174.752442570284131, -39.00050006474121 ], [ 174.753573192095359, -38.999301019043514 ], [ 174.754358137901676, -38.998039654500438 ], [ 174.754375135815366, -38.998017047186678 ], [ 174.754508383252102, -38.997844286789572 ], [ 174.755164067449584, -38.997015297971956 ], [ 174.755991085646912, -38.996101863207898 ], [ 174.756107611289366, -38.995988772548856 ], [ 174.757082907911922, -38.995181157266281 ], [ 174.756431019992107, -38.994701958415504 ], [ 174.756287006586746, -38.994578063782598 ], [ 174.755266908117079, -38.993562957448816 ], [ 174.754159372586656, -38.992281417644698 ], [ 174.754059961362429, -38.992164428977404 ], [ 174.754047190566496, -38.992149142781436 ], [ 174.753180141067077, -38.990908249884946 ], [ 174.753093731734907, -38.990757518533343 ], [ 174.75248612482514, -38.989426048183894 ], [ 174.752480032614415, -38.989408430325348 ], [ 174.752434522742647, -38.989272623325434 ], [ 174.752368733587133, -38.989069857735977 ], [ 174.752290066389094, -38.988970006357121 ], [ 174.752207677162062, -38.988961140711936 ], [ 174.748751854068843, -38.988144201594125 ], [ 174.748540638480335, -38.988064326829551 ], [ 174.745577560127657, -38.986453853757588 ], [ 174.745408318495549, -38.986326945222316 ], [ 174.743228074270775, -38.984080633505357 ], [ 174.743117373163329, -38.983919117372245 ], [ 174.74193333846037, -38.98125690143381 ], [ 174.741892008793428, -38.981076590768218 ], [ 174.741819974458423, -38.978259096412444 ], [ 174.741852053309117, -38.978077642232421 ], [ 174.742898933547053, -38.975380663491826 ], [ 174.743001272246858, -38.975215826599992 ], [ 174.745064480148784, -38.972903329852038 ], [ 174.745227055768481, -38.972771242742567 ], [ 174.74810458759319, -38.971069540339435 ], [ 174.748311486080581, -38.970983129140912 ], [ 174.751721711017183, -38.970058745832389 ], [ 174.751952684980608, -38.970026466336122 ], [ 174.753696959254285, -38.969888318102733 ], [ 174.754969044691933, -38.969863408961288 ], [ 174.75551208961312, -38.969862750368726 ], [ 174.755583297147922, -38.969863972262033 ], [ 174.75613076162773, -38.969883527828152 ], [ 174.757854050071984, -38.969977126746699 ], [ 174.759117812536573, -38.970100759098678 ], [ 174.759280467046693, -38.970123849073325 ], [ 174.76103091569388, -38.970485034744456 ], [ 174.761096914788709, -38.970503082587285 ], [ 174.762753460023703, -38.971073559867428 ], [ 174.762899018819382, -38.971134752737214 ], [ 174.763985379464003, -38.971653776790454 ], [ 174.765504780776297, -38.972472936854253 ], [ 174.766753356442337, -38.97314452654053 ], [ 174.76791169861346, -38.973856881897056 ], [ 174.768054104914739, -38.973956604970446 ], [ 174.769086629147495, -38.974778451998169 ], [ 174.77117778662469, -38.976670911703842 ], [ 174.771547340911582, -38.976226655747887 ], [ 174.772545692855459, -38.975136479855855 ], [ 174.772981434133641, -38.974654143362848 ], [ 174.775017405770683, -38.971877420449211 ], [ 174.775488291471959, -38.971288970208519 ], [ 174.77555318671611, -38.971214424082142 ], [ 174.776080689149609, -38.970656010577436 ], [ 174.776652398879349, -38.970097196550647 ], [ 174.777200939930566, -38.969486897851148 ], [ 174.777352969943308, -38.969022320830341 ], [ 174.777440038652458, -38.968742917205518 ], [ 174.777337979452767, -38.968565160014172 ], [ 174.777330902397864, -38.968551707808025 ], [ 174.776991418762947, -38.968242832883796 ], [ 174.776936832025882, -38.968207807446085 ], [ 174.776804141427135, -38.968121358603931 ], [ 174.776787000456039, -38.96811002002115 ], [ 174.775501792976058, -38.96711449715194 ], [ 174.775363207890024, -38.966988817334567 ], [ 174.774293350138862, -38.965848585735728 ], [ 174.774281537252392, -38.965833666810603 ], [ 174.773453363189162, -38.964576810133849 ], [ 174.773371316242645, -38.964423847715267 ], [ 174.772805210245252, -38.963081318672977 ], [ 174.772799881356974, -38.963064280060074 ], [ 174.772760147353267, -38.962932974107048 ], [ 174.772433649202412, -38.961816704758334 ], [ 174.772221247184177, -38.96085120286083 ], [ 174.772215539689256, -38.960812856615519 ], [ 174.77210429863689, -38.960673886661795 ], [ 174.772020731100582, -38.960548572087056 ], [ 174.771313284705741, -38.959247558576784 ], [ 174.771296092712419, -38.959207449617132 ], [ 174.771199846114854, -38.958968656629331 ], [ 174.770886279966334, -38.958423787269602 ], [ 174.770588346654591, -38.957854913767505 ], [ 174.77055289031253, -38.957780015144358 ], [ 174.77006045982094, -38.956419908314565 ], [ 174.770034424666306, -38.956318034572064 ], [ 174.769820571752575, -38.954914525875083 ], [ 174.769816495065129, -38.954834738335855 ], [ 174.769811968584435, -38.954220152150832 ], [ 174.769837410321031, -38.953520163709165 ], [ 174.769838311785776, -38.953496461253366 ], [ 174.769838434170396, -38.953493380059783 ], [ 174.769839415546159, -38.953469679537434 ], [ 174.769868974260731, -38.952783771970644 ], [ 174.769922760849028, -38.952166818718474 ], [ 174.769933268559924, -38.952086896598985 ], [ 174.770041138573475, -38.951474278728334 ], [ 174.770352569166562, -38.950065757095821 ], [ 174.770435316443553, -38.949298564652914 ], [ 174.770484440316721, -38.948932642066602 ], [ 174.770492067646956, -38.948885193796279 ], [ 174.770560287213868, -38.948521142979899 ], [ 174.770649219652086, -38.948105936250677 ], [ 174.770600658852004, -38.947749026437876 ], [ 174.770536104944057, -38.946790759418768 ], [ 174.770536222352774, -38.946666189587539 ], [ 174.770679555399994, -38.945257219458298 ], [ 174.770691449429364, -38.945198852842047 ], [ 174.771115251823687, -38.943824737397151 ], [ 174.771164654777579, -38.943706292378153 ], [ 174.77160690650075, -38.942811006468162 ], [ 174.771934185174246, -38.942240919384624 ], [ 174.77202687484251, -38.942083533331697 ], [ 174.77203917528044, -38.942063165517389 ], [ 174.772135723111774, -38.941907200577425 ], [ 174.772421676709399, -38.941456377434214 ], [ 174.772785142620762, -38.940608531627262 ], [ 174.77281560539447, -38.94053842925949 ], [ 174.772819613436468, -38.940529328814272 ], [ 174.773540711768703, -38.939232955962211 ], [ 174.77364504008878, -38.939079590429586 ], [ 174.77438515591956, -38.938171582168877 ], [ 174.7742071280841, -38.937863945242938 ], [ 174.774139611585127, -38.93774499223332 ], [ 174.774130977922908, -38.937729479635472 ], [ 174.774065668845992, -38.93760977729481 ], [ 174.773773452590632, -38.937063268495073 ], [ 174.773657464045613, -38.936837839274929 ], [ 174.773642894325519, -38.936808379993508 ], [ 174.773534733307145, -38.936580589506683 ], [ 174.773245115558069, -38.935944451099836 ], [ 174.772816640511991, -38.934747258395163 ], [ 174.772774922490271, -38.934589369494191 ], [ 174.772561578011988, -38.933357502697177 ], [ 174.772529459994132, -38.932974422425751 ], [ 174.771959435496399, -38.932703760958965 ], [ 174.771711563457586, -38.93261480573991 ], [ 174.770131583122605, -38.931925730205251 ], [ 174.76993642318638, -38.931824152161269 ], [ 174.767283994387469, -38.92991376486502 ], [ 174.767138583904853, -38.929770050800478 ], [ 174.765371916233079, -38.927312925511977 ], [ 174.765290486591567, -38.927141146472216 ], [ 174.764582438300977, -38.924377846681672 ], [ 174.764572953370333, -38.924194819652541 ], [ 174.76499270513807, -38.921395852984361 ], [ 174.765056084399021, -38.921219493943546 ], [ 174.766562416358084, -38.918658826660746 ], [ 174.766692448323681, -38.918506396831482 ], [ 174.769137825219332, -38.916434642272321 ], [ 174.769321778315145, -38.916321059250158 ], [ 174.772466823712023, -38.914940962329439 ], [ 174.772686693728275, -38.914877341103633 ], [ 174.776223624069303, -38.914323952409099 ], [ 174.776457895620268, -38.914316518612715 ], [ 174.780040619432782, -38.914643991088141 ], [ 174.78026636935121, -38.914693472374175 ], [ 174.781964577603929, -38.915180857229338 ], [ 174.783034707772373, -38.915564867420855 ], [ 174.783810641642987, -38.915871488432387 ], [ 174.783909447473604, -38.915914261725277 ], [ 174.784633864306812, -38.916256369751451 ], [ 174.786129949314784, -38.916806665416139 ], [ 174.786435483727871, -38.916923376259952 ], [ 174.786474908228428, -38.916939002924792 ], [ 174.78677590461524, -38.917062702322603 ], [ 174.787950430434677, -38.917562796622562 ], [ 174.787990080281048, -38.917579757411637 ], [ 174.787995229210765, -38.917581970198988 ], [ 174.788034793667862, -38.917599052292601 ], [ 174.788844979437215, -38.917950469649419 ], [ 174.789870065269412, -38.918451759046455 ], [ 174.789998592238533, -38.918522199069443 ], [ 174.791393655068021, -38.919422217205586 ], [ 174.791449804197441, -38.919464650794595 ], [ 174.792647503229261, -38.920524063160855 ], [ 174.792741882947581, -38.920622081046446 ], [ 174.793417201652431, -38.921405847127666 ], [ 174.794224561228333, -38.922458045631608 ], [ 174.794490367503812, -38.922823529656554 ], [ 174.794523484877772, -38.922871646344632 ], [ 174.79476717657073, -38.923246419107556 ], [ 174.794839463697627, -38.923364324064579 ], [ 174.795331884118241, -38.92395349282021 ], [ 174.795423447113109, -38.924084460950205 ], [ 174.796163451979538, -38.925374281296158 ], [ 174.796178209565255, -38.925406582717713 ], [ 174.796650820359389, -38.92677094819372 ], [ 174.796686095966862, -38.926917608307264 ], [ 174.796879661065475, -38.928322926566061 ], [ 174.796880918298484, -38.92835720929012 ], [ 174.796885643987537, -38.928621033197167 ], [ 174.796885517141305, -38.928771975174683 ], [ 174.797684510744432, -38.929521093935641 ], [ 174.798398078709482, -38.930273613664014 ], [ 174.798678140082075, -38.930582307611921 ], [ 174.798713453391542, -38.930623017189582 ], [ 174.798976673656739, -38.930940624476513 ], [ 174.799387978867315, -38.931460527281786 ], [ 174.799506819711752, -38.931614146093821 ], [ 174.799522012798491, -38.931634234768623 ], [ 174.799636911743818, -38.931789672496166 ], [ 174.800025292226792, -38.932327377835051 ], [ 174.800662492183022, -38.933357383163646 ], [ 174.800734131207093, -38.93349484386647 ], [ 174.801282798054984, -38.934841745324576 ], [ 174.801293026368256, -38.934875941510072 ], [ 174.801534355369284, -38.936115032022705 ], [ 174.801989436103952, -38.937039813634001 ], [ 174.802038294576164, -38.93721897441435 ], [ 174.802228629081583, -38.940033194914896 ], [ 174.802204207824218, -38.940215378614987 ], [ 174.801271656987836, -38.942937790602585 ], [ 174.801176337807505, -38.94310516284034 ], [ 174.799212070311768, -38.945469247890252 ], [ 174.799055177945405, -38.945605422355854 ], [ 174.798184298663756, -38.946156555626096 ], [ 174.797971028445374, -38.946449672173244 ], [ 174.79786732766874, -38.946569258786546 ], [ 174.79699669241441, -38.94745058892714 ], [ 174.796093066559109, -38.948256897604146 ], [ 174.795709678654163, -38.948651297472132 ], [ 174.795695280587069, -38.94866607731722 ], [ 174.79569340630232, -38.948667997189453 ], [ 174.795277713840107, -38.949030044260553 ], [ 174.795159198469833, -38.949975633576919 ], [ 174.794876660865867, -38.951296865360838 ], [ 174.794791476834973, -38.95208916038338 ], [ 174.794739810176623, -38.952470169789422 ], [ 174.79513504185681, -38.95294541780828 ], [ 174.795233510748716, -38.953087035799328 ], [ 174.795969737150784, -38.954378273186457 ], [ 174.795979259722628, -38.954399271223288 ], [ 174.796447747853165, -38.955764537532893 ], [ 174.796485355544149, -38.955922983461008 ], [ 174.796576530578136, -38.956600383593738 ], [ 174.796896815315392, -38.956891708570971 ], [ 174.797531129218839, -38.957523590515166 ], [ 174.7976087430294, -38.957608438289505 ], [ 174.79816848735453, -38.958281907111228 ], [ 174.799003914963293, -38.959392484424839 ], [ 174.799548260319796, -38.960208953709362 ], [ 174.799611904244159, -38.960317636773041 ], [ 174.800046695054078, -38.961173215074936 ], [ 174.800072651262838, -38.961233042161503 ], [ 174.800240441406203, -38.961501966333124 ], [ 174.800329997086379, -38.961648854555101 ], [ 174.800341417542995, -38.96166803054092 ], [ 174.800427561189025, -38.961816157488116 ], [ 174.801086387586253, -38.962976738824864 ], [ 174.801397645313585, -38.963583571736443 ], [ 174.801434391786586, -38.963663501630307 ], [ 174.801910419146452, -38.965027191530233 ], [ 174.801934016817881, -38.965124278411466 ], [ 174.802130942935008, -38.966529315272034 ], [ 174.802134254398453, -38.966614198310907 ], [ 174.802129358284276, -38.967267866782983 ], [ 174.802013532998245, -38.969412181727535 ], [ 174.802007696529785, -38.969995619396393 ], [ 174.801920750867566, -38.971031174712451 ], [ 174.8018995671749, -38.971164842668607 ], [ 174.801660607587309, -38.972185717157053 ], [ 174.801217737160528, -38.973608430994219 ], [ 174.801201916608107, -38.973658624936455 ], [ 174.801199835965974, -38.97366514548839 ], [ 174.801183646639146, -38.973715267729695 ], [ 174.800958373905502, -38.974404358477621 ], [ 174.800652673266995, -38.975454205109315 ], [ 174.800614808577336, -38.975580053492031 ], [ 174.800609736013058, -38.975596385366252 ], [ 174.800046332933533, -38.976939646526603 ], [ 174.799964232210812, -38.977093385662066 ], [ 174.799138531266294, -38.978351306054712 ], [ 174.79912724073472, -38.978365614852507 ], [ 174.799039378409361, -38.978475196009413 ], [ 174.798153410429791, -38.979562712372278 ], [ 174.798010957394894, -38.979733279473386 ], [ 174.797992119754809, -38.979755286988201 ], [ 174.797844762935426, -38.979923297031689 ], [ 174.796554731178333, -38.981359008471621 ], [ 174.796344528109842, -38.981585385589007 ], [ 174.796316623105895, -38.981614476523575 ], [ 174.796097518409596, -38.981835652228142 ], [ 174.795879741144006, -38.982048573665573 ], [ 174.794027360837276, -38.984575866279172 ], [ 174.79374602934314, -38.984939509409834 ], [ 174.793708048499298, -38.98498608376778 ], [ 174.793405059255207, -38.985338969161674 ], [ 174.792908618356563, -38.9858886671798 ], [ 174.7931631068314, -38.986046580615692 ], [ 174.793302893323443, -38.986134714372355 ], [ 174.79332095020473, -38.986146281468692 ], [ 174.793458961887552, -38.986236103042522 ], [ 174.794378038689047, -38.986843782001152 ], [ 174.79459212250876, -38.98698889124185 ], [ 174.794619652369107, -38.987008019375693 ], [ 174.794829104863908, -38.9871571891263 ], [ 174.795908440291896, -38.987945045266841 ], [ 174.797130005951516, -38.988988526831157 ], [ 174.797274239083293, -38.989133037545145 ], [ 174.799020314022471, -38.991599800656552 ], [ 174.799100275085692, -38.991772021565566 ], [ 174.799784213469536, -38.994539132862641 ], [ 174.799792068192971, -38.994722207809026 ], [ 174.7993467923107, -38.997518819144126 ], [ 174.799281762813536, -38.997694827449578 ], [ 174.797750727740237, -39.000247170247889 ], [ 174.797619172116242, -39.000398880923612 ], [ 174.795152162320051, -39.002457070951174 ], [ 174.794966955109118, -39.00256963017695 ], [ 174.791805454590104, -39.003932144424368 ], [ 174.79158472769268, -39.003994530813181 ], [ 174.788038283444507, -39.004527954236188 ], [ 174.787803650279983, -39.004534058948011 ], [ 174.784219542142807, -39.004186160370772 ], [ 174.783993979251704, -39.004135385862931 ], [ 174.781340626839523, -39.00316586277188 ], [ 174.780904368035607, -39.003706392245071 ], [ 174.780755797704614, -39.003885720381156 ], [ 174.780736132087696, -39.003908851125523 ], [ 174.78058215445887, -39.004085380587497 ], [ 174.780001589580309, -39.004734293548367 ], [ 174.780026826487472, -39.004752258889582 ], [ 174.780126989855745, -39.004830652502505 ], [ 174.781301339259215, -39.005906814583888 ], [ 174.781356234645017, -39.005965956695583 ], [ 174.78230039740447, -39.00717219984007 ], [ 174.782364616211737, -39.007270906095869 ], [ 174.783055335962047, -39.008577534304195 ], [ 174.783084123902483, -39.008647017155965 ], [ 174.78350437904092, -39.010021861503972 ], [ 174.783526363724803, -39.010131219948896 ], [ 174.783644399087592, -39.010978689223975 ], [ 174.783806417842612, -39.013051613720698 ], [ 174.78381876748287, -39.013956521126012 ], [ 174.783812803576438, -39.014073925052585 ], [ 174.783708699957543, -39.01497523180813 ], [ 174.783619904143933, -39.015466361434662 ], [ 174.783270983908892, -39.017396239286654 ], [ 174.783232973492545, -39.017591036437537 ], [ 174.783227677672528, -39.017616314874346 ], [ 174.783184213919156, -39.017810416748731 ], [ 174.782838692136067, -39.01925971711907 ], [ 174.782970498982507, -39.019895404537579 ], [ 174.783033176048576, -39.020239733878419 ], [ 174.783040213470741, -39.020284602694382 ], [ 174.783085804349724, -39.020630562835677 ], [ 174.783183530510172, -39.021545454097264 ], [ 174.783247333107624, -39.021773614311904 ], [ 174.7833362925345, -39.022125180583068 ], [ 174.783346687489427, -39.02217104552691 ], [ 174.783417650352391, -39.022525093786633 ], [ 174.783434269784408, -39.022620396739775 ], [ 174.783733890073137, -39.023197393612143 ], [ 174.784415616132236, -39.024263468930421 ], [ 174.785995242010102, -39.024260269869146 ], [ 174.786227274578266, -39.024288453235691 ], [ 174.789088583484812, -39.025007181458633 ], [ 174.789692859129474, -39.025096205676768 ], [ 174.790119720246111, -39.025165625750496 ], [ 174.790174974078155, -39.025175464136886 ], [ 174.791448301785778, -39.0254859285983 ], [ 174.791485732155536, -39.025456738296022 ], [ 174.792206763837015, -39.024904699181249 ], [ 174.792686097380795, -39.024514958067122 ], [ 174.792979897412636, -39.024284537869669 ], [ 174.793018771501011, -39.02425513030979 ], [ 174.793323034372065, -39.024033126480823 ], [ 174.793614377886684, -39.023828107768004 ], [ 174.793660017176251, -39.023757922035045 ], [ 174.79377114821375, -39.023615881361195 ], [ 174.794833496334462, -39.022470895972923 ], [ 174.794847587915228, -39.022457977785642 ], [ 174.794956907224474, -39.022359219508964 ], [ 174.795606796362279, -39.021780631834062 ], [ 174.795953131562385, -39.021485760884545 ], [ 174.795999223392414, -39.021448225971731 ], [ 174.796361993268533, -39.02116563667137 ], [ 174.797673363580031, -39.020188465039382 ], [ 174.79855591434702, -39.019594294460902 ], [ 174.798675344697472, -39.019521760984574 ], [ 174.800187910656092, -39.018743654261911 ], [ 174.800261555015766, -39.018711936156912 ], [ 174.801911504860357, -39.018127969290525 ], [ 174.802053817828153, -39.018087771667787 ], [ 174.8031685635641, -39.017821719353549 ], [ 174.804257323471774, -39.017608092161744 ], [ 174.805330413833701, -39.017338990581621 ], [ 174.805334021302855, -39.017338086409865 ], [ 174.806702943311933, -39.016995464654485 ], [ 174.808241399421888, -39.016699469984395 ], [ 174.808443832905283, -39.016671851251751 ], [ 174.809825121957857, -39.016558863016627 ], [ 174.810875640919306, -39.016084740249532 ], [ 174.811812051955883, -39.015705548999847 ], [ 174.811936414564258, -39.015660690930851 ], [ 174.813635478816934, -39.015169989127536 ], [ 174.813730246753408, -39.015149047301954 ], [ 174.8155067729395, -39.014871712958893 ], [ 174.815642815377402, -39.014859026721439 ], [ 174.81745307603407, -39.014801885972375 ], [ 174.817551500658567, -39.014804812221421 ], [ 174.819350939083535, -39.014969272604489 ], [ 174.819485349727671, -39.014989999684055 ], [ 174.820164459370091, -39.015120128554216 ], [ 174.820745844626686, -39.014823781442253 ], [ 174.820971203903554, -39.014711789770715 ], [ 174.821000712560902, -39.014697497218272 ], [ 174.821065294243681, -39.014667018958654 ], [ 174.82106557118027, -39.014666830856193 ], [ 174.821529067073726, -39.014352876882981 ], [ 174.821977163614633, -39.014064449037683 ], [ 174.822036587776978, -39.014028119959157 ], [ 174.823545886947812, -39.013246275001926 ], [ 174.823685652794239, -39.013185623019488 ], [ 174.825333112092437, -39.012597578823041 ], [ 174.82540401536167, -39.012577351707208 ], [ 174.8259544428212, -39.012432465275928 ], [ 174.826621510555839, -39.012271336877596 ], [ 174.827093173941932, -39.012165919407366 ], [ 174.827154835559526, -39.012153237403346 ], [ 174.827631812550322, -39.012063547099395 ], [ 174.82810717510651, -39.011982455581091 ], [ 174.829967968381396, -39.011524665383668 ], [ 174.830860632201762, -39.011335357333138 ], [ 174.830977754648302, -39.011314410459903 ], [ 174.832769925840239, -39.011107645002873 ], [ 174.832885012209346, -39.011101504328984 ], [ 174.834696576422431, -39.011115985114436 ], [ 174.83481626346861, -39.011124296556169 ], [ 174.835733648958239, -39.011217026063733 ], [ 174.836128727607161, -39.011269589830668 ], [ 174.836337438833425, -39.011225957636519 ], [ 174.837455969852357, -39.010980339290249 ], [ 174.837484522327799, -39.010972318458798 ], [ 174.838712573388818, -39.010527066180678 ], [ 174.839481922242044, -39.01027408635165 ], [ 174.839583329609127, -39.01024406115134 ], [ 174.840374094550697, -39.010035114683006 ], [ 174.841435819811693, -39.009787565431139 ], [ 174.842650735377333, -39.008984989344256 ], [ 174.844007077744493, -39.008213675793243 ], [ 174.844191785671512, -39.008123907067635 ], [ 174.845677105984237, -39.007514161705934 ], [ 174.847753502177824, -39.006806918367616 ], [ 174.848544015913461, -39.006475778319988 ], [ 174.849501999074505, -39.006117750884677 ], [ 174.849629014073997, -39.006075770747124 ], [ 174.851347355609903, -39.005628255192036 ], [ 174.851442012870194, -39.0056098971273 ], [ 174.85322890925184, -39.00537759822334 ], [ 174.853366332364146, -39.005368292601119 ], [ 174.855177801176154, -39.00535692794881 ], [ 174.855275096380751, -39.005362287957126 ], [ 174.857066551125342, -39.005572138402755 ], [ 174.85720093566735, -39.005596417989985 ], [ 174.858928281949289, -39.006022318226556 ], [ 174.859018694853972, -39.006050871940083 ], [ 174.859657555437423, -39.006299790155111 ], [ 174.860119944555322, -39.006333368782585 ], [ 174.860347429191791, -39.006378667758973 ], [ 174.863664434904734, -39.007494113865363 ], [ 174.863862853178233, -39.007592038086749 ], [ 174.86657587837712, -39.009452565764335 ], [ 174.866725811292838, -39.009593532972588 ], [ 174.868569298896659, -39.012017073735102 ], [ 174.868656067998359, -39.012187288446015 ], [ 174.869251172023837, -39.014249449457338 ], [ 174.869901102500506, -39.015209725509095 ], [ 174.869976908269024, -39.015383098638686 ], [ 174.870593970236683, -39.018159866174315 ], [ 174.870597393336368, -39.018343028734762 ], [ 174.870084314934928, -39.021132645833219 ], [ 174.870015011269118, -39.021307668446887 ], [ 174.868421885901853, -39.02383704940145 ], [ 174.868286632131969, -39.023986797466982 ], [ 174.865769326028129, -39.026008304620795 ], [ 174.865581359003386, -39.02611811639489 ], [ 174.862386284532164, -39.027433817529101 ], [ 174.862164006620645, -39.027492940603437 ], [ 174.858604001410214, -39.02797400418244 ], [ 174.858369178060315, -39.027976649253247 ], [ 174.856560794773657, -39.027886094446856 ], [ 174.855729501799601, -39.027792956444657 ], [ 174.854436904038664, -39.027588777948729 ], [ 174.854271354914374, -39.027554848124886 ], [ 174.852560299532598, -39.027089484244257 ], [ 174.852501476209113, -39.027069320850444 ], [ 174.852375524297202, -39.027016591418125 ], [ 174.852124645767276, -39.027119518811809 ], [ 174.851174569368254, -39.02746726829124 ], [ 174.851048682940672, -39.027508008675326 ], [ 174.850062045926677, -39.027787034039093 ], [ 174.848773178270278, -39.028100615394187 ], [ 174.848707636248037, -39.028116394854173 ], [ 174.848699108048322, -39.028118426425358 ], [ 174.848633446997866, -39.028133901906649 ], [ 174.848270675625173, -39.028218485476977 ], [ 174.8473515575146, -39.028551729978858 ], [ 174.846878701233692, -39.028713245519839 ], [ 174.846816658964883, -39.028733160540739 ], [ 174.846335018904881, -39.028878029901662 ], [ 174.84537647027031, -39.029147301896188 ], [ 174.844987039755665, -39.02925062303828 ], [ 174.844936123124427, -39.029263347276398 ], [ 174.844542220909545, -39.029355783629534 ], [ 174.842927252898818, -39.0297104108841 ], [ 174.842857451892883, -39.02972555358869 ], [ 174.842848369931943, -39.02972749991654 ], [ 174.842778448462354, -39.029742300717423 ], [ 174.841958994080045, -39.029913606364808 ], [ 174.841022982177577, -39.030119389362731 ], [ 174.83960136941775, -39.030357732051513 ], [ 174.839414795734427, -39.030379535583627 ], [ 174.837966047145017, -39.0304766315828 ], [ 174.836211266650395, -39.03050770732731 ], [ 174.835878907451814, -39.030509858666669 ], [ 174.835835704547037, -39.030509653311022 ], [ 174.835503403709225, -39.030504342655192 ], [ 174.835029111820035, -39.030491433315149 ], [ 174.834559669944611, -39.030731116254991 ], [ 174.833962060710974, -39.031005852653436 ], [ 174.833314226109735, -39.03133609299271 ], [ 174.833076903782597, -39.031453876716348 ], [ 174.833045817327616, -39.031468893252359 ], [ 174.832804886512008, -39.031582133151922 ], [ 174.832433191019163, -39.031752053936593 ], [ 174.830798930188394, -39.032537702039917 ], [ 174.829186356887817, -39.033182617217861 ], [ 174.829083155408654, -39.033216199356012 ], [ 174.828979993164808, -39.033249854840044 ], [ 174.827490941691764, -39.033631656940109 ], [ 174.827481751081621, -39.033635120283265 ], [ 174.825939429310438, -39.034113020228673 ], [ 174.825734252670031, -39.034163618187414 ], [ 174.823968781435639, -39.034482670973816 ], [ 174.823949101516746, -39.034484977286198 ], [ 174.822141365300212, -39.034584672956086 ], [ 174.821926182277736, -39.034583337489899 ], [ 174.82030789353766, -39.034482303225239 ], [ 174.820288870850618, -39.034482359589084 ], [ 174.820190446643608, -39.034482324064115 ], [ 174.82017765175479, -39.034482276916989 ], [ 174.820079231518946, -39.034481587101503 ], [ 174.819145236938652, -39.034471932285193 ], [ 174.819032191006983, -39.034518596501449 ], [ 174.819047561386327, -39.034610672670333 ], [ 174.818991697594413, -39.03618801534212 ], [ 174.819054413363148, -39.036338640834096 ], [ 174.819100995735141, -39.036480044249465 ], [ 174.819372040383115, -39.037585252393939 ], [ 174.819540680450984, -39.038619543000053 ], [ 174.819720006600392, -39.039617867211675 ], [ 174.819772221630018, -39.039954574157271 ], [ 174.819777950689001, -39.039998430189563 ], [ 174.819813874946277, -39.040336431437005 ], [ 174.819921545860041, -39.04164929495937 ], [ 174.819944728731997, -39.042152258913326 ], [ 174.819945398655534, -39.042217658826004 ], [ 174.819932522026903, -39.042720847368741 ], [ 174.819924670922489, -39.042848582331381 ], [ 174.8199399292603, -39.042949764015795 ], [ 174.819945946581726, -39.042998394968699 ], [ 174.819982222013692, -39.043373232572904 ], [ 174.820049784625098, -39.044339743568337 ], [ 174.820061342124518, -39.044550426150792 ], [ 174.82006243329343, -39.044577824847259 ], [ 174.820067662988038, -39.044788660672047 ], [ 174.820081948675977, -39.0462478644219 ], [ 174.819987548932801, -39.046248426342196 ], [ 174.819991770897474, -39.047905488230548 ], [ 174.819955483680104, -39.048086467036306 ], [ 174.81897810545297, -39.05044793473558 ], [ 174.819022570606506, -39.050463075605371 ], [ 174.818554116451708, -39.051299523530261 ], [ 174.818408547407415, -39.05154901851197 ], [ 174.818376784639781, -39.051601330716899 ], [ 174.818119691717158, -39.051999020645667 ], [ 174.817756122927449, -39.052528423798158 ], [ 174.817037365681671, -39.053440291133754 ], [ 174.816935238776068, -39.053554094023291 ], [ 174.816082812050752, -39.054393039398427 ], [ 174.814640042506824, -39.05565143908823 ], [ 174.813946721417949, -39.056206169169286 ], [ 174.813852782363881, -39.05627513166754 ], [ 174.813100887332894, -39.056781362717224 ], [ 174.813079637356537, -39.056794469478113 ], [ 174.813077481135821, -39.056796928167984 ], [ 174.812923055250621, -39.056968688818401 ], [ 174.81290264911155, -39.056990832419082 ], [ 174.812743134389819, -39.057159742540769 ], [ 174.812357570808757, -39.057558209271122 ], [ 174.812211491414303, -39.057705967833016 ], [ 174.81219224795808, -39.05772502104648 ], [ 174.812042274177259, -39.057870388840236 ], [ 174.81147851889628, -39.058405382557723 ], [ 174.811422619387798, -39.058458021199264 ], [ 174.81141531925465, -39.058464842628737 ], [ 174.811358909022431, -39.058517149055746 ], [ 174.810545582876074, -39.05926551239542 ], [ 174.809131725604544, -39.060577349986218 ], [ 174.809072713774015, -39.06063166502171 ], [ 174.809065006562975, -39.060638702230982 ], [ 174.809005445915915, -39.060692651953097 ], [ 174.808388600642701, -39.061246935520352 ], [ 174.80837779011253, -39.061256477621697 ], [ 174.809300474704685, -39.062496601482295 ], [ 174.809385122046251, -39.062667477388096 ], [ 174.809876736499803, -39.064452706490734 ], [ 174.810009221614393, -39.064478695039895 ], [ 174.811727305035873, -39.06493005320506 ], [ 174.811740445052237, -39.06493442731049 ], [ 174.811841316869504, -39.064968449017272 ], [ 174.812748513344644, -39.065278421546566 ], [ 174.813072831601431, -39.065393915626444 ], [ 174.813114685884528, -39.065409433311864 ], [ 174.813205210761879, -39.065444341019351 ], [ 174.81373895243712, -39.065328302276122 ], [ 174.813955387391957, -39.065294412566708 ], [ 174.815644975685899, -39.065129609070972 ], [ 174.816351021013134, -39.065101661551779 ], [ 174.817951845079051, -39.065124876185962 ], [ 174.818158685854343, -39.065139092061585 ], [ 174.819946657598251, -39.065373286184339 ], [ 174.819973457372555, -39.065378509634527 ], [ 174.821692442684537, -39.065827844451711 ], [ 174.821883530525696, -39.065891187528941 ], [ 174.823310039183212, -39.066458021019479 ], [ 174.824430863466745, -39.066982628185237 ], [ 174.825406450371702, -39.067493595727399 ], [ 174.825528621465793, -39.067564871164087 ], [ 174.826432590261533, -39.068150449423065 ], [ 174.827603306864205, -39.068990838696593 ], [ 174.828153811474181, -39.069369916074137 ], [ 174.828549737040248, -39.069655648563092 ], [ 174.82860006733253, -39.069693709959246 ], [ 174.829798415742687, -39.070754423145331 ], [ 174.829897698724409, -39.070857613588849 ], [ 174.830659541409005, -39.071794473754807 ], [ 174.833188049361297, -39.073662702655142 ], [ 174.833331216465524, -39.073807961532502 ], [ 174.833572976973358, -39.07415455231871 ], [ 174.833592972735659, -39.074070241128815 ], [ 174.834103994197733, -39.072943728714023 ], [ 174.833979226642072, -39.072030470291516 ], [ 174.83399120265392, -39.071847530532693 ], [ 174.834737962699933, -39.069090186790852 ], [ 174.834821868807097, -39.068919084735413 ], [ 174.835140522923325, -39.068487453110578 ], [ 174.835469840052667, -39.067381023454011 ], [ 174.835532074417472, -39.067227738291393 ], [ 174.836213100822903, -39.065917817591064 ], [ 174.836226088996312, -39.06589756464254 ], [ 174.836327930127254, -39.065742525794299 ], [ 174.836554581259975, -39.065405549871961 ], [ 174.83751989498063, -39.064209126060064 ], [ 174.837660215817777, -39.064062199741301 ], [ 174.84024591839011, -39.062092867074867 ], [ 174.840437600528162, -39.061986931460247 ], [ 174.84367721358123, -39.060736821051535 ], [ 174.843901497136727, -39.060682242656988 ], [ 174.847477992094042, -39.060273684254348 ], [ 174.847712930244171, -39.060275803822776 ], [ 174.851276347956173, -39.060748778479031 ], [ 174.851498952339909, -39.060807388866671 ], [ 174.854700608726347, -39.062115619696812 ], [ 174.854889096261644, -39.062224986022272 ], [ 174.857415665045181, -39.064240460029119 ], [ 174.857551587541735, -39.064389880161379 ], [ 174.859155742487275, -39.066915361578651 ], [ 174.859225791611038, -39.067090212435801 ], [ 174.85975041960009, -39.0698785293553 ], [ 174.859747730841292, -39.070061697091077 ], [ 174.85959021784555, -39.070783383422672 ], [ 174.85951888000767, -39.071845696058389 ], [ 174.859518488658495, -39.071847996668367 ], [ 174.859515455782372, -39.07186569134079 ], [ 174.85931417436305, -39.073031202602984 ], [ 174.859144696674605, -39.073775051887203 ], [ 174.859117505065797, -39.073870862602924 ], [ 174.858868649487988, -39.074601024156365 ], [ 174.858769560950549, -39.07484928707121 ], [ 174.858734678895104, -39.075314019695185 ], [ 174.858600941519654, -39.076251013638945 ], [ 174.85857543587494, -39.076371780977972 ], [ 174.858329582268993, -39.077247152935364 ], [ 174.85841930290502, -39.078090013876519 ], [ 174.858456606966485, -39.079013297881048 ], [ 174.858453557891721, -39.079133202771224 ], [ 174.858369343304304, -39.080054609312135 ], [ 174.85804370243298, -39.082117493223215 ], [ 174.857890546180101, -39.082842354213817 ], [ 174.857865742449917, -39.082935797134489 ], [ 174.857637302086459, -39.083648519387168 ], [ 174.85737782830563, -39.084337267599153 ], [ 174.857360535590857, -39.084382725960502 ], [ 174.857358267595089, -39.084388630894829 ], [ 174.857340668066968, -39.084434017676948 ], [ 174.857215000063974, -39.084755042881319 ], [ 174.857117242795056, -39.085111230017048 ], [ 174.857095205836089, -39.085189806238517 ], [ 174.857092282567066, -39.085200010974766 ], [ 174.85706934615564, -39.08527843069556 ], [ 174.856836422602015, -39.086058693650649 ], [ 174.856564979671788, -39.086816375961511 ], [ 174.856524245201655, -39.086913487001624 ], [ 174.85616900315668, -39.087649820431828 ], [ 174.855802561491288, -39.088319068370609 ], [ 174.855736748391195, -39.088436927404508 ], [ 174.855728052835332, -39.08845220072282 ], [ 174.855660088150273, -39.08856931581537 ], [ 174.855215491780257, -39.089321089869237 ], [ 174.854869180247761, -39.090065922306358 ], [ 174.854666497415565, -39.090515642823789 ], [ 174.854455494310855, -39.090947978396983 ], [ 174.854426230617861, -39.091003596245677 ], [ 174.854187022915056, -39.091426919821558 ], [ 174.853805814304678, -39.092057140611402 ], [ 174.853122529402299, -39.094032456459885 ], [ 174.853026595620292, -39.094199685906155 ], [ 174.852176165713445, -39.095216786031209 ], [ 174.852187114695482, -39.095223685004974 ], [ 174.852193310025484, -39.095227609950712 ], [ 174.853506603526597, -39.096202527366188 ], [ 174.853658293921143, -39.096334314770544 ], [ 174.854759742079239, -39.09745730868282 ], [ 174.854764078046344, -39.097462533283277 ], [ 174.854797294635461, -39.097502791562199 ], [ 174.855607719551926, -39.098490764631251 ], [ 174.855712846625238, -39.098621370368477 ], [ 174.85572632570441, -39.098638438995508 ], [ 174.855828569075697, -39.098770427522794 ], [ 174.857097298526043, -39.10044035206559 ], [ 174.857498103309382, -39.101014416497883 ], [ 174.857546667631397, -39.101090418415517 ], [ 174.857893005886467, -39.101685614428312 ], [ 174.858710576178197, -39.10323801043797 ], [ 174.859025115424743, -39.103910057585971 ], [ 174.859061492491037, -39.103998550015106 ], [ 174.8593065997633, -39.104687925011824 ], [ 174.859399741830003, -39.104997126741658 ], [ 174.860355326054076, -39.106170714650425 ], [ 174.860360779954362, -39.106178743040957 ], [ 174.86040242562845, -39.106240626667258 ], [ 174.861491061402546, -39.107873618621632 ], [ 174.862198395528708, -39.109175184594463 ], [ 174.862272797526572, -39.109348949924595 ], [ 174.86286659836972, -39.112128854172262 ], [ 174.862868438509707, -39.112312027276644 ], [ 174.862330514231132, -39.115098827856947 ], [ 174.862259603327061, -39.115273478278475 ], [ 174.860642479404589, -39.117794364455577 ], [ 174.860505751484595, -39.117943393981712 ], [ 174.857967644436627, -39.119951559086211 ], [ 174.857778480753836, -39.120060376285721 ], [ 174.854567840952569, -39.121359193969319 ], [ 174.85434476114122, -39.121417143795568 ], [ 174.850775951728394, -39.121879435500986 ], [ 174.850540799837262, -39.121880843528714 ], [ 174.846963292826359, -39.121461343378542 ], [ 174.846739096226912, -39.121406071979848 ], [ 174.84350321326491, -39.120145862896017 ], [ 174.843311925106434, -39.120039324636132 ], [ 174.840734495734125, -39.118061809469864 ], [ 174.840594843255701, -39.117914436440365 ], [ 174.839635142741429, -39.116714933181647 ], [ 174.839432239337469, -39.116410433094138 ], [ 174.838512009907419, -39.11558117297978 ], [ 174.838387726476554, -39.11544957270295 ], [ 174.837565336657775, -39.114417974081583 ], [ 174.837325426079474, -39.114428496943212 ], [ 174.836314576804511, -39.114438344952397 ], [ 174.836183345824821, -39.114435150899318 ], [ 174.835175257994138, -39.114376163666556 ], [ 174.834101923863471, -39.114276431183271 ], [ 174.833716843441437, -39.114235523001234 ], [ 174.833666911881465, -39.114229550990061 ], [ 174.833283814514147, -39.114178582085621 ], [ 174.832944462140773, -39.114128845479037 ], [ 174.832176169481812, -39.114130228688303 ], [ 174.831875432920356, -39.114127721426634 ], [ 174.831836349227331, -39.114126999386713 ], [ 174.83003153445074, -39.113982716856277 ], [ 174.829838298933538, -39.113955197420346 ], [ 174.828084695362918, -39.113592711676766 ], [ 174.828047811844584, -39.113582614937002 ], [ 174.82776538960664, -39.113502072351608 ], [ 174.826235017953621, -39.113047948336202 ], [ 174.826194941634611, -39.11303598930543 ], [ 174.826189735438106, -39.113034427103713 ], [ 174.826149716426272, -39.113022352261993 ], [ 174.825455953836723, -39.112811867725235 ], [ 174.825358773919049, -39.11278198870324 ], [ 174.825346163319409, -39.112778060036646 ], [ 174.825249334012398, -39.112747498034572 ], [ 174.824772914816037, -39.112595169672218 ], [ 174.823926188755451, -39.112394309043388 ], [ 174.823037434046398, -39.112202576584707 ], [ 174.82264049339949, -39.112110949584412 ], [ 174.822589181437422, -39.112098322151233 ], [ 174.822196707340538, -39.111995680966125 ], [ 174.821087980811569, -39.111688399798552 ], [ 174.820661743414689, -39.111562839734347 ], [ 174.820606767008599, -39.11154567259036 ], [ 174.820187213609415, -39.111407122774729 ], [ 174.818503401253452, -39.110820293967265 ], [ 174.817416650372024, -39.110386493570672 ], [ 174.817279585072214, -39.110324451714206 ], [ 174.816257639888619, -39.109803762655119 ], [ 174.815957856462688, -39.109632751941099 ], [ 174.815909363275125, -39.109612107308692 ], [ 174.814889044991531, -39.109122596684557 ], [ 174.814760988091621, -39.109053782474341 ], [ 174.813811200782368, -39.108484613586981 ], [ 174.812871350949194, -39.10785839008421 ], [ 174.811351880279858, -39.108374303339524 ], [ 174.811229551581647, -39.108407207664541 ], [ 174.810274545275661, -39.108628690621472 ], [ 174.809024185187752, -39.108873495156736 ], [ 174.809018391827209, -39.108874628164102 ], [ 174.807661894916066, -39.109139169390758 ], [ 174.806410246237562, -39.109390767821644 ], [ 174.805999507556038, -39.10946712371252 ], [ 174.805945896638718, -39.109476286962064 ], [ 174.804148839090942, -39.109669896441531 ], [ 174.803968405392851, -39.109678180667721 ], [ 174.802154597392757, -39.1096503565064 ], [ 174.802099976064483, -39.109646162523845 ], [ 174.80168056865233, -39.109607921161555 ], [ 174.800818254018679, -39.109516825015248 ], [ 174.800707560585607, -39.10953752905607 ], [ 174.800415835593469, -39.109583802557708 ], [ 174.800627600909792, -39.109962530144351 ], [ 174.801741149145045, -39.112155671517023 ], [ 174.802358458437084, -39.112949250669061 ], [ 174.802440331177621, -39.113069864207546 ], [ 174.803000507520778, -39.114026342227049 ], [ 174.803578312401356, -39.11518805221796 ], [ 174.803875115738606, -39.115862978890164 ], [ 174.803909183019016, -39.115951771176775 ], [ 174.804136491020984, -39.1166428798293 ], [ 174.804513570664795, -39.118012891739596 ], [ 174.804544220189428, -39.11812789903454 ], [ 174.804548079325343, -39.118142869584403 ], [ 174.804576801118969, -39.118258178441607 ], [ 174.804782928160421, -39.119115561173032 ], [ 174.804969206454928, -39.119735041242109 ], [ 174.805326770940496, -39.12030504342632 ], [ 174.805538077854123, -39.120433617076742 ], [ 174.805646577051533, -39.120506382159867 ], [ 174.80644689647761, -39.121097142185114 ], [ 174.808088580565652, -39.12243024535865 ], [ 174.808678065399761, -39.122985688851848 ], [ 174.809128808807515, -39.123148487851168 ], [ 174.810522250056636, -39.123374598227713 ], [ 174.81211231035698, -39.123306694725493 ], [ 174.812223785768396, -39.12330875829155 ], [ 174.814028820224877, -39.12345308203723 ], [ 174.81415117089341, -39.123470504966591 ], [ 174.815905015445281, -39.123832971424335 ], [ 174.816010218708556, -39.123861763280267 ], [ 174.817669703051365, -39.124433451382437 ], [ 174.817779157509591, -39.124479468567571 ], [ 174.81856626402822, -39.124843940939591 ], [ 174.819574687689794, -39.124347066447697 ], [ 174.819774895143468, -39.124264787107059 ], [ 174.82144123644801, -39.123705332777185 ], [ 174.821449664934903, -39.123703095517513 ], [ 174.823207828803191, -39.123353548351659 ], [ 174.823430875150223, -39.123323479104791 ], [ 174.825237583979629, -39.123192440044868 ], [ 174.825246487453626, -39.123192340756489 ], [ 174.825314978613875, -39.123191734979621 ], [ 174.825744219677858, -39.123188927951269 ], [ 174.826203849691865, -39.123193037043698 ], [ 174.826263564376006, -39.123194495763961 ], [ 174.82806714785454, -39.123349488265298 ], [ 174.828240001032526, -39.123375160456966 ], [ 174.829990270899486, -39.123747987218145 ], [ 174.830046485611859, -39.123763746375843 ], [ 174.831700358353771, -39.124345232757442 ], [ 174.831854572685899, -39.124411250338113 ], [ 174.833371337623987, -39.125187082303576 ], [ 174.83341855139895, -39.1252155998978 ], [ 174.834760865196984, -39.126166681649195 ], [ 174.834881348538602, -39.126266584665039 ], [ 174.836016162284722, -39.127369503424418 ], [ 174.836049754002005, -39.12740798882956 ], [ 174.836300597229865, -39.127708031131725 ], [ 174.836438751562184, -39.127880691255491 ], [ 174.836444314206744, -39.127887650179645 ], [ 174.836981958102427, -39.12856197982078 ], [ 174.837380679439349, -39.129059921250779 ], [ 174.837454506471715, -39.129153382030992 ], [ 174.837464008624153, -39.129165577011847 ], [ 174.837536368550786, -39.129259731322342 ], [ 174.838282547545305, -39.130244196738047 ], [ 174.839079656533301, -39.131513955673242 ], [ 174.839166067455579, -39.131684320656355 ], [ 174.839952689901565, -39.13443502025271 ], [ 174.839967279370882, -39.134617843907655 ], [ 174.839623990960177, -39.137423231143174 ], [ 174.839565321820544, -39.137600617596334 ], [ 174.838125591445902, -39.140186067781215 ], [ 174.837999398859068, -39.140340651300974 ], [ 174.835604066661489, -39.142453041115942 ], [ 174.835422699683534, -39.142569686720194 ], [ 174.832306225316756, -39.144002187514339 ], [ 174.832087439446298, -39.144069473737197 ], [ 174.82855495620268, -39.144681817693794 ], [ 174.828320174572724, -39.144693155890764 ], [ 174.824717593667032, -39.144425383491146 ], [ 174.824489807382747, -39.144379663622836 ], [ 174.823510870879801, -39.144048932741001 ], [ 174.823430694597789, -39.144062063115776 ], [ 174.820943542359743, -39.144364116575616 ], [ 174.820933413603939, -39.144365343020773 ], [ 174.819114429941379, -39.14447173633247 ], [ 174.819006468904234, -39.144471402538137 ], [ 174.818898507331113, -39.144471200505365 ], [ 174.817080433111499, -39.144355781760297 ], [ 174.817079268964363, -39.144355635198501 ], [ 174.815292857285556, -39.14412960143391 ], [ 174.814774965566443, -39.144094623941214 ], [ 174.813940131404365, -39.144014328473098 ], [ 174.813832233735468, -39.144000832488231 ], [ 174.813007104327028, -39.143873497509013 ], [ 174.81101911435124, -39.143507717524919 ], [ 174.809925325803277, -39.143261614189292 ], [ 174.809785497928829, -39.143224254609549 ], [ 174.808294948839261, -39.142721054013371 ], [ 174.807395343733845, -39.142631226965925 ], [ 174.807251443850959, -39.142607802111634 ], [ 174.806155864464245, -39.142385366568988 ], [ 174.805695947832362, -39.142273000724494 ], [ 174.805488522882086, -39.142272128146324 ], [ 174.805307885359525, -39.142262866368341 ], [ 174.803923896718999, -39.142126239151054 ], [ 174.802947937347483, -39.14198286746732 ], [ 174.801549340190064, -39.141804754445587 ], [ 174.80062522852117, -39.141656695034236 ], [ 174.80050630140326, -39.141633666460386 ], [ 174.799600765842229, -39.141427440295175 ], [ 174.79829175466827, -39.141083597934809 ], [ 174.7968892014961, -39.140633401616917 ], [ 174.796712573160278, -39.140565835058283 ], [ 174.795397769378724, -39.139976546998433 ], [ 174.79437885028085, -39.139447703051502 ], [ 174.793659847020223, -39.139042652117247 ], [ 174.793569106816307, -39.138987282276759 ], [ 174.792892107084441, -39.138540489781199 ], [ 174.792032328487323, -39.137927404642745 ], [ 174.791808329462327, -39.137763358187435 ], [ 174.791779578795087, -39.137741734458345 ], [ 174.790577078160368, -39.136683135050646 ], [ 174.790497328802388, -39.136600706343373 ], [ 174.78988084111964, -39.136428918932069 ], [ 174.789674510976056, -39.136340989494293 ], [ 174.786811083865558, -39.134618122526028 ], [ 174.786649751803765, -39.134484837362855 ], [ 174.784610226912918, -39.132157131146862 ], [ 174.784509684369539, -39.131991540608901 ], [ 174.783493649542095, -39.129286895276138 ], [ 174.783474465950235, -39.129170395422022 ], [ 174.782279837618432, -39.12726502664966 ], [ 174.781821916049893, -39.126430422807616 ], [ 174.781769547521577, -39.126319866422826 ], [ 174.781421798165013, -39.125453603172559 ], [ 174.781141425259449, -39.124607659734153 ], [ 174.781140952333942, -39.124606198417162 ], [ 174.780885103448782, -39.124220600135139 ], [ 174.780811144425883, -39.124046722752553 ], [ 174.780311124588934, -39.121676268032914 ], [ 174.779984447310483, -39.121258471623804 ], [ 174.779905331103208, -39.121143248604341 ], [ 174.779360440175168, -39.120230381878528 ], [ 174.778942148343702, -39.119412950204527 ], [ 174.778935997969995, -39.119400905723879 ], [ 174.778935199868585, -39.119399339494514 ], [ 174.778929071759109, -39.119387288138803 ], [ 174.778764380285878, -39.119062727351483 ], [ 174.778395108185151, -39.118798188722018 ], [ 174.777456080630628, -39.118041994667507 ], [ 174.77734178265527, -39.11793847987628 ], [ 174.776270226386288, -39.11679794189115 ], [ 174.776238480115353, -39.116757898934154 ], [ 174.775409183490012, -39.115500813623264 ], [ 174.77534154844821, -39.115374850010951 ], [ 174.774894052899242, -39.114382186499725 ], [ 174.774434965561511, -39.113135102755486 ], [ 174.774378372015832, -39.113073947934943 ], [ 174.773099542575324, -39.111630492596191 ], [ 174.772187122489726, -39.111423725566667 ], [ 174.772147474907371, -39.1114120422667 ], [ 174.771844121039095, -39.11131881903696 ], [ 174.770892962920783, -39.111014367752439 ], [ 174.769780195321033, -39.110602908841926 ], [ 174.769639599289661, -39.110543575152931 ], [ 174.768589351997861, -39.110042208720117 ], [ 174.767862964986591, -39.109652508728644 ], [ 174.767539453388281, -39.109472478651746 ], [ 174.767497925874665, -39.109448518301932 ], [ 174.767476270109057, -39.109433840094198 ], [ 174.767190414298511, -39.109583701020028 ], [ 174.766943730402232, -39.109717305094058 ], [ 174.766511953885384, -39.109940145224598 ], [ 174.766455018224889, -39.109968120479635 ], [ 174.766010861568617, -39.110175668840895 ], [ 174.765254053499064, -39.110511583741157 ], [ 174.765116162094557, -39.110571817848694 ], [ 174.765098168317195, -39.110579552422699 ], [ 174.76495923237988, -39.110638311760283 ], [ 174.763198366833649, -39.111370902307556 ], [ 174.762868542235083, -39.111493832078821 ], [ 174.762138638672013, -39.112005169975504 ], [ 174.762004126959482, -39.112088569555908 ], [ 174.761495565152529, -39.112591668366051 ], [ 174.761410829788531, -39.11266841322567 ], [ 174.760726195462695, -39.113236764115015 ], [ 174.759491688362459, -39.114176540125051 ], [ 174.758984325187441, -39.11454036314727 ], [ 174.758916616518064, -39.114586086249979 ], [ 174.758641671235551, -39.11476084356913 ], [ 174.759469305634866, -39.114766968574251 ], [ 174.759701177753414, -39.114797339068716 ], [ 174.76313074575566, -39.115693505373294 ], [ 174.763339229682487, -39.115778202592793 ], [ 174.766245598731501, -39.117456034855373 ], [ 174.766410291514262, -39.117586771056665 ], [ 174.768509001156758, -39.119882083313335 ], [ 174.768613781010743, -39.120046064608587 ], [ 174.769699345019603, -39.122734224564084 ], [ 174.769733949632297, -39.122915401946273 ], [ 174.769699989456626, -39.125733300889252 ], [ 174.76966102272084, -39.125913940218105 ], [ 174.768510724832339, -39.128585737568287 ], [ 174.768401992628441, -39.12874815521856 ], [ 174.766247849239249, -39.131012281619071 ], [ 174.766079990119778, -39.131140576006835 ], [ 174.764689023186321, -39.132048298019967 ], [ 174.763584940160939, -39.132660716599368 ], [ 174.762914607761445, -39.133035963908249 ], [ 174.762790745403208, -39.13310434444373 ], [ 174.762774569053335, -39.133113151203418 ], [ 174.762649564491994, -39.133180259277331 ], [ 174.762057324655132, -39.133493750465377 ], [ 174.761501663305268, -39.13382132137648 ], [ 174.760943563249867, -39.134130514766653 ], [ 174.760869545942143, -39.134169002000412 ], [ 174.760288918322857, -39.134451919786542 ], [ 174.759413552688869, -39.134850852657678 ], [ 174.758710604708995, -39.135219766811048 ], [ 174.758668027727168, -39.135242004667028 ], [ 174.75866248451689, -39.135244886019251 ], [ 174.75861978134111, -39.135266976658833 ], [ 174.757427447407252, -39.135880805108378 ], [ 174.757416209902459, -39.136060840261365 ], [ 174.757237864835389, -39.137257833425544 ], [ 174.757201446971692, -39.137411541013115 ], [ 174.756819513756454, -39.138579279347532 ], [ 174.756729704808066, -39.138792933728261 ], [ 174.756775934990685, -39.13914007790617 ], [ 174.756831899429017, -39.139785520889689 ], [ 174.756835298614192, -39.13986952359722 ], [ 174.756749958604814, -39.14128131758261 ], [ 174.756733925073036, -39.141380220484052 ], [ 174.756366019967487, -39.142764235156285 ], [ 174.756335917662255, -39.142844944268823 ], [ 174.756075709393798, -39.143459303470671 ], [ 174.755717330713793, -39.144213254113481 ], [ 174.755583484139635, -39.144481582211988 ], [ 174.755565372709043, -39.14451623945186 ], [ 174.754751439462325, -39.145779515213803 ], [ 174.754654389132412, -39.145904575012388 ], [ 174.753619228024746, -39.147028627748114 ], [ 174.75362476867889, -39.147036248519143 ], [ 174.75363994218273, -39.147061568325526 ], [ 174.753753677003374, -39.147257420554929 ], [ 174.753947924967122, -39.147602834550796 ], [ 174.754407969917992, -39.148567392168715 ], [ 174.75445839831599, -39.14869503104434 ], [ 174.754854356200411, -39.150074347608317 ], [ 174.754863417942175, -39.15012392438652 ], [ 174.754977394434746, -39.151534489369446 ], [ 174.754974700520108, -39.151668015078485 ], [ 174.754878504832078, -39.152694212628141 ], [ 174.754783539237053, -39.153259739414501 ], [ 174.754480816810769, -39.154441071050684 ], [ 174.754428477486556, -39.154591912884882 ], [ 174.753925976368691, -39.155731224029743 ], [ 174.753231276415079, -39.157018714360667 ], [ 174.752847218820108, -39.157658909873426 ], [ 174.752793177867119, -39.1577404835908 ], [ 174.752304151581001, -39.158354928399064 ], [ 174.75218978531484, -39.158697836125476 ], [ 174.751819639124932, -39.159606797967513 ], [ 174.751763631157928, -39.159722651508488 ], [ 174.751272114961807, -39.160596051321505 ], [ 174.751146785401119, -39.160790101802284 ], [ 174.750317063783484, -39.162109638813831 ], [ 174.749393356635807, -39.163326373750422 ], [ 174.749258119206928, -39.163476262873324 ], [ 174.746739702582005, -39.165500449684977 ], [ 174.746551576624114, -39.165610464464997 ], [ 174.743352782680006, -39.166929655290225 ], [ 174.74313018612861, -39.166989023430681 ], [ 174.739564217026384, -39.167474044935346 ], [ 174.739328946566189, -39.167476953135086 ], [ 174.735744995998999, -39.167080313802423 ], [ 174.735520090630786, -39.167026477541697 ], [ 174.732269111941321, -39.1657870219166 ], [ 174.732076594289964, -39.165681713248716 ], [ 174.729476896528325, -39.163720812404179 ], [ 174.729335614317307, -39.163574343054727 ], [ 174.727641673141022, -39.161083996926145 ], [ 174.727565453194359, -39.160910707617688 ], [ 174.726943001374906, -39.158134730341942 ], [ 174.726939297247355, -39.157951585770107 ], [ 174.727449132946845, -39.155161723530121 ], [ 174.727518298140609, -39.154986651004165 ], [ 174.727832843605142, -39.15436801706997 ], [ 174.726115776603677, -39.153948062764911 ], [ 174.726050446680318, -39.153931739532446 ], [ 174.725998809883748, -39.153923360715154 ], [ 174.724640041898169, -39.153722485108297 ], [ 174.723784833995808, -39.153569672899593 ], [ 174.723674784144293, -39.153546554901787 ], [ 174.722836917987507, -39.153343705756157 ], [ 174.722799683629574, -39.153333470005521 ], [ 174.722265610453434, -39.153174992846495 ], [ 174.722196876970884, -39.153153068184366 ], [ 174.721673512084209, -39.152974242904421 ], [ 174.720840971028139, -39.152670457597509 ], [ 174.720809540573839, -39.152657867313906 ], [ 174.719847393057051, -39.152593172020239 ], [ 174.719689934961281, -39.152572796486965 ], [ 174.7179281759216, -39.152232394395135 ], [ 174.717855824239251, -39.152213613781178 ], [ 174.717303982254833, -39.152058150489353 ], [ 174.716320097394885, -39.151758778314687 ], [ 174.715885958806666, -39.151618697195318 ], [ 174.715830019190776, -39.151599601617079 ], [ 174.714229920837312, -39.150932297262521 ], [ 174.714082848965319, -39.150858852242585 ], [ 174.712636557238511, -39.150004845779215 ], [ 174.712590936631187, -39.14997322413096 ], [ 174.712246357165185, -39.149724428630947 ], [ 174.711042815472211, -39.148819326377591 ], [ 174.710352991900891, -39.148303282281638 ], [ 174.710153609765428, -39.148150473021119 ], [ 174.710128002436733, -39.148130366649049 ], [ 174.709933425668027, -39.147973847116866 ], [ 174.709118795195394, -39.147302479709367 ], [ 174.708866554958746, -39.147087749918349 ], [ 174.708834351470728, -39.14705942985303 ], [ 174.708591153421622, -39.146838466351539 ], [ 174.707771341074874, -39.146068767012899 ], [ 174.7077625460646, -39.146060499477059 ], [ 174.70776140353783, -39.146059424168456 ], [ 174.70775262121299, -39.146051148494955 ], [ 174.706768582867142, -39.145122736875486 ], [ 174.706134269861195, -39.144618757940364 ], [ 174.705811146187671, -39.144393031514824 ], [ 174.704921033734621, -39.143969836004089 ], [ 174.704889773879955, -39.143960149534557 ], [ 174.704867766009215, -39.143953172603958 ], [ 174.704699019459184, -39.143898462066538 ], [ 174.703574643779973, -39.1435257668969 ], [ 174.703570065413373, -39.143524248388495 ], [ 174.702536113348401, -39.143180789102338 ], [ 174.701465261920504, -39.142834484531029 ], [ 174.701407543538153, -39.142816104174528 ], [ 174.701311976972079, -39.142796553445237 ], [ 174.701296835179022, -39.142811772006951 ], [ 174.70123637919761, -39.142868725605858 ], [ 174.700753559870776, -39.143295390528401 ], [ 174.699638043806999, -39.144220540936018 ], [ 174.6989872159767, -39.144719283243923 ], [ 174.698899455450771, -39.144781419799898 ], [ 174.698200121446604, -39.145238624212958 ], [ 174.696291242905744, -39.14638964861247 ], [ 174.695637700686461, -39.146756096870263 ], [ 174.695550714156354, -39.146801375383276 ], [ 174.695489386475174, -39.146830945738074 ], [ 174.695315356164883, -39.147383521752815 ], [ 174.695252634909167, -39.14757368565283 ], [ 174.695244136072233, -39.147598334822533 ], [ 174.694637403318609, -39.148930353414507 ], [ 174.694554822499498, -39.149074582541488 ], [ 174.693687920711881, -39.15031628893307 ], [ 174.693670054506498, -39.150337686403056 ], [ 174.693530317628785, -39.15050111581062 ], [ 174.692853297140203, -39.151274504299344 ], [ 174.692795628148588, -39.151339762486536 ], [ 174.692788083403656, -39.151348220215212 ], [ 174.692735510911263, -39.151406604734014 ], [ 174.693159483259905, -39.152830398026381 ], [ 174.693230485244698, -39.153085590632671 ], [ 174.693239096037331, -39.153118862861902 ], [ 174.693456939309584, -39.154521965232803 ], [ 174.693464959127056, -39.154671399548107 ], [ 174.693398209700803, -39.15608376026379 ], [ 174.693393193568397, -39.15611747579463 ], [ 174.693043477437925, -39.15750431686147 ], [ 174.6929917917316, -39.157648366526239 ], [ 174.692367702448308, -39.158975536023249 ], [ 174.692349548781067, -39.1590063943475 ], [ 174.692205484600294, -39.159242189874512 ], [ 174.691128818457372, -39.160940445645146 ], [ 174.690450857984558, -39.161867117552539 ], [ 174.69035388566931, -39.161983107288961 ], [ 174.68953996340548, -39.162840891915806 ], [ 174.688205624537261, -39.164085548888536 ], [ 174.68681528382487, -39.165411908743167 ], [ 174.686461384312253, -39.165733752028423 ], [ 174.686414138880764, -39.165774726331314 ], [ 174.686041185589772, -39.166083256873542 ], [ 174.684485218780367, -39.167311214705492 ], [ 174.684479330417133, -39.167315858314176 ], [ 174.683991624403546, -39.167699753729167 ], [ 174.684473733270522, -39.168836581948028 ], [ 174.684511634014285, -39.169017353924048 ], [ 174.684512239608466, -39.169117658900952 ], [ 174.684991860601002, -39.170189667333347 ], [ 174.685296822076708, -39.170988494860545 ], [ 174.685330217291153, -39.171093546287992 ], [ 174.685539027221949, -39.171910894757985 ], [ 174.685705002518233, -39.1727655963073 ], [ 174.685820579158104, -39.173662669605214 ], [ 174.685828077277847, -39.173779581600705 ], [ 174.685827978614867, -39.174179606864584 ], [ 174.686047445510354, -39.174457429503647 ], [ 174.68609075874906, -39.174515982750677 ], [ 174.686407229887152, -39.174973880677406 ], [ 174.68672665437515, -39.175469847191934 ], [ 174.686733386779878, -39.1754803174152 ], [ 174.686734260856326, -39.175481678987509 ], [ 174.686740975781589, -39.17549215603055 ], [ 174.687272628815549, -39.176323014905542 ], [ 174.687780814658709, -39.177241770763196 ], [ 174.687838167877317, -39.177363691580453 ], [ 174.688212337546304, -39.178320641089236 ], [ 174.688503305330386, -39.179246591591792 ], [ 174.688766295762207, -39.180409025395171 ], [ 174.688787643185748, -39.18056123276746 ], [ 174.688853071173781, -39.181740451035409 ], [ 174.68882722991529, -39.182637505324401 ], [ 174.688762185430846, -39.183410217342484 ], [ 174.688748201614089, -39.183510201607611 ], [ 174.688410652085594, -39.184898879294849 ], [ 174.68838261691036, -39.184979115702149 ], [ 174.688100278196572, -39.185592373469262 ], [ 174.688093715608488, -39.185810868602033 ], [ 174.688004002689723, -39.186580489293071 ], [ 174.687737114134961, -39.187851234853511 ], [ 174.687733226822587, -39.187863951030408 ], [ 174.688042202112911, -39.189140901765185 ], [ 174.688221886918939, -39.190275665638673 ], [ 174.688233144134557, -39.190423742077449 ], [ 174.688226644053515, -39.191567077312378 ], [ 174.688133415050771, -39.192633251751261 ], [ 174.687877384852499, -39.194000351652619 ], [ 174.687826830738175, -39.19417504854141 ], [ 174.687305100302751, -39.195495591994906 ], [ 174.687303463655155, -39.195498827016962 ], [ 174.687353009882486, -39.196009075271327 ], [ 174.687333808082144, -39.196191627953525 ], [ 174.686477372828733, -39.198929589325054 ], [ 174.686386607337795, -39.199098589132966 ], [ 174.684484610843498, -39.201496587667741 ], [ 174.684331160277338, -39.201635489041145 ], [ 174.681569725889801, -39.20345874246572 ], [ 174.681368610038135, -39.203553945268915 ], [ 174.678018073975153, -39.204623928949623 ], [ 174.67778898395224, -39.204666111085402 ], [ 174.67417742231865, -39.204878053093154 ], [ 174.67394279134362, -39.204863084155342 ], [ 174.670423866669836, -39.204196234254432 ], [ 174.670206670977961, -39.204125580347444 ], [ 174.66859092860463, -39.203479772911635 ], [ 174.667825929661973, -39.203112291622446 ], [ 174.666820469704447, -39.202570184421653 ], [ 174.666694905244242, -39.202494540631299 ], [ 174.665448171596154, -39.201624204202673 ], [ 174.665351385026014, -39.20154608988625 ], [ 174.664112561764171, -39.200359253755757 ], [ 174.66398020421687, -39.200207786878281 ], [ 174.662437566575505, -39.197658355678819 ], [ 174.662371849136548, -39.19748247736586 ], [ 174.661917266849088, -39.194686902794842 ], [ 174.661924614531557, -39.194503830885147 ], [ 174.662602449894592, -39.191735772467958 ], [ 174.662682134402331, -39.191563426822661 ], [ 174.663127388632461, -39.190795616453691 ], [ 174.663108396135243, -39.190788968781789 ], [ 174.663248626578564, -39.190546352055513 ], [ 174.663048526409824, -39.189857541865486 ], [ 174.662924385186045, -39.189367354798037 ], [ 174.662910529717834, -39.189303331294063 ], [ 174.662821509634853, -39.18880854140334 ], [ 174.662704406319619, -39.187993621338613 ], [ 174.66266227753033, -39.18763603193981 ], [ 174.662657993555626, -39.187589478842703 ], [ 174.662670791132456, -39.186176222986674 ], [ 174.66268583029111, -39.186039805964398 ], [ 174.662982542938437, -39.184645506560827 ], [ 174.662996953125059, -39.184600201624427 ], [ 174.663297894280703, -39.183896280406579 ], [ 174.663323198611124, -39.183002343514104 ], [ 174.663328626005807, -39.182960483059546 ], [ 174.663438822289692, -39.182486772692712 ], [ 174.662704930768399, -39.181509554971854 ], [ 174.66200882699701, -39.180419644274238 ], [ 174.66193102102622, -39.180273854474699 ], [ 174.661368197125171, -39.178930163390007 ], [ 174.661360497547292, -39.178905309193105 ], [ 174.661074688106822, -39.177509634009432 ], [ 174.661067718583979, -39.177441557918499 ], [ 174.660742556256565, -39.177229050677518 ], [ 174.659942209338027, -39.176633826525276 ], [ 174.658963984729553, -39.175917412888545 ], [ 174.657944714395541, -39.175196091844136 ], [ 174.657920098225674, -39.17517862064652 ], [ 174.657916902332005, -39.175176345809945 ], [ 174.657892350907247, -39.175158819521926 ], [ 174.657525548106207, -39.174896214254311 ], [ 174.657384398643927, -39.174821786290074 ], [ 174.656632185117417, -39.174389629327251 ], [ 174.656537471175795, -39.174330467839539 ], [ 174.655832547286764, -39.173852448385404 ], [ 174.65502820292221, -39.173260844314335 ], [ 174.654177377313346, -39.172556051991869 ], [ 174.653047119542947, -39.172450995686773 ], [ 174.651960370241312, -39.172308835542928 ], [ 174.651820542926089, -39.172285165165917 ], [ 174.650756103976306, -39.172063165918154 ], [ 174.64967144263241, -39.171793238900349 ], [ 174.64881610836153, -39.171551120865281 ], [ 174.648706676484295, -39.171516292311225 ], [ 174.647878443938197, -39.171222586660683 ], [ 174.647389747598453, -39.171030872088693 ], [ 174.647158871092103, -39.170950937953222 ], [ 174.646143938483107, -39.1719558134468 ], [ 174.645971358733192, -39.17208032017259 ], [ 174.644277317287361, -39.172963890848905 ], [ 174.644326669890688, -39.175343026922576 ], [ 174.644293615092664, -39.175524371231454 ], [ 174.643230576618237, -39.178218008244166 ], [ 174.64312713648718, -39.178382525137984 ], [ 174.641046560010039, -39.18068860915978 ], [ 174.64088285469191, -39.180820191646831 ], [ 174.639521211193966, -39.181755220572811 ], [ 174.63811269259125, -39.182578925206194 ], [ 174.63696195121517, -39.183171752398678 ], [ 174.636806991514703, -39.183241615419341 ], [ 174.635573738916037, -39.183723603080225 ], [ 174.634650005168226, -39.184032405866596 ], [ 174.634753717669554, -39.184269280280446 ], [ 174.634940583902562, -39.184575226182503 ], [ 174.634986779476179, -39.184659158751799 ], [ 174.635309735759108, -39.185315593441594 ], [ 174.635624820636338, -39.186039417693735 ], [ 174.635881891772357, -39.186716113326533 ], [ 174.635910835188469, -39.186804966796117 ], [ 174.636068518474474, -39.187383283863078 ], [ 174.636594028560836, -39.188539923979945 ], [ 174.636654835311788, -39.188716865027551 ], [ 174.637031612568222, -39.191519404702483 ], [ 174.637019182184332, -39.191702308386354 ], [ 174.636264594701032, -39.194458283461032 ], [ 174.63618013495082, -39.194629245248485 ], [ 174.634367922853897, -39.197068856108658 ], [ 174.634219694732593, -39.197211138518142 ], [ 174.631527185588936, -39.19909553079178 ], [ 174.631329697165086, -39.199195202747966 ], [ 174.630097195295349, -39.199621541832499 ], [ 174.63120783355933, -39.20057058841261 ], [ 174.631337142769922, -39.200723638297049 ], [ 174.632828675744065, -39.203291395090837 ], [ 174.63289087745116, -39.203468044300621 ], [ 174.633289639186728, -39.206268737349347 ], [ 174.633278636644832, -39.206451695772905 ], [ 174.632545457274148, -39.209211181246317 ], [ 174.632462318462643, -39.209382539034145 ], [ 174.630668841709223, -39.211830674251985 ], [ 174.630521698239221, -39.211973655187258 ], [ 174.629278537304003, -39.213004200521418 ], [ 174.627981580186145, -39.213922849821358 ], [ 174.626910238682029, -39.214595539462834 ], [ 174.62676478294668, -39.214676248423636 ], [ 174.6260537461973, -39.215023093011091 ], [ 174.625980724916502, -39.215104447496344 ], [ 174.624957140779514, -39.216089282520549 ], [ 174.624813187597056, -39.216209417489218 ], [ 174.623622107253766, -39.217072811064412 ], [ 174.621596736579505, -39.218346209664332 ], [ 174.621201448089096, -39.218575225422242 ], [ 174.620745158569235, -39.219251373389611 ], [ 174.620745041194397, -39.219251547313753 ], [ 174.620395210172632, -39.219769881870889 ], [ 174.620363275759132, -39.219817389051549 ], [ 174.620361045859028, -39.219855415072693 ], [ 174.620313652093301, -39.220034823721562 ], [ 174.619038353269644, -39.222672241660128 ], [ 174.618921998116122, -39.222831475654246 ], [ 174.616661193948943, -39.225033228135125 ], [ 174.616487262709512, -39.225156697388577 ], [ 174.615624748362791, -39.225598803352355 ], [ 174.615437368994094, -39.225768003475856 ], [ 174.615007163420898, -39.226159052719687 ], [ 174.614998712823251, -39.226166725501088 ], [ 174.613286656517715, -39.227716658949788 ], [ 174.6128486208531, -39.228457182651084 ], [ 174.612839964734405, -39.2284717817885 ], [ 174.612838837261393, -39.22847367889414 ], [ 174.612830147641233, -39.228488265997164 ], [ 174.612292327172497, -39.229388973052174 ], [ 174.612173305298199, -39.229591955428262 ], [ 174.611631286846489, -39.230640659012074 ], [ 174.611472777308421, -39.230932406671734 ], [ 174.611451319990522, -39.230970040366415 ], [ 174.611266419213251, -39.231278472800632 ], [ 174.61126468587554, -39.23128122706072 ], [ 174.610568386927355, -39.232235572331696 ], [ 174.610470638397743, -39.232352344651176 ], [ 174.609383055854863, -39.233455036677583 ], [ 174.609347693562228, -39.233485670821167 ], [ 174.609049274589722, -39.233734563570366 ], [ 174.609046531567884, -39.233736766392141 ], [ 174.608005058124206, -39.234477037202105 ], [ 174.607865688182869, -39.234564599131652 ], [ 174.607320726089199, -39.234855967334255 ], [ 174.606233410072406, -39.23598844431892 ], [ 174.606043491855644, -39.236302403766707 ], [ 174.606037447842169, -39.236310646362654 ], [ 174.605990625002562, -39.236373904423722 ], [ 174.605384207007916, -39.237185543335855 ], [ 174.604927378327574, -39.237748043752397 ], [ 174.604864600354205, -39.237819364256495 ], [ 174.604355613852817, -39.238354102129158 ], [ 174.603530808345539, -39.239156826959686 ], [ 174.602706851279294, -39.23995908010464 ], [ 174.602697103447667, -39.23996855791551 ], [ 174.602695835161541, -39.239969789367137 ], [ 174.602686070898955, -39.239979256966251 ], [ 174.601759676022795, -39.240876250787188 ], [ 174.601239353553098, -39.241345969950039 ], [ 174.60116909011731, -39.241405151582434 ], [ 174.600608436631148, -39.241845918873523 ], [ 174.599969706561495, -39.242314632868776 ], [ 174.599042978683428, -39.243117820414852 ], [ 174.59843042970553, -39.243609721493584 ], [ 174.598347788900611, -39.243671223801762 ], [ 174.596940216262709, -39.244565251915972 ], [ 174.596840065644358, -39.244619260759009 ], [ 174.595269928262212, -39.245331039906205 ], [ 174.595166886912608, -39.245369671401214 ], [ 174.594359719472124, -39.2456433876335 ], [ 174.594055735291676, -39.245735941549356 ], [ 174.593991844220568, -39.245929280382505 ], [ 174.593979776204208, -39.245963623646375 ], [ 174.593881778064173, -39.246226704810468 ], [ 174.593606745792101, -39.246925110503689 ], [ 174.593433223398961, -39.247435927081852 ], [ 174.593346900089102, -39.247676483736846 ], [ 174.593335122576235, -39.247707629111304 ], [ 174.593240253353457, -39.247946232055384 ], [ 174.592963724034519, -39.248609004457606 ], [ 174.592579843886568, -39.249530032151796 ], [ 174.592330343394991, -39.249999384875437 ], [ 174.593402239140005, -39.250102031217615 ], [ 174.593633054622018, -39.250138611800431 ], [ 174.597027166789701, -39.251126322772414 ], [ 174.597232154772342, -39.2512165642284 ], [ 174.600067733800444, -39.252971344159128 ], [ 174.600226833011789, -39.253106416176848 ], [ 174.602226338424771, -39.255456547928951 ], [ 174.602323973964587, -39.255623232185414 ], [ 174.603291620870777, -39.25833871590752 ], [ 174.603318229231888, -39.258520698645995 ], [ 174.603159175752637, -39.261335747650179 ], [ 174.603112143352377, -39.261515215644593 ], [ 174.601841820925927, -39.264154264366212 ], [ 174.601748490706427, -39.264282414507775 ], [ 174.602536140839248, -39.264430020983873 ], [ 174.602644519304761, -39.264453697418155 ], [ 174.603469434390519, -39.264660074814991 ], [ 174.606138588783011, -39.265414535594246 ], [ 174.606904974192616, -39.265583898726902 ], [ 174.60747879593697, -39.265723309087392 ], [ 174.607549204602037, -39.265741986701464 ], [ 174.608650832787021, -39.265206173883435 ], [ 174.608867660979342, -39.265134508398717 ], [ 174.612384251837881, -39.264451130473155 ], [ 174.612618953600048, -39.264435050328544 ], [ 174.61623509160836, -39.264629744345832 ], [ 174.616417625755304, -39.26466240105055 ], [ 174.616438780162866, -39.264661723407464 ], [ 174.618255523683587, -39.264714489134263 ], [ 174.618270832655128, -39.264715874314881 ], [ 174.618388523862933, -39.264726997872103 ], [ 174.620107896896343, -39.264896434188771 ], [ 174.620838030248393, -39.264962941778137 ], [ 174.622516578666733, -39.265214528249714 ], [ 174.622730507963951, -39.2652595347733 ], [ 174.62360050859246, -39.265500928221599 ], [ 174.623643106094619, -39.265477161030581 ], [ 174.62479036155861, -39.264930877357386 ], [ 174.62641036415215, -39.264289486610856 ], [ 174.626628055828547, -39.264219422413056 ], [ 174.630152808366091, -39.263561996962963 ], [ 174.630387694612836, -39.263547647826762 ], [ 174.634001277611418, -39.263768995753324 ], [ 174.634230375193908, -39.263811765999691 ], [ 174.637579202251914, -39.26489023276828 ], [ 174.637780093468962, -39.264985937587703 ], [ 174.640536452393007, -39.26681599608645 ], [ 174.640689476436677, -39.266955270475108 ], [ 174.642583571972068, -39.269357835200267 ], [ 174.642673748003517, -39.269527049431154 ], [ 174.643520105006075, -39.272266986251012 ], [ 174.643538599262058, -39.272449578740584 ], [ 174.64325424418638, -39.275258704028573 ], [ 174.643199237248155, -39.275436801626981 ], [ 174.641811868367341, -39.278040126109772 ], [ 174.641688736723069, -39.278196293543232 ], [ 174.641663091590772, -39.278219630517498 ], [ 174.642305701841877, -39.278762858040011 ], [ 174.642410556259961, -39.278861889063528 ], [ 174.643452291122429, -39.280020249731599 ], [ 174.643488407247759, -39.280067993334015 ], [ 174.644284191035609, -39.28133874075963 ], [ 174.644344543877594, -39.281458106650312 ], [ 174.644874771408922, -39.282809955698262 ], [ 174.644890138158814, -39.282864036190858 ], [ 174.645056855673488, -39.283791506079282 ], [ 174.645756402555833, -39.283985030886321 ], [ 174.646534880456414, -39.283489414256479 ], [ 174.647034037614759, -39.283213678569481 ], [ 174.648215635774847, -39.280972091009943 ], [ 174.648337988921185, -39.280815551592319 ], [ 174.650681848995589, -39.27866572718218 ], [ 174.650860446064428, -39.278546229613696 ], [ 174.653944232912124, -39.277064456443526 ], [ 174.654161593287768, -39.276993694550363 ], [ 174.656677510029454, -39.276515999048065 ], [ 174.657293811894903, -39.275986200958954 ], [ 174.658305879348575, -39.27511058862931 ], [ 174.659338666856058, -39.274322184541525 ], [ 174.659480624464749, -39.274226596799359 ], [ 174.660631800724786, -39.273544419081432 ], [ 174.662045510449161, -39.272810427839694 ], [ 174.663084531934288, -39.27232991124442 ], [ 174.663223423213793, -39.272273083206315 ], [ 174.664893842814223, -39.271714912321968 ], [ 174.664968959717243, -39.271695077468237 ], [ 174.666731131501308, -39.271346861868054 ], [ 174.666885814855561, -39.271326170612355 ], [ 174.668086382449388, -39.271215316810299 ], [ 174.669039672178855, -39.271166300444087 ], [ 174.669965986648378, -39.270882283508186 ], [ 174.670892988154094, -39.270645891936297 ], [ 174.670971633787673, -39.270626077634503 ], [ 174.670981869409445, -39.270623530154872 ], [ 174.671060694880367, -39.270604152462383 ], [ 174.671528359355136, -39.270490609971141 ], [ 174.67321503228402, -39.270044462843011 ], [ 174.673576378188073, -39.269953984504326 ], [ 174.673623588346601, -39.269942823475482 ], [ 174.673807433531721, -39.269911359958307 ], [ 174.675484401777481, -39.26920723046824 ], [ 174.67570668760564, -39.26914645948105 ], [ 174.679272498863838, -39.268638810786364 ], [ 174.679508062943967, -39.268634399762568 ], [ 174.683101187184093, -39.269007996160504 ], [ 174.683326979995087, -39.269060376985536 ], [ 174.686595829781936, -39.270278666288 ], [ 174.68678975659185, -39.270382713711726 ], [ 174.689414436950159, -39.272326485481535 ], [ 174.689557517761614, -39.272472017992996 ], [ 174.691281108101805, -39.274951055821425 ], [ 174.691359334434168, -39.275123830997551 ], [ 174.692013037164799, -39.277895511782397 ], [ 174.692018744343841, -39.2780786191706 ], [ 174.691538438690571, -39.280871646560882 ], [ 174.691471058920257, -39.281047162232959 ], [ 174.690816017051645, -39.282365577956085 ], [ 174.690309758743524, -39.283186262032636 ], [ 174.689490672865389, -39.284302094206055 ], [ 174.689371453499177, -39.284440527529313 ], [ 174.688244482330873, -39.285549734725443 ], [ 174.688229820399187, -39.285562041794932 ], [ 174.686893406701358, -39.286520571245497 ], [ 174.686724967374772, -39.286623594658408 ], [ 174.685212016483717, -39.287407835534111 ], [ 174.685193177520432, -39.287416018747081 ], [ 174.683540954343982, -39.288006656385285 ], [ 174.683339785333288, -39.288064182192379 ], [ 174.681751608819098, -39.288420697008959 ], [ 174.680946082416057, -39.288554003207636 ], [ 174.679448003897903, -39.288723352284251 ], [ 174.679252237736875, -39.288735409755986 ], [ 174.679154609644115, -39.288736451987461 ], [ 174.679037209042662, -39.288765588721802 ], [ 174.67901240123976, -39.288771611733381 ], [ 174.678180985017832, -39.289132720028391 ], [ 174.678067257351188, -39.289177316284132 ], [ 174.676384288543716, -39.289713041020065 ], [ 174.676280454792959, -39.289738908314547 ], [ 174.674510340553525, -39.290063423347135 ], [ 174.67438444263513, -39.290078523160787 ], [ 174.674153610570869, -39.290098481310878 ], [ 174.672999751331815, -39.291078251058757 ], [ 174.672980826896804, -39.291094281007567 ], [ 174.67297836348385, -39.291096362589528 ], [ 174.672959389257812, -39.291112356978793 ], [ 174.671945530024601, -39.291964909253927 ], [ 174.671059282711497, -39.292634644625018 ], [ 174.670938430091326, -39.292716694452714 ], [ 174.669965406654711, -39.293309263400175 ], [ 174.668955263427563, -39.293859470692524 ], [ 174.66866363983118, -39.29408678643307 ], [ 174.668640750746931, -39.29410457823132 ], [ 174.668637771013266, -39.294106887931449 ], [ 174.668614818041391, -39.294124629981205 ], [ 174.666052733260329, -39.296099443665632 ], [ 174.665371676197509, -39.296584097632447 ], [ 174.665280050873264, -39.296644263935278 ], [ 174.664551487726612, -39.297085245097286 ], [ 174.664189941355914, -39.297286622105418 ], [ 174.664147590200372, -39.297310099425481 ], [ 174.664142075761674, -39.297313141860016 ], [ 174.664099589398688, -39.297336471224938 ], [ 174.663357643050517, -39.297741933907801 ], [ 174.662051104661828, -39.299241498628376 ], [ 174.661890042639953, -39.299375240007286 ], [ 174.661553249960292, -39.299578970050455 ], [ 174.660678113895329, -39.30045989212568 ], [ 174.660528530649827, -39.300589264590506 ], [ 174.659282215109556, -39.301517664034776 ], [ 174.658759683799587, -39.301852593826304 ], [ 174.658391921219305, -39.302078760125369 ], [ 174.658343366056073, -39.302107398310632 ], [ 174.657808458500568, -39.302404689049368 ], [ 174.657788110163324, -39.30241533340088 ], [ 174.65662532194014, -39.302949841466592 ], [ 174.656491145658691, -39.303003576954858 ], [ 174.654992568559322, -39.303503446199628 ], [ 174.654934997566301, -39.303519023492647 ], [ 174.654308007952778, -39.303673320161906 ], [ 174.654284421216488, -39.303678557448265 ], [ 174.654102562602731, -39.303717696731937 ], [ 174.653633365082214, -39.303815487442016 ], [ 174.65184486386093, -39.304073426067468 ], [ 174.651610413450044, -39.304092620628026 ], [ 174.647988442013713, -39.303945851834378 ], [ 174.647757834814826, -39.303907812353351 ], [ 174.645390425102789, -39.30320222545096 ], [ 174.643553040374826, -39.303188462838534 ], [ 174.643419067567066, -39.303186856556799 ], [ 174.643401653238357, -39.303186569536045 ], [ 174.641591671689895, -39.303045815944721 ], [ 174.641376612008742, -39.303015702668581 ], [ 174.639617273749934, -39.302656670019289 ], [ 174.639600826290604, -39.302652215620618 ], [ 174.639474562329212, -39.302617382847558 ], [ 174.63842340540441, -39.302322064875526 ], [ 174.638375024719267, -39.302605444593283 ], [ 174.638336627401088, -39.302811964142201 ], [ 174.638331236122156, -39.302838763155691 ], [ 174.637910187128057, -39.304213632648199 ], [ 174.637848400896331, -39.304362396218124 ], [ 174.637155676807538, -39.305669160687543 ], [ 174.63713988925781, -39.305693353494455 ], [ 174.637015671098993, -39.305878358882417 ], [ 174.635296419636376, -39.308368056671824 ], [ 174.635143614974282, -39.308582283079431 ], [ 174.635123266582355, -39.308609917532465 ], [ 174.634098857765565, -39.309777792635792 ], [ 174.633976617661943, -39.309896020611497 ], [ 174.632729608608258, -39.310925008241377 ], [ 174.632699262136583, -39.310946404536331 ], [ 174.632462946086093, -39.311108525186135 ], [ 174.629497096787418, -39.313087989604767 ], [ 174.627852742611168, -39.314197827389705 ], [ 174.627711580580637, -39.314291569670246 ], [ 174.627693105023809, -39.314303641204269 ], [ 174.62755002771982, -39.314395614829301 ], [ 174.627422090241879, -39.314476523597513 ], [ 174.627231717886644, -39.315565279733931 ], [ 174.627163824783821, -39.315740677489273 ], [ 174.626676480975846, -39.316526033877487 ], [ 174.62601273233787, -39.319104381164095 ], [ 174.625974652088559, -39.319184307883958 ], [ 174.626049212880503, -39.31929911492572 ], [ 174.626080931860599, -39.319348328342159 ], [ 174.626085030126291, -39.319354735812176 ], [ 174.626116361387005, -39.319404098857575 ], [ 174.626434922838683, -39.319909885396619 ], [ 174.627095616509564, -39.31979573021156 ], [ 174.628559846107692, -39.319618087482574 ], [ 174.628751314345919, -39.319604516370525 ], [ 174.630232753222742, -39.319573372629655 ], [ 174.631584140883888, -39.319612098621029 ], [ 174.631928377049235, -39.319616353122434 ], [ 174.632972499425875, -39.3196079406626 ], [ 174.633914062435565, -39.318781471693427 ], [ 174.634096023656497, -39.31866498494216 ], [ 174.637221816137071, -39.317235056618436 ], [ 174.637441205926365, -39.317167940773714 ], [ 174.640982794442067, -39.316558179884005 ], [ 174.641218144333948, -39.316547002519734 ], [ 174.644828982002707, -39.316817077943981 ], [ 174.645057263433216, -39.316862933025583 ], [ 174.646126392812221, -39.317224004822158 ], [ 174.646583970744075, -39.317130954327681 ], [ 174.648418698418141, -39.316756212775218 ], [ 174.648430195032574, -39.316753869389849 ], [ 174.648431689800901, -39.316753565343198 ], [ 174.648443189621872, -39.316751231087999 ], [ 174.649055659718698, -39.316627169348145 ], [ 174.649111592463811, -39.316615954962323 ], [ 174.649118868348779, -39.316614511169433 ], [ 174.649174872295674, -39.316603513356831 ], [ 174.650090334389347, -39.316425618013753 ], [ 174.650259822695546, -39.316393731752207 ], [ 174.650281895049488, -39.316389715462606 ], [ 174.65045198142397, -39.316359812652443 ], [ 174.650638639984379, -39.316328140314532 ], [ 174.650654012664631, -39.316319848833736 ], [ 174.650677025479126, -39.316307468483522 ], [ 174.650680019642493, -39.316305861844661 ], [ 174.650703070879899, -39.316293524673739 ], [ 174.651486198901097, -39.315875466174688 ], [ 174.652318461527813, -39.315426884163394 ], [ 174.653785069369832, -39.314596402293411 ], [ 174.654940985523041, -39.313933907602447 ], [ 174.655345515468753, -39.313697335645841 ], [ 174.655897695485208, -39.313370523069047 ], [ 174.656382589314262, -39.31309859328497 ], [ 174.656446756623609, -39.313064528289978 ], [ 174.658024691808748, -39.312361120385532 ], [ 174.658168111177019, -39.312308337646961 ], [ 174.659868242454962, -39.31180531606833 ], [ 174.659942818099637, -39.311788319362776 ], [ 174.660520818116339, -39.311669071243251 ], [ 174.663719171335202, -39.31107731205276 ], [ 174.664357700032838, -39.310953120569117 ], [ 174.665673110216233, -39.310759178339076 ], [ 174.665845413906624, -39.310741706699389 ], [ 174.667180832107732, -39.310666854303101 ], [ 174.667777706831089, -39.310660239927948 ], [ 174.668084832573726, -39.31065999582345 ], [ 174.668124752460585, -39.31066037483054 ], [ 174.669936509888146, -39.310788453544482 ], [ 174.670129963433567, -39.310814139138451 ], [ 174.671893641477624, -39.3111607853576 ], [ 174.67193145765242, -39.311170727688229 ], [ 174.672221047559333, -39.31125020021063 ], [ 174.672912816547353, -39.311448084293879 ], [ 174.673298683736334, -39.311564579931172 ], [ 174.673348482576728, -39.311580415062828 ], [ 174.673728751442923, -39.311707536856765 ], [ 174.676578053540624, -39.312707194369409 ], [ 174.676634658112988, -39.312723617388947 ], [ 174.679720732861767, -39.313308138886896 ], [ 174.679786612972606, -39.313320774774773 ], [ 174.67979517112741, -39.31332243689284 ], [ 174.679860954937027, -39.313335372052215 ], [ 174.679946970158085, -39.313352493500233 ], [ 174.681983462995134, -39.313384506871166 ], [ 174.683373394021231, -39.313403478867023 ], [ 174.683600156506657, -39.313408296692486 ], [ 174.683629624925572, -39.313409146932514 ], [ 174.683856222743088, -39.313417409723492 ], [ 174.686930419643005, -39.313552890792629 ], [ 174.688633818649691, -39.313585214650686 ], [ 174.689875112162724, -39.313605723631667 ], [ 174.69012796398917, -39.313537403226192 ], [ 174.691812371231293, -39.313189988611825 ], [ 174.692034463610241, -39.313157826180927 ], [ 174.693716077455434, -39.313014755139193 ], [ 174.693757507531814, -39.312978086003625 ], [ 174.694200226414495, -39.312607736318675 ], [ 174.694259472491865, -39.312560882559083 ], [ 174.695632254044824, -39.311633452705166 ], [ 174.695754342138315, -39.311563239879213 ], [ 174.69729694826907, -39.310814030137536 ], [ 174.697371929693702, -39.310783689558171 ], [ 174.697524068660584, -39.310726284330798 ], [ 174.6980471298385, -39.310486411970309 ], [ 174.698081042206866, -39.310470920059203 ], [ 174.698085455199902, -39.310468911926378 ], [ 174.698119435032055, -39.310453509486457 ], [ 174.698710580339366, -39.310186594755436 ], [ 174.6988180622794, -39.310088076343014 ], [ 174.699036229690677, -39.309888022373755 ], [ 174.699300917632485, -39.309612475536959 ], [ 174.700499968690195, -39.308549606256776 ], [ 174.700668794851822, -39.308421754419122 ], [ 174.703630146791511, -39.306794627594009 ], [ 174.703841557308209, -39.306713556597998 ], [ 174.707305087413999, -39.305876889244502 ], [ 174.70753839378844, -39.305850532260621 ], [ 174.711165185210916, -39.305886196285428 ], [ 174.711397558652749, -39.3059171325771 ], [ 174.714832734739105, -39.306821642384911 ], [ 174.715041437422968, -39.306906845115115 ], [ 174.717948846479516, -39.308591696723958 ], [ 174.718113454034778, -39.308722828700276 ], [ 174.720208533234427, -39.311023149487056 ], [ 174.720312932152723, -39.311187378102211 ], [ 174.721390549292551, -39.313878045688924 ], [ 174.721424514447619, -39.314059297728043 ], [ 174.721379067256066, -39.316876957795841 ], [ 174.721339265035851, -39.317057491791303 ], [ 174.720175063150236, -39.319726326725529 ], [ 174.7200653811596, -39.319888469330117 ], [ 174.719095279551709, -39.32108413835951 ], [ 174.718602513802523, -39.321597260768243 ], [ 174.718383996402338, -39.321817618881745 ], [ 174.718355026383449, -39.321845917908853 ], [ 174.718127851176718, -39.322060929425469 ], [ 174.717662357618082, -39.322487875606051 ], [ 174.717661526766591, -39.32248863756395 ], [ 174.716161086861945, -39.323864229479454 ], [ 174.716074900851538, -39.323942333127057 ], [ 174.71606362237037, -39.323952436571183 ], [ 174.714767402867466, -39.324944317302389 ], [ 174.7145999680275, -39.325053719600064 ], [ 174.713119891366745, -39.325875875529029 ], [ 174.713105144436327, -39.325882777106656 ], [ 174.712991316064176, -39.325935362968188 ], [ 174.712373522525667, -39.326217067782267 ], [ 174.712299087886009, -39.326250720449799 ], [ 174.71228939059327, -39.326255067323778 ], [ 174.712214636114481, -39.326288289640217 ], [ 174.711342560288472, -39.326672519073902 ], [ 174.710939185232377, -39.326854663695201 ], [ 174.710349111308489, -39.327376448687474 ], [ 174.709264322896047, -39.328216577216217 ], [ 174.709114645471317, -39.328318097970346 ], [ 174.707896704900094, -39.32903982582318 ], [ 174.705742999810468, -39.330149246101655 ], [ 174.7044349009999, -39.33073168915513 ], [ 174.704259240579432, -39.330798518106292 ], [ 174.702864873619433, -39.331244211770034 ], [ 174.70149399991152, -39.33160338550605 ], [ 174.699832511368044, -39.331934695902575 ], [ 174.699613607986805, -39.33196515718403 ], [ 174.697907357072296, -39.3321024813458 ], [ 174.697186132197459, -39.332118856777186 ], [ 174.696176840630869, -39.332512167872054 ], [ 174.695952089987088, -39.332567691878282 ], [ 174.69236486772752, -39.332991265642868 ], [ 174.6921290224995, -39.332990128145845 ], [ 174.690722585674848, -39.332810165108896 ], [ 174.690663412091254, -39.332809306156548 ], [ 174.690663414739163, -39.332809196144318 ], [ 174.690460999614544, -39.332809403938199 ], [ 174.68939841444481, -39.332785938131146 ], [ 174.688088844935606, -39.332764290675776 ], [ 174.688070636339887, -39.332763978471064 ], [ 174.688068269265585, -39.332763936440791 ], [ 174.688050061333172, -39.33276360202607 ], [ 174.686127860664016, -39.332727109177277 ], [ 174.68594111798464, -39.332722392996935 ], [ 174.685916849374195, -39.332721628047338 ], [ 174.685730228822337, -39.332714575772727 ], [ 174.682697817487423, -39.332580917570382 ], [ 174.681532829988015, -39.332565005237129 ], [ 174.681517494277102, -39.332564787813574 ], [ 174.681515500659202, -39.332564758524526 ], [ 174.681500165326156, -39.332564525347316 ], [ 174.678016668772926, -39.332509715901807 ], [ 174.676684316591064, -39.332428913992807 ], [ 174.676512464224288, -39.332410706147861 ], [ 174.675200936150731, -39.332211387684204 ], [ 174.673799318857675, -39.331932387838869 ], [ 174.670072310844205, -39.331226415381956 ], [ 174.669411233792658, -39.331084974515434 ], [ 174.669326068768243, -39.33106463069862 ], [ 174.668676914938374, -39.330893089847024 ], [ 174.667549032095252, -39.330565831748295 ], [ 174.667522679339498, -39.330557793580113 ], [ 174.666752762567199, -39.330993802736238 ], [ 174.666643177507382, -39.331055104779807 ], [ 174.666628872168445, -39.331063009346096 ], [ 174.666518375091925, -39.331123316013816 ], [ 174.665545086198108, -39.331647956424746 ], [ 174.665523704243924, -39.331659454374382 ], [ 174.665520922432876, -39.331660946686078 ], [ 174.665499507294044, -39.331672407378022 ], [ 174.664718025223266, -39.332089623112942 ], [ 174.664021632150053, -39.332465261331649 ], [ 174.663790680044769, -39.332586665616816 ], [ 174.6637604162147, -39.332602165522125 ], [ 174.663525770943664, -39.332719221311159 ], [ 174.661995938138347, -39.333462350253278 ], [ 174.661849700181449, -39.333532220413389 ], [ 174.661830603688969, -39.333541193737254 ], [ 174.66020447846509, -39.334175680140667 ], [ 174.66000651267683, -39.334238343538296 ], [ 174.658272572392775, -39.334667440435361 ], [ 174.65825083939481, -39.334671391132787 ], [ 174.658083372722473, -39.334700819915064 ], [ 174.655905117469985, -39.335070437206845 ], [ 174.655229352607222, -39.335201749521218 ], [ 174.654688525585868, -39.335311296180983 ], [ 174.65285922666456, -39.335684918887928 ], [ 174.652852483304713, -39.335686294454675 ], [ 174.651116273210562, -39.336039341574818 ], [ 174.650158577535649, -39.336200831302023 ], [ 174.650033157895081, -39.33621770569593 ], [ 174.649061321551812, -39.336315821932303 ], [ 174.647615888609494, -39.336413731765234 ], [ 174.645711523752738, -39.336564125537031 ], [ 174.645132394227062, -39.336636286203344 ], [ 174.644144290102446, -39.336759428271876 ], [ 174.644093572012309, -39.336765659350597 ], [ 174.644086976383079, -39.336766458050697 ], [ 174.644036223254687, -39.336772514666016 ], [ 174.644010693315067, -39.336775516358486 ], [ 174.643836386578499, -39.336846054631081 ], [ 174.643682263576693, -39.33690729311197 ], [ 174.643662152168901, -39.336915137529992 ], [ 174.643506868900573, -39.336974582401503 ], [ 174.641442189708243, -39.337750123619244 ], [ 174.641037519475105, -39.337894741064055 ], [ 174.640984466767407, -39.337912749896965 ], [ 174.639264840322483, -39.33837544976376 ], [ 174.639092111564366, -39.33841041443312 ], [ 174.637300429587413, -39.338658492317926 ], [ 174.63724280623876, -39.33866288712926 ], [ 174.636798713334031, -39.33869008092001 ], [ 174.635233236783733, -39.338762468519306 ], [ 174.634948970818783, -39.338772894694266 ], [ 174.634912000390301, -39.338773897805559 ], [ 174.634627490556085, -39.338778904112147 ], [ 174.632022061077492, -39.338799888119397 ], [ 174.631869694261553, -39.338800336229532 ], [ 174.63184988693817, -39.338800293434183 ], [ 174.631697525706073, -39.33879918693399 ], [ 174.631061518024694, -39.338791321180018 ], [ 174.630940017685816, -39.338789323662994 ], [ 174.630937421059315, -39.338789270401932 ], [ 174.629252138996065, -39.339131568862079 ], [ 174.628685026022566, -39.339235006418946 ], [ 174.628610912974466, -39.339247007317503 ], [ 174.628037825395495, -39.339328198943818 ], [ 174.626138538491347, -39.339559147869736 ], [ 174.625125542675363, -39.3396840704388 ], [ 174.625123527527876, -39.339684318798099 ], [ 174.624010652522543, -39.339821271977122 ], [ 174.623560716761261, -39.339869645932048 ], [ 174.623502088952165, -39.339875042771155 ], [ 174.623050058512803, -39.339909697104368 ], [ 174.622934045975484, -39.339916812623372 ], [ 174.622885090919056, -39.339977514567238 ], [ 174.622783505696049, -39.340083897498445 ], [ 174.621588119199231, -39.341149551054983 ], [ 174.621541070025472, -39.341185380580072 ], [ 174.621171391498621, -39.341454847330809 ], [ 174.621166866526124, -39.341458004053621 ], [ 174.621160840189305, -39.341472950755978 ], [ 174.620482457696312, -39.342784341967906 ], [ 174.620422024821721, -39.342878936101151 ], [ 174.61948776343047, -39.344091770512499 ], [ 174.619429508370587, -39.344155454681783 ], [ 174.618262365343668, -39.345239862038106 ], [ 174.618167238903226, -39.345315323701513 ], [ 174.616795949958316, -39.346244595068207 ], [ 174.61671519702216, -39.346291182439913 ], [ 174.616078603261258, -39.346633437430462 ], [ 174.614042246602622, -39.347651854893705 ], [ 174.61264816654969, -39.348248169992033 ], [ 174.612460953665732, -39.348315693437932 ], [ 174.610974838266145, -39.348758199464122 ], [ 174.607561270321554, -39.349570835802943 ], [ 174.604918084976816, -39.350227451039849 ], [ 174.603528606764314, -39.35057935547831 ], [ 174.603506318506106, -39.350584980784838 ], [ 174.603503420082149, -39.350585709801479 ], [ 174.603481117202449, -39.350591300135576 ], [ 174.601969735130837, -39.350968815287494 ], [ 174.601544469248466, -39.351068101822229 ], [ 174.601488886698263, -39.351080182777373 ], [ 174.59970293746494, -39.351353203142274 ], [ 174.59952541549734, -39.351369243831058 ], [ 174.597706438948762, -39.351421960759033 ], [ 174.597648768290526, -39.351420113256111 ], [ 174.59720549847998, -39.351399306817832 ], [ 174.595517856478438, -39.351294869955353 ], [ 174.59541912899968, -39.35128843007255 ], [ 174.595406299268632, -39.351287550343265 ], [ 174.595307646270385, -39.351280455929647 ], [ 174.592834320446741, -39.351094290148211 ], [ 174.592511518226218, -39.351071578171855 ], [ 174.592120419374254, -39.351074383749854 ], [ 174.592094764424388, -39.351074545712997 ], [ 174.592091429255163, -39.351074563904263 ], [ 174.592065773909269, -39.351074681806715 ], [ 174.590923912245898, -39.351078943230455 ], [ 174.589748528488002, -39.351087290485559 ], [ 174.58969323512045, -39.351103523689311 ], [ 174.589528957308687, -39.351150655289217 ], [ 174.589507542821764, -39.351156656865648 ], [ 174.589342366992696, -39.351201857209887 ], [ 174.588475407826849, -39.351433398154228 ], [ 174.587155744294847, -39.351789049305886 ], [ 174.586703808974477, -39.352160713179735 ], [ 174.586588830222382, -39.352245794893285 ], [ 174.585659849410746, -39.352864000708983 ], [ 174.585269903122509, -39.353096957735772 ], [ 174.584353376342392, -39.353560419134716 ], [ 174.582757994904682, -39.354510098201025 ], [ 174.582550629642753, -39.354597429148576 ], [ 174.579128899975586, -39.355536937225239 ], [ 174.578896918257385, -39.355570238266253 ], [ 174.575268672461419, -39.355642757447995 ], [ 174.575034790966612, -39.35561876785134 ], [ 174.571876481955996, -39.354891190894783 ], [ 174.570806183229848, -39.354877371406914 ], [ 174.570664141173211, -39.354870315512862 ], [ 174.568862270519531, -39.354669688066224 ], [ 174.56877028607488, -39.354653644001395 ], [ 174.567031046337178, -39.354236625883559 ], [ 174.566898768471106, -39.354195834539219 ], [ 174.565265000683638, -39.353572697867961 ], [ 174.565183907712793, -39.353535369045083 ], [ 174.56369585044007, -39.352721463970823 ], [ 174.563586288916525, -39.352650931700609 ], [ 174.562776567851898, -39.352077426087114 ], [ 174.561926960602733, -39.351415912923649 ], [ 174.561118174629655, -39.350895785940004 ], [ 174.559811849039846, -39.349911688623706 ], [ 174.559655963181172, -39.349774229662046 ], [ 174.557713407032281, -39.347394214290709 ], [ 174.557619868907182, -39.34722608106506 ], [ 174.556719729745225, -39.344496470713402 ], [ 174.55669768896567, -39.344314123640558 ], [ 174.556895042201774, -39.34190406654831 ], [ 174.556795736796346, -39.34211341682181 ], [ 174.556680593818101, -39.342273259453641 ], [ 174.554435474597028, -39.344486899920859 ], [ 174.554262345098238, -39.344611286946247 ], [ 174.551245993262967, -39.346177801523865 ], [ 174.551031825443232, -39.346254553588253 ], [ 174.547539560967721, -39.347020553091546 ], [ 174.547305325291973, -39.347042154676735 ], [ 174.543679117150418, -39.346932633448496 ], [ 174.543447751234709, -39.346896969496527 ], [ 174.543311928332855, -39.346858107914059 ], [ 174.543149807014373, -39.34724403292681 ], [ 174.54307436800039, -39.347384990305677 ], [ 174.54224621211452, -39.348643413321035 ], [ 174.542225432605647, -39.348669673603013 ], [ 174.542062164573878, -39.348870041805512 ], [ 174.541673910959645, -39.349332914180188 ], [ 174.541357318506158, -39.349742297921331 ], [ 174.541085699440401, -39.350076667293386 ], [ 174.541049177292223, -39.350119512756862 ], [ 174.54075891710778, -39.350444304312411 ], [ 174.540020425565416, -39.351233091202928 ], [ 174.539023491154438, -39.352160163553812 ], [ 174.53888408535002, -39.352273408820921 ], [ 174.53773631505922, -39.353088569877769 ], [ 174.536689222486388, -39.353737668353652 ], [ 174.536259735816714, -39.353991429231037 ], [ 174.536202944296747, -39.35402339203474 ], [ 174.535758715330275, -39.354261366542211 ], [ 174.534747078706914, -39.354776739151326 ], [ 174.534739679746394, -39.354780505356992 ], [ 174.533909753055156, -39.355202053519335 ], [ 174.533908528637909, -39.355202675346369 ], [ 174.533091145630038, -39.355617636523441 ], [ 174.532059123812957, -39.356145679278846 ], [ 174.532035597134694, -39.356157684934196 ], [ 174.532032536233089, -39.356159242784251 ], [ 174.532008972117325, -39.356171204052977 ], [ 174.53127495456053, -39.356542804333934 ], [ 174.530493958853867, -39.356938672548957 ], [ 174.529380010504241, -39.357508450584213 ], [ 174.528312897883524, -39.357993013970699 ], [ 174.52817024856904, -39.358050097352695 ], [ 174.526638786846149, -39.358549108128258 ], [ 174.527102543005469, -39.358794778530388 ], [ 174.52852107274083, -39.359680438667866 ], [ 174.528692748420752, -39.359806061944049 ], [ 174.530912010309521, -39.362035653449155 ], [ 174.531025286223183, -39.36219630918113 ], [ 174.532248499138831, -39.364849125588599 ], [ 174.532292281794923, -39.365029090482338 ], [ 174.532399597683451, -39.367845486220808 ], [ 174.532369592655527, -39.368027145072574 ], [ 174.531350367020849, -39.37073143046733 ], [ 174.531249502627929, -39.370897000074315 ], [ 174.529203389835715, -39.373224428231275 ], [ 174.52904153385353, -39.373357698580897 ], [ 174.526168776047058, -39.37508039309769 ], [ 174.525961771897471, -39.37516831522629 ], [ 174.522543615367539, -39.376117596004768 ], [ 174.522311731320713, -39.376151560671317 ], [ 174.51868288060939, -39.376234474901878 ], [ 174.51844882377415, -39.376211156394987 ], [ 174.514964635832257, -39.375419589123382 ], [ 174.514751326107501, -39.37534127119271 ], [ 174.51317159079872, -39.374638588027445 ], [ 174.511753752814627, -39.373887398627986 ], [ 174.511155530023899, -39.37362644771018 ], [ 174.510110996290933, -39.373112090525446 ], [ 174.509980179808764, -39.373039803465041 ], [ 174.508584401219935, -39.372132394674509 ], [ 174.508530136031396, -39.372091077041759 ], [ 174.507334469589352, -39.371025356295625 ], [ 174.507238843109434, -39.370925229842456 ], [ 174.506556234855822, -39.370124546566437 ], [ 174.50562778280721, -39.368898043093822 ], [ 174.504550679688492, -39.367559992216663 ], [ 174.503919185283451, -39.366923564662244 ], [ 174.503374054896284, -39.366325305922707 ], [ 174.503307378912552, -39.366245424749607 ], [ 174.502826724553273, -39.365614742652809 ], [ 174.502751201568088, -39.365505756813192 ], [ 174.502266038751827, -39.365258082872835 ], [ 174.502091618752132, -39.365134750591949 ], [ 174.499823733742403, -39.362934827033754 ], [ 174.499706958041543, -39.362775690880184 ], [ 174.49842595613876, -39.36013941603953 ], [ 174.498378250552292, -39.359960056247608 ], [ 174.498209416549457, -39.357145519103454 ], [ 174.498235442262938, -39.356963493783901 ], [ 174.498536766719411, -39.356110368658399 ], [ 174.497742407070064, -39.355052205700851 ], [ 174.497656970981097, -39.354881495362584 ], [ 174.49688798526131, -39.352127883478857 ], [ 174.496874682427574, -39.351945031688771 ], [ 174.497239343070476, -39.349141703144326 ], [ 174.49729946651621, -39.348964608813922 ], [ 174.498761942503165, -39.346385957850678 ], [ 174.498889599140938, -39.346231954216947 ], [ 174.501306643246778, -39.344130354646438 ], [ 174.501489333705905, -39.344014513334656 ], [ 174.504624338832684, -39.34259563067468 ], [ 174.504844182299877, -39.342529287652006 ], [ 174.506587000191161, -39.342122286375051 ], [ 174.507005883573328, -39.342051728312903 ], [ 174.507790599990813, -39.341749633655709 ], [ 174.507902382790348, -39.34171479042854 ], [ 174.509639280091136, -39.341292848892763 ], [ 174.50975249673067, -39.341272757865056 ], [ 174.510631069066477, -39.341144291448501 ], [ 174.511482876842109, -39.341045958127154 ], [ 174.5116942307275, -39.341023099434757 ], [ 174.511721739604752, -39.341020324298704 ], [ 174.51193359922533, -39.341000488589764 ], [ 174.512327923502284, -39.340966423094166 ], [ 174.5133273753259, -39.340797649710709 ], [ 174.514161777839576, -39.340681360833713 ], [ 174.514270816174303, -39.340669339339691 ], [ 174.515113927103926, -39.340600682107564 ], [ 174.516639062068691, -39.340520090071067 ], [ 174.517170652080608, -39.340368424690823 ], [ 174.517252101574371, -39.340350677258385 ], [ 174.5170063978332, -39.339090664750216 ], [ 174.516993064458774, -39.338946588542179 ], [ 174.517005439052838, -39.337533454791362 ], [ 174.517009728213395, -39.337494520398117 ], [ 174.517049159793061, -39.337195452744012 ], [ 174.517364634184702, -39.335141607302447 ], [ 174.517367471527194, -39.335123294078763 ], [ 174.517367843520759, -39.335120913655203 ], [ 174.517370729156312, -39.335102604978132 ], [ 174.517565177351941, -39.333879241747496 ], [ 174.517854977535791, -39.332704405312306 ], [ 174.517905516791302, -39.332554288870462 ], [ 174.518393240456248, -39.331419640784965 ], [ 174.518693852672072, -39.330849493448852 ], [ 174.518765141221564, -39.330717294265298 ], [ 174.518774584209069, -39.330700166725357 ], [ 174.519619836989961, -39.329448716671045 ], [ 174.519732791215091, -39.329309298978821 ], [ 174.520644884296075, -39.328358205287394 ], [ 174.520156037258431, -39.328188560385463 ], [ 174.519249307034613, -39.32784682373395 ], [ 174.519173135683616, -39.327817847331083 ], [ 174.519163251283743, -39.327814052318693 ], [ 174.519087354944645, -39.327784643915642 ], [ 174.518273049783687, -39.327466217325799 ], [ 174.517380964437933, -39.327078166166395 ], [ 174.517268080499861, -39.327023849861945 ], [ 174.51591808972654, -39.326254215305362 ], [ 174.515584300813629, -39.326200567299864 ], [ 174.515363703399316, -39.326135854026596 ], [ 174.512212276728349, -39.324740138060427 ], [ 174.512028233375815, -39.324625642703495 ], [ 174.509586515302658, -39.322541815537392 ], [ 174.50945704308819, -39.32238874919539 ], [ 174.507964027189814, -39.319820843206585 ], [ 174.507901795775638, -39.319644192190374 ], [ 174.507653401483026, -39.317897507998374 ], [ 174.50751470983883, -39.317810991277369 ], [ 174.507284751926903, -39.317647468813014 ], [ 174.506850818345356, -39.317361794926114 ], [ 174.50683197928177, -39.317349365585734 ], [ 174.506829532423154, -39.317347747744549 ], [ 174.506810727507997, -39.317335287220523 ], [ 174.5064227249851, -39.317077631560196 ], [ 174.505585909439134, -39.316523091160079 ], [ 174.50482464091624, -39.316020650023155 ], [ 174.503802768181458, -39.315357012657735 ], [ 174.503682997755732, -39.315278152007245 ], [ 174.503667517698801, -39.315267818687836 ], [ 174.503549133403084, -39.315187705194958 ], [ 174.503185142397143, -39.314937994154697 ], [ 174.502014265040401, -39.314166730996142 ], [ 174.501336828064552, -39.313726289586839 ], [ 174.501319768915096, -39.313715176660715 ], [ 174.501317553013905, -39.313713730327322 ], [ 174.501300521375526, -39.313702591970632 ], [ 174.500606099967399, -39.313247563187311 ], [ 174.500599196743423, -39.313243036179465 ], [ 174.500416998218384, -39.313123312793962 ], [ 174.500028346344095, -39.312922038016467 ], [ 174.499957461166218, -39.312882987730092 ], [ 174.499423350963156, -39.312570377535387 ], [ 174.498715801026748, -39.312130830948107 ], [ 174.498098816465671, -39.311719158810369 ], [ 174.498021122866646, -39.311663522728409 ], [ 174.497442821310869, -39.311219255354558 ], [ 174.496801816966041, -39.310690992611555 ], [ 174.495661770705112, -39.30958978762623 ], [ 174.495528893294022, -39.309438506118042 ], [ 174.4940839777463, -39.307064579542413 ], [ 174.492344181791935, -39.307412994086533 ], [ 174.492109506050809, -39.307430401848954 ], [ 174.488489644815331, -39.307256082186846 ], [ 174.488259533890101, -39.307216292002458 ], [ 174.486464747003538, -39.306665670155091 ], [ 174.486439507441048, -39.30668381085006 ], [ 174.486276683274923, -39.306785159094581 ], [ 174.484954371731362, -39.307497066839609 ], [ 174.484533966126349, -39.307691316836411 ], [ 174.483933446707283, -39.307950389080943 ], [ 174.483854163529259, -39.307982242563483 ], [ 174.483853476497075, -39.307982498842058 ], [ 174.48358061174315, -39.308173204835661 ], [ 174.483529427522342, -39.308208764929624 ], [ 174.483522756003595, -39.308213372390099 ], [ 174.483471301474424, -39.308248696303068 ], [ 174.482849595565085, -39.308672956389877 ], [ 174.482113001590534, -39.309135591692559 ], [ 174.482014243258902, -39.309192596825227 ], [ 174.480808418723939, -39.309802206404008 ], [ 174.480752752264777, -39.309826669852633 ], [ 174.480319405112539, -39.310007787412921 ], [ 174.480118586462027, -39.310087496513496 ], [ 174.480764287967361, -39.310414889477933 ], [ 174.482204931552673, -39.311277727569504 ], [ 174.482379771131804, -39.311400584699605 ], [ 174.484655951153627, -39.313594282115091 ], [ 174.484773371492878, -39.313753095217514 ], [ 174.486065618690901, -39.316385807840781 ], [ 174.486114120932399, -39.316565034068546 ], [ 174.486295833428784, -39.319379085892756 ], [ 174.486270661308112, -39.319561182478502 ], [ 174.485323912697396, -39.322281115382758 ], [ 174.485227521375606, -39.322448256408975 ], [ 174.484983992755332, -39.322738088431457 ], [ 174.485167736244506, -39.323289288118872 ], [ 174.485279713380322, -39.323656787735672 ], [ 174.485292974655493, -39.323704778691784 ], [ 174.485385017028761, -39.324075601491629 ], [ 174.485887229668123, -39.32635500533349 ], [ 174.485921135815516, -39.326517848003249 ], [ 174.485925293630032, -39.326539047126197 ], [ 174.485955353850471, -39.326702344810336 ], [ 174.486086688363542, -39.327465623411157 ], [ 174.486185460788789, -39.328876688477486 ], [ 174.486179747779346, -39.329059777721589 ], [ 174.485585121636603, -39.331578790699503 ], [ 174.487853790760227, -39.333410605870313 ], [ 174.487988670527471, -39.333560837770968 ], [ 174.489572680016238, -39.336095722785643 ], [ 174.48964118516102, -39.336270969284847 ], [ 174.490139035388268, -39.3390619060049 ], [ 174.490134452327027, -39.339245014464026 ], [ 174.489497274549137, -39.342018816786933 ], [ 174.489420042765971, -39.342191862842839 ], [ 174.488691019813359, -39.343486677570667 ], [ 174.488252040766895, -39.344124649870075 ], [ 174.488194574266089, -39.344207129352789 ], [ 174.488187031916937, -39.344217821191407 ], [ 174.488128462275967, -39.344299831533 ], [ 174.487678563060342, -39.344922119884941 ], [ 174.487253677252482, -39.345512255121562 ], [ 174.48707260523986, -39.345754804443537 ], [ 174.487048412686647, -39.345786078345306 ], [ 174.48685744748343, -39.34602444217213 ], [ 174.486050840028156, -39.346997096965069 ], [ 174.485852586097394, -39.347228248415533 ], [ 174.485826222438249, -39.347257982415812 ], [ 174.485814003089189, -39.347271318836874 ], [ 174.485798404516174, -39.348160363084403 ], [ 174.485762799838966, -39.348459464665453 ], [ 174.485757337393579, -39.348498277262493 ], [ 174.485418276731849, -39.349886679759607 ], [ 174.485369373332674, -39.350026078331055 ], [ 174.484907636979614, -39.351080285868825 ], [ 174.484754717970134, -39.351356210869298 ], [ 174.484734073944594, -39.351391813013109 ], [ 174.483858955177027, -39.352630901096809 ], [ 174.483756956286641, -39.352751742353647 ], [ 174.482898151517247, -39.353643577691528 ], [ 174.482642899297986, -39.353869285162673 ], [ 174.482609093237613, -39.35389819126344 ], [ 174.481283543438622, -39.354866650349251 ], [ 174.481169377607756, -39.354937812948648 ], [ 174.480713219018014, -39.356003413994067 ], [ 174.480632792778891, -39.356154859674319 ], [ 174.479809073509813, -39.357415030723807 ], [ 174.479795954004516, -39.35743171248285 ], [ 174.478728409543407, -39.358576322527263 ], [ 174.478591628644722, -39.358701058909702 ], [ 174.47745255169724, -39.359603135584315 ], [ 174.476728665264119, -39.360101161085701 ], [ 174.476573914505792, -39.360212115517399 ], [ 174.476341887650364, -39.360374041202377 ], [ 174.476311615250836, -39.3603946028134 ], [ 174.47608651328099, -39.36054360528415 ], [ 174.475827989584445, -39.360710357265972 ], [ 174.474806483189042, -39.361298841987825 ], [ 174.474668690262718, -39.361369470931209 ], [ 174.473075541231537, -39.362053192694795 ], [ 174.473010521695841, -39.362076125868903 ], [ 174.471299177836556, -39.362557938440858 ], [ 174.471140008990261, -39.362592051453284 ], [ 174.46989706792948, -39.362802264053023 ], [ 174.468912194807871, -39.36292536901545 ], [ 174.468712268899992, -39.362948972024498 ], [ 174.468686246048151, -39.362951864322227 ], [ 174.466917734551089, -39.363039381128068 ], [ 174.466705843278049, -39.363282533909867 ], [ 174.4665412195003, -39.363466473223752 ], [ 174.466519438619173, -39.363490175048788 ], [ 174.465349214449759, -39.364572658937348 ], [ 174.465209856945648, -39.364682728356897 ], [ 174.464890772256894, -39.364898017120595 ], [ 174.466989134097929, -39.365431494826211 ], [ 174.467199102887889, -39.365515020641055 ], [ 174.470130726667861, -39.367176426382585 ], [ 174.470297177303138, -39.367306224837122 ], [ 174.472424054499555, -39.369589465291128 ], [ 174.472530693208171, -39.369752834327087 ], [ 174.47364458100617, -39.372434459470135 ], [ 174.473680963515477, -39.372615410051331 ], [ 174.473672710112993, -39.375432951364012 ], [ 174.473635266195203, -39.375613771577193 ], [ 174.472701146605942, -39.377827817598337 ], [ 174.474151470632364, -39.379402295896583 ], [ 174.474435445015956, -39.379391936321241 ], [ 174.474609078308958, -39.379393379263099 ], [ 174.475438379568885, -39.379437460191738 ], [ 174.477189797104074, -39.37938361528893 ], [ 174.477425601857703, -39.379390744113863 ], [ 174.480986628303043, -39.379939438853363 ], [ 174.481208059031076, -39.380002762445677 ], [ 174.484376437533513, -39.381378510425307 ], [ 174.484561825789172, -39.381491832740593 ], [ 174.487027481524478, -39.383560014190408 ], [ 174.487158681994401, -39.383712245943933 ], [ 174.488680242802161, -39.386270465943156 ], [ 174.488744408814654, -39.386446708772993 ], [ 174.48917283870145, -39.389244588808516 ], [ 174.489163681218656, -39.389427592430785 ], [ 174.488456905296374, -39.392191264713631 ], [ 174.488375311591142, -39.392363114891609 ], [ 174.486602387049487, -39.3948220272977 ], [ 174.486456337338922, -39.39496589962765 ], [ 174.483790742162, -39.396879308618296 ], [ 174.483594531026, -39.396981116378036 ], [ 174.48029720885566, -39.398161671010712 ], [ 174.480070046667436, -39.398211445401913 ], [ 174.478283799472592, -39.398487610133166 ], [ 174.476943699947157, -39.398611014630902 ], [ 174.475529735891655, -39.398673695636091 ], [ 174.475345965170902, -39.398673128062299 ], [ 174.475193943244562, -39.398665447221262 ], [ 174.475079880821937, -39.398688749308192 ], [ 174.474991799181595, -39.398706457491272 ], [ 174.474980337111162, -39.398708724693101 ], [ 174.474892079207422, -39.398725896537918 ], [ 174.474091003556254, -39.398879167066369 ], [ 174.473927991093746, -39.398909388678703 ], [ 174.473906764009996, -39.398913198564919 ], [ 174.473743205957391, -39.398941590586062 ], [ 174.472833416434128, -39.399094173402716 ], [ 174.471270830360709, -39.399270956661837 ], [ 174.471066623493016, -39.399283134752643 ], [ 174.469487569425041, -39.399293706629869 ], [ 174.468426718863839, -39.39924470877633 ], [ 174.46828260846155, -39.399238517168449 ], [ 174.467629921849039, -39.399332314243836 ], [ 174.467522814132792, -39.399341038968764 ], [ 174.465702050068074, -39.399377857065367 ], [ 174.465573150582742, -39.399372602564213 ], [ 174.463767388308383, -39.399187951742782 ], [ 174.463662049190589, -39.39917056679964 ], [ 174.461915769862003, -39.398768996481778 ], [ 174.461795275216218, -39.398733091557055 ], [ 174.460151493153234, -39.39812449375134 ], [ 174.460058237720659, -39.398082701678824 ], [ 174.45855743883979, -39.39728206815883 ], [ 174.458457147482648, -39.397219028847154 ], [ 174.457136292645146, -39.396246080401028 ], [ 174.457064251332753, -39.396183973560646 ], [ 174.455955864132306, -39.395062674594868 ], [ 174.455885594117404, -39.394978673544067 ], [ 174.455016961657066, -39.393736640653927 ], [ 174.454973185755222, -39.393660300082161 ], [ 174.454365685722308, -39.392328121854085 ], [ 174.454332313329274, -39.392231383367324 ], [ 174.454269301655017, -39.39196720608917 ], [ 174.45425904022926, -39.391957521010035 ], [ 174.451849166333062, -39.390672063872699 ], [ 174.451677984257941, -39.390545983576672 ], [ 174.449467962991207, -39.388310470813266 ], [ 174.449355378972598, -39.388149513031109 ], [ 174.448143898623726, -39.385493466913964 ], [ 174.448100927842006, -39.385313390106916 ], [ 174.448006464228996, -39.38249683313051 ], [ 174.448037304253148, -39.382315265453201 ], [ 174.448230441307942, -39.38180956077781 ], [ 174.448212970963993, -39.381756967244911 ], [ 174.448102572576403, -39.381714804645839 ], [ 174.447608060131842, -39.381531897763608 ], [ 174.447030732579861, -39.381302780720432 ], [ 174.446956779789218, -39.381271378670881 ], [ 174.446396624248223, -39.3810174812523 ], [ 174.445400432528089, -39.380536460203203 ], [ 174.445386034589575, -39.38052946415938 ], [ 174.44420903127525, -39.380450720283164 ], [ 174.443979985523384, -39.380406639895256 ], [ 174.440827109972645, -39.379371610310635 ], [ 174.440355153748271, -39.379253074714207 ], [ 174.440380317032464, -39.380052886510128 ], [ 174.440284311161889, -39.381427990138157 ], [ 174.440216885467521, -39.382025055777298 ], [ 174.440204803208502, -39.382102362104696 ], [ 174.440086347544764, -39.382694624521569 ], [ 174.439534969392753, -39.384952674047355 ], [ 174.439383104808428, -39.385485703701896 ], [ 174.439360675075761, -39.385554469730458 ], [ 174.439167466545598, -39.386079378901897 ], [ 174.438566682625179, -39.387542111294259 ], [ 174.438496110285683, -39.387708329864957 ], [ 174.438486666153523, -39.387729867061964 ], [ 174.438411944143326, -39.387894989980637 ], [ 174.438281823839816, -39.388173834058271 ], [ 174.438204614057696, -39.388374997873129 ], [ 174.438112966481526, -39.388602706904535 ], [ 174.438100549098522, -39.388632181435362 ], [ 174.438001159990023, -39.388857926716895 ], [ 174.437943244125165, -39.388983988769631 ], [ 174.437761174982029, -39.389429711805953 ], [ 174.43769798604572, -39.389579820692163 ], [ 174.437689551607093, -39.38959927745838 ], [ 174.437622979942745, -39.389748503434873 ], [ 174.437444477493102, -39.390137559214523 ], [ 174.437251242929761, -39.390586303871423 ], [ 174.437169873802532, -39.390768734593131 ], [ 174.43715896941751, -39.390792359884571 ], [ 174.437119977494064, -39.390859667198207 ], [ 174.437170776319931, -39.39093135640492 ], [ 174.437413487340251, -39.391240652654602 ], [ 174.437523814633579, -39.391307977099494 ], [ 174.437684228870779, -39.391442312360574 ], [ 174.439705167924018, -39.393783111509677 ], [ 174.439804240515457, -39.393949334226527 ], [ 174.440794126463743, -39.39666012433036 ], [ 174.440822153252071, -39.396841965955815 ], [ 174.440820800509442, -39.396869528929159 ], [ 174.440825239221738, -39.396879097700015 ], [ 174.440883232378013, -39.396952711963415 ], [ 174.441224831181728, -39.39741672040779 ], [ 174.441266894589603, -39.397478010153684 ], [ 174.441572424940489, -39.397956920976824 ], [ 174.441942723682757, -39.39858344310867 ], [ 174.442089033693833, -39.39884157934911 ], [ 174.442107372289001, -39.398875359845071 ], [ 174.442243194475964, -39.399136923554899 ], [ 174.442636872548121, -39.399930683634381 ], [ 174.442797812844333, -39.40027602559298 ], [ 174.442817546913574, -39.400321232265469 ], [ 174.442960207594467, -39.400671377598435 ], [ 174.443202354916195, -39.401310775968078 ], [ 174.443213927105546, -39.401341534666201 ], [ 174.44321542231674, -39.401345535360527 ], [ 174.443505518171349, -39.402435201998884 ], [ 174.443513874091394, -39.402431083906819 ], [ 174.443730474847399, -39.402358275844705 ], [ 174.447247592568772, -39.401656309625558 ], [ 174.447482589418257, -39.401638985324432 ], [ 174.451107168633939, -39.401814457042015 ], [ 174.451337567542964, -39.401854311955475 ], [ 174.454714947179127, -39.402890056402114 ], [ 174.45491820325023, -39.402983191021491 ], [ 174.457183791937808, -39.404435509000415 ], [ 174.45820075583336, -39.404577335925865 ], [ 174.45827341268506, -39.404591360026672 ], [ 174.458316471680973, -39.404591239585876 ], [ 174.458466825464626, -39.404596649595547 ], [ 174.460274156343388, -39.404772656279413 ], [ 174.460358606056815, -39.404786169347261 ], [ 174.462108214143711, -39.405179320025901 ], [ 174.462249057827677, -39.405220505507934 ], [ 174.46274335302391, -39.405387361547781 ], [ 174.466055358988456, -39.404832435090221 ], [ 174.466496552688682, -39.404765414845308 ], [ 174.466554103746148, -39.404757566830561 ], [ 174.466998311018671, -39.404703848377686 ], [ 174.468261275483087, -39.404570486554022 ], [ 174.468375137978597, -39.404558907358002 ], [ 174.468389949336512, -39.404557458891745 ], [ 174.46850395388762, -39.404546753991461 ], [ 174.469705714449503, -39.404438579425744 ], [ 174.470735813214617, -39.404237448872216 ], [ 174.472521303812812, -39.403873651411615 ], [ 174.473797973229068, -39.403672151650298 ], [ 174.473965309015085, -39.403653252278573 ], [ 174.475263038486844, -39.40356399229843 ], [ 174.47631930128108, -39.403537520077656 ], [ 174.478040467622151, -39.403593584209069 ], [ 174.478262292582258, -39.403613675693705 ], [ 174.480049365919257, -39.403887147089478 ], [ 174.480061771667806, -39.403889844738472 ], [ 174.481771722589485, -39.404376806883512 ], [ 174.481974694341744, -39.404449088198504 ], [ 174.483482703666482, -39.405095215052093 ], [ 174.484563776753163, -39.40564332389939 ], [ 174.485799060230676, -39.40636505498243 ], [ 174.485950898598105, -39.40646674248358 ], [ 174.487051590398607, -39.407309435937805 ], [ 174.487787514424014, -39.407953379462121 ], [ 174.488738387567707, -39.408060024143481 ], [ 174.488963879382595, -39.408114260272818 ], [ 174.492222075637784, -39.409359333666067 ], [ 174.492414935510027, -39.409464964861641 ], [ 174.495017843755448, -39.41143008424433 ], [ 174.495159195935997, -39.411576774009283 ], [ 174.496852023414817, -39.414069633558611 ], [ 174.496928028402863, -39.414243026175036 ], [ 174.497544985504021, -39.417019649153858 ], [ 174.497548195883837, -39.417202773661074 ], [ 174.497028756779287, -39.419991378620978 ], [ 174.496958849094597, -39.42016630931861 ], [ 174.496801113830315, -39.420414706002006 ], [ 174.496913160003885, -39.420540485467093 ], [ 174.497056199101934, -39.420541152310776 ], [ 174.497110052558128, -39.42033240353787 ], [ 174.497134836479688, -39.420251423244807 ], [ 174.497354064696992, -39.419633760441926 ], [ 174.498047016615061, -39.417921800642517 ], [ 174.498072604407326, -39.41785937864244 ], [ 174.498075968820274, -39.417851273271985 ], [ 174.498102141226326, -39.41778899726517 ], [ 174.498373662383869, -39.417150804055161 ], [ 174.498730015834212, -39.416421078664349 ], [ 174.498781547916508, -39.416327947618996 ], [ 174.499629214367957, -39.41507709063653 ], [ 174.499685835350931, -39.415007423620452 ], [ 174.500775298248158, -39.413874812533642 ], [ 174.50086140544218, -39.413798589744452 ], [ 174.50155654102241, -39.413234538440513 ], [ 174.502131800628632, -39.412806514766309 ], [ 174.502180300258033, -39.412770636012283 ], [ 174.502186622509527, -39.412765985927692 ], [ 174.502235388287545, -39.412730324918705 ], [ 174.503073769711335, -39.412120767369338 ], [ 174.50371722810408, -39.411648248567438 ], [ 174.504145133685711, -39.411313815659966 ], [ 174.50438505590742, -39.411131645965 ], [ 174.504416680569022, -39.41110831861517 ], [ 174.504663291605823, -39.410931605990491 ], [ 174.50481356434787, -39.410827008143201 ], [ 174.505491179655053, -39.410257760705001 ], [ 174.507222856322556, -39.408774378048633 ], [ 174.507223782503132, -39.408773584736124 ], [ 174.508097250307969, -39.408025639233266 ], [ 174.508232896757619, -39.407911477330295 ], [ 174.508250694361521, -39.407896755290146 ], [ 174.508388857203016, -39.407784424264896 ], [ 174.509289343363804, -39.407064809228416 ], [ 174.509995379906456, -39.406545944241884 ], [ 174.510090641830601, -39.406481589790324 ], [ 174.510633882432131, -39.406144571376167 ], [ 174.511127765417228, -39.405686180044214 ], [ 174.511305636641595, -39.405565762570845 ], [ 174.51438192554653, -39.40406804470831 ], [ 174.514599049023047, -39.403996155423918 ], [ 174.515157009353459, -39.403887328511374 ], [ 174.515471238339956, -39.403660904563466 ], [ 174.515667210256254, -39.403558793514087 ], [ 174.516525142291243, -39.403250025863386 ], [ 174.516673688003522, -39.403174425914692 ], [ 174.516735672928007, -39.40314451810606 ], [ 174.517305633344307, -39.402915518117155 ], [ 174.517963751368711, -39.402353132962531 ], [ 174.518099343234041, -39.402254125106495 ], [ 174.519519593049665, -39.401369307485538 ], [ 174.519561204603889, -39.401347313591188 ], [ 174.519884931740933, -39.401182273419813 ], [ 174.520637958216071, -39.400812172425674 ], [ 174.522184572918235, -39.400173451033304 ], [ 174.522392539936959, -39.400102627647705 ], [ 174.524045421688498, -39.399651757068611 ], [ 174.525003369416197, -39.399452003760423 ], [ 174.526794041426939, -39.399193395230277 ], [ 174.527028784451886, -39.399174107684694 ], [ 174.530655593034709, -39.399319289051093 ], [ 174.530886532023459, -39.399357217928184 ], [ 174.534278096012685, -39.400364719308513 ], [ 174.534482633294488, -39.400456153558359 ], [ 174.537307063033921, -39.402227392793506 ], [ 174.537465181359437, -39.402363385388561 ], [ 174.538808989273321, -39.403965552281342 ], [ 174.54028799787767, -39.403977694969711 ], [ 174.54263656203517, -39.403768973900149 ], [ 174.543567286892028, -39.403715540430582 ], [ 174.543688445199848, -39.403712375011274 ], [ 174.545508173453982, -39.403775755962776 ], [ 174.545622870242823, -39.403786791892934 ], [ 174.547407428298357, -39.404070209435233 ], [ 174.547523919781696, -39.404096241152359 ], [ 174.549229382433282, -39.404592719798401 ], [ 174.549334073142205, -39.404630709250675 ], [ 174.550918459418426, -39.405328029156642 ], [ 174.551018884975292, -39.405380710932846 ], [ 174.551770379263786, -39.405810062884207 ], [ 174.552755487632567, -39.406421738360052 ], [ 174.553217697861783, -39.406568169684547 ], [ 174.553287725901328, -39.406590561889914 ], [ 174.553296817212185, -39.406593495882241 ], [ 174.554918661467553, -39.407236977413675 ], [ 174.555111482402737, -39.40732895311632 ], [ 174.555399041448027, -39.407491542433966 ], [ 174.556248184148046, -39.406999263738136 ], [ 174.556301217232487, -39.406968700156689 ], [ 174.556308126047725, -39.40696474214009 ], [ 174.556361382428605, -39.406934413158332 ], [ 174.557845898407294, -39.406094007643418 ], [ 174.557970485722109, -39.405997240867457 ], [ 174.556914154823346, -39.403331726901193 ], [ 174.556880935359715, -39.40315040250055 ], [ 174.556938652841382, -39.400333115498924 ], [ 174.556979281524406, -39.400152701628684 ], [ 174.558156243114695, -39.397487129613388 ], [ 174.558266734408761, -39.397325284975409 ], [ 174.56044762393293, -39.39507231637527 ], [ 174.560617157326391, -39.394944880374105 ], [ 174.563588460577932, -39.3933249987385 ], [ 174.563800441621709, -39.393244442185285 ], [ 174.567271359396955, -39.392416163848551 ], [ 174.567505043830948, -39.392390369572006 ], [ 174.571135937261943, -39.39243474565756 ], [ 174.571368459346445, -39.392466237872938 ], [ 174.574804050781296, -39.393378930568169 ], [ 174.57501265814966, -39.393464628059668 ], [ 174.577916754962104, -39.395156332928742 ], [ 174.578081032530775, -39.395287850102484 ], [ 174.579242109431334, -39.396376680054608 ], [ 174.580047700353447, -39.397265891069658 ], [ 174.580063145913783, -39.397282981671317 ], [ 174.580065150515111, -39.397285205250888 ], [ 174.580080544975317, -39.397302323565683 ], [ 174.581789918140146, -39.399207749104342 ], [ 174.582226124480343, -39.39968665505581 ], [ 174.582907040504296, -39.400529375682332 ], [ 174.58298750529147, -39.400642381623328 ], [ 174.583374911834341, -39.401304427935045 ], [ 174.584578258211224, -39.401370076903532 ], [ 174.586617198743568, -39.401566203595159 ], [ 174.587623842154699, -39.4016488896916 ], [ 174.588703355114092, -39.401777636857439 ], [ 174.588842367819609, -39.40179945253805 ], [ 174.589901513067758, -39.402006331462609 ], [ 174.59136719673927, -39.40235023076837 ], [ 174.591776011136034, -39.402452591047158 ], [ 174.591828821599023, -39.402466655997394 ], [ 174.592232475925584, -39.402580679589391 ], [ 174.595654995578684, -39.403603425137938 ], [ 174.596690600125413, -39.40395878326089 ], [ 174.596822008446424, -39.404009957352926 ], [ 174.597808071211318, -39.404441893434495 ], [ 174.598352502676306, -39.40470834208589 ], [ 174.598733666396583, -39.40490311366743 ], [ 174.598782557204771, -39.404929179647837 ], [ 174.59915355979561, -39.405135423185186 ], [ 174.599575373142756, -39.405379787031038 ], [ 174.600066978618628, -39.405639489610685 ], [ 174.600077052769677, -39.40564481741513 ], [ 174.601436915328406, -39.406366046442407 ], [ 174.602466870008044, -39.406980622008113 ], [ 174.602594591523854, -39.407066069929087 ], [ 174.603529583482441, -39.407766078618714 ], [ 174.603964154141352, -39.408130007995055 ], [ 174.604429512117377, -39.408433572975653 ], [ 174.604512236308466, -39.408491723199703 ], [ 174.60512722598753, -39.408957312738707 ], [ 174.608579611824553, -39.411771732355959 ], [ 174.608979668723634, -39.412115092758881 ], [ 174.609030163990042, -39.412160736307236 ], [ 174.609406957302184, -39.412519584421197 ], [ 174.609491796163269, -39.412604761563188 ], [ 174.610030056078841, -39.412735997919896 ], [ 174.610593870245765, -39.412681231836466 ], [ 174.613879911959884, -39.412462742652515 ], [ 174.616268960461525, -39.412283787346119 ], [ 174.618033483834523, -39.412256119940629 ], [ 174.618261898327262, -39.412266027233549 ], [ 174.620011449590862, -39.412446114937147 ], [ 174.62051430073376, -39.412528436034876 ], [ 174.620709486388762, -39.41256175268903 ], [ 174.620734810604262, -39.412566252910828 ], [ 174.62092922827182, -39.41260217043979 ], [ 174.621398441571301, -39.412692170626897 ], [ 174.621654649358021, -39.412743724047289 ], [ 174.621687853594665, -39.412750719566162 ], [ 174.623403144197368, -39.413226980917692 ], [ 174.62358746338856, -39.413291218409938 ], [ 174.625185622070887, -39.413969735175819 ], [ 174.625214415635213, -39.413984346677928 ], [ 174.625434253209278, -39.414098701147452 ], [ 174.627385354534113, -39.415138788569486 ], [ 174.628568003740924, -39.415861027991276 ], [ 174.628713274399445, -39.415962237630822 ], [ 174.629765558636763, -39.416797070918257 ], [ 174.629790795326443, -39.416819878994524 ], [ 174.631053031949762, -39.41696656000736 ], [ 174.632119713625229, -39.417130441420355 ], [ 174.632256793870908, -39.417156729658494 ], [ 174.633985766762834, -39.41760250212473 ], [ 174.634073862413032, -39.417631346887269 ], [ 174.63569167509516, -39.418281397822369 ], [ 174.635811578087868, -39.418339252559306 ], [ 174.636707018752958, -39.418817821486485 ], [ 174.638898940712465, -39.42011069661347 ], [ 174.640053521196478, -39.420889960193776 ], [ 174.640194377419533, -39.420998479398534 ], [ 174.641206815635172, -39.421888743441755 ], [ 174.641587816901108, -39.422271973748458 ], [ 174.641967520137428, -39.422495962040607 ], [ 174.642049298025938, -39.42254780554353 ], [ 174.643365293588573, -39.423525275993569 ], [ 174.643452671157775, -39.423601233577571 ], [ 174.64455534847761, -39.424726325790218 ], [ 174.644612472292948, -39.424795230496592 ], [ 174.64547467374743, -39.42604024770462 ], [ 174.645527515251075, -39.426133428340655 ], [ 174.646128000314377, -39.42746771954166 ], [ 174.646154876526452, -39.427546941963548 ], [ 174.646334094627036, -39.428161961087319 ], [ 174.646415449992304, -39.428494966080812 ], [ 174.647444645728768, -39.43031612074828 ], [ 174.647529377136436, -39.430397712309144 ], [ 174.648010773283772, -39.430576407888701 ], [ 174.648205227547919, -39.430680353588016 ], [ 174.649847630852804, -39.431892316925158 ], [ 174.649920721208701, -39.43183495627089 ], [ 174.650024695137915, -39.43191463039912 ], [ 174.649953543343656, -39.431970469749082 ], [ 174.650009394627205, -39.432011682302658 ], [ 174.651223138352293, -39.432892884080609 ], [ 174.651368179827301, -39.433037432940409 ], [ 174.653123571825773, -39.435504563432843 ], [ 174.653203920826968, -39.435676793374348 ], [ 174.653890330861998, -39.438443811898843 ], [ 174.653898114969934, -39.438626865901327 ], [ 174.653448220375623, -39.441422933437956 ], [ 174.653382668419482, -39.441598892858025 ], [ 174.65184037353697, -39.444150293575525 ], [ 174.651707894599127, -39.444301932163896 ], [ 174.650570404683464, -39.445406191168686 ], [ 174.649982495661959, -39.44589305732665 ], [ 174.649950311126531, -39.445919602254349 ], [ 174.649946118149899, -39.445923046518729 ], [ 174.649206333885871, -39.446479106740412 ], [ 174.64911077225409, -39.446544817407315 ], [ 174.647695915263881, -39.447377002468798 ], [ 174.647609226672103, -39.447420317348424 ], [ 174.646886504961543, -39.447753364885934 ], [ 174.646881144211761, -39.447755635833282 ], [ 174.645955903729316, -39.448107210247173 ], [ 174.645838824724365, -39.448146805997546 ], [ 174.644161478760594, -39.448599230234386 ], [ 174.644061766309449, -39.448619652768762 ], [ 174.643241654328847, -39.448763221369369 ], [ 174.64323565068986, -39.448764096630498 ], [ 174.642215548730064, -39.448876759238054 ], [ 174.642088416391374, -39.448886362865224 ], [ 174.64031282762511, -39.448914725025794 ], [ 174.640209855439423, -39.448910255457967 ], [ 174.639372661649503, -39.448850287127883 ], [ 174.639366603024797, -39.448849680999608 ], [ 174.638351533240183, -39.448712400433031 ], [ 174.638226797093409, -39.448691071645051 ], [ 174.63652684168224, -39.448292596435252 ], [ 174.636430693378088, -39.448263672570036 ], [ 174.635658400112476, -39.448006040715597 ], [ 174.635652879790655, -39.448004012560105 ], [ 174.634742241597621, -39.447630233125743 ], [ 174.634632116125118, -39.447580060672621 ], [ 174.633174253568313, -39.446793770038994 ], [ 174.633094343676589, -39.446743224275792 ], [ 174.632462569941197, -39.446313157505983 ], [ 174.632458128433598, -39.44630990592853 ], [ 174.631741082821179, -39.445736229178493 ], [ 174.631656350126832, -39.445662126031628 ], [ 174.631035715498825, -39.445070689017456 ], [ 174.630209909820337, -39.444211860856889 ], [ 174.629116448361373, -39.443240461567633 ], [ 174.628966258786619, -39.443104324933088 ], [ 174.628946963124122, -39.443086478347553 ], [ 174.628800296350079, -39.442948052132451 ], [ 174.626982633108668, -39.441197239157297 ], [ 174.626950223705819, -39.441165877690736 ], [ 174.62694602223803, -39.441161793431036 ], [ 174.62592482237244, -39.439991246431447 ], [ 174.625811522041403, -39.43983644934081 ], [ 174.625039085393951, -39.438556438828265 ], [ 174.625036717497693, -39.438551547735052 ], [ 174.625018611179371, -39.438513892427302 ], [ 174.624745093852027, -39.437941159029847 ], [ 174.623450041897996, -39.435648212897519 ], [ 174.622740120060655, -39.435565311910061 ], [ 174.621024275019693, -39.435260307385512 ], [ 174.620806361642963, -39.435207811742494 ], [ 174.61916969763476, -39.434705192331478 ], [ 174.618379612740625, -39.434407004856283 ], [ 174.617630544360338, -39.434097543664272 ], [ 174.617535190398257, -39.434054609664308 ], [ 174.616817275033128, -39.433703547996416 ], [ 174.614917787187323, -39.432697602720538 ], [ 174.613860207336927, -39.43206540506128 ], [ 174.613729260554805, -39.431977371062892 ], [ 174.613464858410367, -39.431769280640935 ], [ 174.613426937927386, -39.431776535067655 ], [ 174.612955684860339, -39.43187627975955 ], [ 174.611825062122477, -39.432069194324832 ], [ 174.611676836070643, -39.432088536094042 ], [ 174.609861557638027, -39.432212955369785 ], [ 174.609775018538528, -39.432213599926563 ], [ 174.607956994470499, -39.432116242237178 ], [ 174.607808316889475, -39.43209911189912 ], [ 174.606673126471065, -39.431923074099878 ], [ 174.60488023210317, -39.431572132382747 ], [ 174.604558567183915, -39.431505347961178 ], [ 174.604516919879302, -39.431496202839092 ], [ 174.604197857067135, -39.431422293083159 ], [ 174.598217704397626, -39.429964081097708 ], [ 174.597950262835241, -39.429896086536289 ], [ 174.597915638687539, -39.429886921797227 ], [ 174.596242554289688, -39.429326895186215 ], [ 174.596065748832672, -39.429254459854448 ], [ 174.594526266437128, -39.428498332428227 ], [ 174.594496990239804, -39.428481317911888 ], [ 174.593129021208682, -39.427547716340008 ], [ 174.592989740866415, -39.427436451826104 ], [ 174.591826973944052, -39.426348370149789 ], [ 174.591805911801458, -39.426325171892984 ], [ 174.591646684196775, -39.426145200922448 ], [ 174.591138475238722, -39.425555587512186 ], [ 174.590223375023385, -39.424636596103987 ], [ 174.587813030029139, -39.422671228096306 ], [ 174.587214025570916, -39.422277748281019 ], [ 174.587124391193498, -39.422213875553638 ], [ 174.586460484387771, -39.421700948664466 ], [ 174.58633037953814, -39.421591970718595 ], [ 174.5861366715325, -39.421489218924989 ], [ 174.585431766615869, -39.42111678895256 ], [ 174.585384224952804, -39.421091077853056 ], [ 174.583831284483495, -39.420626977367085 ], [ 174.583800127409575, -39.420624308515755 ], [ 174.583786738971526, -39.420623114742121 ], [ 174.583683803859373, -39.42061357523113 ], [ 174.582851747522682, -39.420533537374268 ], [ 174.578459264805076, -39.420853114473275 ], [ 174.578149264419977, -39.420872417803118 ], [ 174.578108928264214, -39.42087450816868 ], [ 174.576287022041612, -39.420857786826133 ], [ 174.576091701547199, -39.420844056981664 ], [ 174.574295610578758, -39.420606455282432 ], [ 174.574256416415238, -39.420598774430772 ], [ 174.574125151258244, -39.420564353222446 ], [ 174.574000752736424, -39.420653747637765 ], [ 174.573911674678584, -39.420712937624828 ], [ 174.5732047422525, -39.421146867623968 ], [ 174.573496437475995, -39.421418171190496 ], [ 174.573600822837449, -39.421532412136926 ], [ 174.574534485338376, -39.422745962565436 ], [ 174.574559378747381, -39.422784983717911 ], [ 174.575236805146204, -39.424096870161627 ], [ 174.575290570553079, -39.42423053756545 ], [ 174.575695068266526, -39.425608461200227 ], [ 174.575703197090093, -39.425651538653696 ], [ 174.575824788292977, -39.427061573054196 ], [ 174.575822664867161, -39.427201583973464 ], [ 174.575658337609781, -39.4286090097429 ], [ 174.575648904020682, -39.42865192695173 ], [ 174.575568419817444, -39.428981012552249 ], [ 174.575424620295934, -39.429514577629014 ], [ 174.575410195374872, -39.429567311865029 ], [ 174.575408293693158, -39.429574162901524 ], [ 174.575393461971998, -39.429626829227118 ], [ 174.574945636441583, -39.431194460134456 ], [ 174.574413091487742, -39.43254595217288 ], [ 174.574326564150425, -39.432716365001824 ], [ 174.572482820058923, -39.435144316542925 ], [ 174.572332610848719, -39.435285650850631 ], [ 174.569611428275607, -39.437152889050438 ], [ 174.569412239317842, -39.43725130653084 ], [ 174.566080009154632, -39.438375000309144 ], [ 174.565851342673881, -39.438420864094127 ], [ 174.56223434644707, -39.438690982136542 ], [ 174.561998594141386, -39.438679801297042 ], [ 174.55845102723535, -39.438069896581787 ], [ 174.558231275275546, -39.438002766290403 ], [ 174.555100522849159, -39.436572567196812 ], [ 174.55491828856799, -39.436456061251704 ], [ 174.552510873455986, -39.434345614740174 ], [ 174.552383996605755, -39.434191141075239 ], [ 174.55093555067333, -39.431607085140008 ], [ 174.550876446616371, -39.431429767791208 ], [ 174.550813962577081, -39.430925894404105 ], [ 174.550731710875766, -39.430865239244966 ], [ 174.550294829809246, -39.430525424489105 ], [ 174.550239592975515, -39.430480106831432 ], [ 174.549095604202648, -39.429380121936767 ], [ 174.549007270150128, -39.42928002474342 ], [ 174.548099288664645, -39.428054790389552 ], [ 174.548064816132182, -39.427998453036359 ], [ 174.547814537044559, -39.427559607749664 ], [ 174.546885619935665, -39.425805897510784 ], [ 174.546873052412195, -39.425802724933646 ], [ 174.546872707323985, -39.425802613872477 ], [ 174.54524638432963, -39.425278826814591 ], [ 174.545207591183242, -39.425266268497559 ], [ 174.545202551900729, -39.425264628840715 ], [ 174.543582811770079, -39.424617351870133 ], [ 174.54338662096049, -39.42452315298025 ], [ 174.542002153702782, -39.423735516269616 ], [ 174.541748873698282, -39.423655264876636 ], [ 174.540465297252894, -39.423162453111665 ], [ 174.539935080250928, -39.423158099632538 ], [ 174.537394076514801, -39.423590648839529 ], [ 174.535914431339506, -39.423765894656178 ], [ 174.535720986880108, -39.423778985171062 ], [ 174.533898976989803, -39.423790969531368 ], [ 174.533856692001677, -39.423788667816552 ], [ 174.532054706465118, -39.423579417318962 ], [ 174.531865516893646, -39.423545498802149 ], [ 174.530431948232035, -39.423211677878953 ], [ 174.52577417437962, -39.421867533906429 ], [ 174.525476542285872, -39.421778003348869 ], [ 174.525438063754763, -39.421765954027364 ], [ 174.525423652579747, -39.421761261537689 ], [ 174.523783151771283, -39.423166828775543 ], [ 174.523745298318829, -39.423199102843697 ], [ 174.523740364292308, -39.423203289201908 ], [ 174.523702309644307, -39.423235420644332 ], [ 174.522590072173301, -39.424169965180553 ], [ 174.522211127909117, -39.424473736501994 ], [ 174.522160697478625, -39.424512308568779 ], [ 174.521763788975335, -39.424801953596514 ], [ 174.521447440330689, -39.425022183715726 ], [ 174.521135887840046, -39.425265721773599 ], [ 174.521084618998287, -39.425305178921654 ], [ 174.520926783005763, -39.426010910256245 ], [ 174.520908054350684, -39.426115775581984 ], [ 174.520748854582251, -39.426807410079284 ], [ 174.520723670996063, -39.426896560109064 ], [ 174.520712230062344, -39.426930641763853 ], [ 174.52070526661268, -39.427155598882841 ], [ 174.520662737472634, -39.427335747460994 ], [ 174.520189561012785, -39.428379224153424 ], [ 174.520190493129263, -39.428379425053876 ], [ 174.520013935807867, -39.428872103020652 ], [ 174.519729104062321, -39.429558964680282 ], [ 174.519687526292103, -39.429646963936655 ], [ 174.518928279466252, -39.43093160485833 ], [ 174.518871802702961, -39.431010215842527 ], [ 174.51786273040787, -39.432186922797825 ], [ 174.517788117778679, -39.432260649720583 ], [ 174.517184849635839, -39.432809934221773 ], [ 174.515905125647208, -39.433884725287072 ], [ 174.514915663992298, -39.434727481109881 ], [ 174.514868183784614, -39.434767675723016 ], [ 174.514861991017511, -39.434772886487572 ], [ 174.514814197884817, -39.434812857482889 ], [ 174.512421194598033, -39.436802011718441 ], [ 174.511465762245592, -39.437510614649497 ], [ 174.511335206152467, -39.43759696075449 ], [ 174.509860102330549, -39.438426804297784 ], [ 174.509804510099826, -39.438453179313981 ], [ 174.508180121010724, -39.439093849618089 ], [ 174.508021538828388, -39.439144681271856 ], [ 174.506287872052923, -39.439580396214446 ], [ 174.506224488186859, -39.43959215757917 ], [ 174.504424248754617, -39.439812186300507 ], [ 174.504253168543073, -39.439822526085052 ], [ 174.502931318821169, -39.439843878273813 ], [ 174.500926584143457, -39.439787676554609 ], [ 174.500521120520546, -39.439787991644486 ], [ 174.500448555224693, -39.439787872106834 ], [ 174.500439121891077, -39.439787833712586 ], [ 174.50036655897776, -39.439787362569561 ], [ 174.499307270975407, -39.439777913336087 ], [ 174.499202828721678, -39.439776616898911 ], [ 174.499189252482267, -39.439776401015607 ], [ 174.499084829515112, -39.439774376171449 ], [ 174.498762740343778, -39.439767006079748 ], [ 174.498573827257928, -39.439966959956536 ], [ 174.497242873520406, -39.441406929798518 ], [ 174.497066223107538, -39.441609555833345 ], [ 174.49695018620227, -39.441740160972003 ], [ 174.496934909732374, -39.441757035325502 ], [ 174.496815924021234, -39.441886035621991 ], [ 174.496005399083117, -39.442748608422662 ], [ 174.495895259084079, -39.442863878507175 ], [ 174.495880787834608, -39.44287877423573 ], [ 174.494673366834235, -39.443937310203886 ], [ 174.494520591236864, -39.444051738884433 ], [ 174.493114426726152, -39.444950772338167 ], [ 174.493094726121797, -39.444961471196478 ], [ 174.492942337336842, -39.445042834093876 ], [ 174.491173506673533, -39.445971197245612 ], [ 174.49109755655607, -39.446010720932698 ], [ 174.491087657093232, -39.446015828785484 ], [ 174.489495759412563, -39.446704005142962 ], [ 174.489291741197178, -39.446776566460436 ], [ 174.487580563410603, -39.44726316498204 ], [ 174.48756911234463, -39.447265650676023 ], [ 174.487480930083024, -39.447284502444852 ], [ 174.486201645966389, -39.447553783536897 ], [ 174.486072265748589, -39.447627105141748 ], [ 174.485895463129026, -39.447711649471806 ], [ 174.484273835197968, -39.448356802013443 ], [ 174.484247258426677, -39.448365405976446 ], [ 174.484042007339298, -39.448430078406403 ], [ 174.483970408906202, -39.448452023704256 ], [ 174.483300547783784, -39.449509414808276 ], [ 174.483365125199612, -39.44972386613221 ], [ 174.483382182976044, -39.449906527343039 ], [ 174.483074335978955, -39.452713927996967 ], [ 174.483017749160041, -39.452891735420209 ], [ 174.481605858958659, -39.45548796566819 ], [ 174.481481158678463, -39.455643512370216 ], [ 174.479103337178685, -39.457774393483604 ], [ 174.478922726230991, -39.457892450171137 ], [ 174.47581171670754, -39.459349342807698 ], [ 174.475592876481699, -39.459418349837108 ], [ 174.472053276599183, -39.460058597691692 ], [ 174.471817635566168, -39.46007179791944 ], [ 174.468196054357549, -39.459832709313105 ], [ 174.467966687878601, -39.459788810394187 ], [ 174.464617768187992, -39.458693802528828 ], [ 174.464417136230509, -39.45859710350274 ], [ 174.462949352781749, -39.45775909921413 ], [ 174.461815767926566, -39.456998632499364 ], [ 174.461113115012267, -39.456486174665677 ], [ 174.461025493768602, -39.456416731930005 ], [ 174.459857043610413, -39.45533211877104 ], [ 174.459792414273522, -39.455261529977633 ], [ 174.45885725379344, -39.45404856352895 ], [ 174.458801607188889, -39.45396152867356 ], [ 174.458409451628853, -39.453278237960433 ], [ 174.458189488462779, -39.452847662269491 ], [ 174.457693468897418, -39.451631286444879 ], [ 174.45764372195049, -39.451470418843705 ], [ 174.457359158625167, -39.450074643238935 ], [ 174.45735735346139, -39.450056787964058 ], [ 174.457357934059075, -39.448643684750458 ], [ 174.457374742586893, -39.448478772658433 ], [ 174.457620219657542, -39.44721733572414 ], [ 174.457715630796343, -39.44688751572663 ], [ 174.458135986220299, -39.445775217650464 ], [ 174.45820238218775, -39.445633938491653 ], [ 174.45880350067921, -39.444572710126629 ], [ 174.459327482676485, -39.443788921376772 ], [ 174.459636981659173, -39.443294846222599 ], [ 174.459689258224074, -39.443212463928575 ], [ 174.459696124403308, -39.44320178136774 ], [ 174.459749481363843, -39.44311981657124 ], [ 174.460387528833422, -39.442151953750489 ], [ 174.460343163097207, -39.441079723483625 ], [ 174.460349637706514, -39.440971763123549 ], [ 174.460576861113765, -39.439569682390641 ], [ 174.4605965718969, -39.439495634089177 ], [ 174.460771938032053, -39.438929832027263 ], [ 174.460936517300041, -39.438465416573472 ], [ 174.461142231609017, -39.437883803191077 ], [ 174.461144801218552, -39.437876549819109 ], [ 174.461350682081246, -39.43729780096259 ], [ 174.461828366952858, -39.436224258371844 ], [ 174.461901543600618, -39.43608828269825 ], [ 174.462733133594099, -39.434830887128982 ], [ 174.462757599235999, -39.434800109640527 ], [ 174.463832576116118, -39.433659061498766 ], [ 174.463956350562825, -39.433547273330298 ], [ 174.465248237279837, -39.432550661264749 ], [ 174.465283768278141, -39.43252725194484 ], [ 174.466760757972878, -39.431699610077658 ], [ 174.466923013499041, -39.431622949175903 ], [ 174.468219165349694, -39.431094393058828 ], [ 174.468850897855162, -39.430875012115237 ], [ 174.46930302576564, -39.430726814212022 ], [ 174.469362300945335, -39.430708520092331 ], [ 174.471102987577638, -39.430290603762515 ], [ 174.4712716876233, -39.430261114289216 ], [ 174.473075232996592, -39.430059484200953 ], [ 174.473138896130507, -39.430056288205726 ], [ 174.473629282628053, -39.430039730813291 ], [ 174.474612736919056, -39.430022657602329 ], [ 174.474694609737327, -39.430021576833248 ], [ 174.474258484836895, -39.429593261825374 ], [ 174.474142929608291, -39.429433545890362 ], [ 174.472882747093564, -39.426790949310771 ], [ 174.472836494215301, -39.426611357586197 ], [ 174.472791457079381, -39.425739982672766 ], [ 174.472516740400209, -39.42507788505862 ], [ 174.472146379741048, -39.424191230410251 ], [ 174.472015527880217, -39.424077042926314 ], [ 174.471644540724924, -39.424419269613317 ], [ 174.471466176962963, -39.424539285408045 ], [ 174.468383410484591, -39.426029979638244 ], [ 174.468165949422968, -39.426101367658809 ], [ 174.464640018918317, -39.426780172850499 ], [ 174.464404753839858, -39.426795942812923 ], [ 174.460780928437543, -39.426596391664091 ], [ 174.460550897857303, -39.426554999582002 ], [ 174.457194693536451, -39.425499986537829 ], [ 174.456502508143927, -39.425411572537939 ], [ 174.456278382440956, -39.425353908626882 ], [ 174.454447227639434, -39.424619224545374 ], [ 174.454617673234765, -39.425845895158901 ], [ 174.454605935031822, -39.426028806317362 ], [ 174.453859929450431, -39.428786265385867 ], [ 174.453775879410699, -39.428957410240635 ], [ 174.451967536170343, -39.431401100495954 ], [ 174.451819395083078, -39.43154372362546 ], [ 174.451470561500059, -39.431788571186985 ], [ 174.451460342100688, -39.431798353652866 ], [ 174.451458380295122, -39.431797121167669 ], [ 174.450794974239301, -39.43226276025392 ], [ 174.449402624654994, -39.433407814539812 ], [ 174.449215719629962, -39.433519760294388 ], [ 174.449091213867035, -39.433572578667167 ], [ 174.448913207124434, -39.433747224541023 ], [ 174.448762850390324, -39.433874214533994 ], [ 174.447512981244643, -39.434784651439706 ], [ 174.447001714192112, -39.435105402873319 ], [ 174.446948993022346, -39.435138281455721 ], [ 174.446942123268997, -39.435142540152199 ], [ 174.445433847156437, -39.435935585227419 ], [ 174.445236130725334, -39.436022819421396 ], [ 174.443586406131715, -39.436623111044284 ], [ 174.443578175234165, -39.436625514878941 ], [ 174.441827639308997, -39.437018269759065 ], [ 174.441604831635232, -39.437053849680076 ], [ 174.439796602115962, -39.437229390449232 ], [ 174.439787816039228, -39.437229704039559 ], [ 174.439720221760581, -39.437231963593092 ], [ 174.438814853735266, -39.437260176046131 ], [ 174.438316780910952, -39.437267401989594 ], [ 174.438252035258216, -39.437267264165598 ], [ 174.437889131344861, -39.437260453701271 ], [ 174.437822224348878, -39.437284559477469 ], [ 174.437792692076584, -39.437294902209779 ], [ 174.437564419244154, -39.437372570738994 ], [ 174.436735364858151, -39.437646456635186 ], [ 174.435692842871504, -39.437945997362263 ], [ 174.435555223930351, -39.437979823143159 ], [ 174.434968959649382, -39.438100305455507 ], [ 174.434856972946733, -39.438171779222955 ], [ 174.433363381920032, -39.438981422073581 ], [ 174.433282771042315, -39.43901817683448 ], [ 174.433202349225837, -39.43905517982553 ], [ 174.43156695827966, -39.43967870307273 ], [ 174.430877991650505, -39.439891110412375 ], [ 174.42944318007514, -39.440251716921161 ], [ 174.429253522566967, -39.440289024846933 ], [ 174.427770529458655, -39.44050238588985 ], [ 174.427156636563211, -39.440559042670536 ], [ 174.427054689306544, -39.440568097177753 ], [ 174.427041429714365, -39.440569228836324 ], [ 174.426939383245951, -39.440577584460968 ], [ 174.426315929880786, -39.44062647274697 ], [ 174.425971779382678, -39.440649454553736 ], [ 174.425926992407227, -39.440651925619065 ], [ 174.425582112555645, -39.440666960200851 ], [ 174.424532231697668, -39.440700586434524 ], [ 174.423803128836965, -39.440695502464855 ], [ 174.423393316939666, -39.440771432354268 ], [ 174.423276755573255, -39.440789298442745 ], [ 174.421466705487148, -39.440953705756918 ], [ 174.421348692490454, -39.440957190147444 ], [ 174.419527759578813, -39.440899989550914 ], [ 174.419409783530682, -39.44088904833206 ], [ 174.418857686064968, -39.440820651405716 ], [ 174.418822903683264, -39.440827032625762 ], [ 174.418218876518353, -39.440924785540496 ], [ 174.418139973074062, -39.440935867351826 ], [ 174.417530101323564, -39.441008603817423 ], [ 174.41668735939686, -39.441091404659694 ], [ 174.415730528517031, -39.44115437917624 ], [ 174.4156059169147, -39.441158567375659 ], [ 174.413784620796093, -39.441108793155173 ], [ 174.41367316135964, -39.441098917057381 ], [ 174.411884343783328, -39.440828809757832 ], [ 174.411764164182529, -39.440802931360629 ], [ 174.410051888533246, -39.440319144926669 ], [ 174.409949823537943, -39.440283042640843 ], [ 174.408356265052532, -39.43959749463933 ], [ 174.408252285531404, -39.439544083902959 ], [ 174.408139553395984, -39.439480826273766 ], [ 174.408130421376853, -39.439520848867026 ], [ 174.407897986531935, -39.440283254299551 ], [ 174.407896473658468, -39.440288210410017 ], [ 174.407431108452499, -39.441807799166668 ], [ 174.407311893432166, -39.442164445134651 ], [ 174.40729517890108, -39.442210543924588 ], [ 174.407030973040861, -39.442767249722863 ], [ 174.407221286188104, -39.443433281624124 ], [ 174.407235673696931, -39.443616074543257 ], [ 174.407102711264628, -39.444685209298818 ], [ 174.407539480069204, -39.444824262010279 ], [ 174.409165908922546, -39.445461893976585 ], [ 174.409367683181529, -39.445557096803959 ], [ 174.412138246024341, -39.447380197066018 ], [ 174.412292210808658, -39.447519080017464 ], [ 174.414200691968119, -39.449916707164945 ], [ 174.414291774362397, -39.450085678854393 ], [ 174.415151290258166, -39.452823182394738 ], [ 174.415170567734549, -39.453005704995405 ], [ 174.414896855749532, -39.455815139611133 ], [ 174.414842432142308, -39.45599334681458 ], [ 174.413462147400537, -39.458599692835456 ], [ 174.413339342011142, -39.458756138624054 ], [ 174.410987500799592, -39.460904227680139 ], [ 174.410808330786921, -39.46102359477262 ], [ 174.407715130770384, -39.462503103131453 ], [ 174.407497136315158, -39.462573703597066 ], [ 174.403965429688441, -39.463239760675876 ], [ 174.403729956362668, -39.463254681348417 ], [ 174.400105578507947, -39.463042068241776 ], [ 174.399875685240175, -39.462999848308186 ], [ 174.398140262870953, -39.462567184258802 ], [ 174.397263585057033, -39.462288057103763 ], [ 174.395809121929062, -39.461829033638914 ], [ 174.394312473851443, -39.461576828801576 ], [ 174.393295405380172, -39.461439792962118 ], [ 174.391962233804037, -39.461196633904351 ], [ 174.391791924189334, -39.461157226626192 ], [ 174.390504949969454, -39.460794120487265 ], [ 174.389458274020996, -39.460443350085363 ], [ 174.38841724075624, -39.460045489863361 ], [ 174.388285574227439, -39.459988662236775 ], [ 174.387300969367345, -39.459512251826474 ], [ 174.38595307967401, -39.458785071475511 ], [ 174.38566990893446, -39.458622546546295 ], [ 174.385069249744134, -39.458446605058988 ], [ 174.384864043906362, -39.458355871522016 ], [ 174.383356417168017, -39.457561608202838 ], [ 174.38250189488852, -39.457030881834122 ], [ 174.381893256113926, -39.45662531909165 ], [ 174.381816576138903, -39.456570540990747 ], [ 174.381506892145978, -39.456333459428485 ], [ 174.381437446607805, -39.456385711998159 ], [ 174.381269375815151, -39.456493671318526 ], [ 174.381565489470802, -39.456873096261489 ], [ 174.381654648524773, -39.457042682969167 ], [ 174.382482975383596, -39.459785926618011 ], [ 174.382500171530808, -39.459968571216265 ], [ 174.382194396021958, -39.462775972943831 ], [ 174.382137936809499, -39.462953797116064 ], [ 174.380727853120248, -39.465550535260114 ], [ 174.380603257188795, -39.465706130425509 ], [ 174.37822680038667, -39.467837976438076 ], [ 174.378046260317348, -39.467956108554276 ], [ 174.374936040146679, -39.469414328596358 ], [ 174.374717230396158, -39.469483430635592 ], [ 174.371177767352975, -39.470125238493132 ], [ 174.37094211341585, -39.47013854401574 ], [ 174.367320003236415, -39.469901095397454 ], [ 174.367090581742787, -39.469857301758729 ], [ 174.366315918765082, -39.469604466036202 ], [ 174.366334138328455, -39.469654330861964 ], [ 174.366362773508854, -39.469765283341978 ], [ 174.366579012484465, -39.471168347130458 ], [ 174.366582682372609, -39.471238803580377 ], [ 174.36658983245556, -39.471781435803436 ], [ 174.366577972090795, -39.472242735950701 ], [ 174.366582909234666, -39.472626672560516 ], [ 174.366945495021127, -39.473292485849989 ], [ 174.367002189250201, -39.473470265067249 ], [ 174.36729065557472, -39.476087228128407 ], [ 174.368144912804695, -39.47571112786175 ], [ 174.368366099494324, -39.475646692956424 ], [ 174.37192714586223, -39.475080082158946 ], [ 174.372163197266474, -39.475071764327488 ], [ 174.373985476924787, -39.475118516388783 ], [ 174.37433465000592, -39.475148847843244 ], [ 174.374777744329862, -39.475181051486054 ], [ 174.37549000635272, -39.475250073094436 ], [ 174.375582154754227, -39.475261252543632 ], [ 174.375959676239773, -39.475316360913119 ], [ 174.376432349334436, -39.474937431364516 ], [ 174.376479553216853, -39.474899808910742 ], [ 174.376485708054076, -39.474894931888684 ], [ 174.376533193975348, -39.474857523233759 ], [ 174.37710119844283, -39.474412653860561 ], [ 174.377711213505506, -39.473921192138548 ], [ 174.379074389958504, -39.47298282593303 ], [ 174.379151125713122, -39.47293782833129 ], [ 174.379227655045128, -39.472892620105981 ], [ 174.380759922892821, -39.472126840145286 ], [ 174.38146965623099, -39.471830457876763 ], [ 174.382096949910078, -39.471564270775062 ], [ 174.382106121454456, -39.47156038296221 ], [ 174.382806939268107, -39.471264109863704 ], [ 174.382846055853491, -39.471247648444752 ], [ 174.382851146278654, -39.471245516016374 ], [ 174.382890343926448, -39.4712291708449 ], [ 174.383474666717774, -39.470986626849616 ], [ 174.383505038536157, -39.470974064656396 ], [ 174.383508989984108, -39.470972436108127 ], [ 174.38353940967221, -39.470959943712508 ], [ 174.38419771351596, -39.470690563564048 ], [ 174.384311758032567, -39.470644519234554 ], [ 174.38432662609236, -39.470638597232906 ], [ 174.384441320958899, -39.470593533843967 ], [ 174.385128090626694, -39.470327391946391 ], [ 174.385451294606298, -39.470206935697881 ], [ 174.385493612820653, -39.470191782579157 ], [ 174.386660049151629, -39.469832008913492 ], [ 174.386770502076246, -39.469803192472568 ], [ 174.388186055009896, -39.469509448809028 ], [ 174.388258544800692, -39.469498147264403 ], [ 174.389174310925426, -39.4693846327242 ], [ 174.389220598841803, -39.469380355180284 ], [ 174.389577314887049, -39.469351710061005 ], [ 174.390225935002434, -39.469307451968945 ], [ 174.39204899860934, -39.469294332965511 ], [ 174.392138227290275, -39.469299129480696 ], [ 174.392227483748684, -39.46930360486428 ], [ 174.394031987142284, -39.469505167951176 ], [ 174.394456677499306, -39.46957934854742 ], [ 174.395471684281262, -39.469637472857428 ], [ 174.395560402799759, -39.469643370829701 ], [ 174.395750651757567, -39.469588473206912 ], [ 174.39576276102693, -39.469584984848268 ], [ 174.396779768907066, -39.46929327413087 ], [ 174.397315221578225, -39.469151080965389 ], [ 174.397385369743745, -39.469133920406577 ], [ 174.39792911977429, -39.469012104939388 ], [ 174.399296564886185, -39.468733531256021 ], [ 174.399887655223921, -39.468625825432319 ], [ 174.399964916285057, -39.468613388802446 ], [ 174.400750365490268, -39.468508592709355 ], [ 174.400774820856299, -39.468505995597539 ], [ 174.401987727169285, -39.4684270592833 ], [ 174.402121107431725, -39.468423815000854 ], [ 174.402244396018148, -39.468427543151407 ], [ 174.403295581778792, -39.468033319002942 ], [ 174.40350862859168, -39.467968868967219 ], [ 174.405253733181411, -39.46755994181234 ], [ 174.405261223518551, -39.467558673637797 ], [ 174.405318873431384, -39.467549031782568 ], [ 174.406320929069153, -39.467383496521265 ], [ 174.406483109815099, -39.467276337067631 ], [ 174.407309961776235, -39.466755148698326 ], [ 174.407953897790662, -39.466341101906501 ], [ 174.408054198080237, -39.466260035148494 ], [ 174.409039021679291, -39.465440239013439 ], [ 174.409044504488548, -39.465435579915081 ], [ 174.409491146972982, -39.464974150228109 ], [ 174.409657860559633, -39.464723356371366 ], [ 174.409782220526068, -39.464567645679097 ], [ 174.412155288304291, -39.462433550372708 ], [ 174.412335628839372, -39.462315243681786 ], [ 174.415443193656472, -39.460853932639765 ], [ 174.415661863682374, -39.460784607199841 ], [ 174.419199805509152, -39.460139078186117 ], [ 174.419435406927533, -39.460125517795305 ], [ 174.423057535516392, -39.460358939836162 ], [ 174.423287015189004, -39.460402471657645 ], [ 174.426638908665296, -39.461492009189861 ], [ 174.426839811515521, -39.461588373924485 ], [ 174.429593457253333, -39.463427416980892 ], [ 174.429746121274519, -39.46356718507257 ], [ 174.431631988138037, -39.465975769148116 ], [ 174.431721467609549, -39.466145262556644 ], [ 174.432417343647728, -39.468435094677872 ], [ 174.432690715737806, -39.468500444547509 ], [ 174.43432877757499, -39.468886818643263 ], [ 174.435634267455129, -39.469262332498296 ], [ 174.435799605325144, -39.469318841336282 ], [ 174.437037776749207, -39.469812695056468 ], [ 174.437308869468808, -39.469937282275787 ], [ 174.438078646276381, -39.470276577356188 ], [ 174.439790120312693, -39.470846387166318 ], [ 174.440148566652425, -39.470963880674489 ], [ 174.441134597692042, -39.471013696020769 ], [ 174.441365079628099, -39.471054048436031 ], [ 174.444742052668175, -39.472097076856244 ], [ 174.444945173502902, -39.472190649235912 ], [ 174.447741146673792, -39.473991340344277 ], [ 174.447897027591324, -39.474128976418839 ], [ 174.44983833147532, -39.476511119722822 ], [ 174.449931712188032, -39.476679350179452 ], [ 174.450828252847259, -39.479409811503182 ], [ 174.450849985979374, -39.479592171133014 ], [ 174.450874703070724, -39.48100513353986 ], [ 174.450852158266997, -39.481273597148572 ], [ 174.450721069845486, -39.482157599160786 ], [ 174.450696751805907, -39.48227158723207 ], [ 174.450453715104317, -39.48314124761793 ], [ 174.450265817617293, -39.483682707314031 ], [ 174.450164637325514, -39.483956885140181 ], [ 174.450150758925503, -39.483992357948516 ], [ 174.450038425330177, -39.484263915623259 ], [ 174.449706472988993, -39.485024713641984 ], [ 174.449326843984238, -39.485780689078972 ], [ 174.449271885156918, -39.485877045726149 ], [ 174.448805992991709, -39.486603479889396 ], [ 174.448371714169383, -39.487210375410413 ], [ 174.447769400563232, -39.487962385080372 ], [ 174.447685095384827, -39.488056932053794 ], [ 174.446990405769554, -39.48875949064476 ], [ 174.446851067955947, -39.488886910169967 ], [ 174.446761319818478, -39.490205487298205 ], [ 174.446739276188225, -39.490334892056019 ], [ 174.446359499948983, -39.491717001568347 ], [ 174.446340023399557, -39.491767884009008 ], [ 174.445846256648622, -39.492763512990898 ], [ 174.445818213228335, -39.492858410347324 ], [ 174.445301571049185, -39.494136008588221 ], [ 174.445459721731225, -39.495513243572184 ], [ 174.445460728988905, -39.495589776845719 ], [ 174.445443610996961, -39.496178690742454 ], [ 174.445407000117342, -39.496691746283233 ], [ 174.445404433122832, -39.496713811320909 ], [ 174.445626228242872, -39.497354912942768 ], [ 174.445669323512419, -39.497534978434231 ], [ 174.4457648106806, -39.500351464450347 ], [ 174.445733974226187, -39.500533034290164 ], [ 174.44470130973022, -39.503234524116394 ], [ 174.444599551219284, -39.503399823779212 ], [ 174.442539704779165, -39.505721843625793 ], [ 174.442376979530394, -39.505854689490612 ], [ 174.439491538362631, -39.507569891964842 ], [ 174.439283774958426, -39.507657276602664 ], [ 174.435855228206094, -39.508597714885909 ], [ 174.435622769331502, -39.508631081674302 ], [ 174.431986840003276, -39.508704668766519 ], [ 174.431752449116317, -39.508680750543895 ], [ 174.431072627562997, -39.508524713930825 ], [ 174.429410958028143, -39.509944578119566 ], [ 174.429226722269618, -39.510059344792438 ], [ 174.426070579447583, -39.511459740869761 ], [ 174.425849569010495, -39.511524783800972 ], [ 174.422289150350707, -39.512101058300637 ], [ 174.422053006443207, -39.512110008509538 ], [ 174.420229521500374, -39.512068104712704 ], [ 174.419818612575199, -39.512033527777099 ], [ 174.419598832197835, -39.512013391942936 ], [ 174.419570295513523, -39.512010563852499 ], [ 174.419351049989189, -39.51198719060465 ], [ 174.418494684298963, -39.511889449315014 ], [ 174.417915556323379, -39.511794794155144 ], [ 174.417264189074814, -39.511804082883671 ], [ 174.417073813469642, -39.511802364962236 ], [ 174.416465039642759, -39.511767023146909 ], [ 174.415312506189139, -39.511929489941359 ], [ 174.415134279716796, -39.511947448404925 ], [ 174.414215537085539, -39.512124585430463 ], [ 174.414141959809598, -39.512138574002648 ], [ 174.414132387213357, -39.51214036835345 ], [ 174.414058693778514, -39.512153985178429 ], [ 174.413570948821103, -39.512242807675861 ], [ 174.412908966062929, -39.512375899555856 ], [ 174.411389887472126, -39.512599018474624 ], [ 174.411190795408999, -39.512617745065889 ], [ 174.409646922868774, -39.512682727326485 ], [ 174.409234254918545, -39.512678804981341 ], [ 174.409087818730427, -39.513069841493504 ], [ 174.409036361765402, -39.513175456154421 ], [ 174.408260296256742, -39.514454280737368 ], [ 174.408215052073331, -39.514515779100307 ], [ 174.407190229046222, -39.515684814608797 ], [ 174.407099149538851, -39.515772941837362 ], [ 174.406356232955375, -39.516424615753024 ], [ 174.406163313646232, -39.516578210930028 ], [ 174.405946221145115, -39.516746543097668 ], [ 174.405917630754459, -39.516768133681047 ], [ 174.405876475972946, -39.516798401436859 ], [ 174.404604839530833, -39.518027949376403 ], [ 174.404429967242578, -39.518151206786627 ], [ 174.40138967426401, -39.519698118457256 ], [ 174.401174175237998, -39.519773483136078 ], [ 174.397665396917517, -39.520516922512925 ], [ 174.397430372106726, -39.520537014785234 ], [ 174.395581277022757, -39.520469435173368 ], [ 174.392596174610787, -39.521399086683033 ], [ 174.391914611913933, -39.521592419855459 ], [ 174.391825082401652, -39.521615387530083 ], [ 174.391129268309157, -39.521775403119491 ], [ 174.390592461287753, -39.521884850781127 ], [ 174.389223879729911, -39.522188972824644 ], [ 174.389172784663174, -39.52220022887289 ], [ 174.389166138021693, -39.522201680398368 ], [ 174.389114977065958, -39.522212755511241 ], [ 174.388697582761552, -39.522302314692759 ], [ 174.38790955121857, -39.522740169331435 ], [ 174.387215162884246, -39.523097495251299 ], [ 174.387122858972759, -39.523141382830651 ], [ 174.385497843167911, -39.523783914043896 ], [ 174.385378817474418, -39.523822183046484 ], [ 174.383812753291153, -39.524217324226235 ], [ 174.383722929524424, -39.5243864621482 ], [ 174.383599882083701, -39.524542843849069 ], [ 174.381672023734467, -39.526299761334769 ], [ 174.381807936235447, -39.526876330119862 ], [ 174.381901137441758, -39.527429980863509 ], [ 174.381960444853263, -39.52786416293727 ], [ 174.381966383898828, -39.527920718134418 ], [ 174.381998446237731, -39.528356616022215 ], [ 174.382021996966444, -39.528914917885089 ], [ 174.382049728468814, -39.529448250029397 ], [ 174.382050960708341, -39.529472780047357 ], [ 174.382051115286174, -39.52947596911288 ], [ 174.382052261167161, -39.529500501641373 ], [ 174.382076713763894, -39.530044540877192 ], [ 174.382083964180197, -39.530204656205413 ], [ 174.382105903878113, -39.5302273940775 ], [ 174.383080080322145, -39.53142220995057 ], [ 174.383122111100135, -39.531484026012684 ], [ 174.383842953399693, -39.532782137553156 ], [ 174.383890236999434, -39.532889887820623 ], [ 174.38433998320383, -39.534259335771154 ], [ 174.384355290407086, -39.534328183864623 ], [ 174.384522849272372, -39.535735250752168 ], [ 174.384524820141422, -39.535849041713853 ], [ 174.384406047770796, -39.537259081549344 ], [ 174.384393129646071, -39.537328222685005 ], [ 174.384273244272265, -39.537857779529176 ], [ 174.384226297252695, -39.538034035968565 ], [ 174.383718577252779, -39.539391284767611 ], [ 174.383635154272611, -39.539562643332985 ], [ 174.381834822756645, -39.542011000816657 ], [ 174.381687083297891, -39.542154009504216 ], [ 174.378997543645681, -39.544051726824939 ], [ 174.378799947828526, -39.544152383423118 ], [ 174.37548448994923, -39.545313645513943 ], [ 174.37525638385506, -39.545362093919998 ], [ 174.372077448154698, -39.545635539100459 ], [ 174.371630153576973, -39.545821683604792 ], [ 174.371316088630749, -39.545947654749718 ], [ 174.371274947954845, -39.545963546565417 ], [ 174.370846196907962, -39.546120791542315 ], [ 174.370831878803472, -39.546125768467505 ], [ 174.369453256988095, -39.546525880441294 ], [ 174.369285414571749, -39.546565410649663 ], [ 174.368640535477681, -39.546678084455614 ], [ 174.369360504863977, -39.547766663114366 ], [ 174.369451461659366, -39.547935709924673 ], [ 174.369503330317912, -39.548101511163757 ], [ 174.369614353836852, -39.548276245122111 ], [ 174.370935693478572, -39.54936056749245 ], [ 174.37106910351099, -39.549511790485496 ], [ 174.372626241251822, -39.552058210772444 ], [ 174.372692765774531, -39.552233947296131 ], [ 174.373123982173297, -39.554827859975546 ], [ 174.37333658203741, -39.554817415329623 ], [ 174.373601437299612, -39.554836682126279 ], [ 174.37631150825635, -39.554812882702173 ], [ 174.376545567510817, -39.554839473510874 ], [ 174.378129347730635, -39.555222471766051 ], [ 174.378395630869875, -39.555230954887776 ], [ 174.378463321645427, -39.555234290036729 ], [ 174.378983276667839, -39.555268987617524 ], [ 174.379750449957697, -39.555333628109409 ], [ 174.379779071655548, -39.555336067366788 ], [ 174.37978279196048, -39.555336388033773 ], [ 174.381542397027289, -39.555599277728604 ], [ 174.382942287061354, -39.55564270252254 ], [ 174.383174275753618, -39.555678567681845 ], [ 174.384205136822033, -39.555973653163065 ], [ 174.383567010160647, -39.555261002367963 ], [ 174.383464318208866, -39.555096028121298 ], [ 174.38241684007491, -39.552397889542675 ], [ 174.382385034923374, -39.552216424497637 ], [ 174.382465895565048, -39.549399769169277 ], [ 174.382508081495189, -39.549219577038066 ], [ 174.383709225251152, -39.546560111754644 ], [ 174.383821264282744, -39.546398829467847 ], [ 174.384422401783468, -39.545787279683736 ], [ 174.384169864801947, -39.545105616837198 ], [ 174.384128977537529, -39.54496141735649 ], [ 174.383878713317046, -39.543561731152266 ], [ 174.383875982182388, -39.543525943163345 ], [ 174.383911610361139, -39.54211317838115 ], [ 174.383930278800676, -39.541966254389529 ], [ 174.384250903534507, -39.540575197048341 ], [ 174.384262589267792, -39.540540507145387 ], [ 174.384860299848725, -39.539205406841191 ], [ 174.384936689339781, -39.53907013948367 ], [ 174.385609367960342, -39.538058423038891 ], [ 174.385954174318158, -39.537611660985156 ], [ 174.385970826131967, -39.537590153287063 ], [ 174.385972995891251, -39.537587359624574 ], [ 174.385989724989486, -39.537565887899611 ], [ 174.386265233981305, -39.537213381579846 ], [ 174.386392074713996, -39.537076607724501 ], [ 174.386534124731241, -39.536864216787912 ], [ 174.386776051980917, -39.536553813233482 ], [ 174.387838623899285, -39.53540501801794 ], [ 174.387990991110541, -39.535264959166327 ], [ 174.390741483383039, -39.53342064325463 ], [ 174.390942278274053, -39.533323892262018 ], [ 174.394294047724088, -39.532227890334276 ], [ 174.394523619531583, -39.532183914819825 ], [ 174.398148674050958, -39.531943475795202 ], [ 174.398384559050953, -39.531956579007769 ], [ 174.401928192731361, -39.532595234141667 ], [ 174.402147309952284, -39.53266413425446 ], [ 174.405262770856723, -39.53411939548436 ], [ 174.405443677933818, -39.534237350761124 ], [ 174.407826063401359, -39.536366816807899 ], [ 174.407951053078051, -39.536522284505757 ], [ 174.409367132660918, -39.539117561083515 ], [ 174.409423965643271, -39.53929532598513 ], [ 174.409495463297702, -39.539940562106068 ], [ 174.410604921593205, -39.540446468330138 ], [ 174.410787440857774, -39.540562941113642 ], [ 174.41319889856004, -39.542672852938082 ], [ 174.413299044606475, -39.542794530707269 ], [ 174.413567740798328, -39.542997373768777 ], [ 174.414142014343469, -39.543428316757762 ], [ 174.414145973745548, -39.543431289312593 ], [ 174.414241288368203, -39.543502933993501 ], [ 174.414253821442855, -39.543508523922689 ], [ 174.414262864374678, -39.543512561327425 ], [ 174.414892658537468, -39.54379448480659 ], [ 174.415555633583665, -39.544086562106273 ], [ 174.415591637718705, -39.544102489596824 ], [ 174.415596313476954, -39.544104566623737 ], [ 174.415632244084378, -39.5441205933936 ], [ 174.416271536430088, -39.544406921687475 ], [ 174.416887612542979, -39.544678968408626 ], [ 174.418220428947365, -39.545365701216312 ], [ 174.418384959158686, -39.545463763025332 ], [ 174.419583377671529, -39.546285675011596 ], [ 174.420013832505759, -39.54662458805619 ], [ 174.420071781384138, -39.546672522645316 ], [ 174.420416313382532, -39.546826406520083 ], [ 174.420535907774479, -39.546885795419655 ], [ 174.421990193850519, -39.54773966853746 ], [ 174.422061274950238, -39.547788657167665 ], [ 174.423325159657622, -39.548808131603039 ], [ 174.423415201914963, -39.548893223394188 ], [ 174.424068031233503, -39.549573022011131 ], [ 174.424395654951269, -39.549949991354403 ], [ 174.424550887641232, -39.550133384744832 ], [ 174.424570690064996, -39.55015741251956 ], [ 174.424720110037669, -39.550343677209497 ], [ 174.424945923399321, -39.55063297054015 ], [ 174.42522118853276, -39.551005377899649 ], [ 174.425255463468176, -39.551054423124079 ], [ 174.425995386753158, -39.552346179280327 ], [ 174.426050281558616, -39.552466757393638 ], [ 174.426154213734151, -39.552768834947557 ], [ 174.426593172021427, -39.553090845368601 ], [ 174.426629563539223, -39.55310450485738 ], [ 174.427218841358581, -39.553326959450928 ], [ 174.428737709084686, -39.554014957945341 ], [ 174.428925320353613, -39.554115413226761 ], [ 174.430292781577833, -39.55497288264705 ], [ 174.430744486064299, -39.555302920504822 ], [ 174.431490700157298, -39.555900909217073 ], [ 174.431582871125045, -39.555981944680809 ], [ 174.432254671708705, -39.556630655884142 ], [ 174.432397090084038, -39.55678199658734 ], [ 174.433983151465213, -39.557613521650765 ], [ 174.435052137971326, -39.557482850935997 ], [ 174.435204811513984, -39.557470302787543 ], [ 174.436385568665571, -39.5574200360033 ], [ 174.437259955569601, -39.557417257128598 ], [ 174.438079484842007, -39.557411025557762 ], [ 174.438694498249646, -39.557418933302337 ], [ 174.438774359049688, -39.557421595916843 ], [ 174.4393042280185, -39.557450140286164 ], [ 174.439342410283814, -39.557435594406023 ], [ 174.440775484312041, -39.556681053438602 ], [ 174.440989506635077, -39.556603011126334 ], [ 174.442003620546814, -39.556374587883994 ], [ 174.44330113921805, -39.554710284962162 ], [ 174.444364013877475, -39.553561460926296 ], [ 174.444516424558714, -39.553421398529309 ], [ 174.44726770312846, -39.551577034891373 ], [ 174.447468555508351, -39.551480281315541 ], [ 174.45082128575126, -39.550384248584869 ], [ 174.451050923435076, -39.550340271697436 ], [ 174.454677019187784, -39.550099821714802 ], [ 174.454912972006554, -39.550112924892069 ], [ 174.458457625542366, -39.550751589879432 ], [ 174.458676805895465, -39.550820491291759 ], [ 174.461793165618303, -39.552275782144946 ], [ 174.461974124973096, -39.552393739925563 ], [ 174.464357200413588, -39.554523252446074 ], [ 174.464482226406119, -39.554678723607886 ], [ 174.465898719688596, -39.557274059007312 ], [ 174.465955569474005, -39.557451827998769 ], [ 174.466266721979622, -39.560258972290057 ], [ 174.466249822336664, -39.56044163923481 ], [ 174.465425036437324, -39.563185814315908 ], [ 174.465336032508731, -39.563355497701778 ], [ 174.464518650510939, -39.56461904486514 ], [ 174.463608451763463, -39.565786989634397 ], [ 174.463569123907064, -39.565858235013756 ], [ 174.462797242157762, -39.567016496544348 ], [ 174.46268338019209, -39.567160676465313 ], [ 174.461703537358176, -39.568220565840996 ], [ 174.461190357571411, -39.568698387293608 ], [ 174.460963074038204, -39.568929106953846 ], [ 174.460957568457275, -39.568934691285349 ], [ 174.460583805255624, -39.569313019697653 ], [ 174.460576967968166, -39.569319933543447 ], [ 174.460315360904218, -39.56958379853527 ], [ 174.459749686625116, -39.570111459196013 ], [ 174.459672883224783, -39.570177790387504 ], [ 174.459056966680777, -39.570670609323841 ], [ 174.458735943992053, -39.570908628427965 ], [ 174.458072471337942, -39.57136430666565 ], [ 174.457983429067582, -39.571420915882619 ], [ 174.457277020806231, -39.571836148412828 ], [ 174.456678182939783, -39.572161051397032 ], [ 174.456636311932414, -39.572183662651483 ], [ 174.456630860392721, -39.572186592857157 ], [ 174.456588861558885, -39.572209061690224 ], [ 174.456025761408313, -39.572508899227437 ], [ 174.455473383916399, -39.572807390614258 ], [ 174.455206775359272, -39.572947249961345 ], [ 174.455171797688564, -39.572965056954125 ], [ 174.454900288249803, -39.573099151330453 ], [ 174.454112602564663, -39.573476400868266 ], [ 174.453009918875722, -39.573942747584034 ], [ 174.452862763218747, -39.573997213774305 ], [ 174.451701515056499, -39.574368807886408 ], [ 174.451082268123741, -39.574537277263275 ], [ 174.450909939538917, -39.5745815552607 ], [ 174.450391952658265, -39.57487158807497 ], [ 174.450264590601932, -39.574931719227784 ], [ 174.449658923689299, -39.575169369142408 ], [ 174.44977013903673, -39.575422867474082 ], [ 174.449787544639747, -39.575465158276707 ], [ 174.450203484806821, -39.576841080121632 ], [ 174.450230583945, -39.576978654582511 ], [ 174.450363272012396, -39.578387989498978 ], [ 174.450362938735793, -39.578432372807335 ], [ 174.450352008440092, -39.578773745237811 ], [ 174.450320462724875, -39.579331561805219 ], [ 174.450246216262855, -39.580026645037293 ], [ 174.450232059905858, -39.580116581310541 ], [ 174.450088515544081, -39.580805132959519 ], [ 174.449949377770224, -39.581339894434841 ], [ 174.44990374125544, -39.581523377449052 ], [ 174.44986988865378, -39.581748342016461 ], [ 174.44986628389114, -39.581772024084096 ], [ 174.449865810004837, -39.581775102267621 ], [ 174.449862124208749, -39.581798776869498 ], [ 174.449838773361535, -39.581947109411473 ], [ 174.449832625440962, -39.582091116783452 ], [ 174.449832251301615, -39.582099756493619 ], [ 174.449805186295038, -39.582702758605045 ], [ 174.449711209362022, -39.583573910221858 ], [ 174.449691925331308, -39.583686434792696 ], [ 174.449489223468163, -39.584546430227604 ], [ 174.449320111545347, -39.58510792875969 ], [ 174.449120043707865, -39.585684896288349 ], [ 174.449090849744749, -39.585759152371395 ], [ 174.448841779309674, -39.586324586007969 ], [ 174.448582950885083, -39.586853969728622 ], [ 174.4478299313989, -39.588097969382133 ], [ 174.44771671083376, -39.588252987757208 ], [ 174.446727872740297, -39.589393884223128 ], [ 174.446292788021424, -39.589821348722218 ], [ 174.4460417367209, -39.590059522906962 ], [ 174.446008426627458, -39.590090045647734 ], [ 174.446005724599189, -39.590092437543973 ], [ 174.444790055693431, -39.591354940773719 ], [ 174.44470184099805, -39.591421575600627 ], [ 174.444703847440877, -39.591451911266169 ], [ 174.444360412184011, -39.593950296437399 ], [ 174.444386584008555, -39.593916849280504 ], [ 174.444431004366237, -39.593863411131949 ], [ 174.445536409394634, -39.592738534906239 ], [ 174.445639772941831, -39.592648918868001 ], [ 174.446958975529782, -39.591671661274177 ], [ 174.447022562509886, -39.591631456856923 ], [ 174.447522545838751, -39.591332467734325 ], [ 174.448212277787746, -39.590942674869247 ], [ 174.448751990483572, -39.590655324332474 ], [ 174.44882345557437, -39.590619525377384 ], [ 174.450429688849539, -39.58994697248189 ], [ 174.450568843995399, -39.589899212255716 ], [ 174.45229125808649, -39.589429321098088 ], [ 174.452373521369225, -39.589412358048882 ], [ 174.454169720334647, -39.589156695905622 ], [ 174.454321137930776, -39.589144538791594 ], [ 174.455944988274041, -39.58911328577225 ], [ 174.456427833347504, -39.589048516088624 ], [ 174.456952401976793, -39.588987638823639 ], [ 174.457020793457531, -39.588980930734998 ], [ 174.45754840160393, -39.588938606626421 ], [ 174.458310659785809, -39.588891010293274 ], [ 174.458871703279414, -39.58886650490701 ], [ 174.458944695784453, -39.588864682773625 ], [ 174.459506614087587, -39.588861155339927 ], [ 174.46026938605533, -39.588870612214031 ], [ 174.460978838138118, -39.588878308122851 ], [ 174.461282908322374, -39.58888468103752 ], [ 174.461322416713216, -39.588885908948825 ], [ 174.463135909581553, -39.5890532153864 ], [ 174.463329638690681, -39.589083164203799 ], [ 174.46508699785025, -39.589467880324378 ], [ 174.465124083101472, -39.589478493131203 ], [ 174.466782050076745, -39.590071152359968 ], [ 174.466954342823584, -39.59014594933501 ], [ 174.468472106780041, -39.590931962227387 ], [ 174.468503139864367, -39.590950921497878 ], [ 174.469843331797478, -39.591910942162457 ], [ 174.469977326729463, -39.592023268303215 ], [ 174.471106950451457, -39.593133663669363 ], [ 174.471128893931734, -39.593159114126543 ], [ 174.471294383507569, -39.593356593436241 ], [ 174.47171775569484, -39.593876560550363 ], [ 174.471780123824999, -39.593954025224484 ], [ 174.471788165526391, -39.593964127156575 ], [ 174.47184951587866, -39.594042076822859 ], [ 174.472250990341536, -39.59455803934754 ], [ 174.472251625547017, -39.594558855783482 ], [ 174.472651115157589, -39.595072476304395 ], [ 174.47306860565871, -39.595608542971441 ], [ 174.473872837009992, -39.596848124190146 ], [ 174.473960775927253, -39.597014524101454 ], [ 174.474517248070157, -39.598360432790685 ], [ 174.474518256023231, -39.598363747603692 ], [ 174.474795732809923, -39.599760429986311 ], [ 174.474812903973742, -39.599939708710963 ], [ 174.474804536382663, -39.601352775266001 ], [ 174.474804170905855, -39.601356168801111 ], [ 174.474510146787139, -39.602750824572013 ], [ 174.474454860299915, -39.602925433285982 ], [ 174.473882400663257, -39.604267334208352 ], [ 174.473880697362858, -39.60427047426635 ], [ 174.473043886541689, -39.605526574122941 ], [ 174.472921546323391, -39.605679419040484 ], [ 174.471863049813862, -39.606798916914457 ], [ 174.471477062605118, -39.607147286495582 ], [ 174.470183072883373, -39.608144762430371 ], [ 174.470002774644684, -39.608263457286682 ], [ 174.466893729233419, -39.609731364028193 ], [ 174.466674828482155, -39.609801147087957 ], [ 174.463131425060936, -39.610453964525171 ], [ 174.462895356185982, -39.610468002643451 ], [ 174.460137662635248, -39.610296211120939 ], [ 174.459496200260418, -39.610796114488629 ], [ 174.459305176332663, -39.61090431300849 ], [ 174.459027552092294, -39.611014743196264 ], [ 174.458920708772808, -39.611102010263153 ], [ 174.458806505137574, -39.611193975662395 ], [ 174.4587915499514, -39.611205849253778 ], [ 174.458675673799661, -39.611296554489321 ], [ 174.458314130901869, -39.611575580438235 ], [ 174.458270681784825, -39.611610041494252 ], [ 174.457632934456939, -39.612641587416668 ], [ 174.457595684340902, -39.612691375981029 ], [ 174.456559374432715, -39.613855123112522 ], [ 174.456456647814775, -39.613953038106573 ], [ 174.456004581897815, -39.614339326841375 ], [ 174.455362420551154, -39.615243928396204 ], [ 174.4554452204585, -39.615275056619396 ], [ 174.455294644987646, -39.615514644085607 ], [ 174.454629670281889, -39.616276106285135 ], [ 174.454322370460886, -39.616708968646662 ], [ 174.454177341429812, -39.616853730663998 ], [ 174.454143130436677, -39.616833229288702 ], [ 174.453455449938474, -39.617620653263479 ], [ 174.453296550866355, -39.617756428330352 ], [ 174.450459460843376, -39.619523756597204 ], [ 174.450268653410859, -39.619608437035907 ], [ 174.450133280279005, -39.619692811133284 ], [ 174.448452789903797, -39.620439084866788 ], [ 174.448377620038514, -39.620477260640996 ], [ 174.44794157678632, -39.620707294157747 ], [ 174.447261347540262, -39.621040096315838 ], [ 174.447171090480396, -39.621080946268876 ], [ 174.446462749854447, -39.621376604758112 ], [ 174.445911301609556, -39.621588076043231 ], [ 174.445684597823885, -39.621661414041348 ], [ 174.446752597743199, -39.622577983111533 ], [ 174.447498677694682, -39.623204570608074 ], [ 174.447927418926554, -39.623562616856056 ], [ 174.448112464051889, -39.623603649247634 ], [ 174.448846500262277, -39.62376028201313 ], [ 174.448846887414248, -39.623760364629874 ], [ 174.449597234206749, -39.623920510557575 ], [ 174.450266767740573, -39.624061352619698 ], [ 174.450924756588392, -39.624196851294599 ], [ 174.451071827713974, -39.624227935628497 ], [ 174.451090911943083, -39.624232073196737 ], [ 174.451237444345423, -39.624264643759773 ], [ 174.451880916059622, -39.624411202723202 ], [ 174.452962308775966, -39.624702898417858 ], [ 174.453100142111538, -39.624746066152177 ], [ 174.453320024410885, -39.62482487363328 ], [ 174.453775996787328, -39.624864769135527 ], [ 174.454004247408534, -39.624913570236821 ], [ 174.45732074652409, -39.626079867518747 ], [ 174.45751833374149, -39.626180818911784 ], [ 174.458557268300154, -39.626915776257277 ], [ 174.45911924525825, -39.627158615989856 ], [ 174.459141752266333, -39.627168366962842 ], [ 174.459144676359159, -39.627169637094021 ], [ 174.459167155394709, -39.627179426600755 ], [ 174.459797275487063, -39.627454549245869 ], [ 174.459799711788975, -39.627455613266378 ], [ 174.460309091797683, -39.62767823518211 ], [ 174.460328596362245, -39.626336936681533 ], [ 174.460368270551356, -39.626156392535513 ], [ 174.461532971972531, -39.623486816287951 ], [ 174.461642843537589, -39.623324587784168 ], [ 174.462397452359369, -39.622540044947428 ], [ 174.463833207265964, -39.620940379907196 ], [ 174.463997001183685, -39.620808123095166 ], [ 174.466897388700716, -39.619103271851309 ], [ 174.467106003566158, -39.619016626032163 ], [ 174.470545535134079, -39.618088261050111 ], [ 174.470778555719704, -39.618055704922995 ], [ 174.474420660288843, -39.617994670931566 ], [ 174.474655285749435, -39.618019390351499 ], [ 174.47597690155024, -39.618327151307078 ], [ 174.476562217611331, -39.618370277995027 ], [ 174.476711066693895, -39.61838705858235 ], [ 174.47684157048846, -39.618406942582212 ], [ 174.479025871385574, -39.618446563319289 ], [ 174.479258818337286, -39.618479442648095 ], [ 174.481515988089114, -39.619092201186596 ], [ 174.480614184768484, -39.617850414792088 ], [ 174.480531954504187, -39.617678677658411 ], [ 174.479816895027454, -39.614916037705662 ], [ 174.479807310430999, -39.614733053494298 ], [ 174.48023104289328, -39.611934728119493 ], [ 174.480295032885181, -39.611758408593566 ], [ 174.481815943265104, -39.609198300528682 ], [ 174.481947236330001, -39.609045902972049 ], [ 174.484416359715908, -39.606974569504658 ], [ 174.484602100752596, -39.60686100826144 ], [ 174.487777736493655, -39.605481151723929 ], [ 174.487999746389846, -39.605417539573494 ], [ 174.491571119566402, -39.604864186128125 ], [ 174.491807673735508, -39.604856747781284 ], [ 174.493391897145926, -39.605000091068376 ], [ 174.493399327712609, -39.604925180874091 ], [ 174.493606627314307, -39.604937484657704 ], [ 174.494344603046017, -39.604999644286949 ], [ 174.494579025638615, -39.605025262080581 ], [ 174.49513978593302, -39.605158217422328 ], [ 174.495425326020921, -39.605184046835454 ], [ 174.495653278173052, -39.605233510413811 ], [ 174.495637766308306, -39.605276285079228 ], [ 174.498061467519392, -39.60585089179623 ], [ 174.498274190033868, -39.605931284839983 ], [ 174.501256500157893, -39.607548847869325 ], [ 174.501426705238288, -39.607676149712262 ], [ 174.501989714778773, -39.608254835588639 ], [ 174.502088328184158, -39.608287994596701 ], [ 174.502749718078718, -39.608529769735085 ], [ 174.502834338275534, -39.608563257614421 ], [ 174.504390440719675, -39.609303595924366 ], [ 174.504505519145681, -39.609368491539549 ], [ 174.505892774037704, -39.61028798771639 ], [ 174.505959878141368, -39.610340061195046 ], [ 174.506459788802914, -39.610753175019376 ], [ 174.507044216598644, -39.611267607174604 ], [ 174.507929015422832, -39.612151529956655 ], [ 174.508034394369645, -39.61227150817502 ], [ 174.508939329787125, -39.613499091151418 ], [ 174.508960498028586, -39.61353389936459 ], [ 174.509339580946119, -39.614310209275736 ], [ 174.50937872526535, -39.614344329746878 ], [ 174.509812970162159, -39.614745756753585 ], [ 174.51040634376173, -39.615327845166497 ], [ 174.510408106509772, -39.615329574800064 ], [ 174.510930381799966, -39.615842362800677 ], [ 174.511231557660523, -39.616151506974404 ], [ 174.511269576132975, -39.616192327748095 ], [ 174.511553299803325, -39.616511195522271 ], [ 174.51190084635121, -39.6169203456666 ], [ 174.511926194042161, -39.616942210910025 ], [ 174.511942033005141, -39.616955901864138 ], [ 174.51194408972097, -39.616957683310289 ], [ 174.511959892540261, -39.616971399220013 ], [ 174.512353923563779, -39.617314095516193 ], [ 174.512607472501543, -39.616897029156938 ], [ 174.512651955400202, -39.616824695192079 ], [ 174.512657792126959, -39.616815311851397 ], [ 174.512703105023405, -39.616743286728223 ], [ 174.513242425163497, -39.61589562357004 ], [ 174.513597220524076, -39.615380772807995 ], [ 174.513646096849925, -39.615315067262479 ], [ 174.51404324475962, -39.614819063326721 ], [ 174.51423915211052, -39.614591223187851 ], [ 174.514252930192697, -39.614575236226678 ], [ 174.514254724207632, -39.614573159401466 ], [ 174.514268546355055, -39.614557195205748 ], [ 174.514788135170505, -39.613958460293375 ], [ 174.514862531410387, -39.613873774966024 ], [ 174.514872283508936, -39.613862808747534 ], [ 174.514947919553862, -39.613778783020351 ], [ 174.515573633971883, -39.61309201206668 ], [ 174.516013434392846, -39.612640122436403 ], [ 174.516072935682416, -39.612582822625107 ], [ 174.517004925021865, -39.611787463352023 ], [ 174.517065941508065, -39.611741252893921 ], [ 174.517885093216591, -39.611176815157187 ], [ 174.517929560676237, -39.611148966711156 ], [ 174.518875641292709, -39.610615078255215 ], [ 174.518955119356633, -39.610574802224626 ], [ 174.519579071250206, -39.61027984233791 ], [ 174.520978538510548, -39.609664087821479 ], [ 174.521694025120127, -39.609374200386107 ], [ 174.521788615049246, -39.609339054095166 ], [ 174.523492366816924, -39.608828981656579 ], [ 174.523619354623236, -39.608799588332865 ], [ 174.525405271682416, -39.608501922159874 ], [ 174.525509271629858, -39.60849110171791 ], [ 174.525731718060342, -39.608469641816562 ], [ 174.527152756281794, -39.608343275023081 ], [ 174.52903150685853, -39.608174931192664 ], [ 174.52996562282479, -39.608084086267986 ], [ 174.531433427974179, -39.607727527607103 ], [ 174.534251026199399, -39.606499805724631 ], [ 174.537325421540402, -39.604426966129481 ], [ 174.538017737320018, -39.603995025182343 ], [ 174.538110377375915, -39.603941612039563 ], [ 174.53884329345783, -39.603551812072503 ], [ 174.539460092440493, -39.603249935965323 ], [ 174.539466971725176, -39.603246571615365 ], [ 174.54014228979392, -39.602940572993106 ], [ 174.540230887628809, -39.602903463418613 ], [ 174.540924703440368, -39.602635570867335 ], [ 174.541795285171446, -39.602326992051594 ], [ 174.543510576268716, -39.601840935916087 ], [ 174.54373857892989, -39.601791627891977 ], [ 174.547356513474256, -39.601466806325341 ], [ 174.547593053408264, -39.601474407330393 ], [ 174.551163711387915, -39.602030229509701 ], [ 174.551385643633864, -39.602093996084896 ], [ 174.554559632202483, -39.603476079178044 ], [ 174.554745239273586, -39.603589771940705 ], [ 174.557211934767651, -39.605662876465544 ], [ 174.557343049918472, -39.605815369896639 ], [ 174.558860977715966, -39.60837661941553 ], [ 174.558924762553858, -39.60855298955908 ], [ 174.559083556252119, -39.609609948704808 ], [ 174.559154751171889, -39.609742493349827 ], [ 174.559835646690686, -39.610931821261964 ], [ 174.56011165579045, -39.611395540689244 ], [ 174.560458544040756, -39.611968242385977 ], [ 174.560585759684841, -39.612185726098645 ], [ 174.56060181045271, -39.612214163521749 ], [ 174.561199179835427, -39.613549629340739 ], [ 174.561248805743787, -39.613697147241048 ], [ 174.561568731366066, -39.615088448415555 ], [ 174.561572635593677, -39.61511933030841 ], [ 174.561607221311732, -39.616532210382658 ], [ 174.56159547986573, -39.616684369157753 ], [ 174.5613438556056, -39.618084037981546 ], [ 174.561335229563213, -39.61811434147851 ], [ 174.561264880141493, -39.618346765073063 ], [ 174.561025923136754, -39.619091605892514 ], [ 174.56101290155982, -39.61913179844462 ], [ 174.561011193220054, -39.619137020436696 ], [ 174.560997932646728, -39.619177166224191 ], [ 174.560951973233159, -39.619314982980768 ], [ 174.561280838064874, -39.620595788595267 ], [ 174.561308596017994, -39.620777666962738 ], [ 174.56116437499503, -39.623593009423125 ], [ 174.561118097450532, -39.623772619472334 ], [ 174.559855882008293, -39.626415691873078 ], [ 174.559740090494671, -39.626575450495487 ], [ 174.557483331257231, -39.628787492044083 ], [ 174.5573093557189, -39.628911757772102 ], [ 174.554278932541109, -39.630476184814349 ], [ 174.554063804019449, -39.630552790132 ], [ 174.550556415251037, -39.631316417355379 ], [ 174.550321198347433, -39.631337861085143 ], [ 174.546680295242936, -39.631225914825741 ], [ 174.546448023752959, -39.631190097357795 ], [ 174.543030143832738, -39.63021354434116 ], [ 174.542823562549472, -39.63012397336756 ], [ 174.539963375496228, -39.628378443905049 ], [ 174.539802710565169, -39.628243890439677 ], [ 174.538059124055678, -39.626223498893118 ], [ 174.53633426789446, -39.626642477624699 ], [ 174.535326060799605, -39.626849495005942 ], [ 174.535193699286964, -39.626871817824231 ], [ 174.534532925180599, -39.626959489874579 ], [ 174.534131624207049, -39.627117039661485 ], [ 174.534056822883542, -39.627428695596265 ], [ 174.53434711262716, -39.627870570411083 ], [ 174.534420027150503, -39.628044813344609 ], [ 174.534492132658727, -39.628399612003243 ], [ 174.535320495699693, -39.629337981707813 ], [ 174.535427094624907, -39.629481803669549 ], [ 174.535473523680423, -39.629557691234751 ], [ 174.535904427593209, -39.629778101676429 ], [ 174.537227978754061, -39.630566158761773 ], [ 174.537389680408722, -39.630677595571775 ], [ 174.538553847366813, -39.631603952764564 ], [ 174.539062703978772, -39.632071756515515 ], [ 174.539116955030408, -39.632121999812576 ], [ 174.539123976882479, -39.63212855117122 ], [ 174.539177754324413, -39.632179098007569 ], [ 174.539663082883806, -39.632638660673919 ], [ 174.539738983063899, -39.632711296108454 ], [ 174.539748786518601, -39.632720778014317 ], [ 174.539823708718529, -39.632794018055193 ], [ 174.540249748873208, -39.633214956157985 ], [ 174.540834866639585, -39.633847546737734 ], [ 174.540906202585916, -39.633932167315798 ], [ 174.541780996839407, -39.635172886849993 ], [ 174.541824661990944, -39.635248369715903 ], [ 174.542437690966722, -39.636579622144517 ], [ 174.542471720065919, -39.636677145456666 ], [ 174.542807874468366, -39.638066154904017 ], [ 174.542819236510184, -39.638148376285329 ], [ 174.54287022147372, -39.639560942765115 ], [ 174.542863608183865, -39.639661823399528 ], [ 174.542628149823116, -39.641063164652557 ], [ 174.542606092418737, -39.641144076359971 ], [ 174.542089970975724, -39.642499684376268 ], [ 174.542043357567934, -39.642594047077402 ], [ 174.54164420835113, -39.643307931581326 ], [ 174.541394289367418, -39.643706685926425 ], [ 174.54140236791244, -39.643893603054622 ], [ 174.54140281532986, -39.643904139941725 ], [ 174.541402872456956, -39.643905509762689 ], [ 174.54140330391823, -39.643916047044165 ], [ 174.541412972279545, -39.644156623370215 ], [ 174.541506033882598, -39.644322119689704 ], [ 174.541565330073951, -39.644499428113058 ], [ 174.541914391090813, -39.647303991574539 ], [ 174.541899912473269, -39.647486787725562 ], [ 174.541301659435732, -39.649572179831502 ], [ 174.541183527580728, -39.650175182914225 ], [ 174.541113759943215, -39.650345080041212 ], [ 174.541178797693505, -39.650792987192162 ], [ 174.541179050690687, -39.650794731056379 ], [ 174.541272391554315, -39.651439554869746 ], [ 174.541278261939425, -39.651480975706207 ], [ 174.54127900897015, -39.651486361750926 ], [ 174.541284631365244, -39.651527803140809 ], [ 174.541367149840909, -39.65214989401855 ], [ 174.541382947702971, -39.652436330101594 ], [ 174.541464926192504, -39.652893610797292 ], [ 174.541476965145165, -39.652991893903547 ], [ 174.541489529895927, -39.653061955842546 ], [ 174.541529534405271, -39.65331035924234 ], [ 174.541534153446634, -39.65334270131212 ], [ 174.541565211078336, -39.653591868218399 ], [ 174.541594018010272, -39.653862299386283 ], [ 174.541600627211295, -39.655275402282527 ], [ 174.541582892027748, -39.655458026729299 ], [ 174.540744755530909, -39.658200045118491 ], [ 174.54065487293056, -39.658369494080951 ], [ 174.538761407946396, -39.660777085483005 ], [ 174.538608169896634, -39.660916769413653 ], [ 174.535844661775343, -39.662754211921438 ], [ 174.535643067128689, -39.662850454026206 ], [ 174.532280054056912, -39.663937833069774 ], [ 174.532049840802102, -39.6639812094474 ], [ 174.531801442553416, -39.663996995338039 ], [ 174.531445278638529, -39.664374033235944 ], [ 174.531440629075945, -39.664378951815848 ], [ 174.531360759332529, -39.664463290023981 ], [ 174.531388491508835, -39.665072163573257 ], [ 174.531383287415935, -39.665164880036151 ], [ 174.531160964533228, -39.666567498022857 ], [ 174.531137547409401, -39.666656577881596 ], [ 174.530922939439932, -39.667336394359893 ], [ 174.530777190929143, -39.667730835444232 ], [ 174.530501856339356, -39.668381266148735 ], [ 174.530461959812015, -39.668464649664479 ], [ 174.530371710622688, -39.668615643032119 ], [ 174.530600813763584, -39.668926948562792 ], [ 174.530922305488332, -39.669354629893647 ], [ 174.53102931056759, -39.669500071696291 ], [ 174.53104299279903, -39.669519077352156 ], [ 174.531146483582233, -39.669666030258306 ], [ 174.53134072910234, -39.669948057927449 ], [ 174.53148474148864, -39.670138157332438 ], [ 174.531519348715307, -39.670184150503218 ], [ 174.531523824763781, -39.670190139832734 ], [ 174.53155807982111, -39.670236290193124 ], [ 174.531589966806933, -39.670279545644206 ], [ 174.531723924644581, -39.67007996132709 ], [ 174.532058944659326, -39.669614285251605 ], [ 174.532336147904601, -39.669249423399265 ], [ 174.532373605648246, -39.669202671529547 ], [ 174.532672675313279, -39.668848273788107 ], [ 174.533038721532108, -39.668436004693731 ], [ 174.533244004823189, -39.668212182402634 ], [ 174.533271258792098, -39.668183406345634 ], [ 174.534463646166898, -39.667112113047772 ], [ 174.53459937758862, -39.6670079491591 ], [ 174.535993891495082, -39.66609398376233 ], [ 174.536031315774409, -39.666073123858496 ], [ 174.536322357051745, -39.665916052035548 ], [ 174.536928404566765, -39.665599473369568 ], [ 174.537131937676122, -39.665495535385276 ], [ 174.53715857704259, -39.665482238954603 ], [ 174.537364880347013, -39.665381616462028 ], [ 174.537988693459369, -39.665084364474772 ], [ 174.53830980139648, -39.664936789487534 ], [ 174.538351932494919, -39.664918126741952 ], [ 174.540004682560436, -39.664313782617086 ], [ 174.540181222468647, -39.66426189733648 ], [ 174.541935924871296, -39.663864787269212 ], [ 174.541983454849543, -39.663857098520317 ], [ 174.542350296718297, -39.663802484258547 ], [ 174.543078415242434, -39.663703409258041 ], [ 174.543254226550772, -39.663680556252288 ], [ 174.54327711008213, -39.663677720651528 ], [ 174.543453353107481, -39.663656949029594 ], [ 174.544182547268292, -39.663575411630326 ], [ 174.545015509232258, -39.663505788094092 ], [ 174.545124075003486, -39.663499755259842 ], [ 174.545961356270027, -39.663476565947192 ], [ 174.546702211244593, -39.66347664156617 ], [ 174.547474746669877, -39.663496531105075 ], [ 174.54757495494556, -39.663501686724032 ], [ 174.548344085763688, -39.66356111443821 ], [ 174.549031701860173, -39.663632112398673 ], [ 174.549721081801636, -39.663699486974686 ], [ 174.550454258830513, -39.663769726436776 ], [ 174.55048375633865, -39.663772581777373 ], [ 174.550487590395903, -39.663772956751259 ], [ 174.550517078384161, -39.663775870239789 ], [ 174.551152124775598, -39.663839249031312 ], [ 174.552684634074666, -39.664073799555048 ], [ 174.552880326970495, -39.664114451976687 ], [ 174.554358480884247, -39.664505324170371 ], [ 174.554682129299692, -39.664610120288977 ], [ 174.555151739411059, -39.664771677127682 ], [ 174.555212159927805, -39.664793709661197 ], [ 174.555324062936933, -39.664843158089077 ], [ 174.555549790226365, -39.663980784432475 ], [ 174.555593243965234, -39.663759847506455 ], [ 174.555635524692349, -39.663560020211399 ], [ 174.55564139831273, -39.663534093699134 ], [ 174.555689480959018, -39.663335051571678 ], [ 174.555858484492546, -39.662676558841682 ], [ 174.556024340453803, -39.661996464234967 ], [ 174.556192412394893, -39.661293649392327 ], [ 174.556265087067544, -39.660987152149168 ], [ 174.556272367701439, -39.660956741326785 ], [ 174.556273322963619, -39.660952789187512 ], [ 174.556280738670836, -39.660922397867402 ], [ 174.556655101192774, -39.659402468544926 ], [ 174.556655433855724, -39.659401118437728 ], [ 174.556777427451038, -39.658906529235558 ], [ 174.557190177242944, -39.657697005391192 ], [ 174.557257669005452, -39.65754339903112 ], [ 174.557883250708102, -39.656389746996879 ], [ 174.55838355288563, -39.655621609179939 ], [ 174.559064776420996, -39.654712048027513 ], [ 174.559161943633768, -39.654598194989816 ], [ 174.55989882537736, -39.653835622011876 ], [ 174.559948397207705, -39.653754496654187 ], [ 174.560856443507731, -39.652528025360681 ], [ 174.56098989371506, -39.652376702161618 ], [ 174.563488749620689, -39.650325552031987 ], [ 174.563676151188531, -39.650213507960686 ], [ 174.566872519554181, -39.648859575647357 ], [ 174.567095531007226, -39.648797774988473 ], [ 174.57067660993286, -39.648273549548307 ], [ 174.570913408772867, -39.648268039741936 ], [ 174.574528791086635, -39.648624820258725 ], [ 174.574756207098858, -39.648676140712801 ], [ 174.578052129585103, -39.649879020795623 ], [ 174.57824790934842, -39.649982150058193 ], [ 174.580901829795323, -39.651913427939299 ], [ 174.581046812084679, -39.652058274412163 ], [ 174.582798949260905, -39.654528957428653 ], [ 174.582878939511119, -39.65470134590079 ], [ 174.583557701192234, -39.657469629693082 ], [ 174.583564861985536, -39.657652687621926 ], [ 174.583103672435243, -39.660447609087605 ], [ 174.58303729351249, -39.660623417420453 ], [ 174.582388967215451, -39.661944726579108 ], [ 174.582042273850874, -39.662512386173155 ], [ 174.581787485433921, -39.662904514894642 ], [ 174.581752775991959, -39.662954837821069 ], [ 174.581473572896186, -39.663336907905403 ], [ 174.580747404903093, -39.664276381802928 ], [ 174.580706556268154, -39.664324694868277 ], [ 174.580669641817281, -39.664474778670908 ], [ 174.580603051453494, -39.664756030380175 ], [ 174.580601254641351, -39.664763601344248 ], [ 174.580426144066962, -39.665496934633545 ], [ 174.580422394511288, -39.665512559384233 ], [ 174.580421904750409, -39.665514590268046 ], [ 174.580418119523074, -39.66553020988362 ], [ 174.580237517813146, -39.666271830871807 ], [ 174.580227132119262, -39.666313926758164 ], [ 174.580225765137925, -39.666319396709653 ], [ 174.580215120349635, -39.666361453923081 ], [ 174.580089088664977, -39.666853183708263 ], [ 174.580042189275986, -39.667092065310911 ], [ 174.579996162378706, -39.667308668541594 ], [ 174.579989735738337, -39.667336766423759 ], [ 174.579936891223895, -39.667552438299509 ], [ 174.579568553591969, -39.668961515018943 ], [ 174.579600315581928, -39.669052330372352 ], [ 174.579625600450072, -39.669234425863991 ], [ 174.579442722651095, -39.672048431232163 ], [ 174.579393954681962, -39.67222765246197 ], [ 174.578094711307642, -39.674860245232914 ], [ 174.577976655872618, -39.675019047085613 ], [ 174.575688123874386, -39.67721249144946 ], [ 174.575512332685435, -39.677335326075244 ], [ 174.574930854376674, -39.677628479655482 ], [ 174.574933000723462, -39.678007766462535 ], [ 174.574904635263351, -39.6783636895277 ], [ 174.574709821759882, -39.679539275464812 ], [ 174.574671618575252, -39.679690154874535 ], [ 174.574180721186138, -39.68105142277588 ], [ 174.574167527285368, -39.681079325663191 ], [ 174.57367917435036, -39.68190462383879 ], [ 174.573591737064589, -39.682390183823415 ], [ 174.573522749680762, -39.682565394950402 ], [ 174.571928665255001, -39.685099463624901 ], [ 174.571792972021484, -39.685249625065275 ], [ 174.569263268809863, -39.687279006714334 ], [ 174.569074149458515, -39.687389416178945 ], [ 174.565856452682823, -39.688715406461064 ], [ 174.565632422431861, -39.68877525295332 ], [ 174.563990993167124, -39.689000528437845 ], [ 174.563904225358158, -39.689826626361864 ], [ 174.563887580321619, -39.689906560951705 ], [ 174.563456257384956, -39.691279827330241 ], [ 174.563414856611189, -39.69137745640387 ], [ 174.562710751639742, -39.692681682237179 ], [ 174.562662945776736, -39.692753730060893 ], [ 174.56170338407756, -39.693956795642109 ], [ 174.561624953961399, -39.694039761150329 ], [ 174.560985321594387, -39.694657465388012 ], [ 174.560329893861535, -39.695236336887952 ], [ 174.560195148761949, -39.695353274618604 ], [ 174.56017746214502, -39.695368357740534 ], [ 174.560040105444983, -39.695483468036272 ], [ 174.56003209468426, -39.695490065344025 ], [ 174.55967163107735, -39.695743727303686 ], [ 174.559677871420433, -39.695747702320382 ], [ 174.559764795703302, -39.695803621383845 ], [ 174.56031437630989, -39.69616066979097 ], [ 174.560856020531531, -39.696535447075568 ], [ 174.560924400179459, -39.696585816236365 ], [ 174.561434750544436, -39.696985949268004 ], [ 174.56156993156327, -39.697098766226148 ], [ 174.564306354596738, -39.697859820792843 ], [ 174.564514106502571, -39.697948046754604 ], [ 174.56739615047357, -39.699674863204834 ], [ 174.567558451886015, -39.699808360227841 ], [ 174.569608809628676, -39.702138591079468 ], [ 174.569709772403769, -39.70230429508203 ], [ 174.570727683198669, -39.705009889917378 ], [ 174.570757418170388, -39.705191583201383 ], [ 174.570643118996088, -39.708007724957277 ], [ 174.570598706372664, -39.708187622729859 ], [ 174.569363244290344, -39.710838640120933 ], [ 174.569249022948696, -39.710999131159213 ], [ 174.567013227729973, -39.713225486232673 ], [ 174.566840373759391, -39.713350857393948 ], [ 174.564417337409822, -39.714622661651674 ], [ 174.564683868561303, -39.715306439340807 ], [ 174.564693034034491, -39.715339030350144 ], [ 174.564939902652071, -39.71673922305655 ], [ 174.564950936431785, -39.716889104849592 ], [ 174.564911142885904, -39.718301883410206 ], [ 174.564906819053647, -39.718335066656792 ], [ 174.564868849623309, -39.718589956443672 ], [ 174.564822200466267, -39.7188681456214 ], [ 174.564445535604904, -39.720250996089035 ], [ 174.564378661117956, -39.720426702097285 ], [ 174.562814839198097, -39.722972288863652 ], [ 174.562680918730081, -39.723123434345965 ], [ 174.560174827206168, -39.725171203412984 ], [ 174.559986966785715, -39.725282989769319 ], [ 174.557398976418199, -39.726373322988628 ], [ 174.557616138615799, -39.72681496734868 ], [ 174.557664603735134, -39.726994240482838 ], [ 174.557842288347103, -39.729808397540658 ], [ 174.55781663613584, -39.729990460732942 ], [ 174.556859324342525, -39.732709273508313 ], [ 174.556762056775796, -39.732876304099342 ], [ 174.555044212147664, -39.734902351802731 ], [ 174.55503352344877, -39.734979941002614 ], [ 174.554971846295587, -39.735156778735828 ], [ 174.553483355436072, -39.737729247513293 ], [ 174.55335391004175, -39.737882712924183 ], [ 174.553283980746869, -39.737942520817199 ], [ 174.553129184324803, -39.739594515388276 ], [ 174.55307526650742, -39.739772858811044 ], [ 174.55169995290035, -39.74238263308942 ], [ 174.551577279984542, -39.742539382845614 ], [ 174.54925521289212, -39.744665159342468 ], [ 174.54948710128599, -39.744926635879906 ], [ 174.549588844901507, -39.745092074839924 ], [ 174.550290310697648, -39.746932366928405 ], [ 174.550771201582819, -39.747377324925921 ], [ 174.551257670884866, -39.747897615439868 ], [ 174.55173674496973, -39.748409527709796 ], [ 174.551776811443716, -39.748452606776972 ], [ 174.55178199868169, -39.748458218844718 ], [ 174.5518217358686, -39.748501479281309 ], [ 174.552233903353681, -39.748952999033413 ], [ 174.55266597463816, -39.749416768990521 ], [ 174.552668238294672, -39.749419199539744 ], [ 174.553122437988833, -39.749907318018174 ], [ 174.553123814062133, -39.749908797154745 ], [ 174.553581172378244, -39.750400673451871 ], [ 174.553587362455715, -39.750407336971989 ], [ 174.553977287931758, -39.750828109255579 ], [ 174.554366428263307, -39.751245770498237 ], [ 174.55509901160508, -39.752138165974692 ], [ 174.555185120173149, -39.752258082542347 ], [ 174.555944267036239, -39.753543965494408 ], [ 174.555964852331698, -39.753587623844126 ], [ 174.556454065481915, -39.754949338112354 ], [ 174.556487955508089, -39.755083924180589 ], [ 174.556669837215708, -39.75613102469503 ], [ 174.556703406258919, -39.756477772479876 ], [ 174.556713024831112, -39.756585874679736 ], [ 174.556714165661191, -39.756599933263132 ], [ 174.556722098318232, -39.756708116961967 ], [ 174.556765253128162, -39.757366878462179 ], [ 174.556778627048061, -39.757676670494298 ], [ 174.556779467269934, -39.757716954619845 ], [ 174.556779019774353, -39.758026918364152 ], [ 174.556775920334474, -39.758157443918769 ], [ 174.556598844392454, -39.759563917919309 ], [ 174.556557435588786, -39.759744244239307 ], [ 174.555365859500597, -39.762407415730451 ], [ 174.555254269245836, -39.762569038812892 ], [ 174.553054546724496, -39.764817643267591 ], [ 174.552883693338629, -39.764944739195684 ], [ 174.549891114953624, -39.766558614079912 ], [ 174.549677723469273, -39.766638738259815 ], [ 174.546185277880937, -39.767459856705287 ], [ 174.54595024260982, -39.767485163389836 ], [ 174.542299916089831, -39.767433121906627 ], [ 174.542066253024274, -39.767401133198916 ], [ 174.538615507074041, -39.766481032337552 ], [ 174.538406097442163, -39.766394881013341 ], [ 174.535492823654806, -39.76469682365483 ], [ 174.535328170836749, -39.764564945931951 ], [ 174.533237574233397, -39.76225520324401 ], [ 174.533133794873379, -39.762090511791442 ], [ 174.532597315368292, -39.760730693608508 ], [ 174.532486632534869, -39.760611705491847 ], [ 174.532021859642498, -39.7601126720742 ], [ 174.531989192000765, -39.760077417313042 ], [ 174.531984959525346, -39.760072826332809 ], [ 174.531952512160672, -39.760037450628815 ], [ 174.531611432846773, -39.759663682476464 ], [ 174.531416019965349, -39.759537491380584 ], [ 174.531345027839961, -39.759488644809629 ], [ 174.530814215906418, -39.759099674081099 ], [ 174.530630602097489, -39.758956407224204 ], [ 174.530370949952953, -39.758783289947303 ], [ 174.529215061370479, -39.757896515267745 ], [ 174.529075937356509, -39.757773715943415 ], [ 174.528262550551887, -39.756945491053152 ], [ 174.528206905415857, -39.75693197057511 ], [ 174.528155744119488, -39.756919439608239 ], [ 174.528149098042206, -39.756917798781487 ], [ 174.528098011995979, -39.756905086259799 ], [ 174.527480735742188, -39.756750267122037 ], [ 174.526866315903732, -39.756601906401983 ], [ 174.526754762689166, -39.756574494826168 ], [ 174.526740284305731, -39.756570875248443 ], [ 174.526629093160892, -39.756542601013457 ], [ 174.526008991009775, -39.756382249717944 ], [ 174.525450593956833, -39.756242168457582 ], [ 174.524776082748701, -39.756078971722609 ], [ 174.524741846907176, -39.756070643635042 ], [ 174.524737398414857, -39.756069555700641 ], [ 174.524703195913787, -39.75606114633586 ], [ 174.524476061682805, -39.756005003368848 ], [ 174.524241754618231, -39.756010964797973 ], [ 174.523540996424259, -39.756032438060089 ], [ 174.523541681768052, -39.756032417045667 ], [ 174.523540994388156, -39.756032438122475 ], [ 174.52352166846245, -39.756033017880839 ], [ 174.523519155878859, -39.756033091645833 ], [ 174.523499827671969, -39.756033646702882 ], [ 174.522731154425855, -39.756055225989698 ], [ 174.522710690784038, -39.75605578652619 ], [ 174.522708030432568, -39.756055857593722 ], [ 174.52268756559036, -39.756056390403913 ], [ 174.521991708093452, -39.756074033341335 ], [ 174.521572067845995, -39.756087650632601 ], [ 174.52298156780185, -39.757642890271356 ], [ 174.523085483200276, -39.757807527298283 ], [ 174.524151169516159, -39.760502241149254 ], [ 174.524184086235664, -39.760683604311438 ], [ 174.524170711846438, -39.761259899337013 ], [ 174.524321178134358, -39.761499553638266 ], [ 174.524389972123004, -39.761674822225416 ], [ 174.524888776025335, -39.764465842246246 ], [ 174.52488402653691, -39.764648939316146 ], [ 174.524240836300834, -39.767422312213547 ], [ 174.52423782564756, -39.767429003745669 ], [ 174.524276871251601, -39.767593641813406 ], [ 174.524348112198226, -39.768002035095364 ], [ 174.524424115499357, -39.768419504491789 ], [ 174.524431834126091, -39.768462658318981 ], [ 174.524432819958605, -39.768468270156589 ], [ 174.52444026798571, -39.768511452292501 ], [ 174.524509544906408, -39.768920669208619 ], [ 174.52454084402865, -39.769123420696275 ], [ 174.524544525199389, -39.769149810596531 ], [ 174.524569859454147, -39.769353057575174 ], [ 174.52460608154135, -39.769682840128759 ], [ 174.524617099271609, -39.771095890318627 ], [ 174.52459990288969, -39.771278542460514 ], [ 174.523768904221015, -39.774022038166102 ], [ 174.523679399299937, -39.774191649121327 ], [ 174.522152702945618, -39.776140144502889 ], [ 174.522130416405417, -39.776170441413008 ], [ 174.521745266278998, -39.77670065113918 ], [ 174.521741849022959, -39.776705352141285 ], [ 174.521362636430155, -39.777226086789334 ], [ 174.521211362174739, -39.777427663145247 ], [ 174.521191260542139, -39.777453667438991 ], [ 174.521033278898955, -39.777652157130866 ], [ 174.521030946680099, -39.777655004106308 ], [ 174.520108257121166, -39.778629888488645 ], [ 174.519983482250495, -39.778744690985505 ], [ 174.518973845320346, -39.779563276754331 ], [ 174.518941979103431, -39.779586061658264 ], [ 174.517345044071277, -39.780506523849425 ], [ 174.517363959090687, -39.780528435337594 ], [ 174.517313217026924, -39.780554511406976 ], [ 174.517084380518043, -39.780656763970292 ], [ 174.516967919571641, -39.780723888811323 ], [ 174.516852981281971, -39.780776546134582 ], [ 174.516843598070523, -39.780764353586349 ], [ 174.516048821480467, -39.781119480180401 ], [ 174.516010414060275, -39.78113424652156 ], [ 174.513793975359448, -39.781742949252539 ], [ 174.513804322397476, -39.781771420733634 ], [ 174.513766192118993, -39.781779669693954 ], [ 174.51347393559314, -39.781830837637408 ], [ 174.513370973109801, -39.781859112654807 ], [ 174.51321896765478, -39.781885539726069 ], [ 174.513216171588311, -39.781875965988469 ], [ 174.512623206563376, -39.78197977764966 ], [ 174.512581790137716, -39.781985358279449 ], [ 174.509927783983983, -39.782067652668061 ], [ 174.509926081548059, -39.782099805371089 ], [ 174.509902024804859, -39.78209904712331 ], [ 174.509577708345034, -39.782078503119109 ], [ 174.509495357084148, -39.782081055408369 ], [ 174.509323670075588, -39.782068758155773 ], [ 174.50932442810435, -39.782062458305774 ], [ 174.508946402982872, -39.782038510105679 ], [ 174.508905804739584, -39.782034637309508 ], [ 174.506129451711928, -39.781453565325293 ], [ 174.506114038583831, -39.781485641672674 ], [ 174.506099116000996, -39.781481373152566 ], [ 174.505785766408565, -39.781381629051637 ], [ 174.505720594487315, -39.781367987880486 ], [ 174.505553562160884, -39.781312469385327 ], [ 174.505555816613423, -39.781308431704382 ], [ 174.505316854286889, -39.781232364859484 ], [ 174.505280821309583, -39.78121969661791 ], [ 174.50277099553287, -39.779966802863022 ], [ 174.502742339027407, -39.77999475544194 ], [ 174.502729857066413, -39.779987137624531 ], [ 174.502471879201238, -39.779817478793674 ], [ 174.502416316880982, -39.779789740964723 ], [ 174.502278677431747, -39.779696416261551 ], [ 174.502282582783607, -39.779692987356775 ], [ 174.502079262261191, -39.779559272092477 ], [ 174.502051094230751, -39.779539327618586 ], [ 174.500176620189109, -39.777758008921616 ], [ 174.500137467552577, -39.777778121759404 ], [ 174.50012412546775, -39.777762659034984 ], [ 174.499955471159751, -39.777547842443703 ], [ 174.499906032033152, -39.777500858302609 ], [ 174.499816010340737, -39.777383828277372 ], [ 174.499823875268987, -39.777380226447967 ], [ 174.499607634558231, -39.777104794838031 ], [ 174.499589860376119, -39.77707980570014 ], [ 174.498855621510728, -39.775582405979215 ], [ 174.497708236810638, -39.77609523566101 ], [ 174.497486784558305, -39.776161105755342 ], [ 174.495491876275452, -39.776490547164599 ], [ 174.49463250133843, -39.777177229159363 ], [ 174.494442955084367, -39.777287442053215 ], [ 174.491218932056114, -39.778610114314418 ], [ 174.490994516429879, -39.778669731345417 ], [ 174.487398495143708, -39.779158835118601 ], [ 174.487161185122574, -39.779162018586895 ], [ 174.483545305079161, -39.778769662579727 ], [ 174.483318339592671, -39.778716101034078 ], [ 174.48161449167398, -39.778198056890318 ], [ 174.481144234790776, -39.778021025697427 ], [ 174.480233013745732, -39.777678939433805 ], [ 174.480221359081355, -39.777674557930801 ], [ 174.478840907283569, -39.777153707634348 ], [ 174.478651436612125, -39.777080565326443 ], [ 174.478626919333408, -39.777070885088605 ], [ 174.477067137948268, -39.776330476346047 ], [ 174.476897384230313, -39.776234960902627 ], [ 174.475506957421601, -39.775315375317312 ], [ 174.475487518124822, -39.775300322539586 ], [ 174.474300681292078, -39.774224212013095 ], [ 174.474177497318237, -39.774092892686554 ], [ 174.473223474162324, -39.772886760421663 ], [ 174.473211015653021, -39.772867808989638 ], [ 174.473116896039159, -39.772721357451253 ], [ 174.47280300155208, -39.77222158154315 ], [ 174.472770732095682, -39.772169781834506 ], [ 174.47276656496112, -39.772163037609843 ], [ 174.472734724654714, -39.772111080015975 ], [ 174.472365335251794, -39.771503286137445 ], [ 174.472352488947422, -39.771482076929928 ], [ 174.472350823575766, -39.771479318062028 ], [ 174.47233804877763, -39.771458083147984 ], [ 174.471966705997801, -39.770838705506613 ], [ 174.471823206257994, -39.770589520679522 ], [ 174.471805191157102, -39.770556916135192 ], [ 174.471671535466385, -39.77030449259928 ], [ 174.471356463970267, -39.769682712882783 ], [ 174.471197698126275, -39.76935024999085 ], [ 174.471178168313941, -39.769306733245905 ], [ 174.471167287732527, -39.769280853211903 ], [ 174.470841838817535, -39.768917552889334 ], [ 174.470761532335757, -39.768826725090797 ], [ 174.470751186312128, -39.76881486872815 ], [ 174.470672323198443, -39.768723290948479 ], [ 174.470548632551356, -39.768577737756772 ], [ 174.469879823431086, -39.768396499225716 ], [ 174.469670977196927, -39.768309540923596 ], [ 174.466768788820644, -39.766600278996407 ], [ 174.466604995947478, -39.766467769592339 ], [ 174.465765388285945, -39.765530214259691 ], [ 174.465280209842518, -39.765200655591173 ], [ 174.465157425864959, -39.765103033570561 ], [ 174.46429821330176, -39.764302816943385 ], [ 174.461826278218837, -39.763627426484923 ], [ 174.461617737075784, -39.763540055059217 ], [ 174.460275859909899, -39.762745497581015 ], [ 174.460067718002819, -39.762671614557249 ], [ 174.459870306349444, -39.762570007384944 ], [ 174.459331590452791, -39.762186353247017 ], [ 174.458721454080063, -39.761825055384421 ], [ 174.45855811435473, -39.761692222380695 ], [ 174.458419996642618, -39.761537133769686 ], [ 174.45718752952709, -39.760659364421549 ], [ 174.457040474086909, -39.760515646677455 ], [ 174.456022031653163, -39.759341411207785 ], [ 174.455940613498143, -39.759229424158214 ], [ 174.455427158802536, -39.758433474706266 ], [ 174.455367183996117, -39.758327713045951 ], [ 174.45476698369643, -39.756992771597254 ], [ 174.454744651653044, -39.756926776448793 ], [ 174.454422425740205, -39.755535801643056 ], [ 174.45440773311708, -39.755420912084148 ], [ 174.454393292395395, -39.754859429583696 ], [ 174.454276130946653, -39.754766783473613 ], [ 174.452166591380035, -39.75246760864821 ], [ 174.452061452337858, -39.752303444608366 ], [ 174.450975742840996, -39.749613620374987 ], [ 174.450941475897764, -39.74943241269618 ], [ 174.450960067267289, -39.748249600886631 ], [ 174.45056715934254, -39.747906255630419 ], [ 174.45054750132087, -39.747889033023618 ], [ 174.450544949478882, -39.747886791573244 ], [ 174.450525348393029, -39.747869530328082 ], [ 174.450000397338812, -39.747406049555693 ], [ 174.449988582416466, -39.74739560180582 ], [ 174.449987047835606, -39.747394242688706 ], [ 174.449975253821748, -39.747383780944403 ], [ 174.449473677253195, -39.746938166814381 ], [ 174.448984212172434, -39.746508978967114 ], [ 174.448450935378418, -39.746042888080225 ], [ 174.448428673179023, -39.746023373728931 ], [ 174.448425783845323, -39.746020833643058 ], [ 174.448403594756826, -39.746001269750124 ], [ 174.44790339717747, -39.745558959783637 ], [ 174.447393116211629, -39.745112495417857 ], [ 174.447059032478222, -39.744820238203111 ], [ 174.446956980365485, -39.744741862530731 ], [ 174.446561726510708, -39.744473704889266 ], [ 174.446048264783371, -39.744103605250515 ], [ 174.445983451523972, -39.7440539848673 ], [ 174.445499786171837, -39.743660694130256 ], [ 174.444942168199617, -39.743179008365118 ], [ 174.444519170127762, -39.742840071902251 ], [ 174.444477839699346, -39.742806784591181 ], [ 174.444472481133033, -39.742802446648597 ], [ 174.444431372079691, -39.742768996381599 ], [ 174.443891416905558, -39.742327373856469 ], [ 174.442947718621241, -39.741450360992189 ], [ 174.442834861845853, -39.741330822098419 ], [ 174.442060317422516, -39.740390645808155 ], [ 174.441313296154249, -39.740405055173895 ], [ 174.441199101787277, -39.740400328440899 ], [ 174.439384738367892, -39.740214188945437 ], [ 174.439263889249872, -39.740194238397301 ], [ 174.43750960193853, -39.739791242350293 ], [ 174.437402891517479, -39.739759500746516 ], [ 174.437025992545756, -39.739620266815322 ], [ 174.436653720025078, -39.739596344871202 ], [ 174.43590629269903, -39.739554530525425 ], [ 174.434807559263476, -39.739452416437373 ], [ 174.434665860496267, -39.739433945358968 ], [ 174.432890601970968, -39.739090082743715 ], [ 174.432801314120866, -39.739066904314278 ], [ 174.43111761563523, -39.738512849005957 ], [ 174.430990250171874, -39.738461473190974 ], [ 174.430034834011906, -39.738030347162777 ], [ 174.429403956301087, -39.73771373902359 ], [ 174.429345027894129, -39.737683969516205 ], [ 174.429337382406999, -39.737680081658148 ], [ 174.429278687935494, -39.737650037964784 ], [ 174.428702084495313, -39.737352952907358 ], [ 174.428240480651851, -39.737118826282334 ], [ 174.426794407148975, -39.736252702671365 ], [ 174.42661898470098, -39.736129446258929 ], [ 174.424337698827429, -39.733930564161703 ], [ 174.424220204903548, -39.73377148587106 ], [ 174.422930776317457, -39.731135928244775 ], [ 174.422882706948343, -39.730956602685083 ], [ 174.42271124331981, -39.728142388735328 ], [ 174.422737295142127, -39.727960370681686 ], [ 174.422918095328129, -39.727450282678653 ], [ 174.422328742877738, -39.72663272707269 ], [ 174.422247235496229, -39.726460755868402 ], [ 174.422076313886151, -39.725788128766972 ], [ 174.422033743773909, -39.725776441985516 ], [ 174.418829584980102, -39.724428990570708 ], [ 174.418641627027853, -39.724317323605042 ], [ 174.416133676742049, -39.722271188011661 ], [ 174.415999615005859, -39.722120132869968 ], [ 174.414433355121361, -39.719575657053866 ], [ 174.414366308763761, -39.719400003283411 ], [ 174.414096067919814, -39.717798292131626 ], [ 174.413578929062339, -39.718036941128844 ], [ 174.413553283992258, -39.718046755467952 ], [ 174.411855142378499, -39.718572884497945 ], [ 174.411655835651487, -39.718621000119434 ], [ 174.409872005504155, -39.718935471174298 ], [ 174.409843687957931, -39.718938684220738 ], [ 174.408018111545289, -39.719033754162929 ], [ 174.407809305438661, -39.719031945074455 ], [ 174.405986952658395, -39.718905269807699 ], [ 174.405958735648312, -39.7189015669572 ], [ 174.405742030080916, -39.718871500649165 ], [ 174.40548363945976, -39.71883370214951 ], [ 174.403718163691167, -39.71846258901418 ], [ 174.403494952761378, -39.718400776008018 ], [ 174.400295919741296, -39.717046612184177 ], [ 174.400108377337858, -39.716934551832793 ], [ 174.397607929708073, -39.714883173510472 ], [ 174.39747441575048, -39.714731838590112 ], [ 174.39591730018293, -39.712184102862317 ], [ 174.395850880165426, -39.712008310296717 ], [ 174.395389423076637, -39.709213646238204 ], [ 174.395396590573853, -39.709030605489602 ], [ 174.396075823639194, -39.706262583425875 ], [ 174.396155867757727, -39.706090211279047 ], [ 174.397909172989102, -39.703619760342022 ], [ 174.39805425150243, -39.703474927283963 ], [ 174.399268284318822, -39.702592153416056 ], [ 174.398278130837014, -39.701813762126982 ], [ 174.397440889828317, -39.70117600176355 ], [ 174.397375998499939, -39.701126181183035 ], [ 174.397367595666168, -39.701119679033376 ], [ 174.397303212628771, -39.701069466542471 ], [ 174.396333001435124, -39.700306820854635 ], [ 174.39551313560915, -39.699681603199707 ], [ 174.395468679137196, -39.699647518202021 ], [ 174.395462915251954, -39.699643075189059 ], [ 174.395418696566423, -39.699608806141377 ], [ 174.394650798679805, -39.699010478461361 ], [ 174.394642149359754, -39.699003732015896 ], [ 174.393678279850974, -39.698249883266996 ], [ 174.392837973140189, -39.697608309271835 ], [ 174.392788022778916, -39.697569940455161 ], [ 174.392781548805459, -39.697564937396976 ], [ 174.392731899575494, -39.69752633608794 ], [ 174.391780985767156, -39.696782525474873 ], [ 174.390803459417384, -39.696023854107523 ], [ 174.389918037106327, -39.695337327014144 ], [ 174.389915297270136, -39.695335201906808 ], [ 174.389039091111925, -39.69465500009143 ], [ 174.388058074066691, -39.693893915517833 ], [ 174.388085401549972, -39.693872893409576 ], [ 174.387544723542021, -39.69346344387997 ], [ 174.387520522934636, -39.693482004556387 ], [ 174.386961085102115, -39.693046659678863 ], [ 174.386104410913589, -39.692390211837079 ], [ 174.386043387581907, -39.692343103112606 ], [ 174.386035483998683, -39.692336956379904 ], [ 174.385974913742416, -39.692289499986238 ], [ 174.384361895531157, -39.691016285967493 ], [ 174.384322503279549, -39.690985715437577 ], [ 174.383899868138002, -39.690849833361177 ], [ 174.383697971803031, -39.690753892046111 ], [ 174.380929066044899, -39.688920617169195 ], [ 174.380775436497629, -39.68878116758728 ], [ 174.379679482736236, -39.687394130476825 ], [ 174.37904856685455, -39.686906025474038 ], [ 174.379030399414916, -39.686891939099723 ], [ 174.379028040266633, -39.686890105856911 ], [ 174.379009913117017, -39.686875988495594 ], [ 174.377728615002553, -39.685875890459933 ], [ 174.376582631917415, -39.684996177245203 ], [ 174.376560723062198, -39.6849793139179 ], [ 174.376557878681069, -39.684977118769176 ], [ 174.376536027826546, -39.684960210577586 ], [ 174.375542819956451, -39.684189611482452 ], [ 174.375521785705416, -39.684173249539427 ], [ 174.375519054783013, -39.684171119784395 ], [ 174.375498074843023, -39.684154716265269 ], [ 174.374349756946543, -39.683254564765768 ], [ 174.373462530863634, -39.682562539652537 ], [ 174.372500505583105, -39.681829627347668 ], [ 174.372428597662292, -39.681774365006838 ], [ 174.372419290275218, -39.681767149606443 ], [ 174.372348007625931, -39.681711405787702 ], [ 174.371241899982664, -39.680838838910155 ], [ 174.370547759778447, -39.68030157849055 ], [ 174.369999817096385, -39.679886574293789 ], [ 174.369945364272098, -39.67984506042626 ], [ 174.369938308409843, -39.679839645728201 ], [ 174.36989879313461, -39.679809121809058 ], [ 174.369709811864368, -39.679743648511298 ], [ 174.369511392818339, -39.679643510477334 ], [ 174.36680834838873, -39.677752872896086 ], [ 174.366659698020442, -39.677610254692667 ], [ 174.366092926388717, -39.676847014803215 ], [ 174.366002054237356, -39.676775941186001 ], [ 174.36508065428572, -39.676062182890128 ], [ 174.365069841927379, -39.676053795999188 ], [ 174.365068437249562, -39.676052704990113 ], [ 174.365057639179383, -39.676044307126155 ], [ 174.363796462942247, -39.675062155618882 ], [ 174.362559819444726, -39.674110928111254 ], [ 174.36251889580447, -39.674079292181396 ], [ 174.362513588985593, -39.674075169323501 ], [ 174.362472869258085, -39.67404337667022 ], [ 174.361796349346008, -39.673512534768633 ], [ 174.360843844920566, -39.672769753807287 ], [ 174.360843721106278, -39.672769657251628 ], [ 174.359870495692945, -39.67201065308813 ], [ 174.358877078089733, -39.671239846084703 ], [ 174.358864424427082, -39.671230012631618 ], [ 174.358862780729169, -39.671228733306968 ], [ 174.358850146731697, -39.671218884842482 ], [ 174.357895854440244, -39.670473835722248 ], [ 174.357186916150908, -39.669929547415883 ], [ 174.356150459840222, -39.669137244601252 ], [ 174.356109827627165, -39.669106030286287 ], [ 174.356104558383265, -39.669101962412959 ], [ 174.356064125305721, -39.669070594061502 ], [ 174.354497204324133, -39.667848938137816 ], [ 174.353422507573868, -39.667017678391325 ], [ 174.353408859218462, -39.66700710390662 ], [ 174.353407086410044, -39.667005728088071 ], [ 174.353393460790159, -39.666995136133437 ], [ 174.352502871011694, -39.666301671452985 ], [ 174.351629781248562, -39.665621866486276 ], [ 174.351626476781462, -39.665619292503344 ], [ 174.350829583721918, -39.664997914491117 ], [ 174.349804625933388, -39.664210227279028 ], [ 174.349796336205287, -39.664203850143743 ], [ 174.34908447927674, -39.663654824925544 ], [ 174.349060671515929, -39.663636409452451 ], [ 174.349057580990774, -39.663634011986886 ], [ 174.349033842210872, -39.663615543374235 ], [ 174.347639185440016, -39.662527342898358 ], [ 174.34704969703634, -39.662100641346356 ], [ 174.346846865535781, -39.661950228927239 ], [ 174.346820806519588, -39.661930432297929 ], [ 174.346622730078053, -39.661776281198051 ], [ 174.342577746183537, -39.658551192447163 ], [ 174.34228345877699, -39.658337212425828 ], [ 174.342133102741769, -39.658225911867909 ], [ 174.342113725310355, -39.658211308948211 ], [ 174.341965967016165, -39.658097949206763 ], [ 174.341367793538694, -39.657630751503007 ], [ 174.34056520902385, -39.657017689494047 ], [ 174.339999793235705, -39.656554091501576 ], [ 174.339929138435735, -39.656491890262465 ], [ 174.33940755720252, -39.655998546328753 ], [ 174.338563398654742, -39.655139768740462 ], [ 174.338128296967398, -39.654703350028164 ], [ 174.33783177065169, -39.654409172485948 ], [ 174.337806083969753, -39.654383594394076 ], [ 174.337802752447487, -39.654380264611355 ], [ 174.337777184940876, -39.654354615276851 ], [ 174.335780127719943, -39.652343624388969 ], [ 174.335731769025671, -39.652294579693837 ], [ 174.335725510716969, -39.652288187316884 ], [ 174.335677587738701, -39.652238887751309 ], [ 174.335082714393138, -39.651622536083977 ], [ 174.33411814069575, -39.650648058432068 ], [ 174.333070831444871, -39.649602899876633 ], [ 174.33304819151644, -39.64958023163441 ], [ 174.333045254396296, -39.64957728115202 ], [ 174.333022707860266, -39.649554557357582 ], [ 174.331790119320686, -39.648308150457275 ], [ 174.331771043506166, -39.648288806250548 ], [ 174.331768568049625, -39.648286288919124 ], [ 174.331749559917313, -39.648266904950191 ], [ 174.331265047829532, -39.647771419603799 ], [ 174.330185780270057, -39.646672503836768 ], [ 174.32980791941705, -39.646294820233358 ], [ 174.329275820478927, -39.645804241476945 ], [ 174.329266790889278, -39.645795906180517 ], [ 174.329265617891707, -39.645794822046589 ], [ 174.329256601364762, -39.645786478359703 ], [ 174.329130150989613, -39.645669320131354 ], [ 174.3256739603992, -39.645704752235929 ], [ 174.325439536207568, -39.645678502961488 ], [ 174.321959176085869, -39.644843424568279 ], [ 174.321746725191588, -39.644762450622842 ], [ 174.319208537722176, -39.643375930228338 ], [ 174.319169989425149, -39.643410804399984 ], [ 174.319168598806243, -39.643409885667189 ], [ 174.318834594521633, -39.643171649337873 ], [ 174.318770642576908, -39.643136712886147 ], [ 174.318610049128267, -39.643015782988691 ], [ 174.318612900651033, -39.643013519624979 ], [ 174.31851768488562, -39.642945603819989 ], [ 174.318509992872066, -39.642939683141016 ], [ 174.317400017318334, -39.641951004229377 ], [ 174.31737741062804, -39.641927630861986 ], [ 174.31658273680361, -39.640989363764184 ], [ 174.31648934041678, -39.640862494045564 ], [ 174.31584993317361, -39.63985180179327 ], [ 174.315825320374159, -39.639805820545412 ], [ 174.315747240073875, -39.639685504100122 ], [ 174.31544718903146, -39.639227067773099 ], [ 174.315380008557383, -39.639122754460388 ], [ 174.315371388964792, -39.639109150603936 ], [ 174.315305960320188, -39.6390041738183 ], [ 174.315169655417492, -39.638781810904334 ], [ 174.315030767580083, -39.638580658376156 ], [ 174.314985954460695, -39.638518462914149 ], [ 174.314830582309867, -39.638333357703132 ], [ 174.314487852212693, -39.637931383599437 ], [ 174.31415171234201, -39.637538148846112 ], [ 174.313821712865916, -39.637152501112773 ], [ 174.31351174726089, -39.636798722069571 ], [ 174.313472016941915, -39.636753075870715 ], [ 174.313466875499728, -39.636747129718522 ], [ 174.313427506707853, -39.636701296652966 ], [ 174.313085627834397, -39.636300628201752 ], [ 174.312821262183348, -39.636001198548065 ], [ 174.312798326578843, -39.635975122806904 ], [ 174.312795352637551, -39.635971728933782 ], [ 174.312772535299246, -39.635945591242333 ], [ 174.312381392885328, -39.635495830218936 ], [ 174.312307206368644, -39.635409455099001 ], [ 174.312297646066554, -39.635398183770022 ], [ 174.312224751011456, -39.63531115382952 ], [ 174.311894781098573, -39.634912181128669 ], [ 174.311849809614102, -39.634860595212878 ], [ 174.311521628383957, -39.63496701191346 ], [ 174.311521018059892, -39.634967167429956 ], [ 174.309741003875843, -39.635303361205565 ], [ 174.309629307956413, -39.635317370923921 ], [ 174.309517627419893, -39.635331453844145 ], [ 174.307691564978143, -39.635448773611941 ], [ 174.307690922368579, -39.635448775669154 ], [ 174.30586366773781, -39.635343151715624 ], [ 174.305751840401427, -39.635329784366064 ], [ 174.305639998453927, -39.635316490314359 ], [ 174.30385644915367, -39.634991706270561 ], [ 174.303855837186944, -39.634991554667934 ], [ 174.302160277012661, -39.634454458612495 ], [ 174.302059268854606, -39.634415023331385 ], [ 174.301958217564163, -39.634375654285478 ], [ 174.300391830373144, -39.633640573103463 ], [ 174.300391308972763, -39.633640282687217 ], [ 174.300381428787404, -39.633634775567565 ], [ 174.298987595720149, -39.6327210375905 ], [ 174.298819531656761, -39.632592023078971 ], [ 174.296667397436352, -39.630318848528269 ], [ 174.296559127991344, -39.630155989201569 ], [ 174.295995629411237, -39.628831153814296 ], [ 174.292798586647592, -39.628200795201366 ], [ 174.292581101392727, -39.628128347606605 ], [ 174.290503033219267, -39.627112237848522 ], [ 174.290483075566897, -39.627135768969922 ], [ 174.290472492825586, -39.627130401733417 ], [ 174.290190865239595, -39.626959591882212 ], [ 174.289501920002266, -39.626622701630652 ], [ 174.289324040614702, -39.626501825670168 ], [ 174.288964133203791, -39.626215549660657 ], [ 174.288923665911767, -39.626191004801406 ], [ 174.288910185702065, -39.62618129851888 ], [ 174.288726824749403, -39.626026788934361 ], [ 174.288050389828612, -39.625488728606392 ], [ 174.287909190644626, -39.625357168340777 ], [ 174.287922240488967, -39.625348792666777 ], [ 174.287674785211834, -39.625140266691965 ], [ 174.287540084376047, -39.625007140878509 ], [ 174.286530525778261, -39.623829467319318 ], [ 174.286521584760152, -39.623817014657689 ], [ 174.285961870713351, -39.622869022536676 ], [ 174.284952178775853, -39.622766067748117 ], [ 174.284725156103207, -39.622714023997737 ], [ 174.281437526413612, -39.621500629417184 ], [ 174.281242420138682, -39.621396874470577 ], [ 174.279279403017256, -39.619955497250146 ], [ 174.277258106600527, -39.620794691624404 ], [ 174.277034535458881, -39.620854997241445 ], [ 174.273449631412888, -39.621355174700888 ], [ 174.273212904340312, -39.621359091439281 ], [ 174.271294965707511, -39.621156568780449 ], [ 174.270427769324556, -39.621649397045317 ], [ 174.270411497475919, -39.621656182874929 ], [ 174.270083312379001, -39.621787886557165 ], [ 174.269887971492381, -39.621863257925817 ], [ 174.26644256626787, -39.622707750491486 ], [ 174.266208477926881, -39.622735308130004 ], [ 174.262565700125606, -39.622718309337536 ], [ 174.262332059371801, -39.62268856912911 ], [ 174.258874442810935, -39.621801758110948 ], [ 174.258664128697205, -39.621717632677033 ], [ 174.255730238573534, -39.620047852911952 ], [ 174.255563843140578, -39.619917580122596 ], [ 174.253564227824711, -39.617813053970067 ], [ 174.253553234006517, -39.617797043019614 ], [ 174.253416699368614, -39.617591895945118 ], [ 174.253321503847559, -39.617444242310071 ], [ 174.252354315932394, -39.615304805409082 ], [ 174.252349284100944, -39.615286560987414 ], [ 174.252213961165069, -39.614702045310267 ], [ 174.252183398403844, -39.614539256637684 ], [ 174.252085220619136, -39.612683939786557 ], [ 174.252086750661363, -39.612664996062918 ], [ 174.252240175570819, -39.611669402621082 ], [ 174.250680161953341, -39.612338802270685 ], [ 174.250509419562349, -39.612399041883805 ], [ 174.248793023234782, -39.612882739293596 ], [ 174.248745265550525, -39.61289299620222 ], [ 174.246952155481239, -39.613163034929897 ], [ 174.246765699754775, -39.613179510728564 ], [ 174.244940044756277, -39.61322923736882 ], [ 174.244890526500711, -39.613227576077051 ], [ 174.243077298775432, -39.613055768481843 ], [ 174.242893388547174, -39.613026867313252 ], [ 174.241137254259883, -39.612637756193607 ], [ 174.241090824555613, -39.612624339451955 ], [ 174.239435039204835, -39.612027512225524 ], [ 174.23927168353967, -39.611956064472508 ], [ 174.237757031455061, -39.611166221127235 ], [ 174.237718236576541, -39.611142362799058 ], [ 174.23638201708556, -39.61017896008223 ], [ 174.236255209885087, -39.610071962095219 ], [ 174.235130328341825, -39.608958728186387 ], [ 174.23510296615504, -39.6089267644317 ], [ 174.234217112993548, -39.607691118285295 ], [ 174.234139266060339, -39.607559046557249 ], [ 174.23351424571041, -39.606231419066845 ], [ 174.233500993776687, -39.606194479379489 ], [ 174.233386595626882, -39.605739627892049 ], [ 174.230935374180604, -39.60380761269154 ], [ 174.230798040133891, -39.603658467357384 ], [ 174.229813756839746, -39.602128764833665 ], [ 174.226681980853073, -39.602893461684523 ], [ 174.226447878542899, -39.602920581144424 ], [ 174.222806276892271, -39.602896772472931 ], [ 174.222572801122709, -39.602866596062171 ], [ 174.219119022212908, -39.601973338654894 ], [ 174.218909035860008, -39.60188882171299 ], [ 174.215981268627559, -39.600213590296526 ], [ 174.215815331600453, -39.600083009026434 ], [ 174.213700201514939, -39.597789840064273 ], [ 174.213594556305566, -39.597625980216506 ], [ 174.213026428641996, -39.596538608340595 ], [ 174.212632034521363, -39.596617388040109 ], [ 174.212601793640033, -39.596621503665673 ], [ 174.210876231724257, -39.596749494893615 ], [ 174.20941524206134, -39.59712394559714 ], [ 174.209336807389263, -39.597138882695646 ], [ 174.207534628289778, -39.597367909517033 ], [ 174.207378611626694, -39.597378104258823 ], [ 174.205552307236076, -39.597386177020233 ], [ 174.205471745096958, -39.597381629426842 ], [ 174.203666303474733, -39.59716855109366 ], [ 174.203513852934236, -39.597140943967595 ], [ 174.201773747893839, -39.596711962825324 ], [ 174.201698947385495, -39.596688375976719 ], [ 174.20014414797788, -39.596084033025036 ], [ 174.199980191201689, -39.596105994251388 ], [ 174.19974352917734, -39.596108622694075 ], [ 174.196139249299705, -39.595707860795905 ], [ 174.19611696946825, -39.595702531783665 ], [ 174.194335493956004, -39.595843824635999 ], [ 174.194099166126335, -39.595833771482454 ], [ 174.190539425004289, -39.595240932421063 ], [ 174.190318685422682, -39.595174865666536 ], [ 174.187170093470172, -39.593759922322263 ], [ 174.186986556241067, -39.59364431167446 ], [ 174.185332597885264, -39.592215522293422 ], [ 174.185043503511935, -39.592294893065052 ], [ 174.184571527837704, -39.592429070801508 ], [ 174.182813257628055, -39.592810807419106 ], [ 174.182581071423783, -39.592846293420337 ], [ 174.178942564651663, -39.592953119787367 ], [ 174.178707570158736, -39.59293135024749 ], [ 174.175204543131429, -39.592162944518549 ], [ 174.174989752162304, -39.592086051551007 ], [ 174.171999227286818, -39.590535297568152 ], [ 174.171841714650498, -39.590592934230841 ], [ 174.168347242536782, -39.59138407046462 ], [ 174.16811249911828, -39.591407365847765 ], [ 174.16447306855224, -39.591324182943886 ], [ 174.164240512650139, -39.591290207017543 ], [ 174.160812516993673, -39.590340855724946 ], [ 174.160604921281163, -39.590252935893467 ], [ 174.157724021584443, -39.588530383530149 ], [ 174.157561711612857, -39.588397129169614 ], [ 174.155509939672157, -39.586070044731407 ], [ 174.155408802493241, -39.585904503231937 ], [ 174.154431906014622, -39.583319701420066 ], [ 174.154411285666527, -39.583322182906414 ], [ 174.154400629150445, -39.583269162946728 ], [ 174.154396361314639, -39.583225649066712 ], [ 174.154386942447843, -39.583200726418681 ], [ 174.154367396900028, -39.583082674411358 ], [ 174.15438219452929, -39.583081207483559 ], [ 174.154262454835333, -39.581860349773763 ], [ 174.154264954426736, -39.581167750091581 ], [ 174.154263158921765, -39.58051946885228 ], [ 174.154131886386182, -39.58081885353328 ], [ 174.154022357579152, -39.580981163536464 ], [ 174.151853157197763, -39.583243495351844 ], [ 174.151684161378512, -39.583371666948736 ], [ 174.148717512571551, -39.585004504570158 ], [ 174.148505592843833, -39.585085987889052 ], [ 174.145031944343373, -39.585929448418526 ], [ 174.144797850830429, -39.585956264676035 ], [ 174.141157347125699, -39.585927757615899 ], [ 174.140924003532717, -39.585897281140745 ], [ 174.137473143461506, -39.584999603139941 ], [ 174.137263399703329, -39.584914818663314 ], [ 174.134340085978408, -39.583235877401187 ], [ 174.134174478176504, -39.583105087324114 ], [ 174.132319005875217, -39.581085830019184 ], [ 174.129579261223199, -39.5823748244417 ], [ 174.129472351898642, -39.582408751284092 ], [ 174.126923856470512, -39.583840869886693 ], [ 174.126712988701087, -39.583923961177625 ], [ 174.123250326657711, -39.584793807785701 ], [ 174.123016591824239, -39.584822404019356 ], [ 174.119376001844955, -39.584821604750267 ], [ 174.119142288496676, -39.584792905952767 ], [ 174.115680278012917, -39.583921544200741 ], [ 174.115469472323582, -39.583838361030118 ], [ 174.112525037252738, -39.582181767693825 ], [ 174.112357779443755, -39.582052245770441 ], [ 174.110272380140259, -39.579829344220983 ], [ 174.10957865489965, -39.580562660835994 ], [ 174.109410737098329, -39.580691667246889 ], [ 174.106457887798314, -39.582339185711298 ], [ 174.106246661883119, -39.582421719225728 ], [ 174.102780298675981, -39.583282414644401 ], [ 174.102546446767178, -39.583310393650784 ], [ 174.098906000069633, -39.583299987913172 ], [ 174.098672422193346, -39.583270672882193 ], [ 174.095214385354154, -39.582390190135143 ], [ 174.095003954398976, -39.582306452070569 ], [ 174.092066933724482, -39.580642116344251 ], [ 174.091900253174288, -39.580512155196956 ], [ 174.089771780912855, -39.578226936338325 ], [ 174.089665166110393, -39.578063477158253 ], [ 174.089245706682021, -39.57705134233732 ], [ 174.088590297044647, -39.577968037369992 ], [ 174.088444770738846, -39.578112410398738 ], [ 174.085784384544468, -39.580035125163974 ], [ 174.08558831883056, -39.580137627076773 ], [ 174.08229020715558, -39.581329971424722 ], [ 174.082062798179919, -39.581380565453792 ], [ 174.078449898851034, -39.581725786304183 ], [ 174.078213415078693, -39.581719518356998 ], [ 174.074639522350907, -39.581183814986602 ], [ 174.07441712168125, -39.581121299197477 ], [ 174.071232201455302, -39.579757134988832 ], [ 174.071045660841207, -39.579644493379959 ], [ 174.068561544497612, -39.577585450781406 ], [ 174.068511760426873, -39.577528403679956 ], [ 174.068314417588226, -39.577528571328628 ], [ 174.06826324131373, -39.577528527650678 ], [ 174.068256588448236, -39.577528510648108 ], [ 174.06820541294627, -39.577528292748006 ], [ 174.067400226362054, -39.577523490936841 ], [ 174.066608173701297, -39.577526317717933 ], [ 174.0665386360578, -39.577526404821853 ], [ 174.066529596201008, -39.577526395236873 ], [ 174.066460059125177, -39.577526160671667 ], [ 174.065597225858141, -39.577521251223843 ], [ 174.064730080048491, -39.577518390585283 ], [ 174.064064265880745, -39.577517836695947 ], [ 174.063326952934972, -39.577520563593659 ], [ 174.063269228432119, -39.577520666069375 ], [ 174.063261724249458, -39.577520664983155 ], [ 174.063203999788954, -39.577520545796354 ], [ 174.062484571320937, -39.57751767682187 ], [ 174.062209041574619, -39.577514051385542 ], [ 174.062173234949597, -39.577513251858996 ], [ 174.06035808159848, -39.577361813913313 ], [ 174.060160390736314, -39.577333034586765 ], [ 174.058398217907978, -39.576963694849887 ], [ 174.058364483898941, -39.576954370844547 ], [ 174.056698695797024, -39.576376230163021 ], [ 174.056522179636062, -39.576301579633473 ], [ 174.054993807617535, -39.575528877415366 ], [ 174.054965449388334, -39.575511942010912 ], [ 174.053612130574379, -39.574563713182357 ], [ 174.053474071684377, -39.574450501462472 ], [ 174.052329133481123, -39.573350100329712 ], [ 174.052308927223407, -39.573327211815005 ], [ 174.051400553858855, -39.572101741569888 ], [ 174.051314465570954, -39.571961053607872 ], [ 174.050893759172936, -39.571105743885795 ], [ 174.050808128248377, -39.570974932720837 ], [ 174.050690409671944, -39.570692320181962 ], [ 174.050665016899899, -39.570640694559891 ], [ 174.050654939969462, -39.570614093904176 ], [ 174.050635678297425, -39.570560923226637 ], [ 174.049691426265184, -39.568293923415702 ], [ 174.049654960259659, -39.568113015189915 ], [ 174.049655183745529, -39.568038456150092 ], [ 174.049089082161913, -39.566872590189412 ], [ 174.049041527991449, -39.566693231130728 ], [ 174.048937598881508, -39.564919382551992 ] ], [ [ 174.549931790310723, -39.004177828054075 ], [ 174.549624591980063, -39.003610836771948 ], [ 174.549449719798559, -39.003268732879647 ], [ 174.549428161235682, -39.003223915329848 ], [ 174.549271363136256, -39.002876518480463 ], [ 174.549021468492185, -39.002284484348401 ], [ 174.548800832427787, -39.001781504384098 ], [ 174.548612025143058, -39.001309098461455 ], [ 174.548589660249917, -39.001247206071653 ], [ 174.548434392029407, -39.000767421426758 ], [ 174.548255959814469, -39.000144422042617 ], [ 174.548081910411611, -38.999575412936657 ], [ 174.547881527774393, -38.998934133046795 ], [ 174.547851070512877, -38.998834186993463 ], [ 174.547847206167376, -38.998821176807674 ], [ 174.547818211957463, -38.998720966156853 ], [ 174.547651609561086, -38.998129460733743 ], [ 174.547528095485603, -38.997718169901106 ], [ 174.547493740348671, -38.997600208893154 ], [ 174.547489406363013, -38.997584851248511 ], [ 174.547457084794303, -38.997466540800914 ], [ 174.547304666530522, -38.996889648527883 ], [ 174.547252403572912, -38.996679201148574 ], [ 174.547246027565762, -38.996651783772087 ], [ 174.547200198085818, -38.996440425361627 ], [ 174.547076875804692, -38.995827413218137 ], [ 174.54706435349388, -38.995763678310873 ], [ 174.547062763623188, -38.995755388331553 ], [ 174.547050826384378, -38.995691585095415 ], [ 174.546892366671301, -38.994822883769857 ], [ 174.546814053329598, -38.994414805929573 ], [ 174.546803621787092, -38.994359267543864 ], [ 174.546802294532, -38.994352044326 ], [ 174.54679230676453, -38.994296456283081 ], [ 174.546671230108473, -38.993606966031599 ], [ 174.546535981877952, -38.992923418275659 ], [ 174.546533641664013, -38.992911538116871 ], [ 174.546533338756859, -38.992909993537786 ], [ 174.546531018860406, -38.992898110941148 ], [ 174.546314337185436, -38.991783248149808 ], [ 174.546303634340347, -38.99172698157404 ], [ 174.546302272584512, -38.99171966356311 ], [ 174.546292025339312, -38.991663345355086 ], [ 174.546217837928168, -38.991246152608944 ], [ 174.546207504291914, -38.991216334721891 ], [ 174.54598966623584, -38.990591942853257 ], [ 174.545696638066573, -38.989752032754623 ], [ 174.545672341757012, -38.989681256542291 ], [ 174.545669231249775, -38.989672045759633 ], [ 174.545645673601115, -38.989601117623273 ], [ 174.545536187162355, -38.989265861574857 ], [ 174.544941072052268, -38.987652021162596 ], [ 174.544940461230226, -38.987650364102535 ], [ 174.544311015802521, -38.985941170382034 ], [ 174.544118720215153, -38.985342416972124 ], [ 174.544097167056975, -38.985264002211117 ], [ 174.543957875129905, -38.984656374747047 ], [ 174.543820696523852, -38.983911536757994 ], [ 174.543816091776421, -38.983886280209589 ], [ 174.543815499118693, -38.983882996203569 ], [ 174.543810986055092, -38.983857729582795 ], [ 174.543563197031233, -38.982455930839585 ], [ 174.54347849543791, -38.982006685180565 ], [ 174.543470519026101, -38.981963658409718 ], [ 174.543469499395883, -38.981958063008754 ], [ 174.543461789188257, -38.981915006688261 ], [ 174.543257177579477, -38.980751901392381 ], [ 174.543256600006544, -38.980748613724295 ], [ 174.54309297656286, -38.979813961178408 ], [ 174.543046471364534, -38.979509841286827 ], [ 174.543041288590956, -38.979470236904639 ], [ 174.543008058750615, -38.979165058611613 ], [ 174.542926858534344, -38.978231427007316 ], [ 174.542916700868233, -38.977142308275987 ], [ 174.542926332821168, -38.977001178261695 ], [ 174.543084671655123, -38.975919065803069 ], [ 174.543257362671, -38.975153194058123 ], [ 174.542900456761259, -38.974595423675332 ], [ 174.542886797600062, -38.974570424061845 ], [ 174.542762807394524, -38.974334273335941 ], [ 174.542747134098818, -38.974303173381841 ], [ 174.542647946557253, -38.97409913604001 ], [ 174.542635939556845, -38.974073504542062 ], [ 174.542223038468279, -38.972983052923041 ], [ 174.542181017064877, -38.972839219275627 ], [ 174.541918201187542, -38.97144092646996 ], [ 174.541915108249952, -38.971405019817524 ], [ 174.541935743692193, -38.96999184814355 ], [ 174.541952717285852, -38.969844917698296 ], [ 174.542062772317252, -38.969339804590959 ], [ 174.542044217124072, -38.969335295190618 ], [ 174.541489384139282, -38.969188290015609 ], [ 174.540454072253112, -38.968890877566274 ], [ 174.540431142365435, -38.968884268863704 ], [ 174.540428162653114, -38.96888340726894 ], [ 174.540405250812626, -38.968876760667797 ], [ 174.539512267458463, -38.968616865822653 ], [ 174.538714743007489, -38.968357803255103 ], [ 174.538612824521607, -38.968321144014105 ], [ 174.537842372670724, -38.968016218464349 ], [ 174.537309573355287, -38.967785378574263 ], [ 174.536813624008431, -38.967574380187671 ], [ 174.536789343865365, -38.967564020774624 ], [ 174.536786189521251, -38.967562671097816 ], [ 174.536761941293378, -38.967552266252291 ], [ 174.536053017649039, -38.967247200846863 ], [ 174.536029989873015, -38.967237264629496 ], [ 174.536026998150362, -38.96723597025634 ], [ 174.536003999423997, -38.967225993040515 ], [ 174.535450085924651, -38.966985048521423 ], [ 174.535127321585435, -38.966855735567243 ], [ 174.534865780121663, -38.966785098533386 ], [ 174.534199902552643, -38.966587077081215 ], [ 174.534114439180371, -38.966559272574159 ], [ 174.533898865533416, -38.966482955356867 ], [ 174.533546963119107, -38.966421612758502 ], [ 174.533328807355133, -38.966354226185373 ], [ 174.530592315137568, -38.965091390619449 ], [ 174.530417791369899, -38.965026849087046 ], [ 174.53022409158396, -38.964923511344423 ], [ 174.530206403636953, -38.964910477023913 ], [ 174.530040897155175, -38.964803625480819 ], [ 174.529427257025219, -38.96433954483917 ], [ 174.529351960641776, -38.96447724427864 ], [ 174.529227229938925, -38.964632370305729 ], [ 174.526853636395089, -38.966755156621481 ], [ 174.526673598756616, -38.966872594627034 ], [ 174.523575784555874, -38.968318780407841 ], [ 174.523358065286118, -38.968387031377205 ], [ 174.522989536752249, -38.968452807214149 ], [ 174.522819213839512, -38.968511973251928 ], [ 174.522393092622508, -38.968652078868104 ], [ 174.522383743784985, -38.968654981889671 ], [ 174.522280060653031, -38.968739555439555 ], [ 174.522255563937762, -38.968756907836422 ], [ 174.521923479378842, -38.968983261499631 ], [ 174.521904924353635, -38.968995428975333 ], [ 174.521761224533265, -38.969088124620669 ], [ 174.519937721751063, -38.970245139386662 ], [ 174.519890969668552, -38.970274645170306 ], [ 174.519884879133826, -38.97027846853284 ], [ 174.519837930681888, -38.970307783711156 ], [ 174.519407730149652, -38.970574972193404 ], [ 174.519327225998467, -38.970624516882822 ], [ 174.519316724000987, -38.970630921265219 ], [ 174.517971731780847, -38.971325763066318 ], [ 174.516709202107876, -38.972025001896498 ], [ 174.516439866147692, -38.972245518526883 ], [ 174.515873161031465, -38.972678658967176 ], [ 174.515797098027292, -38.972732924954769 ], [ 174.51519360314586, -38.97313464566885 ], [ 174.514720298552874, -38.973428377913919 ], [ 174.514504503487501, -38.973543193795571 ], [ 174.514245221853514, -38.973767705261452 ], [ 174.514062787658872, -38.973882882713646 ], [ 174.510935491961504, -38.975290249559187 ], [ 174.510716383884244, -38.975355776762008 ], [ 174.507184930466082, -38.975939797826491 ], [ 174.506950603275925, -38.975949258418972 ], [ 174.505411154919813, -38.975822116943966 ], [ 174.502400479242169, -38.975862098050278 ], [ 174.498261386437377, -38.976026227518574 ], [ 174.497954171821249, -38.976035202568447 ], [ 174.497914221096153, -38.976035953767941 ], [ 174.497606809202011, -38.97603853563367 ], [ 174.496546964540386, -38.976036408413506 ], [ 174.495376762346837, -38.975987594667949 ], [ 174.495225440940317, -38.975975241801017 ], [ 174.494067623075836, -38.975834011622474 ], [ 174.493308330692315, -38.975710265749051 ], [ 174.49226516276434, -38.975500137730194 ], [ 174.492131479123401, -38.975467943203341 ], [ 174.490448685138745, -38.974946628299961 ], [ 174.490363016897021, -38.974913799868013 ], [ 174.48880544843783, -38.974193394803024 ], [ 174.488691058224873, -38.974130526526181 ], [ 174.487840096443591, -38.973614817957198 ], [ 174.48741228920855, -38.973329590521516 ], [ 174.485641890371056, -38.973416147785542 ], [ 174.485624711179099, -38.973415933222221 ], [ 174.485492575664352, -38.973413691793333 ], [ 174.484647028791443, -38.973395562286953 ], [ 174.483448125015201, -38.973320892424972 ], [ 174.483293338531325, -38.973304878047749 ], [ 174.482110913469143, -38.973133173108792 ], [ 174.479759995557885, -38.972691678320153 ], [ 174.47976202564243, -38.972842171859902 ], [ 174.479234899508839, -38.975629697615055 ], [ 174.479164744728621, -38.975804471807585 ], [ 174.477559801854312, -38.978328394192232 ], [ 174.477423881858755, -38.978477689794069 ], [ 174.474898147062135, -38.980490904866208 ], [ 174.474709764047446, -38.980600104405845 ], [ 174.473175947639305, -38.981351072556102 ], [ 174.472249533936179, -38.981729066234294 ], [ 174.472202210541099, -38.981748266168111 ], [ 174.472196051138809, -38.981750751047706 ], [ 174.470527298427498, -38.982299141033778 ], [ 174.470311053161197, -38.982355065337501 ], [ 174.468552913767752, -38.982692921656927 ], [ 174.468546071900192, -38.982693799103473 ], [ 174.466741855040425, -38.98281280319614 ], [ 174.466514050867403, -38.98281382681462 ], [ 174.464708199542088, -38.982711044451257 ], [ 174.464701345194669, -38.982710228549692 ], [ 174.464648638048004, -38.982703857262443 ], [ 174.463836024416253, -38.982604123115472 ], [ 174.463850284673128, -38.982533344198735 ], [ 174.461170108983993, -38.98205080882623 ], [ 174.461058312613261, -38.982015571912463 ], [ 174.460445131833268, -38.981833223370579 ], [ 174.459542273566143, -38.981529747481098 ], [ 174.459424248245227, -38.981485332008958 ], [ 174.458432438447915, -38.98106421981845 ], [ 174.458419080109479, -38.981057867922658 ], [ 174.45831665015055, -38.981008588946246 ], [ 174.458125349441644, -38.980915476099085 ], [ 174.457816671528292, -38.98115920524495 ], [ 174.45777922971223, -38.981188632936977 ], [ 174.457774351013626, -38.981192449768542 ], [ 174.45773673592754, -38.981221742561949 ], [ 174.457108046112808, -38.981709080542068 ], [ 174.456994005017691, -38.981876859172239 ], [ 174.456852959463191, -38.982023231350666 ], [ 174.454713868094558, -38.983638449402392 ], [ 174.455046111646112, -38.985596595410009 ], [ 174.455040147405867, -38.985779686355187 ], [ 174.454384903216777, -38.988550584591273 ], [ 174.454306732930178, -38.988723275272818 ], [ 174.452817905004395, -38.990867051887783 ], [ 174.45285151303483, -38.990859234406372 ], [ 174.454622136582998, -38.99056305727013 ], [ 174.454710419653708, -38.990553866524543 ], [ 174.456518607476852, -38.99047747021195 ], [ 174.456664864218908, -38.990480260794754 ], [ 174.458466110509221, -38.990625525407772 ], [ 174.458553712843411, -38.990638072080998 ], [ 174.46030368200374, -38.991001423575213 ], [ 174.460441678760418, -38.991039344697576 ], [ 174.462097296465885, -38.991611839296134 ], [ 174.462175646080311, -38.991644895807163 ], [ 174.463696156119141, -38.992412443009769 ], [ 174.463812389031744, -38.9924817841909 ], [ 174.465160359064328, -38.993425490381412 ], [ 174.465221788303069, -38.993475822094531 ], [ 174.466364026906234, -38.994572457474405 ], [ 174.466447119529704, -38.994666433255745 ], [ 174.467041023726779, -38.995413701685095 ], [ 174.467390439798834, -38.995905416512471 ], [ 174.468141733816566, -38.997191281183454 ], [ 174.468222047233354, -38.99736337566133 ], [ 174.468452990709551, -38.998289609417661 ], [ 174.471898906649756, -38.998662380565712 ], [ 174.472123492155418, -38.998715597133135 ], [ 174.473137393448724, -38.999099617138548 ], [ 174.473260010276817, -38.999120428878442 ], [ 174.473425749802715, -38.999159405289483 ], [ 174.475113451064885, -38.999672085390429 ], [ 174.475169442580125, -38.99969317841343 ], [ 174.475595837588457, -38.999862398045963 ], [ 174.476305551186385, -39.000158653066947 ], [ 174.476375235733656, -39.000187981374303 ], [ 174.476384277863616, -39.000191818251913 ], [ 174.476684455066106, -39.000344146481581 ], [ 174.476712887868217, -39.00034058856852 ], [ 174.476762150330956, -39.000336090990899 ], [ 174.479577731478457, -39.000398345102333 ], [ 174.479583707253028, -39.00035710053421 ], [ 174.479584342213116, -39.000357156548993 ], [ 174.480041297082579, -39.000408588278702 ], [ 174.480092032160599, -39.000409709234241 ], [ 174.480275367603923, -39.000434726316328 ], [ 174.480275322435915, -39.000434927861022 ], [ 174.480285168306352, -39.000436036004281 ], [ 174.480332407651048, -39.00044251263926 ], [ 174.483388601703524, -39.001260915842977 ], [ 174.483995258683279, -39.00107493215009 ], [ 174.484486260958818, -39.000944859694677 ], [ 174.485238041099279, -39.000496130050045 ], [ 174.485444483335243, -39.000408977896114 ], [ 174.48885017204077, -38.999472315885171 ], [ 174.489081019803308, -38.999439200764222 ], [ 174.489311396994566, -38.999434754408071 ], [ 174.489576472271693, -38.999391233145914 ], [ 174.490057435770723, -38.999238474580423 ], [ 174.490138216323629, -38.99921490665497 ], [ 174.490766286211652, -38.999047559753592 ], [ 174.491954368465883, -38.998760473935306 ], [ 174.492426873752123, -38.998654844080349 ], [ 174.492488646123348, -38.998642138675294 ], [ 174.492966485117137, -38.998552300740819 ], [ 174.493853112699128, -38.998401112237232 ], [ 174.49385793515745, -38.998400290718997 ], [ 174.49550128278932, -38.998121062102733 ], [ 174.496188034310137, -38.998021249116327 ], [ 174.49627773312767, -38.998010392363049 ], [ 174.498083654669898, -38.997904002925928 ], [ 174.498228282251944, -38.997904361435531 ], [ 174.500033302892177, -38.998019702036771 ], [ 174.500122911675788, -38.998031003295402 ], [ 174.501882603123335, -38.998365236380621 ], [ 174.502020013193601, -38.998400447876357 ], [ 174.503691062055253, -38.998945346444174 ], [ 174.503771812533785, -38.998977700000616 ], [ 174.504383316199437, -38.999241247132112 ], [ 174.506242516760892, -39.000100795826008 ], [ 174.507104705169581, -39.000541105141266 ], [ 174.507213295882252, -39.000602131077066 ], [ 174.508595392221082, -39.00151546907987 ], [ 174.508667542743893, -39.001571299593138 ], [ 174.509849554455741, -39.002642086379943 ], [ 174.509928668316803, -39.002726307931795 ], [ 174.510500142487075, -39.003395382535039 ], [ 174.511027623542134, -39.004077028842566 ], [ 174.511042311867527, -39.004096062886376 ], [ 174.511044217435682, -39.004098539145865 ], [ 174.511058845543431, -39.004117601401752 ], [ 174.511382928524313, -39.004541103459552 ], [ 174.511830454955827, -39.005061746454857 ], [ 174.511931343599372, -39.005181155744253 ], [ 174.511944300354799, -39.005196759220134 ], [ 174.512017816873282, -39.005286852676271 ], [ 174.51338108729081, -39.005529512714837 ], [ 174.514173756740547, -39.005652601445611 ], [ 174.514709122075118, -39.005652337313649 ], [ 174.514730637687535, -39.005652342292983 ], [ 174.514733434708745, -39.00565234497396 ], [ 174.514754950192099, -39.005652381240274 ], [ 174.516215877345417, -39.005655896843535 ], [ 174.518217570057601, -39.005641621595927 ], [ 174.518623184845524, -39.005644285912531 ], [ 174.518675890700564, -39.005645354849861 ], [ 174.519081135288133, -39.005659135726347 ], [ 174.520256678808721, -39.005715265158564 ], [ 174.521940110958752, -39.005893348369661 ], [ 174.522155595393258, -39.005928903477233 ], [ 174.52389283447701, -39.006328867240278 ], [ 174.523906526702234, -39.006332955192832 ], [ 174.525542214030168, -39.006940013167679 ], [ 174.525733077701886, -39.007025777554368 ], [ 174.527138884849847, -39.007770020599594 ], [ 174.528009516198466, -39.008307978694923 ], [ 174.528013709525197, -39.008310581953872 ], [ 174.528363139382435, -39.0082429129749 ], [ 174.529701317440185, -39.007968102661472 ], [ 174.529751446125005, -39.007957901604705 ], [ 174.529757966634435, -39.007956586881853 ], [ 174.531541842473132, -39.007711415860939 ], [ 174.531768889766425, -39.007694386926566 ], [ 174.533579956990735, -39.007669931278357 ], [ 174.533586679079463, -39.007670252785886 ], [ 174.533638380347384, -39.007672816439808 ], [ 174.534648655100682, -39.007724683394926 ], [ 174.535261659605652, -39.007252132711251 ], [ 174.535371484279892, -39.00716858818847 ], [ 174.53538585332069, -39.007157801880453 ], [ 174.536785638123064, -39.006260881639861 ], [ 174.536962006383561, -39.006164903338096 ], [ 174.538524351182474, -39.005449853729644 ], [ 174.538542288248266, -39.005443059266078 ], [ 174.540228735534242, -39.004927483786801 ], [ 174.540434478379893, -39.004878720387985 ], [ 174.540992119778622, -39.004783080653745 ], [ 174.541365695428198, -39.004647957086668 ], [ 174.541552255017962, -39.004593905414701 ], [ 174.543294465180963, -39.004207399779631 ], [ 174.543329865565482, -39.00420184415097 ], [ 174.545128106737081, -39.004032722282616 ], [ 174.545326940667792, -39.004026291523417 ], [ 174.54713695110226, -39.004078714201107 ], [ 174.547172819308969, -39.004081964846542 ], [ 174.547448343086813, -39.00410956010338 ], [ 174.54891083481732, -39.004270005555739 ], [ 174.549182414691785, -39.004302373762165 ], [ 174.549217650923254, -39.004306908793872 ], [ 174.549978350691475, -39.004425423590462 ], [ 174.550041751382167, -39.004437042178282 ], [ 174.55006127615809, -39.004441710089409 ], [ 174.55005581246246, -39.004424659907535 ], [ 174.549931790310723, -39.004177828054075 ] ], [ [ 174.60421125483191, -39.178394929660818 ], [ 174.603976682116837, -39.178409543255313 ], [ 174.600367128379446, -39.178192144763365 ], [ 174.600138237886284, -39.178149617463902 ], [ 174.596791755950164, -39.177074603179172 ], [ 174.596590961018592, -39.1769790996862 ], [ 174.595120687818564, -39.176149832112266 ], [ 174.593993464737537, -39.175402344793149 ], [ 174.592658769740353, -39.174535204239554 ], [ 174.591950179833418, -39.174034711382554 ], [ 174.591861674681837, -39.17396679614486 ], [ 174.591208646848628, -39.173422439533816 ], [ 174.590394842903152, -39.172685155065764 ], [ 174.590376014402693, -39.172668053493865 ], [ 174.59037357027205, -39.172665827909327 ], [ 174.590354796763108, -39.172648689718805 ], [ 174.58942016452383, -39.171793293151502 ], [ 174.589026739952772, -39.171412769131777 ], [ 174.588977355365188, -39.171362258128255 ], [ 174.588611016973829, -39.170965689877463 ], [ 174.588342729423232, -39.170657986573687 ], [ 174.588336367638163, -39.170659681180169 ], [ 174.58793733020272, -39.17075972449976 ], [ 174.58663342374706, -39.171066436599219 ], [ 174.586487695470595, -39.171099903296955 ], [ 174.586468714904754, -39.171104156942995 ], [ 174.584689973011706, -39.17138738097605 ], [ 174.584475840201691, -39.171408024339485 ], [ 174.582662073207189, -39.171471134463317 ], [ 174.582642332927747, -39.171470613686424 ], [ 174.582490518437794, -39.171465831497109 ], [ 174.582292328333523, -39.171458573282308 ], [ 174.582134496959554, -39.171501535213039 ], [ 174.582085206143432, -39.17151485517585 ], [ 174.58207879335373, -39.171516575513927 ], [ 174.582029425866608, -39.171529722290842 ], [ 174.58151478243181, -39.171665764317446 ], [ 174.580538614690653, -39.171931312975822 ], [ 174.579510357331372, -39.172317339882767 ], [ 174.580172558315894, -39.17288997800258 ], [ 174.58027610388416, -39.172995047608076 ], [ 174.581264751356571, -39.174180402438573 ], [ 174.581296122929757, -39.174225390671481 ], [ 174.581527720346372, -39.174575561834637 ], [ 174.581960722627059, -39.175266988352398 ], [ 174.582185710385545, -39.175648582901147 ], [ 174.582213457889793, -39.175698693720747 ], [ 174.582404714754119, -39.176067516764327 ], [ 174.582514554243289, -39.176215023594345 ], [ 174.58252289016346, -39.176226236710704 ], [ 174.582523972486854, -39.176227695023179 ], [ 174.582532287695841, -39.17623891748346 ], [ 174.5828956223435, -39.176730097055398 ], [ 174.58357192129364, -39.177606530362731 ], [ 174.584095992138572, -39.17836576416007 ], [ 174.584157905394477, -39.178466772782876 ], [ 174.584571022737975, -39.179233095586078 ], [ 174.584918016546339, -39.179577049183443 ], [ 174.58493935227304, -39.179598263081267 ], [ 174.58494212061197, -39.179601024109566 ], [ 174.584963374714761, -39.179622287570133 ], [ 174.585511044066948, -39.180171886570271 ], [ 174.585871452688252, -39.180553907041798 ], [ 174.585916595289234, -39.180604494403575 ], [ 174.586832223165857, -39.181824915651866 ], [ 174.58690044120786, -39.181934833447158 ], [ 174.587559522366149, -39.183251704107363 ], [ 174.587582372395303, -39.18331067238622 ], [ 174.587742802087945, -39.183767875032899 ], [ 174.5878601312981, -39.184140568035907 ], [ 174.587892942184652, -39.184247615727351 ], [ 174.587897098200273, -39.184261551688444 ], [ 174.587928226012536, -39.184368903398656 ], [ 174.588050075989031, -39.184801418882699 ], [ 174.588298620555634, -39.186201364580498 ], [ 174.588312441653329, -39.186384204003417 ], [ 174.587957008838373, -39.189188371343413 ], [ 174.587897548734787, -39.189365585385033 ], [ 174.586445925192891, -39.19194701556134 ], [ 174.586318996503991, -39.192101255318342 ], [ 174.583913187436536, -39.194207217913323 ], [ 174.583731211353296, -39.194323382026425 ], [ 174.580606703406545, -39.195747677351534 ], [ 174.580387495151456, -39.195814391491318 ], [ 174.576850209463004, -39.196417555254158 ], [ 174.576615233597266, -39.19642828681036 ], [ 174.573011552398441, -39.1961512588042 ], [ 174.572783819073123, -39.196104957171144 ], [ 174.569466630437233, -39.194974869511114 ], [ 174.569268439530163, -39.194876068976725 ], [ 174.566562542765496, -39.193003584607069 ], [ 174.566413298050577, -39.19286195975517 ], [ 174.565865809482972, -39.192134416719185 ], [ 174.565842540671923, -39.192154497933167 ], [ 174.565093286044771, -39.192759986698391 ], [ 174.565046618025633, -39.192797481529254 ], [ 174.565040533077564, -39.192802342134343 ], [ 174.564993586510923, -39.192839625843234 ], [ 174.564744217293168, -39.193036522530797 ], [ 174.563870966335259, -39.193904700176958 ], [ 174.563682221746092, -39.194087395004019 ], [ 174.563657291859215, -39.194110892826025 ], [ 174.563201574275411, -39.194515207512467 ], [ 174.563167028895606, -39.194544070144701 ], [ 174.562896486959716, -39.194762606046972 ], [ 174.561975624702058, -39.195481785044819 ], [ 174.561943896920525, -39.195506467678257 ], [ 174.561939764330248, -39.195509670187569 ], [ 174.561907913800326, -39.195534256928099 ], [ 174.561486024465808, -39.195858668207634 ], [ 174.561144918890193, -39.196174835712206 ], [ 174.560554881290784, -39.196723936362901 ], [ 174.559881487608521, -39.197355846522889 ], [ 174.559861292237287, -39.197374744999976 ], [ 174.559858662535561, -39.197377199008876 ], [ 174.559838400957062, -39.197396054514854 ], [ 174.559410764807751, -39.197792909455288 ], [ 174.559118140503614, -39.198080562429254 ], [ 174.558277038858904, -39.199138245297483 ], [ 174.557684790834742, -39.199812587636274 ], [ 174.557602852464356, -39.199897357971345 ], [ 174.556934509895541, -39.200527174189247 ], [ 174.55607792100156, -39.201263624710265 ], [ 174.555700722941879, -39.201680287032985 ], [ 174.555636797355419, -39.201850850773369 ], [ 174.555623027936662, -39.201885574952101 ], [ 174.555572743334324, -39.202005731353921 ], [ 174.555586787812331, -39.202121784393817 ], [ 174.555588795019617, -39.202139871997069 ], [ 174.555602848547636, -39.202279100552339 ], [ 174.555691454622689, -39.203253664000478 ], [ 174.555704658275857, -39.204357320970246 ], [ 174.555695089804232, -39.204500339334921 ], [ 174.555458632203681, -39.205901534256625 ], [ 174.555447872909497, -39.205940984082545 ], [ 174.554932573760311, -39.207296146235883 ], [ 174.554866665323203, -39.207429863634765 ], [ 174.554278502604916, -39.208434242242411 ], [ 174.553040737775888, -39.210244739719442 ], [ 174.552718959007365, -39.211628096624651 ], [ 174.552661114915878, -39.21179892922941 ], [ 174.552061969422965, -39.213133070214553 ], [ 174.55205856706948, -39.213139083329999 ], [ 174.55119848910536, -39.214383878095873 ], [ 174.551075609775864, -39.214532441889979 ], [ 174.549975764302019, -39.215657232414898 ], [ 174.549970139545138, -39.215662133205278 ], [ 174.54865760844433, -39.216639217974731 ], [ 174.548481718846915, -39.216750967309238 ], [ 174.547044854087744, -39.217530704993052 ], [ 174.546877582566054, -39.217607535126611 ], [ 174.545912522170227, -39.21953013721825 ], [ 174.546145616158071, -39.219626059910446 ], [ 174.546208052000964, -39.219653250569245 ], [ 174.546681934189081, -39.219871293785125 ], [ 174.547766750375217, -39.220397906513945 ], [ 174.548856088866813, -39.220915251689092 ], [ 174.549737239757548, -39.221305196369542 ], [ 174.550165722256708, -39.221346127693629 ], [ 174.55097731234693, -39.221466106581012 ], [ 174.55114301305079, -39.220928312602808 ], [ 174.551187395286775, -39.22082192010734 ], [ 174.551881987952555, -39.219516064462667 ], [ 174.55192388185074, -39.219452043610787 ], [ 174.55287251001954, -39.218246777324467 ], [ 174.552956981200737, -39.218156258645827 ], [ 174.554136278023805, -39.217081252662581 ], [ 174.554201550747166, -39.217030433962805 ], [ 174.555582476903595, -39.21611215191912 ], [ 174.555698766894579, -39.216046365567671 ], [ 174.557247321954179, -39.215307411339523 ], [ 174.557329584296241, -39.215274767906052 ], [ 174.559007647418099, -39.214733331668754 ], [ 174.559144374873568, -39.214698715290133 ], [ 174.560910639177962, -39.214368123784901 ], [ 174.561001840942197, -39.214356849938383 ], [ 174.562812831988566, -39.214245241533952 ], [ 174.562956617701303, -39.214245182503461 ], [ 174.564062690582148, -39.214285917434481 ], [ 174.56416245147679, -39.214293323359236 ], [ 174.565951794065086, -39.214537527482122 ], [ 174.566179785880678, -39.214583230487946 ], [ 174.5695028326422, -39.215704495117436 ], [ 174.569701519404191, -39.21580276241442 ], [ 174.572416662833632, -39.217667898003597 ], [ 174.572566599226974, -39.217809113795475 ], [ 174.574408073768268, -39.220235601285353 ], [ 174.574494580894253, -39.220405945770629 ], [ 174.575244661092455, -39.223025698136972 ], [ 174.575321652617561, -39.223170091108521 ], [ 174.575715406552234, -39.223906866377796 ], [ 174.575728678313624, -39.223931805009514 ], [ 174.575730397394096, -39.223935049036086 ], [ 174.575743573024852, -39.223960018505508 ], [ 174.576140290793916, -39.224715058748302 ], [ 174.576472058256655, -39.225336157756153 ], [ 174.57657560189304, -39.225517806401953 ], [ 174.57677706932563, -39.225799340509994 ], [ 174.576841630626774, -39.225890801839746 ], [ 174.576849934776135, -39.225902729225432 ], [ 174.576913129617452, -39.22599476613771 ], [ 174.577085403325015, -39.226249200060636 ], [ 174.577351974263138, -39.226626379818555 ], [ 174.577737192269723, -39.227143298967889 ], [ 174.577811006937083, -39.227243832802912 ], [ 174.577820494462287, -39.22725694962822 ], [ 174.577892641719188, -39.227358213106669 ], [ 174.578389883204864, -39.228066820645587 ], [ 174.578788536612223, -39.228622548661932 ], [ 174.579278116975814, -39.229297580724833 ], [ 174.579312627012257, -39.229345503438338 ], [ 174.57931708885215, -39.22935174397238 ], [ 174.57935122250629, -39.22939982947495 ], [ 174.579722586245083, -39.229926771615204 ], [ 174.580164995225061, -39.229741688036029 ], [ 174.580807195115852, -39.229468482488066 ], [ 174.58090365256632, -39.229424715041205 ], [ 174.581264196425821, -39.22897197364518 ], [ 174.58141798500094, -39.228833270135979 ], [ 174.583875300766778, -39.227216551455527 ], [ 174.583927546558726, -39.22704108235294 ], [ 174.583953037997958, -39.226966693158282 ], [ 174.584173338533503, -39.226399487936057 ], [ 174.584632885422792, -39.22534312471349 ], [ 174.585314963109255, -39.224094136727786 ], [ 174.58541880997015, -39.223937870455153 ], [ 174.586377158854475, -39.222737212791202 ], [ 174.586382744749613, -39.222731305240004 ], [ 174.587570733904641, -39.221662027235993 ], [ 174.587731571532402, -39.221538366034487 ], [ 174.589061159055063, -39.22065982390793 ], [ 174.589637368778256, -39.220333857500123 ], [ 174.589790597745179, -39.220248647292188 ], [ 174.589810632000223, -39.220237696714364 ], [ 174.590843277998403, -39.2197627352596 ], [ 174.591721111794669, -39.218279435410238 ], [ 174.591810956058197, -39.218131185355524 ], [ 174.591822860245003, -39.218111997103513 ], [ 174.592738405902196, -39.216891327040877 ], [ 174.592857201996935, -39.216758170809811 ], [ 174.594006915755955, -39.215663927427912 ], [ 174.594025858806958, -39.215648539417266 ], [ 174.594172958924844, -39.215531201446055 ], [ 174.594607072728081, -39.215191162353683 ], [ 174.596196563444977, -39.213752518138165 ], [ 174.596760628042176, -39.212429117503504 ], [ 174.59686877091147, -39.212266426884824 ], [ 174.599015257608471, -39.209996757950059 ], [ 174.599182722092877, -39.209868023622199 ], [ 174.59925218437445, -39.209829252736327 ], [ 174.599649619572489, -39.209240570692124 ], [ 174.599837830420256, -39.208972902133922 ], [ 174.599863048195118, -39.208938437553087 ], [ 174.600062803085336, -39.208675881769466 ], [ 174.601060545668986, -39.207413699171212 ], [ 174.601084629941965, -39.207383365671504 ], [ 174.601087770915768, -39.207379427153903 ], [ 174.601112009316921, -39.207349168075154 ], [ 174.601779334332235, -39.206519732882164 ], [ 174.602357496827381, -39.205866871367846 ], [ 174.602437308383003, -39.20578473486691 ], [ 174.603643037258678, -39.204727722665822 ], [ 174.603717804607641, -39.204671720250005 ], [ 174.60512118107556, -39.20377445231648 ], [ 174.605229704355196, -39.203715521385753 ], [ 174.606090162626998, -39.203290818246124 ], [ 174.606791918141653, -39.20297725800161 ], [ 174.607508219375632, -39.202189151680386 ], [ 174.608001524688802, -39.201684987786507 ], [ 174.608068535907762, -39.201621281562566 ], [ 174.60932565935974, -39.20060120610399 ], [ 174.609422952860513, -39.200533751207338 ], [ 174.610869652263688, -39.199679228201553 ], [ 174.610958681131365, -39.199634749442559 ], [ 174.611658993089094, -39.199311359023902 ], [ 174.612472776260915, -39.198965082717358 ], [ 174.61267975546906, -39.198818496161515 ], [ 174.614114737546515, -39.197952126302219 ], [ 174.614311456150801, -39.197851543506367 ], [ 174.615610222665708, -39.197395038095074 ], [ 174.61445539971524, -39.196395606329219 ], [ 174.614327344490107, -39.196241924950257 ], [ 174.613461889013848, -39.194999433800284 ], [ 174.612913217458072, -39.194038583964115 ], [ 174.612412340815325, -39.192990434511096 ], [ 174.612358328804135, -39.19285156058227 ], [ 174.61205936961062, -39.191865804372121 ], [ 174.612000934802495, -39.191810134511769 ], [ 174.611943231367604, -39.191754714823212 ], [ 174.611935766706495, -39.191747487259455 ], [ 174.611878629200987, -39.191691713659644 ], [ 174.610865613349972, -39.190694786602904 ], [ 174.610858481548235, -39.190687760861188 ], [ 174.609843656123729, -39.189506229711021 ], [ 174.609791477040744, -39.189433672602853 ], [ 174.609739134094212, -39.189361187033725 ], [ 174.608972891539509, -39.188071180061975 ], [ 174.608972432711028, -39.188070213900595 ], [ 174.608453497198155, -39.186974510306655 ], [ 174.607806905402612, -39.186258174554212 ], [ 174.607703416609809, -39.186093675151234 ], [ 174.606639637114, -39.183400237347527 ], [ 174.60660653575701, -39.183218901041919 ], [ 174.60666430655067, -39.180401457658533 ], [ 174.606704823990583, -39.180221035614899 ], [ 174.607811528202973, -39.177707167768645 ], [ 174.607730416304463, -39.177733419445751 ], [ 174.60421125483191, -39.178394929660818 ] ], [ [ 174.213292346172466, -39.470532721713013 ], [ 174.213279574586579, -39.470476579430091 ], [ 174.213229416576951, -39.470237296133284 ], [ 174.213223437465132, -39.470206126915429 ], [ 174.213181609108432, -39.469965883786159 ], [ 174.213080285354721, -39.469318251626341 ], [ 174.212981268538357, -39.468703730768944 ], [ 174.212867502982107, -39.467998550372592 ], [ 174.212771927672975, -39.467428081330368 ], [ 174.21276587542016, -39.467391365653526 ], [ 174.212765101288113, -39.467386591382443 ], [ 174.212759243816976, -39.467349856735083 ], [ 174.212631923570598, -39.466537660236042 ], [ 174.212630722078131, -39.466529968374928 ], [ 174.212506770156665, -39.465729080412281 ], [ 174.212453447653218, -39.46529649139682 ], [ 174.212448270047418, -39.465240157952458 ], [ 174.212421936898608, -39.46480607859673 ], [ 174.212407631221993, -39.464320973392589 ], [ 174.21240529130236, -39.464213608521597 ], [ 174.212405094491089, -39.4641996501786 ], [ 174.212404406542362, -39.46409227131106 ], [ 174.212405426597883, -39.463298825836148 ], [ 174.212402174453928, -39.462519422943103 ], [ 174.21240240266809, -39.462426784733232 ], [ 174.212402512255181, -39.462414742202817 ], [ 174.212403969994597, -39.462322110714076 ], [ 174.212419293934516, -39.461637219374737 ], [ 174.212420273590538, -39.461598288631194 ], [ 174.212420415062127, -39.461593227871631 ], [ 174.212421611892182, -39.461554300775717 ], [ 174.212444148257475, -39.460882293808275 ], [ 174.212506115736545, -39.460158578096475 ], [ 174.212519042662478, -39.460064898955586 ], [ 174.212655950160183, -39.459347397018817 ], [ 174.2129327070258, -39.458214354344705 ], [ 174.213332988894138, -39.457025876806412 ], [ 174.213347352004149, -39.456992683506016 ], [ 174.213320535100337, -39.456763053561772 ], [ 174.213314972210611, -39.456690113930698 ], [ 174.213294792097116, -39.456128003493937 ], [ 174.213297417411809, -39.455530662136162 ], [ 174.21329814923206, -39.455455710036667 ], [ 174.21329829668025, -39.455445966739418 ], [ 174.213299833292922, -39.455371021958257 ], [ 174.213308688765181, -39.455028763915323 ], [ 174.213295046276215, -39.454711881785926 ], [ 174.213290163019849, -39.454560060494757 ], [ 174.213289742934904, -39.454540320980215 ], [ 174.213288163338518, -39.454388457432053 ], [ 174.213288527891507, -39.453623800627774 ], [ 174.213288558286422, -39.45360625995837 ], [ 174.213288565102715, -39.453603979676544 ], [ 174.213288639573705, -39.453586439087168 ], [ 174.213291621537962, -39.453044439384257 ], [ 174.213292199352196, -39.452382035036045 ], [ 174.213292256334398, -39.452359267451406 ], [ 174.213292268568779, -39.452356307677412 ], [ 174.213292399807756, -39.452333540277415 ], [ 174.213295857934668, -39.451865903189528 ], [ 174.213179374735745, -39.451359833164496 ], [ 174.213146232418183, -39.451208383568662 ], [ 174.2131421408574, -39.451188668061889 ], [ 174.212994708934303, -39.44978036354857 ], [ 174.21299419390229, -39.44961699851244 ], [ 174.213132738240745, -39.448208151578392 ], [ 174.213136705186145, -39.448188420782152 ], [ 174.213168889986093, -39.448036847230171 ], [ 174.213288942544722, -39.447500064313758 ], [ 174.213474233422176, -39.44682596767619 ], [ 174.213502608359221, -39.446739177675873 ], [ 174.213753854362096, -39.446078043386436 ], [ 174.213828464840986, -39.445906255692073 ], [ 174.21248789876222, -39.444782849498417 ], [ 174.212356602326224, -39.44463063875024 ], [ 174.21083405029853, -39.442072756443018 ], [ 174.210769850689275, -39.441896536874353 ], [ 174.210413604111039, -39.440510865358817 ], [ 174.210329054978587, -39.439958922395832 ], [ 174.210255690815444, -39.43922460445318 ], [ 174.210251200342071, -39.43912900059135 ], [ 174.210275512571798, -39.438681851858284 ], [ 174.208236164242862, -39.438754373612106 ], [ 174.208244349128137, -39.439375670423466 ], [ 174.208233154110843, -39.439502521067944 ], [ 174.208036336892064, -39.440534151284375 ], [ 174.208221324956611, -39.440963025748381 ], [ 174.208260272628365, -39.44114363351828 ], [ 174.20829150672779, -39.443960685377476 ], [ 174.20825656781534, -39.444141785564767 ], [ 174.207878944900983, -39.445069955559234 ], [ 174.208400169095398, -39.445677016566378 ], [ 174.208478033485818, -39.44577845788055 ], [ 174.209026119942592, -39.446582250282333 ], [ 174.209299997724173, -39.44703823113889 ], [ 174.209897542949562, -39.448256530892905 ], [ 174.209960071803266, -39.448418427669694 ], [ 174.210324504789696, -39.449690848432439 ], [ 174.210412946163956, -39.450156927840517 ], [ 174.210505842782226, -39.450812349942389 ], [ 174.210513881942461, -39.450897783162375 ], [ 174.21054466408907, -39.451556718303927 ], [ 174.210544299578743, -39.452226745726072 ], [ 174.210543925651024, -39.452295298129101 ], [ 174.210543833281918, -39.452304209668839 ], [ 174.21054278614622, -39.452372757876965 ], [ 174.210533982650475, -39.452808845445759 ], [ 174.210723512850279, -39.453119344597539 ], [ 174.210789903256341, -39.453295077575731 ], [ 174.211253188563859, -39.456089244720111 ], [ 174.211246282104725, -39.456272281467676 ], [ 174.210573060054884, -39.459040673506784 ], [ 174.210527599891208, -39.4591392244362 ], [ 174.210525294053326, -39.459375438323548 ], [ 174.210528852953956, -39.459951936815038 ], [ 174.210539046416386, -39.460523194087408 ], [ 174.210539760919147, -39.460573329100754 ], [ 174.210539830394879, -39.460579846802389 ], [ 174.210540184749561, -39.460629984121809 ], [ 174.210542280335943, -39.461232908828784 ], [ 174.21054230816506, -39.46124297849984 ], [ 174.210542567518445, -39.461521243602604 ], [ 174.210768891055011, -39.462376831509665 ], [ 174.210779556555138, -39.462559759604254 ], [ 174.210566263892304, -39.464030832466477 ], [ 174.210705881066701, -39.464385488837792 ], [ 174.210724828350521, -39.464437965804279 ], [ 174.210858448803123, -39.464844265767347 ], [ 174.211037443358379, -39.465446807780985 ], [ 174.211042532244846, -39.465464015274719 ], [ 174.2110431909704, -39.465466252749266 ], [ 174.21130956686747, -39.466881803853425 ], [ 174.21131569481679, -39.46695441886326 ], [ 174.211322190088282, -39.467027014689769 ], [ 174.211303212066895, -39.468457468106067 ], [ 174.21130294651681, -39.468459753849395 ], [ 174.21130088158489, -39.468477334938214 ], [ 174.211263761255793, -39.468789985189652 ], [ 174.211088129924605, -39.469726509873439 ], [ 174.211057117063177, -39.469846993129657 ], [ 174.210755625771867, -39.470764056669928 ], [ 174.210532374051667, -39.471319334307331 ], [ 174.20999015649258, -39.472412075564726 ], [ 174.209963834234657, -39.472456301153294 ], [ 174.210973342250469, -39.472562401817235 ], [ 174.211199618631099, -39.472615090123789 ], [ 174.211675186268138, -39.472792650100665 ], [ 174.212243194962952, -39.471950390152905 ], [ 174.212384044308692, -39.471803371993325 ], [ 174.213342945955674, -39.47107543869479 ], [ 174.213295767222178, -39.470599075014114 ], [ 174.213292346172466, -39.470532721713013 ] ], [ [ 174.171024194159969, -39.342506767429256 ], [ 174.170137875990406, -39.342119241681047 ], [ 174.169697940581614, -39.341916836746648 ], [ 174.169641523957381, -39.341889557851324 ], [ 174.168177139934556, -39.341050879364182 ], [ 174.168048706826568, -39.340964456083839 ], [ 174.166771353041753, -39.339958207423741 ], [ 174.166728556513362, -39.339918725504674 ], [ 174.165669682516437, -39.33876969156406 ], [ 174.165581935083082, -39.338656678561591 ], [ 174.164767609077643, -39.337393158274374 ], [ 174.16474262130734, -39.337345339058864 ], [ 174.164560855596505, -39.336974206920921 ], [ 174.164494242223952, -39.336828609830796 ], [ 174.164210101623439, -39.336224762020933 ], [ 174.164207916395355, -39.33622011408508 ], [ 174.163813708967353, -39.33537980660978 ], [ 174.163804075296667, -39.335359192769481 ], [ 174.16380282712376, -39.335356511789527 ], [ 174.163793258134206, -39.335335879784651 ], [ 174.163276616239131, -39.334217644266971 ], [ 174.163272056370602, -39.334207756451789 ], [ 174.163271464553929, -39.334206470769082 ], [ 174.163266919550807, -39.334196578850381 ], [ 174.162878128118706, -39.333348826256177 ], [ 174.162860975024813, -39.333311159589357 ], [ 174.162858759123651, -39.333306259104866 ], [ 174.16284182143076, -39.333268533702544 ], [ 174.162612051407024, -39.332753086205081 ], [ 174.162153609531117, -39.331385753752208 ], [ 174.162112282707653, -39.331205474504159 ], [ 174.162042989400533, -39.328388851390997 ], [ 174.162075417324814, -39.328207477647638 ], [ 174.163130164397444, -39.325512071750417 ], [ 174.16323316410768, -39.325347356358613 ], [ 174.165308593468524, -39.323036978794967 ], [ 174.165472077314519, -39.322905042275281 ], [ 174.168364989540606, -39.321205796929902 ], [ 174.168572954663233, -39.321119550622193 ], [ 174.172000215558569, -39.320197721369169 ], [ 174.172232310329349, -39.320165604926792 ], [ 174.175858549175331, -39.3201113977277 ], [ 174.17609206327532, -39.320136554029546 ], [ 174.178654454868678, -39.320741076682879 ], [ 174.178673540005548, -39.320647715605176 ], [ 174.178678653362169, -39.320622925134032 ], [ 174.178679323881397, -39.320619703098906 ], [ 174.178684526205274, -39.320594923798687 ], [ 174.178755515447563, -39.320259733900016 ], [ 174.178759738161801, -39.320230210737478 ], [ 174.178930106257496, -39.319397001393547 ], [ 174.178958730822842, -39.319289726888577 ], [ 174.179228739484699, -39.318472558990798 ], [ 174.179340126801122, -39.318190959760614 ], [ 174.179513835560499, -39.317786215326649 ], [ 174.179538009212081, -39.317734043501218 ], [ 174.180286379008066, -39.316446225683002 ], [ 174.180365838128864, -39.316333924657656 ], [ 174.181364312368714, -39.315152889658748 ], [ 174.181408055318968, -39.315109072970081 ], [ 174.181873874530027, -39.314711310078394 ], [ 174.180459891405917, -39.312222618942087 ], [ 174.180399620640259, -39.312045589534101 ], [ 174.18003226042444, -39.309242909710548 ], [ 174.180045360675479, -39.30906007654476 ], [ 174.180810796948151, -39.30630637775549 ], [ 174.1808959768303, -39.306135637096851 ], [ 174.182719159274626, -39.303700443906365 ], [ 174.182868074320112, -39.3035585064274 ], [ 174.184124155237441, -39.302536713018078 ], [ 174.184499977325743, -39.302275488115818 ], [ 174.185129806485065, -39.30186791954214 ], [ 174.185213991444613, -39.30181724977988 ], [ 174.186734591976347, -39.301042231896531 ], [ 174.18684847782913, -39.300993656897447 ], [ 174.188506373075171, -39.300412971103576 ], [ 174.188606587577567, -39.300384990088453 ], [ 174.188674625019814, -39.30036807878885 ], [ 174.188965406003433, -39.300245398258667 ], [ 174.189084444208845, -39.29913073106983 ], [ 174.189074024674142, -39.299130232290729 ], [ 174.185534503671391, -39.29851920103615 ], [ 174.185315266913676, -39.298452005617648 ], [ 174.182192125325884, -39.297020953943282 ], [ 174.182010353054352, -39.296904403655859 ], [ 174.180702935708638, -39.295922350983318 ], [ 174.180263978375166, -39.295536417206939 ], [ 174.180209012447619, -39.295487738795906 ], [ 174.180201896261167, -39.295481390717129 ], [ 174.180147382397109, -39.295432406377941 ], [ 174.179789726687062, -39.295108681061841 ], [ 174.17940195744626, -39.294770279747333 ], [ 174.179371610232522, -39.294743690462958 ], [ 174.179367673891136, -39.294740227819823 ], [ 174.179337462006686, -39.294713545671456 ], [ 174.178882769845728, -39.294310371555319 ], [ 174.178515181370017, -39.293967657804025 ], [ 174.178468844453789, -39.293922212698185 ], [ 174.177454952989393, -39.292749297420585 ], [ 174.177375616391942, -39.292639837957587 ], [ 174.176610371921328, -39.291358113666433 ], [ 174.17658437827032, -39.291303766220395 ], [ 174.176397760385669, -39.290881858495112 ], [ 174.176133875596179, -39.290233423304265 ], [ 174.175868178365107, -39.289590058006112 ], [ 174.175864270663538, -39.289580577953949 ], [ 174.175592364973284, -39.288917726359976 ], [ 174.175177790245925, -39.287542001925765 ], [ 174.175142229426655, -39.287360982788663 ], [ 174.175150774014554, -39.286172845395399 ], [ 174.174990469363195, -39.286099263326165 ], [ 174.174831923990496, -39.286012770985117 ], [ 174.173430381391825, -39.28511271129269 ], [ 174.173399952270785, -39.285089819604408 ], [ 174.172196883335886, -39.28403044427391 ], [ 174.172080499067022, -39.283910109083592 ], [ 174.171262156320012, -39.282939527092573 ], [ 174.171101900223391, -39.28271975584272 ], [ 174.170514128868547, -39.281793571920716 ], [ 174.170446840598771, -39.281670164073027 ], [ 174.169999406065529, -39.280697766321062 ], [ 174.169792311393849, -39.280150541043504 ], [ 174.169599634610478, -39.279664961096493 ], [ 174.169595904086265, -39.279655541139611 ], [ 174.169595419980993, -39.279654316340142 ], [ 174.169591702732248, -39.279644893228237 ], [ 174.169419717941793, -39.279208061413797 ], [ 174.169395164192309, -39.279144868864435 ], [ 174.169392010995438, -39.279136644849729 ], [ 174.169368054023181, -39.279073314095982 ], [ 174.169206674374834, -39.278640849101009 ], [ 174.169028657396751, -39.278167265325415 ], [ 174.16865455639396, -39.277189056276832 ], [ 174.168606445386331, -39.277059719684267 ], [ 174.168600353043473, -39.277042870525335 ], [ 174.168554735695295, -39.276912989289109 ], [ 174.16832283013531, -39.276232724496992 ], [ 174.1681285876044, -39.275698769091207 ], [ 174.168093145042462, -39.275599159907529 ], [ 174.168088633278273, -39.275586190588314 ], [ 174.167753294079773, -39.274197498219337 ], [ 174.167729961157619, -39.274028634986372 ], [ 174.167678253663155, -39.27261626634975 ], [ 174.167679119126376, -39.272602848160737 ], [ 174.16768653861152, -39.272499661017171 ], [ 174.167707848710279, -39.272230972278535 ], [ 174.167961701438855, -39.270831876665994 ], [ 174.168012800749665, -39.270653120097379 ], [ 174.16934268497269, -39.268032458101196 ], [ 174.169462340945472, -39.267874722538963 ], [ 174.171768830312516, -39.26570171962819 ], [ 174.17194532614522, -39.265580442096507 ], [ 174.174485963130394, -39.26432339786529 ], [ 174.173322689185767, -39.264189703783934 ], [ 174.173097920015863, -39.264134912671842 ], [ 174.169852200517909, -39.262881790298792 ], [ 174.169660221923266, -39.262775681692069 ], [ 174.167071646301167, -39.260804137353986 ], [ 174.166931253076655, -39.260657101326785 ], [ 174.165253205464865, -39.258160177023406 ], [ 174.165178137225013, -39.25798660974921 ], [ 174.164574791949832, -39.255208762768646 ], [ 174.164572389367663, -39.255025656076072 ], [ 174.164696486165894, -39.253616011888745 ], [ 174.164816804111467, -39.252983695059555 ], [ 174.164906592004087, -39.252576560482318 ], [ 174.164919819259751, -39.252523868932833 ], [ 174.165406803968523, -39.251162602497516 ], [ 174.165464064628992, -39.251040571254904 ], [ 174.166218913236349, -39.249755289579632 ], [ 174.166252433181427, -39.249708354420548 ], [ 174.166520931111251, -39.249351914106562 ], [ 174.166993304095058, -39.248756561171938 ], [ 174.167085828985535, -39.248641884613839 ], [ 174.167098000644074, -39.248627047799012 ], [ 174.16814562046082, -39.247547336650683 ], [ 174.166911494683774, -39.248303043110987 ], [ 174.166705957346664, -39.248392437093706 ], [ 174.163306030590917, -39.249366121336685 ], [ 174.163075020404733, -39.249401747539238 ], [ 174.161270275765077, -39.249567039431312 ], [ 174.161118270446906, -39.249571615844296 ], [ 174.161021353275089, -39.249574217685428 ], [ 174.161008752442342, -39.249574514897184 ], [ 174.160911810649765, -39.249576485544473 ], [ 174.159886316616081, -39.249593986600019 ], [ 174.158072006770084, -39.249514042868427 ], [ 174.157838644539197, -39.249489368035405 ], [ 174.154369078678513, -39.248677692747769 ], [ 174.154156951788281, -39.248598149297074 ], [ 174.151179921521845, -39.246992481477498 ], [ 174.15100979977089, -39.246865858629917 ], [ 174.148816760026307, -39.244623424019842 ], [ 174.148705296083904, -39.244462120021076 ], [ 174.147510873461783, -39.241802473819739 ], [ 174.147468972802955, -39.241622280968777 ], [ 174.147389973044284, -39.238805797108384 ], [ 174.147421728507908, -39.238624354850913 ], [ 174.148465745799712, -39.235926727624346 ], [ 174.148568040273346, -39.235761795532589 ], [ 174.150632766918392, -39.233447053788488 ], [ 174.150795581772087, -39.233314773612911 ], [ 174.153678865533891, -39.23160944865527 ], [ 174.153886263348681, -39.231522765385201 ], [ 174.154315563291675, -39.231406142780891 ], [ 174.15451417170442, -39.230709463066873 ], [ 174.154600467046123, -39.230539089970755 ], [ 174.15643888672713, -39.228111742847531 ], [ 174.156588642786602, -39.227970445235371 ], [ 174.159301364541165, -39.226103682120893 ], [ 174.159499920836822, -39.226005287684018 ], [ 174.162821427947108, -39.224881788053629 ], [ 174.163049352643299, -39.224835925290876 ], [ 174.164635102765686, -39.224717051554968 ], [ 174.164795452360352, -39.224653596176111 ], [ 174.16540296599814, -39.224406636418763 ], [ 174.166076286472105, -39.224126452404178 ], [ 174.16611700660971, -39.224109588708636 ], [ 174.16612230582038, -39.224107404640051 ], [ 174.166163112000589, -39.224090667280358 ], [ 174.167054795129616, -39.223726686727119 ], [ 174.167085257920689, -39.223714296612755 ], [ 174.167089221148473, -39.223712690474308 ], [ 174.167119731093038, -39.223700370766394 ], [ 174.167863017140377, -39.223401321932677 ], [ 174.168595777331518, -39.223101237230701 ], [ 174.168643239091352, -39.223081909099839 ], [ 174.168649416558338, -39.223079407560277 ], [ 174.168696992752643, -39.223060250466652 ], [ 174.169514489200509, -39.22273293491709 ], [ 174.169531326034303, -39.2227262070992 ], [ 174.169533515741676, -39.222725333874607 ], [ 174.169550366713651, -39.222718627468005 ], [ 174.170287216333463, -39.222425960864356 ], [ 174.17099256644957, -39.222136320288442 ], [ 174.171458631614797, -39.22195524547756 ], [ 174.171519870042061, -39.22193277771261 ], [ 174.173218523295844, -39.221432113560049 ], [ 174.173380101456985, -39.221395472191382 ], [ 174.173906830545519, -39.221310224151253 ], [ 174.174033525450824, -39.221174737643736 ], [ 174.175037363864703, -39.220241067492438 ], [ 174.17517778691365, -39.220127088915198 ], [ 174.176334303116278, -39.219307240993672 ], [ 174.176938910722782, -39.218933554477864 ], [ 174.176947111516313, -39.218928490450523 ], [ 174.1771222374812, -39.218820604285064 ], [ 174.177125292024613, -39.218816616652028 ], [ 174.177585631138442, -39.218217955164128 ], [ 174.177977491136375, -39.217700810576616 ], [ 174.177983496530601, -39.217692894317864 ], [ 174.177984277906518, -39.217691865514787 ], [ 174.177990293680267, -39.217683954034072 ], [ 174.178518209151036, -39.216990479878675 ], [ 174.178751121129352, -39.216697454146228 ], [ 174.178782325094943, -39.216659825202392 ], [ 174.179029474093255, -39.216373944074078 ], [ 174.179409710018206, -39.215951784142455 ], [ 174.179614929490583, -39.215701718547137 ], [ 174.179997478974514, -39.215194186881433 ], [ 174.180012934242598, -39.215173743804556 ], [ 174.180014947921904, -39.215171088267887 ], [ 174.180030472335318, -39.215150676934392 ], [ 174.18049870292424, -39.214536891347691 ], [ 174.18064295658931, -39.214347507609581 ], [ 174.180555093545479, -39.21417027898633 ], [ 174.180537995604112, -39.21413557747983 ], [ 174.180535784849127, -39.214131062734602 ], [ 174.180518871175195, -39.214096306622075 ], [ 174.180206392256338, -39.213450159834942 ], [ 174.179870419759681, -39.212766473281221 ], [ 174.179569132192597, -39.212157284503945 ], [ 174.179538806285336, -39.212095285940521 ], [ 174.179534902136595, -39.212087214939089 ], [ 174.17950516421638, -39.212025044249742 ], [ 174.179216150770458, -39.211413943762906 ], [ 174.178918497427816, -39.21080335748502 ], [ 174.178881499244852, -39.210726404070016 ], [ 174.178876748252407, -39.210716383262998 ], [ 174.178840654242777, -39.210639170416755 ], [ 174.178562703877361, -39.210036015928836 ], [ 174.176273461085941, -39.211446946499976 ], [ 174.176068363644276, -39.211536803326211 ], [ 174.172673835514473, -39.212518140677091 ], [ 174.172538623624774, -39.212539320474157 ], [ 174.172465903394141, -39.212592831367985 ], [ 174.172043058040344, -39.212872115496744 ], [ 174.171587384985372, -39.213157972110203 ], [ 174.171526977563275, -39.213193944654009 ], [ 174.171053305724911, -39.213461511717576 ], [ 174.170093279544716, -39.213975466911386 ], [ 174.170049862980591, -39.213998596873253 ], [ 174.170044210068625, -39.214001593770774 ], [ 174.170000658756209, -39.214024569924639 ], [ 174.169083350466849, -39.214506137911549 ], [ 174.168220898606336, -39.214967064680323 ], [ 174.168194833558374, -39.214980953931033 ], [ 174.168191441938319, -39.214982755933377 ], [ 174.168165328216418, -39.21499658979539 ], [ 174.167269026537241, -39.215470011087909 ], [ 174.167221437563001, -39.215495393215257 ], [ 174.166648534274373, -39.217077199390481 ], [ 174.166694530356096, -39.217091443355571 ], [ 174.166692218021495, -39.217095961680066 ], [ 174.166548757932986, -39.217352677135004 ], [ 174.166534824365073, -39.217391146860145 ], [ 174.166453400510534, -39.217528632836654 ], [ 174.166450924008785, -39.217527745345741 ], [ 174.166404341370338, -39.217611101956123 ], [ 174.166389579054311, -39.217635414470926 ], [ 174.164677125107715, -39.219609594106124 ], [ 174.164717365462678, -39.219635589209474 ], [ 174.164692373438783, -39.219658997866205 ], [ 174.164482112326226, -39.219834402967038 ], [ 174.164424984509395, -39.219900259016271 ], [ 174.164314338053146, -39.219993410027698 ], [ 174.164302073127772, -39.21998459515472 ], [ 174.163786635643532, -39.22041457781927 ], [ 174.163762516867621, -39.220432514415158 ], [ 174.161813621163333, -39.221553742442509 ], [ 174.161837792983277, -39.221583496293889 ], [ 174.161772060541125, -39.221615805488099 ], [ 174.16155492134834, -39.221702570919049 ], [ 174.161421478569054, -39.221779339277852 ], [ 174.161312317308926, -39.2218269134233 ], [ 174.161296990308244, -39.221805635312933 ], [ 174.159941690553552, -39.222347172939159 ], [ 174.15991120619401, -39.222356796351121 ], [ 174.159566589423633, -39.222460633350451 ], [ 174.159560155725757, -39.222462480569838 ], [ 174.159421079409469, -39.222494559527732 ], [ 174.159405603489176, -39.222504413726405 ], [ 174.159007552051662, -39.222861862705983 ], [ 174.158467808343204, -39.223348023425217 ], [ 174.15844669513379, -39.223366986962702 ], [ 174.158443946005718, -39.223369449243847 ], [ 174.158422764937313, -39.223388366954673 ], [ 174.157835564349057, -39.22391134218212 ], [ 174.157319516689398, -39.224372941952318 ], [ 174.157310841367661, -39.224380692934623 ], [ 174.157309712838099, -39.224381700060221 ], [ 174.15730102616638, -39.224389443317826 ], [ 174.15698033023375, -39.224674979350795 ], [ 174.156621427146803, -39.225007501227523 ], [ 174.156584475178505, -39.225041565234626 ], [ 174.156579657358634, -39.225045984280783 ], [ 174.156509766022737, -39.225109490592487 ], [ 174.156505501334891, -39.225113329452661 ], [ 174.156472613750253, -39.225142803846282 ], [ 174.155837587189922, -39.225709432907074 ], [ 174.155431387782869, -39.226077085079808 ], [ 174.155280585064645, -39.226303220082364 ], [ 174.154974292999498, -39.226733355039343 ], [ 174.15493254221235, -39.226788385551338 ], [ 174.154596514362026, -39.227204873764855 ], [ 174.154221313776475, -39.227642872177199 ], [ 174.153098508906083, -39.228753629303071 ], [ 174.152938918498933, -39.228888258132422 ], [ 174.150097241956075, -39.23063520657545 ], [ 174.149891963021446, -39.23072488441624 ], [ 174.146495154438043, -39.231703268036604 ], [ 174.146264286216592, -39.231739213777402 ], [ 174.142644958363377, -39.231853230688962 ], [ 174.142411108420674, -39.231831924670139 ], [ 174.138923685069386, -39.231070414881501 ], [ 174.138709753032401, -39.230993943822014 ], [ 174.13569572244694, -39.229431481358795 ], [ 174.135522655078489, -39.229307333658653 ], [ 174.134530978253537, -39.22833119568557 ], [ 174.134463582497489, -39.228398790441815 ], [ 174.133241106925851, -39.229443948212911 ], [ 174.133069496558619, -39.229569313327119 ], [ 174.130073839648702, -39.231152997694409 ], [ 174.129860809899554, -39.231230976263348 ], [ 174.126382436496783, -39.232017079976664 ], [ 174.126148846342687, -39.232040036427904 ], [ 174.122528364478626, -39.231951585922161 ], [ 174.122297088284881, -39.231917272573448 ], [ 174.118889033926507, -39.230962934485802 ], [ 174.118682718929989, -39.230874711772223 ], [ 174.11582079879085, -39.229147941348593 ], [ 174.115659645053853, -39.229014448266064 ], [ 174.113624031844608, -39.226684326788153 ], [ 174.113523813208133, -39.226518634047146 ], [ 174.112513709690262, -39.22381329773534 ], [ 174.112484230108095, -39.22363162697971 ], [ 174.112598391640262, -39.220815917209521 ], [ 174.11264252784909, -39.220636052180531 ], [ 174.113869641620511, -39.21798558172636 ], [ 174.113983064956756, -39.217825127260113 ], [ 174.114980409072217, -39.216644270709224 ], [ 174.115098621793493, -39.216525739575587 ], [ 174.115238004613047, -39.216378966188898 ], [ 174.115284230990852, -39.216330627763909 ], [ 174.115290267373183, -39.216324359476907 ], [ 174.115336908415628, -39.21627626271718 ], [ 174.115789977325335, -39.215812285304786 ], [ 174.116170129410705, -39.215420221106434 ], [ 174.116190403923639, -39.21539937413938 ], [ 174.11619304466123, -39.215396667015071 ], [ 174.116213396880795, -39.215375865915739 ], [ 174.116713150808891, -39.214866620014377 ], [ 174.116716520460017, -39.214863188012949 ], [ 174.117127632609197, -39.21444499516732 ], [ 174.117496539236214, -39.214054410332551 ], [ 174.117588889605116, -39.213957988221289 ], [ 174.117601002186262, -39.213945516258079 ], [ 174.11769499921877, -39.213850062010891 ], [ 174.118131517213641, -39.213412850644403 ], [ 174.118485717711309, -39.213106270882783 ], [ 174.119159404235631, -39.212255534124921 ], [ 174.119312691128926, -39.212116573250256 ], [ 174.119984881175043, -39.211672062908804 ], [ 174.120116085504463, -39.210759335453645 ], [ 174.120118816560449, -39.210748038006152 ], [ 174.120185531231584, -39.210492490706244 ], [ 174.12019116500673, -39.210472406275969 ], [ 174.120668290623541, -39.2092174763239 ], [ 174.120736896331351, -39.209075812817339 ], [ 174.121111067963199, -39.208419551889179 ], [ 174.121079347526347, -39.208108343348329 ], [ 174.121082578169222, -39.208049751481617 ], [ 174.121183987835622, -39.207185770837278 ], [ 174.1212062280525, -39.207062324736725 ], [ 174.121340077320895, -39.206554823798633 ], [ 174.121082409563542, -39.206478528622654 ], [ 174.120878245082395, -39.206387425476159 ], [ 174.118057817241521, -39.204620778253144 ], [ 174.11789984051947, -39.204485045445736 ], [ 174.115919284149072, -39.20212673447827 ], [ 174.115822957713959, -39.201959661934787 ], [ 174.115177056021111, -39.20010489095889 ], [ 174.114514885684656, -39.200076054227459 ], [ 174.114509968743278, -39.200122005295306 ], [ 174.114468652767954, -39.200119328796568 ], [ 174.113871231405398, -39.200048020222731 ], [ 174.113612200897933, -39.200036737284194 ], [ 174.113493620390301, -39.200020742687002 ], [ 174.113497482595875, -39.200003407717432 ], [ 174.112888029182216, -39.199930657667551 ], [ 174.112816045088437, -39.199918051699129 ], [ 174.110778342445258, -39.199332803614112 ], [ 174.110750946124796, -39.199383609270519 ], [ 174.110734970968053, -39.19937839392572 ], [ 174.110095154274688, -39.19913657528668 ], [ 174.109953638594931, -39.199095927898398 ], [ 174.109824588987721, -39.199042903492852 ], [ 174.109829228570305, -39.199036067203558 ], [ 174.109592512162237, -39.198946598195413 ], [ 174.109529434723839, -39.198919331996983 ], [ 174.10748539964149, -39.197701292070398 ], [ 174.107044997657653, -39.198243867717082 ], [ 174.106980767542524, -39.198428830754381 ], [ 174.106980095639585, -39.198430764779779 ], [ 174.106818909123945, -39.1988942034559 ], [ 174.106811043647213, -39.198916702265898 ], [ 174.10681001626952, -39.198919626076169 ], [ 174.106802075935946, -39.198942108962832 ], [ 174.106546996753508, -39.199660708881026 ], [ 174.106285008524111, -39.200407127393063 ], [ 174.1062739330564, -39.200438459032007 ], [ 174.10627248380348, -39.200442530110081 ], [ 174.106261263072383, -39.200473830441425 ], [ 174.106055049072552, -39.201045075623583 ], [ 174.105428333894423, -39.202371174103213 ], [ 174.105384026487087, -39.202446161694198 ], [ 174.105339900586529, -39.202521214056411 ], [ 174.104457234085146, -39.203755992740433 ], [ 174.104413839246121, -39.203806844382399 ], [ 174.104306393125853, -39.20397392105761 ], [ 174.104220929151154, -39.204104161501398 ], [ 174.104209642837674, -39.204121021445083 ], [ 174.104121471216899, -39.204250164747918 ], [ 174.103765894285942, -39.204760911308448 ], [ 174.103354657838452, -39.205353659068635 ], [ 174.103080363115538, -39.205727364517571 ], [ 174.103043233156455, -39.205775255633974 ], [ 174.102746297666556, -39.206138336529683 ], [ 174.102250818352331, -39.206713361141603 ], [ 174.101714891085919, -39.207336991992953 ], [ 174.101696609204794, -39.207358200273248 ], [ 174.101694227539269, -39.207360954721615 ], [ 174.101675868412229, -39.207382122569946 ], [ 174.101114153562747, -39.208027788451126 ], [ 174.101062977066448, -39.208086118647635 ], [ 174.101056285993479, -39.208093681156583 ], [ 174.099912346134403, -39.209191067249819 ], [ 174.099758238415887, -39.209317221710783 ], [ 174.098407682939865, -39.210261857619123 ], [ 174.098398315033791, -39.210267441141632 ], [ 174.098393394199434, -39.210270350335428 ], [ 174.098295999106369, -39.210380424414382 ], [ 174.097152010552065, -39.211477800172204 ], [ 174.096989861713666, -39.211610530324549 ], [ 174.094115287139971, -39.213323762866395 ], [ 174.093908342595711, -39.213411010287082 ], [ 174.090493814647971, -39.214349248702419 ], [ 174.090262336909234, -39.214382470256915 ], [ 174.086642205378041, -39.214453843789762 ], [ 174.086408861760191, -39.214429786590131 ], [ 174.082937629047649, -39.21362731120557 ], [ 174.082725269524616, -39.213548331381787 ], [ 174.079742836465869, -39.211950592456731 ], [ 174.079572253639839, -39.21182442404691 ], [ 174.077370604684063, -39.209587871078945 ], [ 174.07725849640812, -39.209426867842708 ], [ 174.076539792502984, -39.207843048660294 ], [ 174.075875818436344, -39.208160573153556 ], [ 174.075658495468844, -39.208230876284958 ], [ 174.072138715484954, -39.208892178818928 ], [ 174.07190410203404, -39.208906786355669 ], [ 174.068293928962731, -39.208689411755564 ], [ 174.068064999683571, -39.208646893592963 ], [ 174.067367872440258, -39.208423051260375 ], [ 174.066774638334266, -39.209215610045831 ], [ 174.066625838259853, -39.20935748128877 ], [ 174.063925833498047, -39.211234602542874 ], [ 174.063727954620134, -39.211333752071901 ], [ 174.06315750357706, -39.211529339414909 ], [ 174.061748190167293, -39.212263280834463 ], [ 174.061610203732556, -39.212323517737396 ], [ 174.059961501088083, -39.212916113073845 ], [ 174.059888541552908, -39.21293710595171 ], [ 174.059321943492989, -39.213087294244247 ], [ 174.059004491975571, -39.213164372169558 ], [ 174.058764911345094, -39.213220339204916 ], [ 174.058733668411946, -39.213227352217359 ], [ 174.05821635041147, -39.213309924015597 ], [ 174.056492679152456, -39.213909828526795 ], [ 174.056265430614445, -39.213957537037452 ], [ 174.052664732271012, -39.214256958355783 ], [ 174.052429654641344, -39.214247695314526 ], [ 174.048886293125378, -39.213666769922519 ], [ 174.048666406452554, -39.213601442759376 ], [ 174.045527354695366, -39.212197062034548 ], [ 174.045344189507205, -39.212082068022106 ], [ 174.04291678355662, -39.209991751284541 ], [ 174.042788270822854, -39.209838350336263 ], [ 174.041310101285205, -39.207266764863 ], [ 174.04124881664319, -39.207089975997377 ], [ 174.040864479635161, -39.204288882698165 ], [ 174.040876413961485, -39.204106012701679 ], [ 174.041623394278474, -39.201349608180848 ], [ 174.041707370352327, -39.201178556941947 ], [ 174.043512424455287, -39.1987366309191 ], [ 174.043660215632599, -39.198594139531231 ], [ 174.044907915726782, -39.197567661711837 ], [ 174.045074731029786, -39.197450393842615 ], [ 174.045085258936922, -39.197443002020933 ], [ 174.045086628320092, -39.197442041737453 ], [ 174.045097167846734, -39.197434659967094 ], [ 174.045520284660824, -39.19713867636932 ], [ 174.046639134679879, -39.196466629968363 ], [ 174.046687616330217, -39.195355166476084 ], [ 174.046691954885432, -39.195320441588969 ], [ 174.046259820266613, -39.193813502304536 ], [ 174.046245131430851, -39.193630753007845 ], [ 174.046587125452021, -39.190826329586365 ], [ 174.046645724527707, -39.190648992179426 ], [ 174.047048779866458, -39.189924894945797 ], [ 174.046788740349967, -39.190078000832635 ], [ 174.046746631832235, -39.190101911779109 ], [ 174.046418622418855, -39.190281472474538 ], [ 174.045707721302392, -39.190656470029268 ], [ 174.045569594774207, -39.190728209862193 ], [ 174.045551553227085, -39.190737435271487 ], [ 174.045412117493697, -39.190807624810638 ], [ 174.045361707759383, -39.190832602647198 ], [ 174.044292992674912, -39.191830846150872 ], [ 174.044139461111342, -39.191954471595466 ], [ 174.042779166849215, -39.192890255237764 ], [ 174.042767550947076, -39.192897061056946 ], [ 174.041235850136786, -39.193655711825045 ], [ 174.041040732143301, -39.193736361640049 ], [ 174.039375345213045, -39.194299190618082 ], [ 174.039361594727495, -39.194302869701204 ], [ 174.037603544811304, -39.194656016354521 ], [ 174.037385945025449, -39.19468579343264 ], [ 174.035690361930818, -39.194818657955842 ], [ 174.035150869836315, -39.194829845549286 ], [ 174.035101615436702, -39.194830785174609 ], [ 174.035095212059275, -39.194830896716113 ], [ 174.035045952959962, -39.194831673113761 ], [ 174.034542420958189, -39.194838773846961 ], [ 174.034047579345554, -39.194851822391783 ], [ 174.03289959706342, -39.194837736292008 ], [ 174.032750843455489, -39.194830154490866 ], [ 174.031610310206787, -39.194727597631761 ], [ 174.030465327838783, -39.194579521973758 ], [ 174.030442167692883, -39.194576507854592 ], [ 174.030439157389964, -39.194576113642128 ], [ 174.030416005183554, -39.194573062954348 ], [ 174.02990222289796, -39.194504944983819 ], [ 174.029415500271625, -39.194432032367303 ], [ 174.02935251628594, -39.194421503606328 ], [ 174.028870254627918, -39.194332435308731 ], [ 174.028217977293593, -39.194200418419484 ], [ 174.026735070585346, -39.193815360385564 ], [ 174.0265475095662, -39.193755419431568 ], [ 174.024927295044364, -39.193117776663279 ], [ 174.024899198047166, -39.193104468203622 ], [ 174.023427152894953, -39.192277428234199 ], [ 174.023272583685213, -39.192175315680416 ], [ 174.022876722124863, -39.191875717987564 ], [ 174.021771709731922, -39.191264298673076 ], [ 174.021611700563085, -39.191162131349124 ], [ 174.020302830515703, -39.190182995277787 ], [ 174.02028381184769, -39.190166342859243 ], [ 174.019187922563844, -39.18903991603554 ], [ 174.019076324081595, -39.188904269469873 ], [ 174.018220397532303, -39.187658293852401 ], [ 174.018208923306162, -39.18763788278995 ], [ 174.017967193304543, -39.187095495780497 ], [ 174.017805341596812, -39.186908389799157 ], [ 174.017711298808933, -39.186778757464822 ], [ 174.017069717191305, -39.185745637658435 ], [ 174.016859555413276, -39.185343662351158 ], [ 174.01678275003249, -39.185205173365702 ], [ 174.016590502826659, -39.184887594415855 ], [ 174.016426215283389, -39.184603558052366 ], [ 174.016405684964411, -39.184566356890684 ], [ 174.015822351435389, -39.183228437568843 ], [ 174.015777142911674, -39.183089828126157 ], [ 174.015469934394105, -39.181697360844289 ], [ 174.015465180812868, -39.181657043002971 ], [ 174.015435508859042, -39.181346413409841 ], [ 174.015424730269473, -39.181199162596798 ], [ 174.015090290200192, -39.180423892821693 ], [ 174.015045251637304, -39.18028391633797 ], [ 174.014743799788391, -39.178890688749895 ], [ 174.014739360283755, -39.178851656827206 ], [ 174.014711669294684, -39.178550966231128 ], [ 174.014675428739565, -39.178036872121304 ], [ 174.014663602339112, -39.177264819496102 ], [ 174.014667591668342, -39.17716458590666 ], [ 174.014740791378387, -39.176394583247713 ], [ 174.0148273301144, -39.175820255136031 ], [ 174.014831681791151, -39.17579176663665 ], [ 174.014832255087953, -39.175788063842518 ], [ 174.014836723362492, -39.17575958627824 ], [ 174.014895446189712, -39.175390218034551 ], [ 174.014479594107684, -39.174657061678452 ], [ 174.014203024266493, -39.174331334094553 ], [ 174.01373862772968, -39.173734317045593 ], [ 174.013105729811656, -39.174244062918341 ], [ 174.012531884523185, -39.175010864861768 ], [ 174.012045632492175, -39.175579071293974 ], [ 174.01164018283697, -39.176055224873949 ], [ 174.010952391913435, -39.176867491824218 ], [ 174.010582255070034, -39.177305725646505 ], [ 174.010548113664754, -39.177345913307683 ], [ 174.010543657352315, -39.177351128422693 ], [ 174.010509240104653, -39.177391173299938 ], [ 174.010012853286412, -39.177965388509314 ], [ 174.008884459398246, -39.179072091899485 ], [ 174.008724210203553, -39.179206146409214 ], [ 174.00587459649077, -39.180942920540041 ], [ 174.00566895723253, -39.181031866327629 ], [ 174.0022691358175, -39.181998177032277 ], [ 174.002038241082317, -39.182033304677915 ], [ 173.99842112037615, -39.182134532505358 ], [ 173.998187580340215, -39.182112402478928 ], [ 173.994707367779881, -39.181338640075573 ], [ 173.994494051683944, -39.181261419801103 ], [ 173.991491528517145, -39.17968844112886 ], [ 173.991319322734711, -39.179563692369776 ], [ 173.989088442485496, -39.177345522917278 ], [ 173.988974203914921, -39.17718546046774 ], [ 173.98773330074431, -39.174539280524876 ], [ 173.987688206664444, -39.174359575196704 ], [ 173.987558638589633, -39.171544441472854 ], [ 173.987587094534291, -39.171362685063869 ], [ 173.988581406196772, -39.168654160893205 ], [ 173.988680617992259, -39.168488143802939 ], [ 173.989572881541875, -39.167257839282101 ], [ 173.990032541055939, -39.166726279014242 ], [ 173.990370498466433, -39.166326275763844 ], [ 173.990374719568877, -39.16632128323198 ], [ 173.991079121120976, -39.165489668387927 ], [ 173.991087364120858, -39.165479950287448 ], [ 173.991088436761345, -39.165478687472486 ], [ 173.991096695922948, -39.165468977650328 ], [ 173.991222145510335, -39.165321700351107 ], [ 173.991379672344522, -39.165000964811114 ], [ 173.991457481520229, -39.16484680476897 ], [ 173.991467832615655, -39.164826838080742 ], [ 173.991869009850319, -39.164199833393411 ], [ 173.991907109169802, -39.16401684422744 ], [ 173.991934793084056, -39.163928481078003 ], [ 173.991948824837152, -39.163890222581806 ], [ 173.991889137119728, -39.16322412736006 ], [ 173.991909675294295, -39.163041725002508 ], [ 173.992785609156783, -39.160308558415281 ], [ 173.992877539013477, -39.160140023235435 ], [ 173.993047751457709, -39.159928027096989 ], [ 173.992642043760043, -39.158931628641852 ], [ 173.992422886347867, -39.158226652436589 ], [ 173.992194522485846, -39.157267316865493 ], [ 173.992191626071644, -39.157249938668045 ], [ 173.992106216779376, -39.157036777764233 ], [ 173.992095298519502, -39.157004706637757 ], [ 173.99201580411696, -39.156757078690163 ], [ 173.992001917479428, -39.15671105763311 ], [ 173.991992740214783, -39.156688744315794 ], [ 173.991786000688904, -39.156189092481597 ], [ 173.991589055919917, -39.155729545620026 ], [ 173.991565590384909, -39.155674195137372 ], [ 173.991562569815102, -39.155666991962171 ], [ 173.991539565045116, -39.155611524365007 ], [ 173.99135875437409, -39.155170687777741 ], [ 173.990944077884706, -39.153795241175416 ], [ 173.990908465737391, -39.153614250833584 ], [ 173.990926778157132, -39.150797333407603 ], [ 173.990964739952858, -39.15061663293352 ], [ 173.992100059118798, -39.147941981412323 ], [ 173.992207870437113, -39.147779257578023 ], [ 173.993565303226035, -39.146339731375193 ], [ 173.993251980433143, -39.146048251967954 ], [ 173.992963308280707, -39.145760130587419 ], [ 173.992051388629193, -39.1447036360493 ], [ 173.991945870619134, -39.144560468251541 ], [ 173.991829691583831, -39.144373312896803 ], [ 173.991737298548287, -39.144286303350285 ], [ 173.991430330322032, -39.144421843336133 ], [ 173.991338113522573, -39.144459336353549 ], [ 173.989668851038715, -39.145012948190619 ], [ 173.989543887363794, -39.145045637100274 ], [ 173.987783940520671, -39.145389062941931 ], [ 173.987681356642128, -39.145402527322332 ], [ 173.986887640764166, -39.145484807225259 ], [ 173.986162261315883, -39.145540172981704 ], [ 173.985457325691186, -39.1455770844629 ], [ 173.985365581398014, -39.145579698945333 ], [ 173.983552810059479, -39.145520420178066 ], [ 173.983409828404007, -39.145506936299249 ], [ 173.981631298236579, -39.145227537767603 ], [ 173.981543008383682, -39.145207945208817 ], [ 173.979842528514041, -39.144715310729019 ], [ 173.979711900091928, -39.144668077384736 ], [ 173.979356826873072, -39.144512230921215 ], [ 173.979063775472611, -39.144694109774008 ], [ 173.978868964792582, -39.14479664514424 ], [ 173.975591818252241, -39.145989549221667 ], [ 173.97536584613357, -39.146040181671403 ], [ 173.971775647522435, -39.146386010614698 ], [ 173.971540641618816, -39.14637978233042 ], [ 173.96798896019979, -39.145844676287133 ], [ 173.967767933547464, -39.145782197530124 ], [ 173.964602558150602, -39.144418561290571 ], [ 173.964417153043968, -39.144305950433449 ], [ 173.961948000105224, -39.142247314173979 ], [ 173.961816367051028, -39.142095597829702 ], [ 173.961533709235056, -39.141624518197624 ], [ 173.959448792595481, -39.141078513244814 ], [ 173.956347430612936, -39.141874121874913 ], [ 173.956115351355379, -39.141903497354889 ], [ 173.955384225083577, -39.141905801289816 ], [ 173.953693125391482, -39.142308349209493 ], [ 173.953566597174216, -39.142322190859169 ], [ 173.953537813304195, -39.142600906605502 ], [ 173.95348253320455, -39.142778872680928 ], [ 173.95209246869527, -39.145379490103821 ], [ 173.951969264120578, -39.145535441465022 ], [ 173.949918980781263, -39.147398141694154 ], [ 173.948563896894427, -39.148796174854837 ], [ 173.948394621390548, -39.148923264548991 ], [ 173.947464200003793, -39.149429713104624 ], [ 173.947298851682319, -39.149552270952668 ], [ 173.946927273460943, -39.14982073919473 ], [ 173.946550667234192, -39.150102225988405 ], [ 173.946464935825219, -39.150165651019975 ], [ 173.946453736872513, -39.150173851678069 ], [ 173.946367176701386, -39.150236590616387 ], [ 173.946051200832784, -39.15046327168929 ], [ 173.945682546596714, -39.150745526386046 ], [ 173.945595837751256, -39.150811222066608 ], [ 173.945584508516959, -39.150819716350803 ], [ 173.9454969214502, -39.150884701964607 ], [ 173.945391733853882, -39.150961932635042 ], [ 173.944813129455071, -39.151855852834579 ], [ 173.944675748157465, -39.152004454895192 ], [ 173.94315701893089, -39.153197407329706 ], [ 173.943193713164561, -39.153228869199964 ], [ 173.943859779366193, -39.153770352895727 ], [ 173.944130713454115, -39.153998354073998 ], [ 173.944165267941543, -39.154028458349167 ], [ 173.944425941342018, -39.154263599890243 ], [ 173.94489674329887, -39.154703398422626 ], [ 173.945224439404797, -39.155024076815842 ], [ 173.945265799835454, -39.155066497992998 ], [ 173.94624619292199, -39.156255341652319 ], [ 173.946325289070728, -39.15637017552087 ], [ 173.947054774722602, -39.157663785696656 ], [ 173.947077276039835, -39.157714081470303 ], [ 173.947378727205887, -39.158608442622288 ], [ 173.94740284085492, -39.158660454708617 ], [ 173.947420652230733, -39.158732826305815 ], [ 173.947537877677263, -39.159080610034287 ], [ 173.947567527735458, -39.159208853108233 ], [ 173.94759989052119, -39.159461104177609 ], [ 173.948083740637145, -39.161427008911033 ], [ 173.948091321419099, -39.16161001112846 ], [ 173.947640758519896, -39.164404968755953 ], [ 173.947575324107561, -39.164580837434997 ], [ 173.946935200618981, -39.165902832332812 ], [ 173.946650577621057, -39.166374671992727 ], [ 173.946163720948078, -39.167095162594848 ], [ 173.946095124005041, -39.167186409526316 ], [ 173.945058367442613, -39.168345999511352 ], [ 173.944994910902039, -39.168406269801245 ], [ 173.943737850563423, -39.169425317568063 ], [ 173.943636383310604, -39.16949559493488 ], [ 173.942189971678602, -39.170349000878375 ], [ 173.942105691220803, -39.170391054643176 ], [ 173.940505550166591, -39.171057798959467 ], [ 173.940381145800359, -39.171100225539789 ], [ 173.939006244553269, -39.171472057143795 ], [ 173.93903877672156, -39.171589026228681 ], [ 173.939230718873745, -39.172505406650842 ], [ 173.939316795159442, -39.173111861212931 ], [ 173.939326675911161, -39.173184148598885 ], [ 173.939327911649258, -39.173193549842253 ], [ 173.939337042252106, -39.173265896969575 ], [ 173.939403294290372, -39.173813562820399 ], [ 173.939423505519869, -39.174001764802462 ], [ 173.939425803041019, -39.174026249817224 ], [ 173.939440938276221, -39.174214740370125 ], [ 173.939468333261431, -39.174624978747509 ], [ 173.939512856596849, -39.175021310648518 ], [ 173.939526810778347, -39.175157409891057 ], [ 173.939528452371633, -39.17517511248095 ], [ 173.939539753465567, -39.17531136077536 ], [ 173.939562736239225, -39.175625472099291 ], [ 173.93960958880831, -39.17599134066802 ], [ 173.939613267128436, -39.176020546496012 ], [ 173.939613737359252, -39.176024343850166 ], [ 173.939617293359277, -39.176053558855543 ], [ 173.939688527827343, -39.176649131093463 ], [ 173.939701401005408, -39.176764841095569 ], [ 173.939702949800164, -39.176779891171279 ], [ 173.939713904230558, -39.17689572079572 ], [ 173.939741353066722, -39.177213982954754 ], [ 173.940560079332442, -39.178265773337422 ], [ 173.940649003455917, -39.178435284222878 ], [ 173.940789488053014, -39.178901086753072 ], [ 173.941494350095525, -39.178944599696969 ], [ 173.941723063662153, -39.178987450346639 ], [ 173.945065968553308, -39.180066942615674 ], [ 173.945266483363326, -39.180162698715471 ], [ 173.948017324682837, -39.181993290303204 ], [ 173.948170016654302, -39.182132581860756 ], [ 173.950059537441405, -39.184535135155976 ], [ 173.950149458134462, -39.184704330741944 ], [ 173.950992629775101, -39.187443712027374 ], [ 173.95101097036752, -39.187626251816972 ], [ 173.950779644501324, -39.189898813228552 ], [ 173.950930219251234, -39.190038568737592 ], [ 173.951321982292455, -39.190358456023269 ], [ 173.951758063107036, -39.190703614697817 ], [ 173.952101780330537, -39.190955359379174 ], [ 173.952774641498195, -39.191490952361406 ], [ 173.952858244261932, -39.191563287694315 ], [ 173.953159197357365, -39.191846540234728 ], [ 173.95334885698864, -39.191922053166621 ], [ 173.95464858397861, -39.192526100156059 ], [ 173.954810239240146, -39.192612872762581 ], [ 173.955997517357503, -39.193343790266809 ], [ 173.956607844810208, -39.19377290771844 ], [ 173.957269441367515, -39.194276912050341 ], [ 173.957351945729357, -39.194345003098405 ], [ 173.957987710431638, -39.194959960509202 ], [ 173.958240423279591, -39.19512708655872 ], [ 173.958286041326033, -39.195158515346819 ], [ 173.958513661775214, -39.195321853932406 ], [ 173.958579484618724, -39.1941564310888 ], [ 173.958626461844858, -39.193977019740764 ], [ 173.959895127898534, -39.191338794601698 ], [ 173.960011045541734, -39.191179458733352 ], [ 173.962265142479367, -39.188975385241605 ], [ 173.962438649429657, -39.1888517185726 ], [ 173.965457506310571, -39.187297493672489 ], [ 173.965671619753664, -39.187221598103029 ], [ 173.969159790376381, -39.186469313268091 ], [ 173.969393557708997, -39.186448615579572 ], [ 173.973009717812687, -39.186571886934992 ], [ 173.973240265219118, -39.18660841272272 ], [ 173.976630577035706, -39.187595183667177 ], [ 173.9768353451162, -39.187685359228325 ], [ 173.979668041116014, -39.18943907677837 ], [ 173.97982699003316, -39.189574078283727 ], [ 173.981269795472343, -39.191270557290316 ], [ 173.982807731186995, -39.191321169624544 ], [ 173.982980331794124, -39.191337473502209 ], [ 173.984759935802003, -39.191617221756715 ], [ 173.984819547730893, -39.191630453262604 ], [ 173.986521028651481, -39.192123369391091 ], [ 173.986678712380439, -39.192180375751946 ], [ 173.988260188682546, -39.192874326140725 ], [ 173.988311631025937, -39.192901243416294 ], [ 173.989734168161419, -39.193779148256922 ], [ 173.989861503907576, -39.193871279067302 ], [ 173.991090079672375, -39.194911527367204 ], [ 173.991128317688663, -39.194949496451756 ], [ 173.992132675885841, -39.196126481435883 ], [ 173.992217199292526, -39.196244720889666 ], [ 173.992972603423055, -39.197529466940004 ], [ 173.992993893419424, -39.197574772028787 ], [ 173.993481728858939, -39.19893564950064 ], [ 173.993515162356005, -39.199068425556867 ], [ 173.993723402095156, -39.20047192801065 ], [ 173.993725658149117, -39.200520134850045 ], [ 173.993649156452335, -39.201931704340097 ], [ 173.993628220983425, -39.202066020687845 ], [ 173.993268843360852, -39.203450898353992 ], [ 173.993251842233633, -39.203497288096841 ], [ 173.992618422402273, -39.204821370447455 ], [ 173.992545160827348, -39.204944078394107 ], [ 173.991911244120871, -39.205862556230173 ], [ 173.991789441861158, -39.206016870476255 ], [ 173.9907206607935, -39.207159078051056 ], [ 173.990567643737165, -39.207298194966477 ], [ 173.987812094985372, -39.209125558107509 ], [ 173.987611301348295, -39.209221073055254 ], [ 173.984264672185276, -39.210296433353598 ], [ 173.984035761600467, -39.210338993707744 ], [ 173.98365816738422, -39.210361807295961 ], [ 173.98323766770838, -39.210452898660535 ], [ 173.983671976405731, -39.211312156323054 ], [ 173.983722780269886, -39.211490939449732 ], [ 173.983941676594128, -39.214302704763647 ], [ 173.983918977244485, -39.214484950866101 ], [ 173.983010193411189, -39.217211714226437 ], [ 173.982916203972053, -39.217379582765545 ], [ 173.980968580347991, -39.219754398947039 ], [ 173.980812495292497, -39.219891454972945 ], [ 173.978016626727737, -39.221681809777152 ], [ 173.977813724102617, -39.221774633768817 ], [ 173.974443323121562, -39.22280522348165 ], [ 173.974213469274076, -39.222844726289047 ], [ 173.973635798400522, -39.222907547728127 ], [ 173.973815371810105, -39.223170154742604 ], [ 173.97389204077291, -39.223343269418891 ], [ 173.973990770988991, -39.223778439280252 ], [ 173.975309141385338, -39.226082572830016 ], [ 173.975370035438402, -39.226259439431516 ], [ 173.975748073937893, -39.229060950129877 ], [ 173.975735718188218, -39.229243796126653 ], [ 173.974982137587801, -39.231999046660292 ], [ 173.974897732490689, -39.232169973091032 ], [ 173.973086174695993, -39.234609233679713 ], [ 173.972937975946877, -39.234751506463191 ], [ 173.970245705581476, -39.236635956355244 ], [ 173.970048218461784, -39.236735645335727 ], [ 173.966738795175104, -39.237880768937146 ], [ 173.966511355228391, -39.237928112804092 ], [ 173.962908826464798, -39.238221781418382 ], [ 173.962673705222414, -39.238212144380931 ], [ 173.960872588812748, -39.238027305016807 ], [ 173.960705095591464, -39.237999575493824 ], [ 173.960650621713683, -39.238017546806155 ], [ 173.960556890378598, -39.238041918987932 ], [ 173.959827954342558, -39.238210965465946 ], [ 173.958868187475304, -39.23840708131722 ], [ 173.958854310009116, -39.238409869270441 ], [ 173.958640702800494, -39.23855043894865 ], [ 173.958543541075386, -39.23860924400627 ], [ 173.957026696833736, -39.23938679886119 ], [ 173.956927712633671, -39.239429276525037 ], [ 173.955273097176644, -39.240012708224185 ], [ 173.955157319576756, -39.240045282983147 ], [ 173.954371197100301, -39.240238549324239 ], [ 173.953872061947919, -39.240401867788471 ], [ 173.953804398953366, -39.24042252574754 ], [ 173.953278975741227, -39.240571652335632 ], [ 173.952634010133011, -39.240741091072216 ], [ 173.952191363098194, -39.240849738918271 ], [ 173.952133477996085, -39.240862960519401 ], [ 173.951685585086921, -39.24095772190342 ], [ 173.9516273346444, -39.240969075770607 ], [ 173.951585589967522, -39.241069538726357 ], [ 173.951479036805523, -39.241232813136911 ], [ 173.94935454225282, -39.243514364597495 ], [ 173.949188310969987, -39.243644039588588 ], [ 173.946260970793247, -39.245303346501785 ], [ 173.946051333696886, -39.245386725072457 ], [ 173.942607745482064, -39.246261313756762 ], [ 173.942375229021934, -39.246290231596703 ], [ 173.939016019604622, -39.24629416014065 ], [ 173.939191108705899, -39.246336560035068 ], [ 173.940065778521102, -39.246545754568707 ], [ 173.940851479726433, -39.246720383911033 ], [ 173.941143184272192, -39.246788455539765 ], [ 173.941180949687094, -39.246797691023311 ], [ 173.941470251547429, -39.246871703763958 ], [ 173.941890177548061, -39.24698391294946 ], [ 173.941903873008727, -39.246987579956084 ], [ 173.941905653033785, -39.246988057532327 ], [ 173.94191934257401, -39.246991737852539 ], [ 173.94206121891321, -39.247029957288817 ], [ 173.942666828943459, -39.247176151778007 ], [ 173.943441596031732, -39.247361583488335 ], [ 173.943476347408932, -39.247369947184545 ], [ 173.943480862879113, -39.247371039979207 ], [ 173.943515580273981, -39.247379488508649 ], [ 173.943642022793114, -39.247410428030932 ], [ 173.944555901522079, -39.247386457647487 ], [ 173.944789588259908, -39.247408985674177 ], [ 173.946133318533214, -39.247709906935292 ], [ 173.948478811421808, -39.247575334106998 ], [ 173.948713469878584, -39.247590588206641 ], [ 173.952231977105328, -39.248261442018119 ], [ 173.952449094599501, -39.248332325556298 ], [ 173.955528907916175, -39.249815665564086 ], [ 173.95570723753022, -39.249935242720682 ], [ 173.956234642845033, -39.250420054005616 ], [ 173.956579488267096, -39.250505601236355 ], [ 173.956839688855297, -39.25056006653557 ], [ 173.958551809190794, -39.25103322383066 ], [ 173.958766828753255, -39.251107889846772 ], [ 173.961803048000462, -39.252644764743586 ], [ 173.961977878020889, -39.252767433283964 ], [ 173.96425481728167, -39.254958523600123 ], [ 173.964372344656255, -39.255117190539188 ], [ 173.965667085276777, -39.25774806814087 ], [ 173.965715800633632, -39.257927204908377 ], [ 173.965901496371572, -39.260740372763294 ], [ 173.965876622585341, -39.260922445298363 ], [ 173.964934957428028, -39.263642531003377 ], [ 173.964838920493889, -39.263809715691842 ], [ 173.962861954577335, -39.266170426801359 ], [ 173.962704149509079, -39.266306355589059 ], [ 173.959885352197603, -39.268076558199176 ], [ 173.959681225577071, -39.26816792190025 ], [ 173.956296556406443, -39.269174285147102 ], [ 173.95606609454893, -39.269212137588426 ], [ 173.952446976641596, -39.269356120013725 ], [ 173.952212747293885, -39.269336754841106 ], [ 173.950426073714283, -39.269077553224257 ], [ 173.949892615804544, -39.268965881130775 ], [ 173.9496369539863, -39.268909909259683 ], [ 173.94960382967642, -39.268902337634813 ], [ 173.949349886742993, -39.26884182297411 ], [ 173.948737930699224, -39.268690002864616 ], [ 173.948106790490044, -39.268542815200682 ], [ 173.948006958834156, -39.268519151558763 ], [ 173.947993998817793, -39.268516029890023 ], [ 173.947894445607602, -39.268491667859109 ], [ 173.947238263180054, -39.268328559056251 ], [ 173.946605238179131, -39.268175240471592 ], [ 173.945878225044424, -39.268003035397484 ], [ 173.945847605128819, -39.267995746473474 ], [ 173.945843626233767, -39.267994794637261 ], [ 173.945813032379192, -39.267987439927346 ], [ 173.945261648384133, -39.267854237082204 ], [ 173.944987544164718, -39.267789521593784 ], [ 173.944639017735938, -39.267717743393064 ], [ 173.944437420853689, -39.267674707209515 ], [ 173.944411280367405, -39.267668929088494 ], [ 173.944210715929614, -39.267623071104616 ], [ 173.94362965371522, -39.267485771046339 ], [ 173.943571139868368, -39.267471813140531 ], [ 173.943563539290693, -39.267469982999664 ], [ 173.943505121173587, -39.267455784892164 ], [ 173.942932190721109, -39.267315243529083 ], [ 173.942316857097637, -39.267170134804772 ], [ 173.942281505924285, -39.267161750228738 ], [ 173.942276912522573, -39.267160654536276 ], [ 173.942241595977379, -39.26715218230536 ], [ 173.941497243208232, -39.266972601903603 ], [ 173.940622475268754, -39.266762281533964 ], [ 173.940617907436717, -39.266761182477779 ], [ 173.939860048699899, -39.266578493153908 ], [ 173.939230125587017, -39.266428276206646 ], [ 173.939199567578896, -39.26642095308366 ], [ 173.939195596736965, -39.26641999681614 ], [ 173.939165064869314, -39.266412608131219 ], [ 173.938484073668747, -39.26624700447524 ], [ 173.937719536259976, -39.266062174162293 ], [ 173.936952697307078, -39.265877763647417 ], [ 173.936925365116196, -39.265871161878188 ], [ 173.936921813304281, -39.265870300236976 ], [ 173.936894502234907, -39.265863645987736 ], [ 173.93614698309554, -39.265680723728053 ], [ 173.935394858683708, -39.265500698659508 ], [ 173.935381511504715, -39.265497497037032 ], [ 173.935379776693111, -39.265497080012338 ], [ 173.935366434462594, -39.265493865870148 ], [ 173.934555160533108, -39.265298009775947 ], [ 173.934375994785029, -39.265253511890393 ], [ 173.93435276521501, -39.265247580514782 ], [ 173.93417455296813, -39.265200826469666 ], [ 173.933857937009975, -39.265115529023291 ], [ 173.933759405250242, -39.265089198470491 ], [ 173.933167071333202, -39.264957536432725 ], [ 173.933055999104056, -39.264932380106124 ], [ 173.933041581092112, -39.264929053797459 ], [ 173.932930837754526, -39.264903036145107 ], [ 173.931917539208769, -39.264660669565096 ], [ 173.931898142767437, -39.26465601564297 ], [ 173.931895621912844, -39.264655408915225 ], [ 173.931876235976091, -39.264650728564284 ], [ 173.931082266505769, -39.26445844385249 ], [ 173.931069265468551, -39.264455288668209 ], [ 173.931067575649479, -39.264454877722933 ], [ 173.931054579469986, -39.264451710672333 ], [ 173.930504674427937, -39.26431742614718 ], [ 173.929907946870969, -39.264180456574273 ], [ 173.929835042357013, -39.264163519629307 ], [ 173.929825574179858, -39.264161293645131 ], [ 173.929752814430231, -39.264143984679897 ], [ 173.92930090103232, -39.264035213520692 ], [ 173.930610186093588, -39.265523346880265 ], [ 173.930703404513338, -39.265676161150488 ], [ 173.93101023111555, -39.26572016115972 ], [ 173.932242548867976, -39.265951721247617 ], [ 173.932400154662872, -39.265988538643171 ], [ 173.933511650969194, -39.266300683837507 ], [ 173.935130740699122, -39.266673023858822 ], [ 173.935343370833209, -39.266751789309531 ], [ 173.935569147735436, -39.266872318398995 ], [ 173.935726244196843, -39.266885217587522 ], [ 173.935953726925277, -39.266932697242581 ], [ 173.937362719914319, -39.267421003882149 ], [ 173.939783283638747, -39.267284153362375 ], [ 173.940017986010389, -39.267299599213395 ], [ 173.943536553656457, -39.267973324457223 ], [ 173.943753634993044, -39.268044384935955 ], [ 173.946832289000866, -39.269530230843039 ], [ 173.947010505915188, -39.269649952816245 ], [ 173.949347941491169, -39.271802524731164 ], [ 173.949469849736374, -39.271959192502777 ], [ 173.950837232163764, -39.27456783343046 ], [ 173.950890893865505, -39.274746114209989 ], [ 173.951154269962473, -39.277555505636549 ], [ 173.951134423953221, -39.277737949295556 ], [ 173.950267874133317, -39.280473090764325 ], [ 173.950238365477901, -39.280527559151366 ], [ 173.950224114497274, -39.280584696992705 ], [ 173.95014365376241, -39.280756781957997 ], [ 173.949486229124574, -39.281679651628146 ], [ 173.949341758143476, -39.281896871810744 ], [ 173.949246849462725, -39.282015677070774 ], [ 173.948388075280462, -39.283221135610276 ], [ 173.948243119829158, -39.283365471804409 ], [ 173.945593433638209, -39.28528753657757 ], [ 173.945398170947897, -39.285389991873217 ], [ 173.942630291297803, -39.286394183217588 ], [ 173.942643543525094, -39.286421421183043 ], [ 173.942423163033766, -39.28648617367331 ], [ 173.942339629940761, -39.286499630032218 ], [ 173.942113763353746, -39.286581569710798 ], [ 173.941887310939165, -39.286632111944975 ], [ 173.940872118786245, -39.286820671116629 ], [ 173.940739957735246, -39.286840374063935 ], [ 173.93910055968945, -39.287285510621516 ], [ 173.93886871741762, -39.287318119140558 ], [ 173.935244838177056, -39.28737994969282 ], [ 173.935011377894597, -39.287355280222307 ], [ 173.934601223336301, -39.287259390910251 ], [ 173.934063830918234, -39.287287048281975 ], [ 173.933829196500341, -39.28727041844914 ], [ 173.930315420362888, -39.286578844992334 ], [ 173.930098889164469, -39.286506677513444 ], [ 173.927032223593841, -39.28500506586488 ], [ 173.926933098397143, -39.284937591403036 ], [ 173.926662242641953, -39.284850823491517 ], [ 173.925955387594257, -39.284625084407566 ], [ 173.925254487591275, -39.284403578139596 ], [ 173.92503776414236, -39.284373705095774 ], [ 173.925007284845407, -39.284369251768098 ], [ 173.924773282774936, -39.28433311891029 ], [ 173.924071992369903, -39.284218982246927 ], [ 173.92349953623949, -39.284113954306228 ], [ 173.92342561091499, -39.284098841557835 ], [ 173.922860754535805, -39.283971365723289 ], [ 173.922086321709116, -39.283779892368941 ], [ 173.922023928480854, -39.283764314627405 ], [ 173.922015824798535, -39.283762271705768 ], [ 173.921953545991613, -39.283746419883705 ], [ 173.921305642125105, -39.283579928164194 ], [ 173.920661460499019, -39.283423469893869 ], [ 173.919909246656601, -39.283240773220946 ], [ 173.919584019700892, -39.283157661784202 ], [ 173.919541954897227, -39.283146374132222 ], [ 173.919220031058103, -39.283055829395693 ], [ 173.918424339900042, -39.282821636610535 ], [ 173.917483500912965, -39.282507089098686 ], [ 173.917363755171237, -39.2824620795529 ], [ 173.916838726284595, -39.282223538881603 ], [ 173.917055226718645, -39.282558483472407 ], [ 173.91712674517342, -39.282732934084869 ], [ 173.917673267946356, -39.285517511969431 ], [ 173.917671921115698, -39.285700599849434 ], [ 173.91708442121282, -39.288480135747747 ], [ 173.917010331804761, -39.288653938575635 ], [ 173.916343364166465, -39.289656891057398 ], [ 173.916257793310535, -39.290057405403545 ], [ 173.915931523934887, -39.291260223299247 ], [ 173.915764055914366, -39.29194002491019 ], [ 173.915764458843256, -39.291953346864467 ], [ 173.91576765509339, -39.292159233412157 ], [ 173.915767936171619, -39.292507518142294 ], [ 173.915824386562235, -39.293547902687529 ], [ 173.916289946939514, -39.294798154847733 ], [ 173.916321902398124, -39.294918715279529 ], [ 173.916547818209153, -39.296320510377456 ], [ 173.91655140152551, -39.296380946012455 ], [ 173.916551960857362, -39.296402479617299 ], [ 173.916627695642887, -39.296382710814392 ], [ 173.917193340145047, -39.296247449510602 ], [ 173.917267403591069, -39.296231335500231 ], [ 173.919051311943576, -39.295958299970877 ], [ 173.919209604685108, -39.295943973107093 ], [ 173.921026516218717, -39.295891103491748 ], [ 173.921103363245606, -39.295893558827629 ], [ 173.921693873634098, -39.295924178419675 ], [ 173.922635182616034, -39.295991782054521 ], [ 173.922663410054696, -39.295993836259989 ], [ 173.922667079193076, -39.29599410679387 ], [ 173.922695300037418, -39.29599621464817 ], [ 173.923184119408774, -39.296033193167517 ], [ 173.923194800549396, -39.296034004986772 ], [ 173.923682584416554, -39.296071527330604 ], [ 173.924185218777012, -39.296108886740832 ], [ 173.92476815673848, -39.296150316536888 ], [ 173.926056050935387, -39.296090215681396 ], [ 173.926290578173735, -39.296107963128115 ], [ 173.929799337640333, -39.296816152470385 ], [ 173.929831399859381, -39.296827015816518 ], [ 173.930340546148983, -39.296790756841347 ], [ 173.930967195864525, -39.296746110701591 ], [ 173.93165995196955, -39.29669475362742 ], [ 173.932369891214137, -39.296659164742579 ], [ 173.932462279026311, -39.296656742628137 ], [ 173.933173691104656, -39.296655068218982 ], [ 173.934354012519123, -39.296680445620666 ], [ 173.93485642821642, -39.296685396699459 ], [ 173.934980859294541, -39.296687141916323 ], [ 173.934997033301471, -39.296687436275079 ], [ 173.935121433100846, -39.296690219654529 ], [ 173.935627603218421, -39.296703657775367 ], [ 173.936230682962247, -39.296714301234701 ], [ 173.936261634219818, -39.29671487954063 ], [ 173.936265657746077, -39.296714958896438 ], [ 173.93629660689237, -39.296715601449002 ], [ 173.937006695324868, -39.29673107939405 ], [ 173.937193812619682, -39.296736333238449 ], [ 173.937218129181844, -39.296737168878039 ], [ 173.937405112850229, -39.296744771027782 ], [ 173.93799496791965, -39.296772465522693 ], [ 173.938630895978577, -39.296820888015063 ], [ 173.94088862260071, -39.296895992985469 ], [ 173.941119573894838, -39.296932341549301 ], [ 173.944516392774773, -39.297916490525886 ], [ 173.944721592479738, -39.298006506652868 ], [ 173.947560898850526, -39.299758000954384 ], [ 173.947720264915887, -39.29989287643243 ], [ 173.94972415239468, -39.302240320908211 ], [ 173.949822083721074, -39.302406856656134 ], [ 173.950794337271105, -39.30512051422869 ], [ 173.950821241325656, -39.305302410989292 ], [ 173.950666567250522, -39.308116672915773 ], [ 173.950619801467127, -39.308296125815218 ], [ 173.949353202279781, -39.310935502538506 ], [ 173.949237336172587, -39.311094943779175 ], [ 173.948985151286649, -39.311385976743772 ], [ 173.948986651167814, -39.312021921428396 ], [ 173.948986536412292, -39.312081741239844 ], [ 173.94898648823721, -39.312089517690971 ], [ 173.948985861837457, -39.312149335589112 ], [ 173.948971122371034, -39.313148657562614 ], [ 173.948963688175212, -39.314372359525613 ], [ 173.948962309665575, -39.314475077220351 ], [ 173.948962032399209, -39.314488429291792 ], [ 173.948959145269612, -39.31459112808102 ], [ 173.948921196544489, -39.315661243674661 ], [ 173.94893577371036, -39.316164957963743 ], [ 173.948936405361309, -39.316188109837412 ], [ 173.948936482492797, -39.316191119658029 ], [ 173.948937037480675, -39.316214272716799 ], [ 173.948950226342333, -39.316805326257743 ], [ 173.948962958643165, -39.317283059235223 ], [ 173.948953621217441, -39.317875902560182 ], [ 173.948949143465001, -39.317952857602407 ], [ 173.948724716201298, -39.319354825313084 ], [ 173.94869714560528, -39.31945926325664 ], [ 173.948193112141951, -39.320816697285437 ], [ 173.948158236334393, -39.32088881071931 ], [ 173.947866430233233, -39.321436664033307 ], [ 173.947590557726045, -39.321909854230633 ], [ 173.947579966247702, -39.321927967826291 ], [ 173.947578586007268, -39.321930321409155 ], [ 173.947567943017134, -39.321948416780671 ], [ 173.946918943451294, -39.32304861713569 ], [ 173.946033870846549, -39.324282848968259 ], [ 173.945903359144694, -39.324435320723858 ], [ 173.944373230589434, -39.325726927683505 ], [ 173.945456277152175, -39.326572687092821 ], [ 173.945467658359149, -39.326583093764889 ], [ 173.94555460498529, -39.326663541689101 ], [ 173.945693191544734, -39.326793298864139 ], [ 173.946741127582897, -39.32794806286789 ], [ 173.946861404492267, -39.328105533351668 ], [ 173.94820111778651, -39.330723138439765 ], [ 173.948252858099522, -39.330901767492918 ], [ 173.948485511109027, -39.3337127786642 ], [ 173.948463641652836, -39.333895082013122 ], [ 173.94756632158871, -39.336624339354856 ], [ 173.947472974183455, -39.336792470875451 ], [ 173.945533398033234, -39.339172785203267 ], [ 173.94537770422059, -39.339310284205624 ], [ 173.942585677861501, -39.341108603024537 ], [ 173.942543176375324, -39.341128177931189 ], [ 173.942322710432023, -39.341303405538788 ], [ 173.942133578359659, -39.34141274195882 ], [ 173.938920738501196, -39.342720633295627 ], [ 173.938697344614127, -39.342779228957042 ], [ 173.936374619695528, -39.343086357195418 ], [ 173.935151880833644, -39.343480757312086 ], [ 173.934074557597626, -39.343832532703146 ], [ 173.934056507995734, -39.343838412355957 ], [ 173.934054160718148, -39.343839175172178 ], [ 173.934036098357325, -39.343845031153592 ], [ 173.93332937561172, -39.344073610316194 ], [ 173.932855292907334, -39.344249614378803 ], [ 173.932332920220915, -39.344486677719971 ], [ 173.932224805494457, -39.344535137493445 ], [ 173.932210707301863, -39.344541378326731 ], [ 173.932101926758548, -39.344588931372385 ], [ 173.931484690761266, -39.34485536330503 ], [ 173.931263648129459, -39.344948354543767 ], [ 173.931234747147869, -39.344960200081722 ], [ 173.931011159303409, -39.345049447883518 ], [ 173.930378506067854, -39.345295279651296 ], [ 173.929100774732262, -39.34571945629763 ], [ 173.928931017094584, -39.345766685638829 ], [ 173.92794923607002, -39.345989277627815 ], [ 173.927737460295958, -39.346074438553337 ], [ 173.927073176525198, -39.346348819382307 ], [ 173.926355927762785, -39.346648985151312 ], [ 173.925205913111085, -39.347068824971927 ], [ 173.925053013034301, -39.34711688803754 ], [ 173.923318086621009, -39.34754265040317 ], [ 173.923248461660563, -39.347555170213433 ], [ 173.921449101018084, -39.347764935913176 ], [ 173.921284553855742, -39.347773955578987 ], [ 173.921247849322896, -39.347774401776981 ], [ 173.921411716185645, -39.347991607235947 ], [ 173.921513062537542, -39.348153374559331 ], [ 173.921599343283049, -39.348323275815112 ], [ 173.921887875138225, -39.348572499916926 ], [ 173.921941497751362, -39.348621457453604 ], [ 173.923007884025708, -39.349766147347573 ], [ 173.923087917223739, -39.349868031634117 ], [ 173.923225076080399, -39.350078130048416 ], [ 173.924306333740589, -39.350582829995382 ], [ 173.924329149867475, -39.350597701455385 ], [ 173.92442800316914, -39.350551512477274 ], [ 173.924466332840552, -39.35053368099954 ], [ 173.924471321430815, -39.350531370368707 ], [ 173.924509739302266, -39.35051365367972 ], [ 173.925136108120967, -39.350226061987478 ], [ 173.926092195070765, -39.349832612945072 ], [ 173.926219285504203, -39.349786072934826 ], [ 173.927218436861892, -39.349463521470007 ], [ 173.927254893507694, -39.349453273271884 ], [ 173.927335156812063, -39.349418257391491 ], [ 173.927348206352406, -39.349412630176673 ], [ 173.927448863407648, -39.349369729742882 ], [ 173.927619544977205, -39.34929783580121 ], [ 173.927952887030386, -39.349130468305546 ], [ 173.927958008147328, -39.349127898495922 ], [ 173.928726457554035, -39.348742847186877 ], [ 173.928751171092983, -39.348730498127985 ], [ 173.928754386468569, -39.348728895913112 ], [ 173.928779140245865, -39.348716595512307 ], [ 173.92943801226491, -39.348390104846885 ], [ 173.92952287852242, -39.348348450951669 ], [ 173.929533941115352, -39.348343073126273 ], [ 173.929619268595502, -39.348301991245869 ], [ 173.930386766988164, -39.347936027722376 ], [ 173.93111939477626, -39.347583944330772 ], [ 173.931166832063298, -39.3475612690034 ], [ 173.931173007991248, -39.347558332728397 ], [ 173.931220584980082, -39.347535834594005 ], [ 173.93189532121653, -39.347218485299173 ], [ 173.932373966705967, -39.346993296130499 ], [ 173.932417768514512, -39.346972790854629 ], [ 173.932423470290985, -39.346970134931986 ], [ 173.93246738812087, -39.346949779859166 ], [ 173.932990344666337, -39.346708610328598 ], [ 173.933708105767977, -39.346371132866103 ], [ 173.934218677697544, -39.346127839060436 ], [ 173.934790599019948, -39.345851341641797 ], [ 173.935247118677665, -39.345641726508795 ], [ 173.935307237433875, -39.345615544250094 ], [ 173.935775621803572, -39.345422355356561 ], [ 173.935874078684748, -39.345383961043069 ], [ 173.936001841099142, -39.34532233937172 ], [ 173.93604852213781, -39.345299943049682 ], [ 173.936054599509731, -39.345297042692117 ], [ 173.93610141650089, -39.345274818128537 ], [ 173.936662325015988, -39.345009959504928 ], [ 173.937133613011724, -39.344780796232314 ], [ 173.937187664920629, -39.344754673464863 ], [ 173.937194703620918, -39.344751292507588 ], [ 173.937248939409017, -39.344725400547681 ], [ 173.937680665402212, -39.344520560669743 ], [ 173.937986666752209, -39.344353914795079 ], [ 173.938300512447398, -39.344188871413316 ], [ 173.938341752986531, -39.34416793919258 ], [ 173.938662377148688, -39.344010948390668 ], [ 173.93939774011551, -39.343663791449501 ], [ 173.939926951670458, -39.343409254067808 ], [ 173.940066514813992, -39.343343179389869 ], [ 173.940084735077733, -39.343334689395327 ], [ 173.940225483686447, -39.343270148771225 ], [ 173.940922644647856, -39.342955584858267 ], [ 173.941280978600446, -39.342784271001236 ], [ 173.941539231528708, -39.34265772412698 ], [ 173.941576134784526, -39.342639716242793 ], [ 173.941580937856429, -39.342637382226584 ], [ 173.941617928014495, -39.342619482168992 ], [ 173.942168815043772, -39.342354012600538 ], [ 173.943785208187819, -39.341705510178343 ], [ 173.94400253600233, -39.341634484371866 ], [ 173.94752498179804, -39.340961312946604 ], [ 173.947759935728214, -39.340945903648951 ], [ 173.951377882593079, -39.341150778988677 ], [ 173.951607472817841, -39.341192494332269 ], [ 173.954966907800639, -39.342255374970989 ], [ 173.955168668433089, -39.342350133449187 ], [ 173.956678527390835, -39.34333971594625 ], [ 173.957922976724888, -39.342820442532478 ], [ 173.958138799496538, -39.342746691923821 ], [ 173.961646822538114, -39.342029297884231 ], [ 173.961881429613356, -39.342010935208307 ], [ 173.965503257966674, -39.342170278195852 ], [ 173.965733693437244, -39.342209100566485 ], [ 173.969114935020826, -39.343229594416421 ], [ 173.96931865040338, -39.343321803411889 ], [ 173.972128423831464, -39.345103595235521 ], [ 173.972285482160544, -39.345240168034202 ], [ 173.974248768265625, -39.347608897189886 ], [ 173.974343794090686, -39.347776468551487 ], [ 173.975268348662837, -39.350500313835148 ], [ 173.975292033670371, -39.350682483063714 ], [ 173.975087230102815, -39.353494837220808 ], [ 173.975037246768494, -39.353673772678668 ], [ 173.973722994851499, -39.356299331479889 ], [ 173.973604227738491, -39.356457515935759 ], [ 173.971309077396512, -39.358639231216429 ], [ 173.971133148136403, -39.358761177233944 ], [ 173.969684727489522, -39.359616530386489 ], [ 173.968932367788682, -39.359992349380512 ], [ 173.968884866436554, -39.360015950384408 ], [ 173.968878681684714, -39.360019006840162 ], [ 173.968831033008371, -39.360042428232454 ], [ 173.968170927887513, -39.360365152054236 ], [ 173.967531474241412, -39.360688362326385 ], [ 173.967097620171558, -39.360908949181699 ], [ 173.966680455432197, -39.361226597998531 ], [ 173.966579537651967, -39.36134302686294 ], [ 173.966525287639996, -39.36143781585978 ], [ 173.966511888182566, -39.361461138974953 ], [ 173.966510140716821, -39.361464169055338 ], [ 173.966496656086065, -39.361487462561549 ], [ 173.966152952028551, -39.362078929746893 ], [ 173.965830486741424, -39.362636974184774 ], [ 173.96553074073077, -39.363161130486105 ], [ 173.965486181695383, -39.36323807454464 ], [ 173.965480328770099, -39.363248055984343 ], [ 173.965434842800562, -39.363324672536301 ], [ 173.965107245840784, -39.36386973829628 ], [ 173.965103231755194, -39.363876409963808 ], [ 173.964774297087104, -39.364421635561413 ], [ 173.964545023631473, -39.364810065807433 ], [ 173.964463762310658, -39.36494478554016 ], [ 173.964453012650523, -39.364962230163528 ], [ 173.96436889458019, -39.365095889249758 ], [ 173.964101820184737, -39.365511510725767 ], [ 173.963988866135026, -39.365682686061945 ], [ 173.96397387756187, -39.365704814571671 ], [ 173.963856238170251, -39.365874077841625 ], [ 173.963780939763296, -39.365979703414531 ], [ 173.963708995814386, -39.366105502499316 ], [ 173.963696581890218, -39.366127132323925 ], [ 173.963694963318801, -39.366129942548348 ], [ 173.963682476144157, -39.366151546945872 ], [ 173.963178112830064, -39.367021082953897 ], [ 173.963139029462894, -39.367087737193302 ], [ 173.963133903302094, -39.36709638606024 ], [ 173.963094122656543, -39.367162791311827 ], [ 173.962602327108272, -39.367975069126672 ], [ 173.962373702511456, -39.3683546898556 ], [ 173.962183104300351, -39.368674491686683 ], [ 173.962161106667111, -39.368711184309674 ], [ 173.962158233175245, -39.368715949337208 ], [ 173.96213602324093, -39.368752564829883 ], [ 173.96182233885844, -39.369266701228753 ], [ 173.961549486628968, -39.369716293043595 ], [ 173.961285720254239, -39.370155946463882 ], [ 173.961277531972485, -39.370169565110594 ], [ 173.96127646559296, -39.370171334843207 ], [ 173.961268248035879, -39.370184942851971 ], [ 173.960892970806043, -39.370805035870269 ], [ 173.960551911214907, -39.371374403528016 ], [ 173.960445539163004, -39.371547150803544 ], [ 173.960431404683845, -39.371569491281981 ], [ 173.960320323201898, -39.371740443669914 ], [ 173.960076645338262, -39.372105742699979 ], [ 173.960061323830644, -39.372141969992896 ], [ 173.958403900538826, -39.374647886231479 ], [ 173.958264659698585, -39.37479568375273 ], [ 173.957412417417487, -39.375453114640706 ], [ 173.957020248611087, -39.375943201092305 ], [ 173.956924866528482, -39.376060374998296 ], [ 173.956912316500109, -39.37607553262395 ], [ 173.956814621221355, -39.376191552956726 ], [ 173.956353989926129, -39.376729492099102 ], [ 173.955616330838069, -39.377849484940924 ], [ 173.955568765436652, -39.3779001553795 ], [ 173.95594946659179, -39.377972307048339 ], [ 173.955974284851777, -39.377977033120239 ], [ 173.955977510349442, -39.377977650266274 ], [ 173.956002315130547, -39.377982418748694 ], [ 173.956860847727143, -39.378148238936909 ], [ 173.956860922215981, -39.37814825332385 ], [ 173.957745544214703, -39.378319112518042 ], [ 173.957745599814558, -39.378319123256688 ], [ 173.958054028257862, -39.37837869480969 ], [ 173.958689067310928, -39.378459269275957 ], [ 173.958961803261701, -39.378227332493772 ], [ 173.958971453323329, -39.37821913616186 ], [ 173.958972708680164, -39.378218071236944 ], [ 173.958982371800147, -39.3782098841085 ], [ 173.959519350804072, -39.377755484270658 ], [ 173.959522821162238, -39.377752548858965 ], [ 173.959942819701922, -39.377397690845001 ], [ 173.960358199887565, -39.377046374633551 ], [ 173.960805192119039, -39.37666061380957 ], [ 173.960837635403863, -39.376632731762747 ], [ 173.960841862755075, -39.376629113940986 ], [ 173.960874455643051, -39.376601337191438 ], [ 173.961258639800576, -39.376275289268975 ], [ 173.961694546611312, -39.37590416594891 ], [ 173.961738215913073, -39.375867193741833 ], [ 173.961743910124511, -39.375862399663873 ], [ 173.961787844075843, -39.375825616825274 ], [ 173.96214044576891, -39.375532050293835 ], [ 173.962312791308506, -39.375127736662108 ], [ 173.962421011582677, -39.374965045657689 ], [ 173.964569855155617, -39.372695041085578 ], [ 173.964737544867319, -39.37256626404001 ], [ 173.967402492326528, -39.371080137130257 ], [ 173.967605459952779, -39.370907022483443 ], [ 173.967613332499297, -39.370900314618737 ], [ 173.967614356497648, -39.370899442995487 ], [ 173.967622237772019, -39.370892741271788 ], [ 173.968034893833249, -39.370542197654309 ], [ 173.96859735043418, -39.370061140940813 ], [ 173.968628678152299, -39.370034454463763 ], [ 173.968632759698636, -39.370030991573408 ], [ 173.968664225001106, -39.370004402814132 ], [ 173.969161821023192, -39.369585609610866 ], [ 173.969662944855997, -39.369161209371242 ], [ 173.969671109123169, -39.369154302142199 ], [ 173.970147156520341, -39.368752614814611 ], [ 173.970597898472448, -39.368365936132889 ], [ 173.970637690751175, -39.368331973612925 ], [ 173.970642878212885, -39.368327568749422 ], [ 173.970682893037662, -39.368293764138521 ], [ 173.971125445727552, -39.367921799358989 ], [ 173.97160635393243, -39.367512808403568 ], [ 173.972089599576918, -39.367099271220063 ], [ 173.972107263451136, -39.367084189575294 ], [ 173.972109562611109, -39.367082230980849 ], [ 173.972127270428132, -39.36706718040341 ], [ 173.972630606013468, -39.366640342810477 ], [ 173.973117823394489, -39.366226987453452 ], [ 173.97359229394894, -39.365820086763087 ], [ 173.973622760297047, -39.365794061261681 ], [ 173.973626729416964, -39.36579068396324 ], [ 173.973657326452013, -39.365764751027051 ], [ 173.974142328630961, -39.365355285377703 ], [ 173.975847830850284, -39.363236565549634 ], [ 173.976002570541425, -39.363098379308163 ], [ 173.978782224927983, -39.361287657849935 ], [ 173.978984391799628, -39.36119334776776 ], [ 173.980178015025871, -39.360818911341035 ], [ 173.982491883453093, -39.359815268173122 ], [ 173.982713241909039, -39.359752060270452 ], [ 173.986272760925516, -39.359205106857331 ], [ 173.986508444455666, -39.359198086038589 ], [ 173.990111491291259, -39.359531674308705 ], [ 173.990338438724848, -39.359581527903302 ], [ 173.993632456023875, -39.360763021741263 ], [ 173.993828459734942, -39.360864871877695 ], [ 173.996491091297628, -39.362778662719727 ], [ 173.99663696815216, -39.36292254298673 ], [ 173.998407580889392, -39.36538134949248 ], [ 173.998489048849166, -39.365553179227071 ], [ 173.999194243872864, -39.368316359128073 ], [ 173.999203321009929, -39.368499320453587 ], [ 173.998773937253958, -39.37129640992945 ], [ 173.998709725854525, -39.371472593236362 ], [ 173.99718766031333, -39.374029775872081 ], [ 173.997056438258625, -39.374181932964895 ], [ 173.9959283322506, -39.375290707911176 ], [ 173.995359821370386, -39.375767240454017 ], [ 173.994909524386316, -39.376152129501214 ], [ 173.994882553429818, -39.376175102792772 ], [ 173.994879040573977, -39.376178084613471 ], [ 173.994851967594656, -39.376200985486612 ], [ 173.994404083518674, -39.376578534562647 ], [ 173.993957015792887, -39.376965022491973 ], [ 173.993920449030156, -39.376996484767204 ], [ 173.993915682974773, -39.377000566157719 ], [ 173.993878925808701, -39.377031894505791 ], [ 173.993374735719101, -39.377459588567241 ], [ 173.993332479455063, -39.377495240281291 ], [ 173.993326970111895, -39.377499863500347 ], [ 173.993284467249708, -39.377535338233038 ], [ 173.992821608694499, -39.377919578578926 ], [ 173.99236194897955, -39.378308343134613 ], [ 173.992358480032237, -39.378311275743492 ], [ 173.991879932373223, -39.378715373989074 ], [ 173.991415658648947, -39.379113610924705 ], [ 173.991394792884876, -39.379131460575707 ], [ 173.99139207633803, -39.37913377820805 ], [ 173.991371149073672, -39.379151584439356 ], [ 173.99086071991178, -39.379584719740983 ], [ 173.990859765720444, -39.379585529334754 ], [ 173.990373575962593, -39.37999790986165 ], [ 173.989896345449068, -39.380406382493049 ], [ 173.989884332845321, -39.380416648369362 ], [ 173.989882769881405, -39.380417982000552 ], [ 173.989870736886786, -39.380428233527077 ], [ 173.989352616448912, -39.380868960511769 ], [ 173.989329674192334, -39.380888418298355 ], [ 173.989326686930838, -39.380890944414205 ], [ 173.989303671318169, -39.380910349948437 ], [ 173.988879307042481, -39.381267098300036 ], [ 173.988436707371591, -39.381646869030746 ], [ 173.988404591088425, -39.38167431225115 ], [ 173.988400406522715, -39.381677873183385 ], [ 173.988368144872425, -39.381705213535533 ], [ 173.987872605296616, -39.382123425952479 ], [ 173.987366251958889, -39.382552340692918 ], [ 173.987354103343023, -39.382562615292166 ], [ 173.987352522692902, -39.382563950038218 ], [ 173.987340353614371, -39.382574209993706 ], [ 173.986863376279331, -39.382975729666015 ], [ 173.986320204288859, -39.383440386764441 ], [ 173.986307031148385, -39.383451636531632 ], [ 173.986305317049471, -39.383453097878913 ], [ 173.986292119436939, -39.383464330377741 ], [ 173.98587379974353, -39.383819756754377 ], [ 173.985364059106161, -39.384254608982559 ], [ 173.985243524760136, -39.384355865651393 ], [ 173.985227726335154, -39.384368935150533 ], [ 173.985105207988596, -39.384468747697113 ], [ 173.984830368613103, -39.384689245778674 ], [ 173.984488984312492, -39.384991465115135 ], [ 173.98438642707805, -39.385081046138595 ], [ 173.984372995345126, -39.385092622299844 ], [ 173.984268910534524, -39.385181136063409 ], [ 173.983759850753387, -39.385608291978784 ], [ 173.983227151959369, -39.386056983498165 ], [ 173.983184868816494, -39.386092407081378 ], [ 173.983179356130648, -39.386097000675228 ], [ 173.983136828721996, -39.386132247766412 ], [ 173.982807285282405, -39.386403910699471 ], [ 173.982757823193197, -39.386445937990139 ], [ 173.982505342390169, -39.386660466469941 ], [ 173.982133557378148, -39.386976920988445 ], [ 173.982125512716408, -39.386983761296463 ], [ 173.98212446631868, -39.386984650120986 ], [ 173.982116412554007, -39.386991484036251 ], [ 173.981773817531348, -39.387281886640508 ], [ 173.981490635708781, -39.387526753631455 ], [ 173.981454090796348, -39.387558204675585 ], [ 173.981449327590269, -39.387562284617388 ], [ 173.981412592408589, -39.387593601908804 ], [ 173.981036183418269, -39.387912981691926 ], [ 173.98063725163658, -39.388253940180057 ], [ 173.980758675495082, -39.38831227379498 ], [ 173.980937394325991, -39.388431819458006 ], [ 173.981010845125979, -39.388499173909274 ], [ 173.981032412126098, -39.388510592285094 ], [ 173.981730241986099, -39.388881022300204 ], [ 173.981764677039536, -39.388899372001013 ], [ 173.981769148048926, -39.388901763706585 ], [ 173.981803497755919, -39.388920209476062 ], [ 173.982605470236507, -39.389352521431228 ], [ 173.983067439948286, -39.38959204940106 ], [ 173.983574255574297, -39.389842899538905 ], [ 173.983755785850775, -39.389934608609515 ], [ 173.983779239351435, -39.389946700655202 ], [ 173.983958532165758, -39.390041023060355 ], [ 173.984764335653182, -39.390473507874631 ], [ 173.984769808296591, -39.390476446851402 ], [ 173.985333138459652, -39.39077944193108 ], [ 173.986040398718131, -39.391156871189516 ], [ 173.986041358338241, -39.391157383339305 ], [ 173.98686107991432, -39.391594983804389 ], [ 173.987291907268514, -39.391824536634878 ], [ 173.98817918785457, -39.391697322457851 ], [ 173.988266815119943, -39.391589612692179 ], [ 173.988707797080735, -39.391059492523119 ], [ 173.98870853027654, -39.391058611224977 ], [ 173.989112989845523, -39.390572606862257 ], [ 173.989525908391613, -39.390071016273751 ], [ 173.989540463689963, -39.39005338038335 ], [ 173.989542359311997, -39.390051089428198 ], [ 173.989556967429422, -39.390033479854665 ], [ 173.989982281943298, -39.389522081038962 ], [ 173.989988322182313, -39.389514825718287 ], [ 173.990398412600399, -39.389023550282772 ], [ 173.990813514288988, -39.388523049674625 ], [ 173.990815298289419, -39.388520899294257 ], [ 173.991242335793402, -39.388006565690375 ], [ 173.991646402373988, -39.387518591002696 ], [ 173.991676758874689, -39.387482123976362 ], [ 173.991680719923778, -39.387477390672935 ], [ 173.991711302639857, -39.387441037646305 ], [ 173.992074977551113, -39.387011009901826 ], [ 173.992425108264229, -39.386582041334734 ], [ 173.992450682894685, -39.386550849739571 ], [ 173.992454018309473, -39.386546800145624 ], [ 173.992479757752506, -39.386515690295404 ], [ 173.992904308072809, -39.386004864561329 ], [ 173.992925299540644, -39.385979699125663 ], [ 173.992928035441366, -39.385976431153104 ], [ 173.992949134753559, -39.385951320087869 ], [ 173.993386675836888, -39.385432471261062 ], [ 173.993434093950839, -39.385376693764194 ], [ 173.993440292889971, -39.38536946053955 ], [ 173.99348824307009, -39.385313957656955 ], [ 173.993880284607002, -39.384863781747633 ], [ 173.994259438827754, -39.384421208896477 ], [ 173.994287307214364, -39.384388830939628 ], [ 173.994290941813745, -39.384384627904097 ], [ 173.994318990340588, -39.384352343775632 ], [ 173.994770944994713, -39.383834553345984 ], [ 173.995198832412626, -39.383343128980556 ], [ 173.995204802594941, -39.383336278917703 ], [ 173.995624918815537, -39.382855452508295 ], [ 173.995942414731218, -39.382490913698192 ], [ 173.996161937288008, -39.382234874158179 ], [ 173.996181013214027, -39.382212696171749 ], [ 173.996183498579654, -39.382209815889361 ], [ 173.996202659047668, -39.382187681839035 ], [ 173.996479509724395, -39.381868884588705 ], [ 173.997612211374332, -39.380762870363547 ], [ 173.997773045018448, -39.38062891085189 ], [ 174.000632300193672, -39.378893722156775 ], [ 174.000838593924243, -39.378804883725714 ], [ 174.004248716534306, -39.377840221787821 ], [ 174.004480282124632, -39.377805197758576 ], [ 174.00810757694083, -39.377705460003469 ], [ 174.00834175581204, -39.37772767777485 ], [ 174.01183129772167, -39.378502628765823 ], [ 174.01204517561095, -39.378579914696864 ], [ 174.015055498809829, -39.380153729723361 ], [ 174.015228145420309, -39.380278521450592 ], [ 174.017464624608436, -39.382497196226019 ], [ 174.017579140288944, -39.382657281805145 ], [ 174.018822813030141, -39.385303687750103 ], [ 174.018867982952145, -39.385483399695069 ], [ 174.018996998589245, -39.38829851861032 ], [ 174.0189683925297, -39.388480266464263 ], [ 174.017969982259075, -39.391188533396672 ], [ 174.017870391574405, -39.39135452522531 ], [ 174.016974782520265, -39.392584597784349 ], [ 174.016718424247358, -39.392879892235072 ], [ 174.016494360659436, -39.393141312981555 ], [ 174.016470967991097, -39.393168498509333 ], [ 174.016467918685038, -39.393172028331996 ], [ 174.016444398952387, -39.393199147768179 ], [ 174.016096717680881, -39.393598471692201 ], [ 174.0160912818491, -39.393604709335605 ], [ 174.015672209650035, -39.394084492161454 ], [ 174.015246095706573, -39.394574035458021 ], [ 174.015241937387771, -39.394578809470772 ], [ 174.014812410829819, -39.395071063863462 ], [ 174.014437000182369, -39.395509409221638 ], [ 174.014412612260884, -39.395537768717951 ], [ 174.014409432845241, -39.395541450780726 ], [ 174.014384906679794, -39.395569738404156 ], [ 174.014018076007204, -39.395991099831399 ], [ 174.013653345016081, -39.396423752137373 ], [ 174.013278663173878, -39.396874728571866 ], [ 174.012902351243156, -39.397335933295089 ], [ 174.012851897903317, -39.397397218848702 ], [ 174.012845297600052, -39.397405165287452 ], [ 174.01279420781222, -39.397466132637355 ], [ 174.012408532727875, -39.397922326658495 ], [ 174.012032693677298, -39.398376366788263 ], [ 174.012028392472303, -39.398381559041425 ], [ 174.011596826728578, -39.39890152611023 ], [ 174.01117365432043, -39.399411931606892 ], [ 174.011164414500342, -39.399423058041904 ], [ 174.011163211954425, -39.399424503791828 ], [ 174.011153951068252, -39.399435619663173 ], [ 174.010745115389426, -39.399925551685833 ], [ 174.010457983663088, -39.400270917494737 ], [ 174.010487637539171, -39.4002818518277 ], [ 174.01111634631016, -39.400509599196717 ], [ 174.011436911529159, -39.400623386427725 ], [ 174.013172072180197, -39.398746616807735 ], [ 174.013337926677366, -39.398616362150591 ], [ 174.016262091695779, -39.39694676495639 ], [ 174.01647169905678, -39.396862643598965 ], [ 174.019917616622337, -39.395975744616386 ], [ 174.020150464694098, -39.395945988268146 ], [ 174.023780940550012, -39.395928575550542 ], [ 174.02401424538445, -39.395956096170657 ], [ 174.027474043099375, -39.396809878848167 ], [ 174.027684975829317, -39.396891983907544 ], [ 174.030635536437359, -39.398533423107409 ], [ 174.030803454628739, -39.398662078625186 ], [ 174.032955995093829, -39.400930551359394 ], [ 174.033064461411499, -39.401093167166955 ], [ 174.034184624507162, -39.403711499022627 ], [ 174.034469215623545, -39.403628059377091 ], [ 174.035197160258548, -39.403406644165038 ], [ 174.035477805386307, -39.403340457853773 ], [ 174.035483364292105, -39.402780038616527 ], [ 174.035484265904131, -39.402717431239687 ], [ 174.035484419588983, -39.402709292695249 ], [ 174.035485882358927, -39.402646691696162 ], [ 174.035492242409902, -39.402418322875675 ], [ 174.034780022404362, -39.401809535484162 ], [ 174.034650698734396, -39.401656372613047 ], [ 174.033160782017177, -39.399087554315514 ], [ 174.03309879997434, -39.398910882682102 ], [ 174.032705015561845, -39.396110585080329 ], [ 174.03271643423281, -39.395927700022703 ], [ 174.033457190503725, -39.393170042160158 ], [ 174.03354088305062, -39.392998845054827 ], [ 174.033791992409078, -39.392658256218596 ], [ 174.033138816394853, -39.390184774174223 ], [ 174.033128195902606, -39.390001859994193 ], [ 174.033534117951632, -39.387202606021894 ], [ 174.033596857008519, -39.387026097230425 ], [ 174.035097561763081, -39.384461165875599 ], [ 174.03522751138081, -39.384308338277329 ], [ 174.03767601260094, -39.382228759027356 ], [ 174.037860449207898, -39.382114569075576 ], [ 174.041017064764787, -39.380723851751085 ], [ 174.041237936896948, -39.380659473795468 ], [ 174.044793752704493, -39.380093708163933 ], [ 174.045029447061552, -39.38008544190923 ], [ 174.048636526164756, -39.380399992807256 ], [ 174.048863980520707, -39.380448647439572 ], [ 174.052169371551003, -39.381612741473766 ], [ 174.052366328741385, -39.381713556441106 ], [ 174.05380275836032, -39.382581580858457 ], [ 174.054646251222863, -39.383179433935261 ], [ 174.054661872121073, -39.383190525911637 ], [ 174.054663901140998, -39.383191969305173 ], [ 174.054679495933755, -39.383203083382973 ], [ 174.055664957381367, -39.383906677140516 ], [ 174.056786108142205, -39.384692027345707 ], [ 174.057956902990014, -39.385641286459546 ], [ 174.058096725259674, -39.38577262791528 ], [ 174.059142602667549, -39.386929093605346 ], [ 174.059151046953929, -39.386940190753727 ], [ 174.059950943810321, -39.388209374683683 ], [ 174.060031627570794, -39.38836781582242 ], [ 174.060565838903528, -39.38971847103263 ], [ 174.06056945112789, -39.389731049902792 ], [ 174.060824805220193, -39.39112992239167 ], [ 174.060838446065134, -39.391299955898511 ], [ 174.060808638413874, -39.392712601975653 ], [ 174.060807064387745, -39.392725431343607 ], [ 174.060492811085226, -39.394117066138463 ], [ 174.060438065223451, -39.394282048037454 ], [ 174.060255078134418, -39.39470337602063 ], [ 174.060252763030832, -39.395109552533256 ], [ 174.060258416130665, -39.395754855322167 ], [ 174.060255661943671, -39.396021524895119 ], [ 174.060254642349662, -39.396056180221827 ], [ 174.060241710433729, -39.396322669519144 ], [ 174.060193080686986, -39.397041456260069 ], [ 174.060190956403119, -39.397648576113838 ], [ 174.060198453339979, -39.398357329875836 ], [ 174.060653588670618, -39.398255724247051 ], [ 174.060731400006034, -39.398238580819559 ], [ 174.060741525365074, -39.398236379549104 ], [ 174.060819488785143, -39.398219657277011 ], [ 174.061437974811867, -39.398088795331063 ], [ 174.06200432298499, -39.397960835722962 ], [ 174.06255348072753, -39.39784799363764 ], [ 174.062625291001439, -39.397834688116681 ], [ 174.063180906874067, -39.397742829853634 ], [ 174.063829258257044, -39.397648445121447 ], [ 174.063941503263038, -39.397633278094844 ], [ 174.064414059170929, -39.397528283301057 ], [ 174.064555910202472, -39.397497520065535 ], [ 174.064574382795854, -39.39749361178869 ], [ 174.06471672551146, -39.397464247687644 ], [ 174.065228365211567, -39.397361391886065 ], [ 174.065852697182066, -39.397220270300664 ], [ 174.065956006101317, -39.397197320453714 ], [ 174.065969453772652, -39.39719438527613 ], [ 174.066073032105834, -39.39717217854475 ], [ 174.066692127376598, -39.397041835855504 ], [ 174.06679832421213, -39.396980667146074 ], [ 174.067527772743659, -39.396581694216081 ], [ 174.067708359212332, -39.396487193244603 ], [ 174.068531205021259, -39.396025326333039 ], [ 174.068422553731068, -39.395665873340057 ], [ 174.068259975836526, -39.39518844101557 ], [ 174.068049811070011, -39.394640608029846 ], [ 174.067910309895439, -39.394284709983879 ], [ 174.067739706439482, -39.393901662343509 ], [ 174.067628752863271, -39.393639605293437 ], [ 174.067615004813462, -39.393605374449969 ], [ 174.067514449891945, -39.393340803147417 ], [ 174.067275526294253, -39.392674717779684 ], [ 174.067044004990294, -39.391897444930144 ], [ 174.067019730166294, -39.391795564154499 ], [ 174.066877791587956, -39.391005440568613 ], [ 174.066815925822283, -39.390497242817418 ], [ 174.066764641370753, -39.389606533399473 ], [ 174.066765370260356, -39.389490769206745 ], [ 174.066854153718424, -39.388422205672661 ], [ 174.066857868291692, -39.388399057306927 ], [ 174.066888728698387, -39.388221213909532 ], [ 174.066996393443901, -39.387644284102272 ], [ 174.067293970218316, -39.38654152739602 ], [ 174.067344039139556, -39.386400604645253 ], [ 174.067816750867422, -39.385335318320166 ], [ 174.06810413917114, -39.384799233232776 ], [ 174.068111834035165, -39.384784914144362 ], [ 174.068112836432988, -39.384783053333344 ], [ 174.068120563073762, -39.38476874456007 ], [ 174.068337113498757, -39.384368684778458 ], [ 174.069044212416799, -39.383276552787443 ], [ 174.069148099252061, -39.383140059844237 ], [ 174.070039257590707, -39.382132298995387 ], [ 174.070520477164393, -39.381660298059138 ], [ 174.071758612074547, -39.38062449893571 ], [ 174.071932147634527, -39.380500443049179 ], [ 174.074953701718158, -39.378939462218632 ], [ 174.075168132865855, -39.378863088402007 ], [ 174.078663261492807, -39.378103025158744 ], [ 174.078897604532557, -39.378081806966051 ], [ 174.082524302972729, -39.378197038197676 ], [ 174.082755627806279, -39.378233052136046 ], [ 174.08615902817138, -39.379212307783639 ], [ 174.086364699408335, -39.379302030232331 ], [ 174.089211754688989, -39.381049492827195 ], [ 174.089371644189839, -39.381184144315128 ], [ 174.091383690444616, -39.383528813414564 ], [ 174.091482145924829, -39.383695216799708 ], [ 174.091712328476547, -39.384332310531939 ], [ 174.092234677213042, -39.384867177358579 ], [ 174.092346022909624, -39.385028613922934 ], [ 174.093537318389309, -39.38768962119542 ], [ 174.093578933052356, -39.387869856942807 ], [ 174.093652279735863, -39.390686292610205 ], [ 174.093620081069787, -39.390867685713779 ], [ 174.093426823225712, -39.391363040455204 ], [ 174.093950334654977, -39.391250738112156 ], [ 174.094608454927396, -39.391105460776814 ], [ 174.095329735125716, -39.39093805410198 ], [ 174.095347517102795, -39.390933938914749 ], [ 174.095349829310578, -39.390933405374476 ], [ 174.095367619761561, -39.390929312250044 ], [ 174.095990559973814, -39.390786408077602 ], [ 174.096214086818378, -39.39073701279392 ], [ 174.096243225246042, -39.390730817817655 ], [ 174.09646798191514, -39.390684905772041 ], [ 174.09686237972366, -39.390607607954394 ], [ 174.097056524944804, -39.390563817520231 ], [ 174.097239783772523, -39.390522482214308 ], [ 174.097960584855457, -39.390355128749839 ], [ 174.098213695664185, -39.390298780914819 ], [ 174.098246702913997, -39.390291746282216 ], [ 174.098501395964973, -39.390239868997206 ], [ 174.098858844616785, -39.390170415009067 ], [ 174.099119168259421, -39.390108335845916 ], [ 174.099122106459902, -39.38956394676336 ], [ 174.099122929748887, -39.389040223032552 ], [ 174.099201922120272, -39.388002313126989 ], [ 174.099222179388562, -39.387868293921123 ], [ 174.099272002325051, -39.387649024557717 ], [ 174.099250269183784, -39.387562031430946 ], [ 174.099121256202437, -39.386991907505084 ], [ 174.098993812904695, -39.386247775652876 ], [ 174.098982466401395, -39.386150671141017 ], [ 174.098935347196232, -39.385400887456264 ], [ 174.098934425791413, -39.385299177629435 ], [ 174.098899122912059, -39.385190746658694 ], [ 174.098879935024968, -39.385123546700854 ], [ 174.098626751469283, -39.38372440883326 ], [ 174.098617736619644, -39.383609815125631 ], [ 174.098649716836263, -39.38219716728517 ], [ 174.09865822764101, -39.382128655050266 ], [ 174.09874367889671, -39.381603132855929 ], [ 174.098859401492746, -39.381028159463895 ], [ 174.098901751843982, -39.38084619301091 ], [ 174.098902801347236, -39.380537948451504 ], [ 174.098902985317324, -39.380505729994717 ], [ 174.098903018889388, -39.380501541642005 ], [ 174.098903351412559, -39.380469323903242 ], [ 174.09891237566049, -39.379754604804866 ], [ 174.098912418281941, -39.379751290510875 ], [ 174.098922912338764, -39.378971884305201 ], [ 174.099084700552197, -39.377564607621864 ], [ 174.09912404076664, -39.377384064497086 ], [ 174.100281640831582, -39.37471414673886 ], [ 174.10039093458181, -39.374551873361824 ], [ 174.10255479166949, -39.372290220895124 ], [ 174.102723335645607, -39.372162098627861 ], [ 174.105681602377189, -39.370530044941368 ], [ 174.105892898950202, -39.370448611769753 ], [ 174.109356051754531, -39.369605864729188 ], [ 174.109589423636862, -39.369579089299052 ], [ 174.113218583392182, -39.369608116499101 ], [ 174.113451195424346, -39.369638619081933 ], [ 174.116891254105241, -39.370536585399712 ], [ 174.117100345120548, -39.370621381666979 ], [ 174.120014673028066, -39.372300424391888 ], [ 174.120179780622209, -39.372431216978292 ], [ 174.122283137115431, -39.374727032502662 ], [ 174.122388098785024, -39.374891022033069 ], [ 174.123474540588319, -39.377578928881249 ], [ 174.123509076064806, -39.377760065520917 ], [ 174.123633438591298, -39.379169650475902 ], [ 174.12362329826675, -39.379943012297097 ], [ 174.123614985633623, -39.380620306835155 ], [ 174.123612919608519, -39.381297278444876 ], [ 174.123612775099247, -39.381325694115773 ], [ 174.123612748801861, -39.381329388120768 ], [ 174.123612488735915, -39.381357803295991 ], [ 174.123604849180055, -39.382040745639976 ], [ 174.123508618685293, -39.383122439767376 ], [ 174.123506823641861, -39.383133163446956 ], [ 174.123525435430878, -39.383274338388318 ], [ 174.123544144830873, -39.383429504912549 ], [ 174.123546351930969, -39.383449691383746 ], [ 174.123561597909202, -39.383605085955104 ], [ 174.123614365715639, -39.384212293584604 ], [ 174.12373246189577, -39.384565250339996 ], [ 174.123754360847016, -39.384560486853374 ], [ 174.124282196464122, -39.384440187966511 ], [ 174.125232683300396, -39.384256985766569 ], [ 174.12535732030409, -39.384237254542718 ], [ 174.126324326729389, -39.38411689934135 ], [ 174.126961137230296, -39.384058904092619 ], [ 174.127313118259593, -39.384031061978746 ], [ 174.127358936246566, -39.384027984593629 ], [ 174.127711847369653, -39.384008482319601 ], [ 174.128308380877684, -39.383982601673019 ], [ 174.128791997407035, -39.383959447446891 ], [ 174.129248740360993, -39.383933143851969 ], [ 174.129250051574047, -39.383946854706231 ], [ 174.129342337020461, -39.383936360012811 ], [ 174.129818776665729, -39.383696154585962 ], [ 174.130581139543096, -39.383305410676542 ], [ 174.131501741936262, -39.382879583609771 ], [ 174.131624455234231, -39.382828628407403 ], [ 174.132591750477246, -39.382470528909728 ], [ 174.133062890910367, -39.382316408817694 ], [ 174.133092516624117, -39.382151468191765 ], [ 174.133095221166855, -39.382056991808277 ], [ 174.133156996979523, -39.381792471785545 ], [ 174.133297412403977, -39.381010689357801 ], [ 174.133073104493519, -39.380576493980122 ], [ 174.133036603711417, -39.380497804384987 ], [ 174.132783730634742, -39.379884705229202 ], [ 174.132604013851505, -39.379388531898002 ], [ 174.132447481550486, -39.378905443526556 ], [ 174.132429385617058, -39.378842253402233 ], [ 174.132307518692926, -39.378353186049587 ], [ 174.13219030852116, -39.377801314610004 ], [ 174.132159084085174, -39.377645842742915 ], [ 174.132155252769792, -39.377625605417428 ], [ 174.132127533883931, -39.377469733816142 ], [ 174.132045664666549, -39.376977644335426 ], [ 174.131952301820888, -39.376506962895071 ], [ 174.131945708337554, -39.376473299001937 ], [ 174.131944861850315, -39.376468921453522 ], [ 174.131938432452927, -39.376435238447911 ], [ 174.131820319444984, -39.375808274832181 ], [ 174.131819111535094, -39.375801847012923 ], [ 174.131707599211467, -39.375204598338662 ], [ 174.131593233714597, -39.374600626556436 ], [ 174.131525652412876, -39.374258364289801 ], [ 174.131430111495746, -39.373853592010377 ], [ 174.131402200948003, -39.373730532967699 ], [ 174.131398715772946, -39.373714516522533 ], [ 174.131373008238569, -39.373591168716906 ], [ 174.131256610335356, -39.373006986940219 ], [ 174.131246347171214, -39.372954451518289 ], [ 174.13124503893647, -39.372947618917244 ], [ 174.131235175412087, -39.372895037399942 ], [ 174.131160159075336, -39.372486682384135 ], [ 174.130977047072633, -39.371623940917189 ], [ 174.130968815179443, -39.371584613152848 ], [ 174.130967759613213, -39.371579498730803 ], [ 174.130959752025632, -39.371540143079216 ], [ 174.130799280450191, -39.370739963765068 ], [ 174.130796702318435, -39.370727046287122 ], [ 174.130796368731922, -39.370725366826591 ], [ 174.130793814763223, -39.370712446450227 ], [ 174.130637699164851, -39.369918816356858 ], [ 174.130632209405888, -39.369890608888966 ], [ 174.130631503223469, -39.369886941049977 ], [ 174.130626128637317, -39.369858720225643 ], [ 174.130471583624228, -39.369038245625966 ], [ 174.130459271789107, -39.368971116947861 ], [ 174.130457713607626, -39.368962385665618 ], [ 174.13044605341949, -39.36889518692449 ], [ 174.130354101669013, -39.368349738870194 ], [ 174.130205958781261, -39.367705099035184 ], [ 174.13018588795228, -39.367615123764196 ], [ 174.130183355225824, -39.367603417009967 ], [ 174.130154214312682, -39.367461828173489 ], [ 174.130152907172459, -39.367455135414133 ], [ 174.130143044041006, -39.367403630081874 ], [ 174.130027021409404, -39.366785468589576 ], [ 174.129907502066317, -39.366201470894488 ], [ 174.129781954412806, -39.36563331641716 ], [ 174.129615944142245, -39.364226312395886 ], [ 174.129612926713691, -39.36404321751241 ], [ 174.130134721866625, -39.361255413514115 ], [ 174.130204735940481, -39.361080555559866 ], [ 174.131810660098324, -39.358554342999206 ], [ 174.131946844902359, -39.35840483601558 ], [ 174.134479619395705, -39.35638745253641 ], [ 174.134668641566748, -39.356277927877265 ], [ 174.137880343807268, -39.35496679534463 ], [ 174.138103703561796, -39.354907970767833 ], [ 174.141680034248139, -39.354431390737062 ], [ 174.14191587511425, -39.354429022527093 ], [ 174.145506891773891, -39.354833632926791 ], [ 174.145732137177674, -39.354887953144889 ], [ 174.148986457936445, -39.356134168007856 ], [ 174.149179066596389, -39.356239861682845 ], [ 174.149548854536818, -39.356519562273988 ], [ 174.149185781798849, -39.35611942833912 ], [ 174.149181389431021, -39.35611248672933 ], [ 174.148671810706219, -39.355634794564843 ], [ 174.148536019154733, -39.355485073240658 ], [ 174.146936839486898, -39.352956302752389 ], [ 174.146867296107189, -39.352781331721523 ], [ 174.146352984198018, -39.349992669436574 ], [ 174.146356488564635, -39.349809577789962 ], [ 174.146977253127716, -39.347034007545368 ], [ 174.147053453061545, -39.346860717129644 ], [ 174.148748400269199, -39.344369908224323 ], [ 174.14888982980483, -39.344223379495666 ], [ 174.151492973279602, -39.342261102550061 ], [ 174.151685786152086, -39.342155675290243 ], [ 174.154942322769728, -39.340913958274221 ], [ 174.155167648604845, -39.340859949238371 ], [ 174.158758896288703, -39.34046030081084 ], [ 174.158994686431868, -39.340462995072748 ], [ 174.162569244445422, -39.3409445254457 ], [ 174.162792427256761, -39.341003659709131 ], [ 174.166000521996352, -39.342319256142439 ], [ 174.166189257773965, -39.342429044347625 ], [ 174.167549814859086, -39.343357744467951 ], [ 174.168195495019205, -39.343873248310565 ], [ 174.168824909583094, -39.344374347941795 ], [ 174.168872193340434, -39.344412213062682 ], [ 174.168878321613704, -39.344417149463716 ], [ 174.168925318983497, -39.344455228974255 ], [ 174.169534681438336, -39.344951861683853 ], [ 174.169997953202824, -39.345324568807456 ], [ 174.170384929208552, -39.34563183713739 ], [ 174.170762854825682, -39.344555235478801 ], [ 174.170859700917873, -39.344388273881613 ], [ 174.170976527622031, -39.344249894907669 ], [ 174.171067130974052, -39.343543201220527 ], [ 174.171126914159402, -39.343366068386985 ], [ 174.171497475650739, -39.342710119403257 ], [ 174.171112482858774, -39.342545000693178 ], [ 174.171070985446875, -39.342527116676472 ], [ 174.171065596934739, -39.342524783190882 ], [ 174.171024194159969, -39.342506767429256 ] ], [ [ 173.828145119208102, -39.338919411733329 ], [ 173.828145472607332, -39.338925161536388 ], [ 173.828148050987949, -39.338969395982275 ], [ 173.828165820577198, -39.339291799969004 ], [ 173.828399676689088, -39.339176392341813 ], [ 173.828938891593339, -39.338910213717163 ], [ 173.829495192955193, -39.338633100637765 ], [ 173.829534140628027, -39.33861378423633 ], [ 173.829539210250147, -39.338611280948989 ], [ 173.82957825676354, -39.338592085237593 ], [ 173.83013115729338, -39.338321467635765 ], [ 173.830718904807441, -39.338028168358861 ], [ 173.830762121947515, -39.338006706573879 ], [ 173.83076774809453, -39.338003926207044 ], [ 173.830811087062784, -39.337982613117752 ], [ 173.831489046684595, -39.337650834211075 ], [ 173.832054949878511, -39.337373788457811 ], [ 173.832643177047458, -39.337083212671359 ], [ 173.833672674596642, -39.336630220916526 ], [ 173.833810024874566, -39.336576781664284 ], [ 173.834384718578576, -39.336395454536003 ], [ 173.833990362744544, -39.336269293002495 ], [ 173.833908069400309, -39.336236885433536 ], [ 173.832355197234818, -39.335501064753565 ], [ 173.832238391686957, -39.335435424511815 ], [ 173.831371069105302, -39.334897042556769 ], [ 173.831312458867416, -39.33485694121083 ], [ 173.830990101120676, -39.334840546828779 ], [ 173.830875036841718, -39.334827589536765 ], [ 173.830759968314339, -39.334814655452504 ], [ 173.830357169679218, -39.334743933642613 ], [ 173.830244216414826, -39.334750099078953 ], [ 173.829730349991422, -39.334780039890347 ], [ 173.828365103847261, -39.336032882233006 ], [ 173.828186529301519, -39.336152414398818 ], [ 173.827867227127342, -39.336305914969238 ], [ 173.827920312029846, -39.336678902818065 ], [ 173.828020011412889, -39.33737712998866 ], [ 173.828052129379245, -39.33763619707149 ], [ 173.828055677002169, -39.33766991561771 ], [ 173.828078137812156, -39.33792959540061 ], [ 173.828142260677254, -39.33887518767056 ], [ 173.828145119208102, -39.338919411733329 ] ], [ [ 173.869616046846005, -39.352214548153071 ], [ 173.869476398893909, -39.352290006004822 ], [ 173.870438585270563, -39.352195842961898 ], [ 173.870499816346268, -39.351971362642736 ], [ 173.870357379251658, -39.352011242851617 ], [ 173.870312785363637, -39.352023648464098 ], [ 173.870306983937354, -39.352025251992757 ], [ 173.870262325113174, -39.352037516051908 ], [ 173.869700142017365, -39.352190896726967 ], [ 173.869616046846005, -39.352214548153071 ] ], [ [ 173.881795593378484, -39.331032655486204 ], [ 173.882382223009103, -39.331603114961588 ], [ 173.882400874943102, -39.331621300677433 ], [ 173.882403295759872, -39.331623667247321 ], [ 173.882421887160547, -39.331641890298812 ], [ 173.882699908894551, -39.331915126281174 ], [ 173.882757160276611, -39.331906065087978 ], [ 173.883330239798767, -39.331817833722134 ], [ 173.883836865339021, -39.331737373932626 ], [ 173.884366728505682, -39.331650254979301 ], [ 173.884370680194166, -39.33164960579245 ], [ 173.884990921247919, -39.331547933569048 ], [ 173.885031818060952, -39.331541289276345 ], [ 173.885037136635617, -39.331540432960416 ], [ 173.885078064048173, -39.331533903162082 ], [ 173.885886116414412, -39.331406156742368 ], [ 173.885898499781405, -39.331404204444233 ], [ 173.885900109789674, -39.331403951327935 ], [ 173.885912495780502, -39.331402009529093 ], [ 173.88668668000858, -39.331280975857339 ], [ 173.886708717401632, -39.33127754777361 ], [ 173.886711582817668, -39.331277104279373 ], [ 173.886733628748374, -39.331273709374862 ], [ 173.887445263751232, -39.331164677291305 ], [ 173.887486822982538, -39.33115837093051 ], [ 173.887492227592048, -39.33115755876851 ], [ 173.887533816199266, -39.331151370329266 ], [ 173.88821112375399, -39.331051579436441 ], [ 173.888895000496234, -39.330941210513636 ], [ 173.88898899275091, -39.33092635579365 ], [ 173.889001221820024, -39.33092446396622 ], [ 173.889095369091109, -39.330910213648693 ], [ 173.889767140329923, -39.330810769205961 ], [ 173.890385948606706, -39.33071756524857 ], [ 173.890901528677517, -39.330638197841317 ], [ 173.89094970290796, -39.33063086416135 ], [ 173.89095596812686, -39.330629921084274 ], [ 173.891004181879879, -39.330622745885989 ], [ 173.891652196654945, -39.330527410136163 ], [ 173.891984242742126, -39.330474323077674 ], [ 173.891988739518496, -39.330184831075933 ], [ 173.891996489300141, -39.329474712281247 ], [ 173.89199749599743, -39.328659019675868 ], [ 173.891997825755084, -39.328599193830115 ], [ 173.891997901895593, -39.328591416666605 ], [ 173.891998743530081, -39.328531593843138 ], [ 173.892012626435189, -39.327774910999302 ], [ 173.892007876455239, -39.327325593634782 ], [ 173.892007548639583, -39.327281332950911 ], [ 173.89200752423514, -39.327275579015435 ], [ 173.892007476597314, -39.327231317615087 ], [ 173.892008636489294, -39.326675944730788 ], [ 173.89200887323932, -39.326631182741203 ], [ 173.892008922642447, -39.326625363777936 ], [ 173.892009445940062, -39.326580603255834 ], [ 173.89201793704504, -39.326010418218765 ], [ 173.892026458626219, -39.325431519365821 ], [ 173.892026224393931, -39.324946071507199 ], [ 173.891662762190094, -39.325055524385334 ], [ 173.891428041214311, -39.325123948838417 ], [ 173.891397407177323, -39.32513258665999 ], [ 173.891160835289668, -39.325197051766224 ], [ 173.89050512281591, -39.325369565751771 ], [ 173.889884584440807, -39.32554456251588 ], [ 173.88914320633549, -39.325754913447817 ], [ 173.888040475641901, -39.326020245466488 ], [ 173.887895266829872, -39.326049114847265 ], [ 173.887013983333759, -39.326188416813835 ], [ 173.886615401022169, -39.326355311724903 ], [ 173.886507964940421, -39.326396106828689 ], [ 173.885665471978143, -39.326684402354481 ], [ 173.885157249551042, -39.32683989866306 ], [ 173.88373036768678, -39.327918554362995 ], [ 173.883537795862765, -39.328024157756445 ], [ 173.880284324093537, -39.329268826190606 ], [ 173.880059152907904, -39.32932303711322 ], [ 173.880048229220279, -39.329324263139164 ], [ 173.880533755500011, -39.329801928249651 ], [ 173.880533793722009, -39.329801965852688 ], [ 173.881098498529667, -39.33035752875503 ], [ 173.88178001960344, -39.331017542145766 ], [ 173.881787335856501, -39.331024634755785 ], [ 173.881788286368618, -39.331025557166235 ], [ 173.881795593378484, -39.331032655486204 ] ], [ [ 174.05793763746226, -39.42352149852946 ], [ 174.057939194542513, -39.423624715868748 ], [ 174.057939297781417, -39.423638134581758 ], [ 174.057939328989448, -39.423741358981211 ], [ 174.057934664686911, -39.424399291345395 ], [ 174.057934157222121, -39.425037225755226 ], [ 174.05793685497548, -39.425728709873617 ], [ 174.057936899555187, -39.425766880231791 ], [ 174.057936891788017, -39.425771842365577 ], [ 174.057936727713013, -39.425810012527279 ], [ 174.057933058900744, -39.426331739045885 ], [ 174.058280621598186, -39.426303568870999 ], [ 174.059623383997859, -39.42575095891457 ], [ 174.059846674964916, -39.425691488334373 ], [ 174.063424151084945, -39.425204537112506 ], [ 174.063660207814053, -39.425201483246617 ], [ 174.066940113149855, -39.425560942903275 ], [ 174.067051570996654, -39.425529452773624 ], [ 174.070548037536838, -39.425001490300971 ], [ 174.070472711633187, -39.424569333226891 ], [ 174.070460802061064, -39.424467883161448 ], [ 174.07041306022262, -39.423684400220417 ], [ 174.070409192717989, -39.422863377708318 ], [ 174.070409605456263, -39.4227477374044 ], [ 174.070409783581937, -39.422732705051949 ], [ 174.070412111235299, -39.422617078395007 ], [ 174.070415972369631, -39.422481187976246 ], [ 174.070112336348927, -39.421596367014992 ], [ 174.070088053221042, -39.421414235717307 ], [ 174.070284205963617, -39.418601384610071 ], [ 174.070333673341054, -39.4184223471443 ], [ 174.070429035432284, -39.418230616515238 ], [ 174.070422530309031, -39.418120785799999 ], [ 174.069286400805908, -39.41923960035588 ], [ 174.069113116907459, -39.419363947382436 ], [ 174.066094126567549, -39.420929914491246 ], [ 174.065879774379823, -39.421006636261829 ], [ 174.062384545791105, -39.421772262736965 ], [ 174.062150113905034, -39.421793846727184 ], [ 174.058520907222857, -39.421684164076034 ], [ 174.058289352511565, -39.421648497002955 ], [ 174.057933991110019, -39.421546909445638 ], [ 174.057933279518807, -39.421659670887628 ], [ 174.057933173526777, -39.421674103221719 ], [ 174.057933157808975, -39.421675979415376 ], [ 174.057933021988646, -39.421690411599123 ], [ 174.057925966607712, -39.422365904661525 ], [ 174.057924437827239, -39.422934281796898 ], [ 174.05793763746226, -39.42352149852946 ] ], [ [ 174.095181102176781, -39.452674962694523 ], [ 174.095176853622803, -39.453243347117663 ], [ 174.095175370318714, -39.453489685480356 ], [ 174.095174206717104, -39.453682922105379 ], [ 174.095178946578415, -39.454124605021633 ], [ 174.095179269507014, -39.454166306567117 ], [ 174.095179295292894, -39.454171727814327 ], [ 174.095179369069854, -39.454213430071945 ], [ 174.095178595178595, -39.45484857671137 ], [ 174.095178537091215, -39.454869789558558 ], [ 174.095178525349354, -39.45487254721801 ], [ 174.095178402793181, -39.45489375990082 ], [ 174.095173925119695, -39.45550735462129 ], [ 174.095170761625866, -39.456157183057023 ], [ 174.095170584009679, -39.45618348564777 ], [ 174.095170554476766, -39.456186904951238 ], [ 174.095170277740863, -39.456213207028959 ], [ 174.095165762025772, -39.456577199774287 ], [ 174.095169940916321, -39.456975429684725 ], [ 174.095170323986508, -39.457052750085978 ], [ 174.095170318109012, -39.457062801718486 ], [ 174.095169844614645, -39.457140121817631 ], [ 174.09516414456462, -39.457628832954406 ], [ 174.095173906032358, -39.458052735074439 ], [ 174.095175565278765, -39.458161818407099 ], [ 174.095175670151548, -39.458175999732724 ], [ 174.095175624329386, -39.458285090640373 ], [ 174.0951709459992, -39.45885315522932 ], [ 174.095170087462321, -39.459387976771673 ], [ 174.095170019315049, -39.459409586078408 ], [ 174.095170006107054, -39.459412395275997 ], [ 174.095169871054196, -39.459434004393827 ], [ 174.095166042175066, -39.45992499935641 ], [ 174.095168827678464, -39.460398374811859 ], [ 174.095168845106571, -39.460477431981055 ], [ 174.09516878916466, -39.460487709222591 ], [ 174.095167911090982, -39.460566763461664 ], [ 174.095159671123156, -39.461058058107376 ], [ 174.095159161294561, -39.461482862691099 ], [ 174.095158932716373, -39.461531588130434 ], [ 174.095158880889812, -39.461537922328858 ], [ 174.095158312135936, -39.46158664609586 ], [ 174.095152468516659, -39.461971995883552 ], [ 174.095156969601334, -39.462450061112165 ], [ 174.095160604210236, -39.46277687538462 ], [ 174.095182520437334, -39.463196124998163 ], [ 174.095189471495729, -39.463371156759841 ], [ 174.095190089595206, -39.463393915547933 ], [ 174.095192647748121, -39.463569018987428 ], [ 174.095193818587489, -39.464136686333362 ], [ 174.095193827728338, -39.464142137182421 ], [ 174.095194208063333, -39.464699249590616 ], [ 174.095194191525252, -39.464719907466922 ], [ 174.095194185400658, -39.464722592985353 ], [ 174.095194107714178, -39.464743250777232 ], [ 174.095191395843074, -39.465260689382887 ], [ 174.095191507291389, -39.465808352475953 ], [ 174.095191424210952, -39.465843853325353 ], [ 174.095191401672054, -39.465848468401319 ], [ 174.095191137999961, -39.465883968720647 ], [ 174.095186599633422, -39.466339116325159 ], [ 174.095193019762121, -39.466833726975452 ], [ 174.095193582997695, -39.466905772813767 ], [ 174.09519360787084, -39.466915138849842 ], [ 174.095193427298767, -39.466987185874004 ], [ 174.095189401569229, -39.467512144019103 ], [ 174.095189442358958, -39.467741978289105 ], [ 174.095189492530125, -39.468025031417504 ], [ 174.095192026389185, -39.468465945851484 ], [ 174.095192137261733, -39.468498251745167 ], [ 174.095192141954016, -39.468502451517807 ], [ 174.095192103270307, -39.468534757510945 ], [ 174.095189815175843, -39.46918618567846 ], [ 174.095188218675077, -39.46969858719465 ], [ 174.095191569331803, -39.470241359398599 ], [ 174.095191672143642, -39.470304947982356 ], [ 174.095191647845695, -39.470313214431705 ], [ 174.095191171218374, -39.470376801991584 ], [ 174.095185000405678, -39.4708888020714 ], [ 174.095184461024729, -39.471367404391863 ], [ 174.095184299694751, -39.471407636755103 ], [ 174.095184263644683, -39.471412866899854 ], [ 174.095183870358198, -39.471453098302 ], [ 174.095177941702303, -39.471921438716045 ], [ 174.095183737402209, -39.472360681903936 ], [ 174.095184258843886, -39.472418116512422 ], [ 174.09518429590284, -39.472425583103096 ], [ 174.095184344598067, -39.47248301912029 ], [ 174.09518250918677, -39.473044663759815 ], [ 174.09518324841477, -39.47358087783396 ], [ 174.095183087270442, -39.473638884339508 ], [ 174.095183034979186, -39.473646425054618 ], [ 174.095182391642055, -39.473704429550871 ], [ 174.095181927880901, -39.473734844015624 ], [ 174.095369877399435, -39.473739734514325 ], [ 174.095569605344025, -39.47375529887794 ], [ 174.097095667524172, -39.473954496974301 ], [ 174.097308399713626, -39.473993709810834 ], [ 174.097402032879103, -39.473993996866341 ], [ 174.098087947177419, -39.473996094201127 ], [ 174.098146862011163, -39.473996389938343 ], [ 174.098154520766002, -39.473996443432789 ], [ 174.098213432929555, -39.473996970687288 ], [ 174.098825974661565, -39.474003655016354 ], [ 174.098974543884452, -39.474003244386161 ], [ 174.098973778293953, -39.473555181627731 ], [ 174.098973768533369, -39.473540812895138 ], [ 174.098973769187666, -39.47353894496041 ], [ 174.098973789014053, -39.473524576235661 ], [ 174.098975283991479, -39.472904021565704 ], [ 174.098975438378034, -39.472448427782943 ], [ 174.098969197687836, -39.472030909157212 ], [ 174.098968569284381, -39.471972525469972 ], [ 174.098968509476748, -39.471963435782705 ], [ 174.098968399723475, -39.471893513726762 ], [ 174.09897086239215, -39.47117762603451 ], [ 174.098967311095265, -39.470471612944259 ], [ 174.098967310707764, -39.470471535829937 ], [ 174.09896478578338, -39.469967650702579 ], [ 174.098964746444437, -39.469906723337395 ], [ 174.098964775906524, -39.469898802857152 ], [ 174.098965268507982, -39.46983787668006 ], [ 174.098972440823815, -39.469261811537912 ], [ 174.098979352224461, -39.46864743102811 ], [ 174.098973862552327, -39.46803066245598 ], [ 174.09897383414858, -39.468027386073281 ], [ 174.09897046985833, -39.467610573233841 ], [ 174.098970242675961, -39.467553319138553 ], [ 174.098970243674302, -39.467545876108566 ], [ 174.098970486215649, -39.467488622050354 ], [ 174.098973900016318, -39.46707920418082 ], [ 174.098977929752522, -39.466401581365396 ], [ 174.098976186062828, -39.465744456572111 ], [ 174.098976162004902, -39.465723251275747 ], [ 174.09897616306543, -39.465720494588169 ], [ 174.098976203439634, -39.465699289306443 ], [ 174.098978373396591, -39.465065338756958 ], [ 174.098973222692905, -39.464416268851075 ], [ 174.098973011039703, -39.464371515920853 ], [ 174.098973002178582, -39.464365698022824 ], [ 174.098973077506741, -39.464320944829353 ], [ 174.098975998320014, -39.463723540853707 ], [ 174.098966430284321, -39.463101624981313 ], [ 174.09896572637777, -39.463035520431809 ], [ 174.098965675570298, -39.463026926695754 ], [ 174.098965597823081, -39.462960819921626 ], [ 174.098968420615194, -39.462167801871459 ], [ 174.098968706080854, -39.462124806652689 ], [ 174.098968760407814, -39.462119217374749 ], [ 174.098969310741381, -39.462076223702212 ], [ 174.098981505579275, -39.461308308926178 ], [ 174.098984031181573, -39.460826503479403 ], [ 174.098983116863906, -39.460296016904884 ], [ 174.098983183017253, -39.460251303178907 ], [ 174.098983210236867, -39.460245490446916 ], [ 174.098983562846172, -39.460200777526744 ], [ 174.098990206077957, -39.459601701537345 ], [ 174.09899159175373, -39.459519938075054 ], [ 174.098991834151917, -39.459509309678133 ], [ 174.098994177677923, -39.459427559341563 ], [ 174.099004734777054, -39.45912180438885 ], [ 174.099001897064454, -39.458825850861487 ], [ 174.098979508875232, -39.458174511488842 ], [ 174.098976075838351, -39.458032678789593 ], [ 174.098975816939543, -39.458014238957425 ], [ 174.098975266911651, -39.457872381930748 ], [ 174.09897872364968, -39.457322359685527 ], [ 174.098978721607182, -39.456863878307736 ], [ 174.098978729502477, -39.456853347433743 ], [ 174.098978731561601, -39.45685197842112 ], [ 174.098978755345485, -39.456841447562347 ], [ 174.098980584798142, -39.456234177865916 ], [ 174.098980615769278, -39.456225616350466 ], [ 174.098983558298443, -39.455657097735219 ], [ 174.098979816885731, -39.455124499959496 ], [ 174.098979646925414, -39.455069837674529 ], [ 174.098979652655743, -39.455062731590921 ], [ 174.098979910774347, -39.455008069512672 ], [ 174.09898508328186, -39.454409227133965 ], [ 174.098980963331002, -39.453995716222927 ], [ 174.098980778692834, -39.45387864562877 ], [ 174.09898088231671, -39.453863426973641 ], [ 174.098982661165024, -39.45374636441182 ], [ 174.098994299815985, -39.453252852069149 ], [ 174.0989926660138, -39.452731697878733 ], [ 174.098992641697947, -39.452721678999254 ], [ 174.098992251424335, -39.452075259300095 ], [ 174.098992252478951, -39.452065333708589 ], [ 174.098993395761994, -39.45146734934648 ], [ 174.099139081873204, -39.450059019446556 ], [ 174.099176374894, -39.449878211979666 ], [ 174.099250594219058, -39.449702009762234 ], [ 174.099180263089437, -39.448923481781236 ], [ 174.099186987497717, -39.448318359079117 ], [ 174.099192169581869, -39.447570379499432 ], [ 174.099192899916204, -39.446834401995716 ], [ 174.099193256944062, -39.446770386328957 ], [ 174.099193341514564, -39.446762064525345 ], [ 174.099194285571144, -39.446698052444042 ], [ 174.09920230360234, -39.446283335666919 ], [ 174.099202977944486, -39.446230754921402 ], [ 174.099208298521717, -39.445815882006954 ], [ 174.099210297914766, -39.445388661017617 ], [ 174.099210413937811, -39.445369492347467 ], [ 174.09921043244205, -39.445367000435645 ], [ 174.099210601099486, -39.445347832000735 ], [ 174.099214369881622, -39.444977308325065 ], [ 174.099007736406804, -39.443489165069458 ], [ 174.099019231976087, -39.443310455305195 ], [ 174.098830996248523, -39.443317033604167 ], [ 174.097855494220425, -39.443319317945551 ], [ 174.097728886684536, -39.443315487413599 ], [ 174.095919270162739, -39.443149786601104 ], [ 174.095811204367095, -39.4431331413249 ], [ 174.095805870617085, -39.443131976074604 ], [ 174.095496240168075, -39.443930998198333 ], [ 174.095476175512829, -39.443971058151881 ], [ 174.095423840761356, -39.444070117127374 ], [ 174.095423812372246, -39.444109286880497 ], [ 174.095423426872571, -39.444177765189494 ], [ 174.09542333309625, -39.444186667093106 ], [ 174.095422275882413, -39.44425514114716 ], [ 174.095414967877247, -39.444614335430181 ], [ 174.09542330840614, -39.445008153297465 ], [ 174.095424219934358, -39.445060443198315 ], [ 174.09542431297109, -39.445067241094833 ], [ 174.095424832776899, -39.445119534217241 ], [ 174.095429268728083, -39.445835671532095 ], [ 174.095429389217941, -39.445892598847031 ], [ 174.095429374706441, -39.445899999362354 ], [ 174.095429030962435, -39.445956926129263 ], [ 174.095423842939795, -39.446469766422453 ], [ 174.095421894280548, -39.447174127458254 ], [ 174.095275018126841, -39.448582380502572 ], [ 174.095237571556481, -39.448763168458797 ], [ 174.09473719381208, -39.449948434632766 ], [ 174.094999005481952, -39.450571229836804 ], [ 174.095036161997683, -39.450752053815485 ], [ 174.095180781778879, -39.452160446744628 ], [ 174.095181304814531, -39.452610766928736 ], [ 174.095181274746892, -39.452640905909298 ], [ 174.095181262379327, -39.452644823960725 ], [ 174.095181102176781, -39.452674962694523 ] ], [ [ 174.123730682408393, -39.453501500224988 ], [ 174.123719808015949, -39.453969638040213 ], [ 174.123723501432522, -39.454327601146964 ], [ 174.123723869337397, -39.45439251542517 ], [ 174.123723877923709, -39.454400954305306 ], [ 174.123723642115408, -39.454465868952184 ], [ 174.123718591341429, -39.455075638629012 ], [ 174.123722426843415, -39.455595398401435 ], [ 174.123722611199128, -39.455638001299732 ], [ 174.123722618263088, -39.45564353968944 ], [ 174.123722542583209, -39.455686142786639 ], [ 174.123719653882006, -39.456284396043607 ], [ 174.123718090926246, -39.4568723893439 ], [ 174.123718259867417, -39.457343034402179 ], [ 174.123718233236985, -39.457364981067286 ], [ 174.123718225289565, -39.457367834126138 ], [ 174.123718129651422, -39.457389780674077 ], [ 174.123715625270108, -39.4578120909514 ], [ 174.123736196307277, -39.458404448292825 ], [ 174.123738662496294, -39.458490891130019 ], [ 174.123738913488893, -39.458502129633004 ], [ 174.123740308723001, -39.458588586841621 ], [ 174.123745797111553, -39.459140571216025 ], [ 174.12374563021018, -39.459294495967903 ], [ 174.123745387872702, -39.459314504579602 ], [ 174.123741826497394, -39.459468404622761 ], [ 174.123728751868299, -39.459850997268717 ], [ 174.123723766876765, -39.460315376467193 ], [ 174.123724824134399, -39.460824134381724 ], [ 174.123724832316867, -39.460848440253024 ], [ 174.123724827878618, -39.460851600011559 ], [ 174.123724751415295, -39.460875905810227 ], [ 174.123722076857121, -39.46142313614456 ], [ 174.123721796717575, -39.461460255218554 ], [ 174.123721747467357, -39.461465080619504 ], [ 174.123721269911272, -39.46150219848316 ], [ 174.123709444211812, -39.462263867496191 ], [ 174.123707274981228, -39.462940699213846 ], [ 174.123717141448878, -39.463567557723408 ], [ 174.123717896298757, -39.463638298294939 ], [ 174.123717947819586, -39.463647494726061 ], [ 174.123717985597125, -39.463718237710225 ], [ 174.123715151092284, -39.464343329664366 ], [ 174.12372048688178, -39.464986953222677 ], [ 174.123720702899021, -39.465026585866859 ], [ 174.123720716351585, -39.465031738133547 ], [ 174.1237207072964, -39.465071371130961 ], [ 174.123718701926947, -39.465724955774782 ], [ 174.123720706916401, -39.46639146349947 ], [ 174.123720732663116, -39.466421471612094 ], [ 174.123720727623152, -39.466425372660233 ], [ 174.123720624338318, -39.466455380672834 ], [ 174.123716606444248, -39.467173855690099 ], [ 174.123716547444644, -39.467183281955521 ], [ 174.123713633057548, -39.467548955187283 ], [ 174.123716580507619, -39.467898808957564 ], [ 174.123722953506501, -39.468587372525938 ], [ 174.123723250046766, -39.468657678541405 ], [ 174.12372324255702, -39.46866681830069 ], [ 174.123722830789063, -39.468737123966363 ], [ 174.12371527280709, -39.469430849595199 ], [ 174.123715219661449, -39.469435582144087 ], [ 174.123708933024517, -39.469955417904416 ], [ 174.123711287819134, -39.470394278585282 ], [ 174.1237152587438, -39.47113169939886 ], [ 174.123715355294706, -39.471161250790495 ], [ 174.123715359712037, -39.471165092476916 ], [ 174.123715331119882, -39.471194643953325 ], [ 174.123713255058618, -39.47186754434464 ], [ 174.123719261848976, -39.472221812006616 ], [ 174.123720013576502, -39.472280908570063 ], [ 174.123720078768002, -39.472288591289065 ], [ 174.123720329986213, -39.472347690402621 ], [ 174.123720339026931, -39.472914115508367 ], [ 174.123720334447, -39.472922275795199 ], [ 174.123719064154585, -39.473542448310184 ], [ 174.12372013651904, -39.474062140585652 ], [ 174.123840550561908, -39.474056551620365 ], [ 174.124209667818775, -39.474043979879745 ], [ 174.124257674454185, -39.474042937163908 ], [ 174.12462712087094, -39.474039467122907 ], [ 174.124793501000113, -39.474039954600251 ], [ 174.125839607301259, -39.473724941962224 ], [ 174.126412179181898, -39.473133306729657 ], [ 174.126560163352792, -39.473002078472305 ], [ 174.126997176518103, -39.472668476838273 ], [ 174.127409642078646, -39.470410717372296 ], [ 174.127478946674842, -39.47023566654773 ], [ 174.129039742231015, -39.46776174550908 ], [ 174.129136165492696, -39.467443513511 ], [ 174.12930264437108, -39.466879857004201 ], [ 174.129324501237875, -39.466807238001522 ], [ 174.129327393013455, -39.466797806812181 ], [ 174.129350025000861, -39.466725330594286 ], [ 174.1295137439337, -39.466210371230588 ], [ 174.129608050803114, -39.465909339998497 ], [ 174.127518377410667, -39.463992557220465 ], [ 174.127396011357007, -39.463835930975989 ], [ 174.126022994382907, -39.461227683779555 ], [ 174.125969064506478, -39.46104941283695 ], [ 174.125703087463222, -39.458239939362848 ], [ 174.125722864347551, -39.458057475393645 ], [ 174.126589823226112, -39.455321789261674 ], [ 174.126681361960152, -39.455152992188772 ], [ 174.128596271613986, -39.45275885196196 ], [ 174.128750605615068, -39.452620242059069 ], [ 174.130520907560424, -39.451460439658838 ], [ 174.130528378109489, -39.451330052874461 ], [ 174.130575641054776, -39.451150648923232 ], [ 174.13063159614228, -39.451034889758034 ], [ 174.130651386295057, -39.450860719986636 ], [ 174.130737829458667, -39.450214107575718 ], [ 174.130795860471665, -39.44985181105443 ], [ 174.130804632706685, -39.449804850408675 ], [ 174.131026296731079, -39.449044772453398 ], [ 174.131010224567802, -39.448804738838497 ], [ 174.131035027892921, -39.448622643735362 ], [ 174.131368005135357, -39.447233552990149 ], [ 174.131531938426974, -39.446760133506736 ], [ 174.131672513557305, -39.446317415472251 ], [ 174.13170660828888, -39.446212746181423 ], [ 174.131711145646221, -39.446199160262566 ], [ 174.13174685640999, -39.446094815416885 ], [ 174.131926143615175, -39.44558333249639 ], [ 174.132092831550807, -39.445100633271004 ], [ 174.132262084004083, -39.444599710989088 ], [ 174.132264386797488, -39.444592906250016 ], [ 174.132507604376343, -39.443877092109688 ], [ 174.132726099904858, -39.443219870675549 ], [ 174.132951701090207, -39.442539615486098 ], [ 174.133169656902993, -39.441859856212027 ], [ 174.133202350333789, -39.44176031915061 ], [ 174.133206695521267, -39.441747398549168 ], [ 174.133240851126715, -39.441648157126323 ], [ 174.133446682774689, -39.441063499787688 ], [ 174.133586095669898, -39.440618054796595 ], [ 174.133653166180665, -39.440414176788096 ], [ 174.133662283482124, -39.440387755248906 ], [ 174.133724367521239, -39.440215905305237 ], [ 174.133327815845206, -39.44024523517875 ], [ 174.133283928103111, -39.440249001576923 ], [ 174.133124735302033, -39.440302661785424 ], [ 174.132896103033374, -39.440348493970873 ], [ 174.12927972133437, -39.44061820750899 ], [ 174.129092693719144, -39.440609319723677 ], [ 174.128657714868325, -39.440644085688056 ], [ 174.128210594061699, -39.440685856338838 ], [ 174.128177125241166, -39.440688944768453 ], [ 174.128172773553956, -39.440689341366415 ], [ 174.128139293340439, -39.440692354444103 ], [ 174.127490115520885, -39.440750035494787 ], [ 174.127359223548268, -39.440761082544249 ], [ 174.127342197636096, -39.440762443804637 ], [ 174.127211152500479, -39.440772339222427 ], [ 174.126866698277638, -39.440796821043179 ], [ 174.126393835049612, -39.440843169784259 ], [ 174.126150219229061, -39.440865023589538 ], [ 174.126118514007231, -39.440867604935796 ], [ 174.125874357198796, -39.440885464149005 ], [ 174.125436041791573, -39.44091390669572 ], [ 174.124733374288212, -39.440982467111958 ], [ 174.124655429570282, -39.440989864534501 ], [ 174.124645292679162, -39.440990799619065 ], [ 174.124567285226505, -39.440997788112746 ], [ 174.123927307558972, -39.441053420484884 ], [ 174.123927343067123, -39.441146140498319 ], [ 174.123927339700543, -39.441156264339405 ], [ 174.12392625256399, -39.441656695709149 ], [ 174.123928585232591, -39.442027446962094 ], [ 174.123943769109786, -39.442318404791955 ], [ 174.123947423164083, -39.442396898255041 ], [ 174.123947840781, -39.442407103817573 ], [ 174.123950611601458, -39.442485619008799 ], [ 174.123962564864883, -39.442888610834437 ], [ 174.123965480493723, -39.443142025392497 ], [ 174.123965261561779, -39.443174966895221 ], [ 174.123958977713841, -39.443428344685373 ], [ 174.123948813692692, -39.443664911653528 ], [ 174.123948921882658, -39.443905931607219 ], [ 174.123949531046492, -39.44446448732014 ], [ 174.123949534058312, -39.444468091462234 ], [ 174.123949629422043, -39.445004631460655 ], [ 174.123949548425628, -39.445039512010808 ], [ 174.123949526567912, -39.445044046449446 ], [ 174.123949271291281, -39.445078926493615 ], [ 174.123945372830121, -39.445476027670672 ], [ 174.123943482099918, -39.445913112692239 ], [ 174.123943301259857, -39.445941537849905 ], [ 174.123943270227301, -39.445945233082504 ], [ 174.123942973643807, -39.4459736576569 ], [ 174.123936465017863, -39.446495580046758 ], [ 174.123936144815161, -39.446518292876348 ], [ 174.123936098385201, -39.446521245498715 ], [ 174.123935704280655, -39.446543957628499 ], [ 174.123928667770627, -39.446914697407067 ], [ 174.123928227603329, -39.447604567056281 ], [ 174.123928183643159, -39.447625282412176 ], [ 174.123928173932597, -39.44762797539974 ], [ 174.123928068499509, -39.447648690621691 ], [ 174.123922904070412, -39.448434293064629 ], [ 174.123922792806695, -39.448448894312769 ], [ 174.123922776357205, -39.448450792464683 ], [ 174.123922634552002, -39.448465393553718 ], [ 174.123915957098433, -39.449086075608122 ], [ 174.123757823317078, -39.450493616823174 ], [ 174.123718931058193, -39.450674224091976 ], [ 174.123662142782507, -39.450805972656916 ], [ 174.123730831082099, -39.451493274291906 ], [ 174.123729922607112, -39.452073128067902 ], [ 174.123730510111358, -39.452691892205863 ], [ 174.123732642210257, -39.453302912081938 ], [ 174.12373234481484, -39.453396149645847 ], [ 174.123732225202616, -39.453408270048946 ], [ 174.123730682408393, -39.453501500224988 ] ], [ [ 174.140741109813519, -39.503686877206448 ], [ 174.142237912547131, -39.504402489749829 ], [ 174.142417163628096, -39.504521846316365 ], [ 174.144770190087883, -39.506669664140809 ], [ 174.14489306603889, -39.506826086903189 ], [ 174.145675193978519, -39.508301773768842 ], [ 174.145675155249279, -39.507950080222116 ], [ 174.14567516787082, -39.507936019893997 ], [ 174.145675171354014, -39.507934192053533 ], [ 174.145675212319645, -39.507920131759334 ], [ 174.145677286764766, -39.507391106912479 ], [ 174.145673675774248, -39.506885825257243 ], [ 174.145673502018496, -39.506843777220347 ], [ 174.14567349590709, -39.506838310964426 ], [ 174.145673575641126, -39.506796262756453 ], [ 174.145676240602796, -39.506253531274488 ], [ 174.145675825600563, -39.505694970083653 ], [ 174.145675823834722, -39.505691339944349 ], [ 174.145675922682642, -39.505130894210176 ], [ 174.145672284415554, -39.50459322480328 ], [ 174.145672128088421, -39.504552880211442 ], [ 174.145672122934229, -39.504547635405537 ], [ 174.145672199966128, -39.504507290675754 ], [ 174.145674415116474, -39.504045915702669 ], [ 174.145669632745268, -39.503746647976662 ], [ 174.145659824815596, -39.503286605787459 ], [ 174.145658482369612, -39.503196073414735 ], [ 174.14565838423735, -39.503184303823964 ], [ 174.145658216954786, -39.503093765569453 ], [ 174.145662525594474, -39.502165564831159 ], [ 174.145661277783319, -39.501733769905606 ], [ 174.145658910186285, -39.501140606973692 ], [ 174.145658863409921, -39.501123840406407 ], [ 174.145658859948583, -39.501121660750201 ], [ 174.145658853473464, -39.501104894145186 ], [ 174.14565930827311, -39.500547125938354 ], [ 174.145659321738549, -39.500537935661008 ], [ 174.145661136327703, -39.499959774728133 ], [ 174.145658530243566, -39.499400773487707 ], [ 174.145658454959346, -39.499370965012176 ], [ 174.145658453452057, -39.499367089908453 ], [ 174.145658505547004, -39.499337281403804 ], [ 174.145660229603209, -39.498893402557549 ], [ 174.145658367546247, -39.498572602059411 ], [ 174.1456582539968, -39.498524676327172 ], [ 174.145658260637845, -39.498518445995622 ], [ 174.145658476357056, -39.498470520473177 ], [ 174.145661598772875, -39.498077080569161 ], [ 174.145662685948395, -39.497684352197766 ], [ 174.145662702977461, -39.497678946821168 ], [ 174.145664726312305, -39.497189741681339 ], [ 174.145659174337652, -39.496660141275157 ], [ 174.145658892330516, -39.496549416151893 ], [ 174.145658969905526, -39.496535022255287 ], [ 174.145660445371988, -39.4964243028152 ], [ 174.145666364121922, -39.496145952890771 ], [ 174.145667224128402, -39.496109892881655 ], [ 174.145667348046828, -39.496105205272741 ], [ 174.145847620059357, -39.494699248916774 ], [ 174.145888306262862, -39.494523579336537 ], [ 174.146276186505531, -39.493375839510712 ], [ 174.145913849605876, -39.493377971240847 ], [ 174.1453406744603, -39.49338905408208 ], [ 174.145203413182998, -39.493391079233149 ], [ 174.145185567832129, -39.493391260819045 ], [ 174.145048285252301, -39.493392029297119 ], [ 174.144361216108479, -39.493392728420723 ], [ 174.143699050882901, -39.493394129470992 ], [ 174.143576772678642, -39.493393889338563 ], [ 174.143560877164617, -39.4933937933165 ], [ 174.143438609001578, -39.493392556186436 ], [ 174.142866803753577, -39.493384437429029 ], [ 174.142348912600397, -39.493383076138471 ], [ 174.142332724892867, -39.493383024815813 ], [ 174.142330620500729, -39.4933830170081 ], [ 174.142314432944772, -39.49338294821213 ], [ 174.141918374108059, -39.493381050552152 ], [ 174.141881870636865, -39.493411654110872 ], [ 174.14081736986563, -39.494197857641204 ], [ 174.140153055359235, -39.494629747702547 ], [ 174.140032632497366, -39.49470697369928 ], [ 174.140016891065983, -39.494716931038766 ], [ 174.13989513806132, -39.494792894879048 ], [ 174.139224478381777, -39.49520559572192 ], [ 174.139115096100483, -39.495273150155512 ], [ 174.139130188897099, -39.495299162415435 ], [ 174.140060148948578, -39.497949928885049 ], [ 174.140628063925391, -39.498882935924755 ], [ 174.140694192187112, -39.499058730002282 ], [ 174.141152942226057, -39.501853254706489 ], [ 174.141145715579995, -39.50203627626238 ], [ 174.140741109813519, -39.503686877206448 ] ], [ [ 174.401459571674394, -39.646470296529266 ], [ 174.401486514306328, -39.646492522533684 ], [ 174.401690888131043, -39.646665576459718 ], [ 174.402137254786226, -39.647053553971901 ], [ 174.403241108776427, -39.648179803508278 ], [ 174.403289545176904, -39.648238238033677 ], [ 174.403338330750927, -39.648296498731817 ], [ 174.403429265445567, -39.648426423001801 ], [ 174.403502879516054, -39.648370236413506 ], [ 174.404016518512861, -39.64808559503453 ], [ 174.404814368773913, -39.647337825776461 ], [ 174.404777244076627, -39.646830145197214 ], [ 174.404801036285079, -39.64664794420014 ], [ 174.405729742208308, -39.643923623210696 ], [ 174.405825193918673, -39.643756022429315 ], [ 174.406815833327215, -39.642565947641536 ], [ 174.406284075618402, -39.642626348362747 ], [ 174.406249199317358, -39.642630268100866 ], [ 174.40624466441156, -39.642630772361763 ], [ 174.406209772930964, -39.642634610483718 ], [ 174.405532574258785, -39.642708293367086 ], [ 174.405353946770902, -39.64271676580428 ], [ 174.404427264509707, -39.643319540241599 ], [ 174.404256004692144, -39.643415928726093 ], [ 174.402871189407989, -39.644085774044697 ], [ 174.402507125754482, -39.644235499054346 ], [ 174.401125505902428, -39.644717333150176 ], [ 174.400941393939121, -39.644770689811921 ], [ 174.399653111719061, -39.645057194691717 ], [ 174.399675722265982, -39.645078809200683 ], [ 174.400384421360485, -39.645624513402879 ], [ 174.400419138006043, -39.645651358111508 ], [ 174.400423641637474, -39.645654855261697 ], [ 174.400458211629399, -39.645681812863707 ], [ 174.401249443472494, -39.646301411915026 ], [ 174.401459571674394, -39.646470296529266 ] ], [ [ 174.433509499563911, -39.642637794692838 ], [ 174.434182614583477, -39.642413082774105 ], [ 174.434588195218396, -39.642289239429168 ], [ 174.435419700353407, -39.642092057958891 ], [ 174.433286344556251, -39.641281004677943 ], [ 174.43309275612333, -39.641175479643614 ], [ 174.430479708150216, -39.639211768798177 ], [ 174.430337782548065, -39.639065155023658 ], [ 174.429248924075608, -39.637469222878728 ], [ 174.42866567487718, -39.637879677944674 ], [ 174.428522094330276, -39.637968975258062 ], [ 174.427363353537402, -39.638603713856931 ], [ 174.426947051471757, -39.638803449190718 ], [ 174.429050114422921, -39.639569103366718 ], [ 174.429245984642705, -39.639672075044651 ], [ 174.431901818346034, -39.641601181556787 ], [ 174.43204695583924, -39.641745906811664 ], [ 174.432992160463073, -39.642858893996987 ], [ 174.433423269633124, -39.642669106203442 ], [ 174.433509499563911, -39.642637794692838 ] ], [ [ 174.473154007878918, -39.671073280533442 ], [ 174.473046094619917, -39.67094843309431 ], [ 174.473006407841353, -39.670975832827999 ], [ 174.473154007878918, -39.671073280533442 ] ], [ [ 174.477042293712202, -39.674979765933976 ], [ 174.47723861699663, -39.675301778869652 ], [ 174.477449030762102, -39.67551230060662 ], [ 174.477456745657889, -39.675520027968389 ], [ 174.477732157901613, -39.675846517325454 ], [ 174.47869325884102, -39.676251278168941 ], [ 174.478881050443306, -39.676362990293505 ], [ 174.481386734156359, -39.678409694139702 ], [ 174.481520670886908, -39.678560778379669 ], [ 174.482857879307204, -39.680735637964219 ], [ 174.483253195514664, -39.681183707623937 ], [ 174.483639348618567, -39.681662517059145 ], [ 174.484086842135952, -39.682268475903655 ], [ 174.48414098321382, -39.682348872157448 ], [ 174.484655126538911, -39.683285221394584 ], [ 174.485608773633288, -39.684130119628094 ], [ 174.485614045416241, -39.684135605827457 ], [ 174.486585704360579, -39.68533274860031 ], [ 174.486691442178966, -39.685489068404287 ], [ 174.487050439235901, -39.686134356752582 ], [ 174.489216841225357, -39.687615325872208 ], [ 174.48952630186929, -39.687834672185211 ], [ 174.48956585404008, -39.687863737762036 ], [ 174.489864888331596, -39.688091554198287 ], [ 174.490496604907889, -39.688590472708 ], [ 174.490594428650525, -39.68866867029152 ], [ 174.490607065840152, -39.688678894927612 ], [ 174.490703660399276, -39.688757999438934 ], [ 174.49125340652256, -39.689213681342913 ], [ 174.491861296938879, -39.689706757447183 ], [ 174.4918722547757, -39.689715657695977 ], [ 174.491873678272412, -39.689716815478157 ], [ 174.49188462038498, -39.689725727262882 ], [ 174.492475568041328, -39.690207676635836 ], [ 174.492504576957117, -39.690231420781075 ], [ 174.492508340861008, -39.690234512790326 ], [ 174.492537238159088, -39.69025833801809 ], [ 174.493120049624622, -39.690740598457971 ], [ 174.493637499715334, -39.691165687861371 ], [ 174.493994184249345, -39.691472485603605 ], [ 174.494039347411587, -39.691513168356892 ], [ 174.494377480728417, -39.691832259184459 ], [ 174.494780784808825, -39.692231140595702 ], [ 174.495790193829777, -39.693409555214288 ], [ 174.495905101380458, -39.693569734969152 ], [ 174.497152189820554, -39.696217336629815 ], [ 174.497197406433372, -39.696397107940015 ], [ 174.497324424763889, -39.699212835589655 ], [ 174.497295515535143, -39.699394602249555 ], [ 174.496524737313592, -39.701470387514057 ], [ 174.497089312629555, -39.701125488046991 ], [ 174.497710365240067, -39.700740029864512 ], [ 174.497766669565493, -39.700705304648572 ], [ 174.497774007112298, -39.700700807883671 ], [ 174.497830588122241, -39.700666352101059 ], [ 174.498421039473868, -39.700309064702786 ], [ 174.498975578850718, -39.699966644139934 ], [ 174.49948865872139, -39.699649011767633 ], [ 174.4995490669383, -39.699611867610088 ], [ 174.499556940615804, -39.699607059008983 ], [ 174.499617665898967, -39.699570224687733 ], [ 174.500161228457358, -39.699242753082871 ], [ 174.500172795493228, -39.69923579344168 ], [ 174.500174299946082, -39.699234889417603 ], [ 174.500185878338868, -39.699227940996089 ], [ 174.500693006213453, -39.698923995849874 ], [ 174.501204757052307, -39.698612914099279 ], [ 174.501702206904412, -39.698302814002062 ], [ 174.501749820634984, -39.698273291018296 ], [ 174.501756023385298, -39.698269465576594 ], [ 174.501803836582695, -39.698240135611037 ], [ 174.502388628422125, -39.697883329078046 ], [ 174.502968037087584, -39.6975249263999 ], [ 174.503387745842815, -39.69730470025516 ], [ 174.503671783317003, -39.697103391730394 ], [ 174.503678120384251, -39.69709152016754 ], [ 174.503925520265028, -39.696615438781848 ], [ 174.503967679871664, -39.69653542100712 ], [ 174.503973225077857, -39.696525039243411 ], [ 174.504016376334278, -39.696445337575916 ], [ 174.504291803337054, -39.695943388192518 ], [ 174.504348983301924, -39.695835868838103 ], [ 174.504532206681773, -39.6954913389458 ], [ 174.504776209628062, -39.695030189125042 ], [ 174.504514499851382, -39.694494042422086 ], [ 174.504466585272297, -39.694314688186708 ], [ 174.504297263857865, -39.691500278447123 ], [ 174.504323435952585, -39.691318263930711 ], [ 174.504468167255851, -39.690910622920612 ], [ 174.503978291237303, -39.68959229627977 ], [ 174.503942844294045, -39.689457902786884 ], [ 174.503719386447244, -39.688055408098911 ], [ 174.503716748054813, -39.688009046680506 ], [ 174.503705605165237, -39.687652109466512 ], [ 174.503690585911102, -39.684947120864273 ], [ 174.501328449059315, -39.68467339653342 ], [ 174.501102433976115, -39.684618234329726 ], [ 174.497839976342135, -39.683359709680012 ], [ 174.497647094515344, -39.683253278519892 ], [ 174.495047807803161, -39.681277334128836 ], [ 174.494906942515001, -39.681130055699612 ], [ 174.49322525955364, -39.678630165036076 ], [ 174.493150196582008, -39.678456459295028 ], [ 174.49270889200946, -39.677085146176147 ], [ 174.492634367692943, -39.676739699810476 ], [ 174.492611899665292, -39.676631496887154 ], [ 174.492609089693985, -39.676617417294615 ], [ 174.492473027410739, -39.675208258038779 ], [ 174.4924739168153, -39.675039210007895 ], [ 174.492624796061904, -39.673630951710933 ], [ 174.49262775390676, -39.673616890225368 ], [ 174.493061842232748, -39.672244207259759 ], [ 174.493130284473125, -39.672083644832846 ], [ 174.493836875150492, -39.670780333130409 ], [ 174.493845310598743, -39.670767666078568 ], [ 174.494233914919363, -39.670282019052316 ], [ 174.493426706657004, -39.670151684877361 ], [ 174.493337102203867, -39.670134415741586 ], [ 174.49329516230631, -39.6701859799267 ], [ 174.493051010770529, -39.670473799558557 ], [ 174.493018357504724, -39.670510733784205 ], [ 174.492760151075714, -39.670791132975303 ], [ 174.492758068942777, -39.670793304970289 ], [ 174.491850604533141, -39.671628917946315 ], [ 174.491729392759311, -39.671727703520901 ], [ 174.490535381866664, -39.672574250069957 ], [ 174.490487473404244, -39.67260374958348 ], [ 174.4887287010487, -39.673498678500415 ], [ 174.48857314660529, -39.673563075218325 ], [ 174.487339084806052, -39.674004391237396 ], [ 174.487282489653268, -39.674021608245155 ], [ 174.485473992808636, -39.674395439777342 ], [ 174.485485901230589, -39.674435804188946 ], [ 174.485429843460082, -39.674445680106317 ], [ 174.484975038998869, -39.67449857199847 ], [ 174.484729107455991, -39.674549404381139 ], [ 174.484610702936692, -39.674563017947776 ], [ 174.484606545454511, -39.674541424909819 ], [ 174.483708146206226, -39.674645896541655 ], [ 174.483648202127824, -39.674649357824372 ], [ 174.481610129361599, -39.674576932310586 ], [ 174.481604934800544, -39.674621387183208 ], [ 174.481556061210455, -39.674617976907328 ], [ 174.481073962203226, -39.674557872963923 ], [ 174.480848914222321, -39.674549872353928 ], [ 174.480721705881336, -39.674533352244133 ], [ 174.480725812903501, -39.674514467411313 ], [ 174.479949055634506, -39.674417621174683 ], [ 174.479891428715717, -39.674407200486193 ], [ 174.477867997822585, -39.673827055278473 ], [ 174.47784408477267, -39.673870249460116 ], [ 174.477803039939033, -39.673856680002871 ], [ 174.477354541622702, -39.673679833318182 ], [ 174.477158525344095, -39.673623629325618 ], [ 174.47703931533681, -39.673575587822036 ], [ 174.477050003557991, -39.673559749900065 ], [ 174.476401515570132, -39.673304038454404 ], [ 174.476351644800246, -39.673280968906681 ], [ 174.474828318799638, -39.672353803513261 ], [ 174.475256608224186, -39.6727426351205 ], [ 174.475348734498851, -39.672835279814805 ], [ 174.476011270401102, -39.673575326601814 ], [ 174.476361401920343, -39.674011488141723 ], [ 174.476697980095793, -39.674458977041724 ], [ 174.476739536882633, -39.674518073802702 ], [ 174.477042293712202, -39.674979765933976 ] ], [ [ 174.528108012218752, -39.707356854797183 ], [ 174.528078089726279, -39.707175183343189 ], [ 174.528084043865618, -39.707024654003547 ], [ 174.527796234244789, -39.705799095570235 ], [ 174.526605532957348, -39.706340726960988 ], [ 174.526384922164539, -39.706407829530676 ], [ 174.525452985011583, -39.706567331256636 ], [ 174.52523485425408, -39.706931846336239 ], [ 174.524642727205247, -39.707795036807397 ], [ 174.524558107625694, -39.707903701120486 ], [ 174.52384839409612, -39.708712268587313 ], [ 174.52359547968797, -39.708969207873551 ], [ 174.522796049394003, -39.709697684430211 ], [ 174.522685922366293, -39.709787869681847 ], [ 174.52198750523695, -39.710302212345141 ], [ 174.522210377456275, -39.71032788743053 ], [ 174.523017031971364, -39.710417605414172 ], [ 174.523784389954898, -39.710495476933268 ], [ 174.523916209366917, -39.710509444840127 ], [ 174.523933331922251, -39.710511336115417 ], [ 174.524064936440396, -39.710526464751574 ], [ 174.524846501734885, -39.710619830231551 ], [ 174.525343742119077, -39.710673101318335 ], [ 174.525932015054082, -39.710735075483541 ], [ 174.526519325804259, -39.710791400447754 ], [ 174.526801919508699, -39.710821216028457 ], [ 174.526838589838889, -39.710825438440025 ], [ 174.528621458947413, -39.711142807572266 ], [ 174.528812632004332, -39.711189300264955 ], [ 174.529114252157143, -39.711283316317733 ], [ 174.529103062277755, -39.711205376302843 ], [ 174.529038494126183, -39.7108127706557 ], [ 174.529022750257724, -39.710708201432759 ], [ 174.528504421116537, -39.709249084397278 ], [ 174.528478227494276, -39.709067069654729 ], [ 174.528516028934263, -39.708438051595486 ], [ 174.528108012218752, -39.707356854797183 ] ], [ [ 174.371960100313402, -39.653584464063414 ], [ 174.373391378811505, -39.653769539844355 ], [ 174.372779656434744, -39.653027601921657 ], [ 174.372711296718762, -39.652943673296036 ], [ 174.372702487966222, -39.652932725073399 ], [ 174.372635328411576, -39.652848219505195 ], [ 174.371854249337957, -39.651853139961069 ], [ 174.371812588910814, -39.651799647161582 ], [ 174.371807204314081, -39.651792678665686 ], [ 174.371766024791754, -39.651738963836102 ], [ 174.371462354209399, -39.651339701395464 ], [ 174.370948283523489, -39.651472903167864 ], [ 174.370714658014521, -39.651503224022285 ], [ 174.368483297122253, -39.651519176546905 ], [ 174.369242741531735, -39.652111228417304 ], [ 174.370112903119832, -39.652788609473994 ], [ 174.370113084615326, -39.652788750761047 ], [ 174.370145702410355, -39.652814143821828 ], [ 174.370294968096317, -39.652841026206723 ], [ 174.37051443947658, -39.65290996617609 ], [ 174.371960100313402, -39.653584464063414 ] ], [ [ 174.431378270401382, -39.602050389315998 ], [ 174.43087834496265, -39.602394069514723 ], [ 174.430398484548903, -39.602705332970885 ], [ 174.430038323234044, -39.602929678242425 ], [ 174.429990771897224, -39.602958112312713 ], [ 174.429153014832934, -39.603382249557221 ], [ 174.429107197900066, -39.60352562912643 ], [ 174.429097670016603, -39.603555230299285 ], [ 174.429096422968883, -39.60355907681744 ], [ 174.429086765502632, -39.603588652847165 ], [ 174.428909503682206, -39.604127666203361 ], [ 174.428737952752414, -39.604677619951396 ], [ 174.428727215154936, -39.604711749886519 ], [ 174.428725808084891, -39.604716184655061 ], [ 174.428714898450693, -39.604750281928204 ], [ 174.428478368976556, -39.605483394537394 ], [ 174.428473134313776, -39.605499555298984 ], [ 174.428472451295619, -39.605501655708956 ], [ 174.428467177987272, -39.60551780894717 ], [ 174.428183232955689, -39.60638420209137 ], [ 174.429410799198877, -39.605903732187699 ], [ 174.430223167510604, -39.605642341746652 ], [ 174.431001715417523, -39.605389937387315 ], [ 174.431807761211559, -39.605125186105887 ], [ 174.431848798540102, -39.605111778535935 ], [ 174.431854137683672, -39.605110043452818 ], [ 174.431895241025416, -39.605096757436186 ], [ 174.43273396857191, -39.604827104379474 ], [ 174.432853444432112, -39.604787912037054 ], [ 174.43339359829551, -39.604086453487845 ], [ 174.433526275744498, -39.603941395519591 ], [ 174.434656967303027, -39.602885825345744 ], [ 174.435175335792906, -39.602470734553179 ], [ 174.435679851085695, -39.602064121524727 ], [ 174.436223081362556, -39.601653948532288 ], [ 174.436295872045292, -39.601602462801246 ], [ 174.437360691100423, -39.60096032693707 ], [ 174.437592736206142, -39.600684779996747 ], [ 174.437712478439465, -39.600561278246914 ], [ 174.43809007694864, -39.60022119462738 ], [ 174.436861734644737, -39.60076814480594 ], [ 174.43664061616127, -39.600833546425086 ], [ 174.433077176913116, -39.601415604307341 ], [ 174.432840753214236, -39.601424938407938 ], [ 174.432184685171535, -39.60137089106037 ], [ 174.431441548246028, -39.602004303956065 ], [ 174.431378270401382, -39.602050389315998 ] ], [ [ 174.412745789716524, -39.57368665206581 ], [ 174.412397190478572, -39.573812122984755 ], [ 174.412351536711412, -39.573827850368659 ], [ 174.4119977703416, -39.573944339186973 ], [ 174.411445874986384, -39.574117789111533 ], [ 174.410863747012144, -39.574304807852698 ], [ 174.410840030896281, -39.57431240326337 ], [ 174.410836946400764, -39.574313388032643 ], [ 174.410813208739313, -39.57432094291876 ], [ 174.410159443599298, -39.57452835934388 ], [ 174.410138296043272, -39.574535049868679 ], [ 174.410135545758948, -39.574535917547465 ], [ 174.410114381248235, -39.574542575927346 ], [ 174.409453823329585, -39.574749801056868 ], [ 174.408799956475093, -39.574956972544015 ], [ 174.408799601158364, -39.574957085116154 ], [ 174.408138168274604, -39.575166613817132 ], [ 174.408111313483602, -39.575175090545507 ], [ 174.408107820588725, -39.575176189151847 ], [ 174.408080938534965, -39.575184614059388 ], [ 174.407410692411645, -39.575393916233907 ], [ 174.407108916905258, -39.575484396265381 ], [ 174.407069482275631, -39.575495734186262 ], [ 174.405932047350291, -39.575746155413661 ], [ 174.405887699370652, -39.575865232253889 ], [ 174.405787399448656, -39.576031098461407 ], [ 174.40461308228987, -39.577374427100402 ], [ 174.404599413498602, -39.577407567217627 ], [ 174.404404664743993, -39.578518970850759 ], [ 174.404336572687214, -39.578694355395911 ], [ 174.403832013746268, -39.579504824177562 ], [ 174.40383203541802, -39.579603509162602 ], [ 174.403811539135546, -39.579805474545729 ], [ 174.403769658989091, -39.58013866672615 ], [ 174.403763176131008, -39.580181888443143 ], [ 174.40341097218996, -39.58156839528997 ], [ 174.403362245798462, -39.581703249500798 ], [ 174.40273405535882, -39.583030047581808 ], [ 174.402710627992406, -39.583069603394598 ], [ 174.40267001689358, -39.583126012519379 ], [ 174.402602645917511, -39.583580486896963 ], [ 174.402539225835937, -39.583756917942779 ], [ 174.401653576987513, -39.585257598829415 ], [ 174.401778624768156, -39.585553720454925 ], [ 174.402065932517615, -39.586358775251064 ], [ 174.402096936900108, -39.586464546018469 ], [ 174.40228661847172, -39.587286733971077 ], [ 174.402366516196281, -39.587758650727409 ], [ 174.402458960929209, -39.58863563505394 ], [ 174.402463759799105, -39.588749824628636 ], [ 174.402445142335978, -39.5896296029781 ], [ 174.402388557732962, -39.590299625808385 ], [ 174.402378633719678, -39.590407225554131 ], [ 174.402377235354322, -39.59042120704035 ], [ 174.40236564605209, -39.59052870708215 ], [ 174.40228120678421, -39.591259096018248 ], [ 174.402280586259678, -39.591264445663541 ], [ 174.402250194428433, -39.591524240475529 ], [ 174.402315661426201, -39.591914579672959 ], [ 174.402318965583959, -39.591934453465974 ], [ 174.40231939140881, -39.591937037425836 ], [ 174.402322638402381, -39.591956916861378 ], [ 174.402399545765178, -39.592432021815618 ], [ 174.402401200890637, -39.592442294385343 ], [ 174.402401415064674, -39.592443629914143 ], [ 174.402403054924378, -39.592453903941241 ], [ 174.402513797507055, -39.593151015038337 ], [ 174.402615623891137, -39.593771345485926 ], [ 174.40308602636739, -39.594518075896886 ], [ 174.403155166124037, -39.594693218032198 ], [ 174.403660947703571, -39.597483272181861 ], [ 174.403656748391853, -39.597666371685499 ], [ 174.403023300954743, -39.600440784427043 ], [ 174.402946164374185, -39.600613917814243 ], [ 174.402755090831647, -39.600891711942346 ], [ 174.402750917327808, -39.600960542760667 ], [ 174.402840184365857, -39.601057483872772 ], [ 174.402945678654788, -39.601221422741894 ], [ 174.403658430822048, -39.602973936546832 ], [ 174.403921027299589, -39.602372134772828 ], [ 174.404006017088335, -39.602104849220666 ], [ 174.404016328368954, -39.602072676387522 ], [ 174.404017678780974, -39.602068495842033 ], [ 174.404028143070036, -39.602036352590531 ], [ 174.404427461213487, -39.600819202349101 ], [ 174.404646941760944, -39.600139653330821 ], [ 174.404825274128655, -39.599568587090502 ], [ 174.404842354053329, -39.599514622104401 ], [ 174.404844602395912, -39.599507612021753 ], [ 174.404862112357279, -39.599453729582265 ], [ 174.405048057516353, -39.598888900018537 ], [ 174.40523028259193, -39.598319250702367 ], [ 174.405249846288598, -39.598258984925991 ], [ 174.405252424476487, -39.598251157256328 ], [ 174.405272525209057, -39.598190997345512 ], [ 174.405462021880339, -39.597631812776434 ], [ 174.405641218888547, -39.597085965347908 ], [ 174.405822763537941, -39.596522306189875 ], [ 174.404662719423641, -39.594914704088112 ], [ 174.404581091752732, -39.594742809016864 ], [ 174.403875501215197, -39.591978840138452 ], [ 174.403866529830253, -39.5917958432264 ], [ 174.40429942914281, -39.588998460658004 ], [ 174.404363982946847, -39.588822274883981 ], [ 174.405892861170287, -39.586265288680693 ], [ 174.406024613499824, -39.586113158214921 ], [ 174.408499726585489, -39.584046819853313 ], [ 174.408685777442855, -39.583933632888638 ], [ 174.411864839339756, -39.582560155776896 ], [ 174.412086979340017, -39.582496988466112 ], [ 174.415658880423052, -39.581950774574196 ], [ 174.415895372272985, -39.581943808107589 ], [ 174.419510602705998, -39.58227830838139 ], [ 174.419738306208103, -39.582328224717088 ], [ 174.420298215079185, -39.582528573971771 ], [ 174.421086478425764, -39.582277665839257 ], [ 174.42109830302266, -39.582274717514188 ], [ 174.422412865406784, -39.582033120542725 ], [ 174.423030540154798, -39.581162309959453 ], [ 174.423111998746094, -39.581066207122653 ], [ 174.424230217637273, -39.579949076402556 ], [ 174.424289948290806, -39.579898208764384 ], [ 174.424764268642321, -39.579517364309496 ], [ 174.425193218225644, -39.57919259732703 ], [ 174.42499889150443, -39.578765805568452 ], [ 174.424990994087466, -39.57874840385017 ], [ 174.424989970418409, -39.57874614081561 ], [ 174.424982119080624, -39.578728726617562 ], [ 174.424835904591646, -39.5784033516493 ], [ 174.424436495386431, -39.577833268621958 ], [ 174.423849539210067, -39.57686141042462 ], [ 174.423783214180361, -39.576732006011987 ], [ 174.423349783233078, -39.575713027738871 ], [ 174.423296882708939, -39.575558137858692 ], [ 174.422448550363271, -39.575047733649043 ], [ 174.422440179567872, -39.575043698773072 ], [ 174.421843331494216, -39.574754937727654 ], [ 174.421836670114146, -39.574751712465961 ], [ 174.42128275776841, -39.574483008079561 ], [ 174.420824308481258, -39.574265781985822 ], [ 174.420770842745839, -39.574240294468041 ], [ 174.420763903805835, -39.57423696659891 ], [ 174.420710616618095, -39.574211256130297 ], [ 174.420241322187678, -39.573983461806598 ], [ 174.419749653210005, -39.573748557124254 ], [ 174.419691826640218, -39.573720747940648 ], [ 174.41968432291938, -39.57371711575577 ], [ 174.419626707630556, -39.573689045172252 ], [ 174.419120370944484, -39.573440748457394 ], [ 174.418596949798484, -39.573191575995793 ], [ 174.417636084606073, -39.572681116238471 ], [ 174.417515775406173, -39.572610087131267 ], [ 174.41662573019093, -39.572027792001954 ], [ 174.416392733695119, -39.571859165803509 ], [ 174.416374647690247, -39.571871250383282 ], [ 174.415942081563855, -39.572146498788328 ], [ 174.41550526659455, -39.572411073280158 ], [ 174.414494665338395, -39.572958882322936 ], [ 174.414358783360996, -39.573024513504741 ], [ 174.413278893569327, -39.573486414321245 ], [ 174.412745789716524, -39.57368665206581 ] ], [ [ 174.332994017881845, -39.603111608322017 ], [ 174.333434675622073, -39.603318859114658 ], [ 174.333520620188807, -39.60335975502943 ], [ 174.333831315194999, -39.603316718977574 ], [ 174.33378801697404, -39.603259788062694 ], [ 174.333094236064738, -39.602380109276822 ], [ 174.333039730700705, -39.602310288895055 ], [ 174.333032698296904, -39.602301187605384 ], [ 174.332979012832624, -39.602230988146523 ], [ 174.332777786223943, -39.601965121093542 ], [ 174.331856517474307, -39.602546543871242 ], [ 174.331888015557354, -39.602561764368389 ], [ 174.331987325965542, -39.60261029360759 ], [ 174.33200019485156, -39.602616652632193 ], [ 174.332098867305632, -39.60266595454145 ], [ 174.332577124914053, -39.602907569008551 ], [ 174.332994017881845, -39.603111608322017 ] ], [ [ 174.353133931256849, -39.562433990785401 ], [ 174.352964922066747, -39.562336516172948 ], [ 174.351732699544641, -39.561516242492033 ], [ 174.351241746325741, -39.561140154335675 ], [ 174.3511872851482, -39.561098158102247 ], [ 174.351180228581569, -39.561092680543432 ], [ 174.35112612719513, -39.561050406641257 ], [ 174.350614931441754, -39.560648314779641 ], [ 174.349633000308444, -39.559768992918443 ], [ 174.349515393770616, -39.559648793223104 ], [ 174.34868799247613, -39.558678890239861 ], [ 174.348304402328722, -39.558159114470847 ], [ 174.348133452022068, -39.558256917301129 ], [ 174.347480117540897, -39.558618018995226 ], [ 174.346943697109538, -39.558917597535938 ], [ 174.346942714873705, -39.55891814602802 ], [ 174.346442854168316, -39.559197193780825 ], [ 174.345904184974927, -39.559507485326023 ], [ 174.345842596551478, -39.559542718757356 ], [ 174.345834570661282, -39.559547278651884 ], [ 174.345772683851607, -39.559582197444115 ], [ 174.345153418548222, -39.559929195269937 ], [ 174.344559970407602, -39.560265231295467 ], [ 174.344502307420981, -39.560297672768719 ], [ 174.344494794606305, -39.560301872340709 ], [ 174.344436875829103, -39.560334039667005 ], [ 174.343830737377345, -39.560668504624203 ], [ 174.343446963274772, -39.560880913772145 ], [ 174.343091817591841, -39.561085302747351 ], [ 174.34304229243142, -39.561113647388332 ], [ 174.34303584160088, -39.561117318971689 ], [ 174.342986123214502, -39.561145460228545 ], [ 174.342365878021042, -39.561494576592331 ], [ 174.342347161581642, -39.561505089377341 ], [ 174.342344726690499, -39.561506454166633 ], [ 174.342325983265823, -39.561516938139789 ], [ 174.341727543162961, -39.561850966830306 ], [ 174.341341711051427, -39.56206647246038 ], [ 174.340492201818222, -39.562541128672919 ], [ 174.339991347677227, -39.562853348264213 ], [ 174.339349952816775, -39.563269729581926 ], [ 174.339291617106795, -39.56330734926371 ], [ 174.339284012921553, -39.563312220612872 ], [ 174.339225361166285, -39.563349544764094 ], [ 174.338974307119031, -39.563508247006787 ], [ 174.340952651090618, -39.563279487076464 ], [ 174.34118923318394, -39.563281093086893 ], [ 174.344779181033999, -39.563746142622186 ], [ 174.345003547969043, -39.563804248996846 ], [ 174.348232239734244, -39.565105088142715 ], [ 174.348422436067182, -39.565214009406532 ], [ 174.349266264669865, -39.565878563516563 ], [ 174.352034025173936, -39.565898544257735 ], [ 174.352267358913338, -39.565928873962861 ], [ 174.353388698621245, -39.566219822833474 ], [ 174.35573918714519, -39.565323398911765 ], [ 174.355965166015267, -39.565269148093535 ], [ 174.359567632569849, -39.564865675838774 ], [ 174.359804210190759, -39.564868120898169 ], [ 174.361613752020048, -39.565109144305332 ], [ 174.361593577153513, -39.564316631488367 ], [ 174.360536109283856, -39.564421846776746 ], [ 174.360299613134373, -39.564416493321765 ], [ 174.356722682804161, -39.56389455177861 ], [ 174.356499904493575, -39.563832888497195 ], [ 174.354834472157222, -39.563254153133784 ], [ 174.35450184905423, -39.56311332488373 ], [ 174.353133931256849, -39.562433990785401 ] ], [ [ 174.302938042415775, -39.521335328426197 ], [ 174.303153306930625, -39.520452744554987 ], [ 174.303188600597878, -39.520339373590303 ], [ 174.303516314199101, -39.519477788448661 ], [ 174.303694264092655, -39.51908363165068 ], [ 174.304157280451903, -39.518208507109421 ], [ 174.304225008792542, -39.518097499311565 ], [ 174.304803965791962, -39.517264810989708 ], [ 174.305139666238148, -39.516837389767723 ], [ 174.305212379219824, -39.516746039599198 ], [ 174.305221922921163, -39.51673420812196 ], [ 174.305296036113134, -39.516643535562601 ], [ 174.3056374202896, -39.516231326622147 ], [ 174.305943832549559, -39.515859055319261 ], [ 174.306263015338033, -39.515470435913741 ], [ 174.306323623676377, -39.51539742141005 ], [ 174.306331561634522, -39.515387959156705 ], [ 174.306393075728636, -39.515315400531591 ], [ 174.30662594451735, -39.515043584247174 ], [ 174.306891609165717, -39.514715726535137 ], [ 174.307558168955296, -39.514020872515943 ], [ 174.308133131463819, -39.513202052023878 ], [ 174.308533907708977, -39.512724776845999 ], [ 174.308613738278069, -39.512625026961821 ], [ 174.308653273436363, -39.511887889372701 ], [ 174.308653326079934, -39.511886909081944 ], [ 174.308695735718516, -39.511099809060234 ], [ 174.308701575086559, -39.511003746896861 ], [ 174.308702420270691, -39.510991262311492 ], [ 174.30870958373356, -39.510895253930762 ], [ 174.308768894521876, -39.510167788130715 ], [ 174.308817688475614, -39.509412053440094 ], [ 174.308818517390506, -39.509399393395583 ], [ 174.308818626644836, -39.509397747649601 ], [ 174.308819478566051, -39.5093850885252 ], [ 174.308821313493183, -39.509358186644178 ], [ 174.308543542197299, -39.509072678623681 ], [ 174.308155253178398, -39.508689288735745 ], [ 174.308141933070061, -39.508676111397016 ], [ 174.308140203512522, -39.508674397097366 ], [ 174.308126915043601, -39.508661200595363 ], [ 174.307676128900965, -39.508212671619233 ], [ 174.307220121179967, -39.507762282862103 ], [ 174.307215357196014, -39.507757574363858 ], [ 174.306725817146059, -39.507272888101994 ], [ 174.306717365961816, -39.507264510406003 ], [ 174.306716268138558, -39.50726342080354 ], [ 174.30670782973425, -39.507255035384823 ], [ 174.306222969122359, -39.506772627885134 ], [ 174.306200967720173, -39.506750667754119 ], [ 174.306198113233791, -39.506747809523382 ], [ 174.306176199460566, -39.506725796873752 ], [ 174.305740020380654, -39.506286244751053 ], [ 174.305296531279367, -39.505850584691693 ], [ 174.304817616250602, -39.50538077721211 ], [ 174.304336149035038, -39.506253706000599 ], [ 174.304263501457484, -39.50636779827466 ], [ 174.303642920250525, -39.507221836278433 ], [ 174.303237638852949, -39.507714735032835 ], [ 174.303222704840522, -39.507990251034101 ], [ 174.303203937873036, -39.508601430983653 ], [ 174.303101262861844, -39.509600338934014 ], [ 174.3030786426269, -39.509729220473638 ], [ 174.302833311927515, -39.510713105142607 ], [ 174.302702608059008, -39.511115523609774 ], [ 174.302311490622401, -39.512084930135124 ], [ 174.302251645375833, -39.512208334440359 ], [ 174.301722065051877, -39.513137455050483 ], [ 174.301319183281805, -39.513748470668659 ], [ 174.30130131908723, -39.513775451195492 ], [ 174.301298989123069, -39.513778955625369 ], [ 174.301281007715716, -39.513805889404324 ], [ 174.300861696684791, -39.514431371690939 ], [ 174.300829584568476, -39.514478925454632 ], [ 174.300825386243389, -39.514485097753216 ], [ 174.300792908742778, -39.514532502428821 ], [ 174.300397086214673, -39.515106110384536 ], [ 174.299957499379701, -39.515747405698846 ], [ 174.299857085731048, -39.515890743971305 ], [ 174.299843815151064, -39.515909284858992 ], [ 174.299740066026118, -39.516051191009133 ], [ 174.299295677318156, -39.516646374966875 ], [ 174.298391378683334, -39.517683725834203 ], [ 174.298262313782942, -39.517811616379007 ], [ 174.297567278917882, -39.518409519256736 ], [ 174.297567407777308, -39.518411772407994 ], [ 174.29753789960327, -39.519078323712513 ], [ 174.297970871365123, -39.520566520598415 ], [ 174.297986123321976, -39.520749260385543 ], [ 174.297836887956265, -39.521994804839586 ], [ 174.297951538798628, -39.522046479914046 ], [ 174.298122015267268, -39.522135913111377 ], [ 174.299372600487317, -39.522893355049646 ], [ 174.299848091416493, -39.523224246649704 ], [ 174.299937311124381, -39.523286983846752 ], [ 174.299948854812357, -39.523295186008923 ], [ 174.300037230304525, -39.523358635923124 ], [ 174.300549679497777, -39.523730392286978 ], [ 174.301156785646668, -39.524160990793476 ], [ 174.301761289306995, -39.523365519016068 ], [ 174.301802102552529, -39.523320340846148 ], [ 174.302126622750535, -39.52297854525623 ], [ 174.302697891668288, -39.522405640053776 ], [ 174.302757284177801, -39.522345626317637 ], [ 174.302800715601137, -39.522107892336223 ], [ 174.302938042415775, -39.521335328426197 ] ], [ [ 174.334464760134296, -39.496617215135707 ], [ 174.335436444192169, -39.495421451342679 ], [ 174.335857988805941, -39.494983171940213 ], [ 174.336233606449895, -39.494573381959306 ], [ 174.336338622279101, -39.494454907018103 ], [ 174.336359942317273, -39.494424324096855 ], [ 174.336763876303394, -39.493823741289177 ], [ 174.336768254125332, -39.493817237938352 ], [ 174.336778977931829, -39.493801353416224 ], [ 174.33728198178801, -39.49305807705359 ], [ 174.337300848561597, -39.493030315427042 ], [ 174.337303309348272, -39.493026709737101 ], [ 174.337322300831374, -39.492998999210613 ], [ 174.337806756585934, -39.492295082883167 ], [ 174.33780804276509, -39.49229321455865 ], [ 174.338278252926585, -39.491610664718131 ], [ 174.3385450619067, -39.49122301998149 ], [ 174.33893965035756, -39.489440962157772 ], [ 174.33893997068617, -39.489439516130453 ], [ 174.339459346790051, -39.487097778741209 ], [ 174.339628098570586, -39.486471198649788 ], [ 174.339653742088672, -39.486390449870633 ], [ 174.339879505474755, -39.485774740932904 ], [ 174.340175149971145, -39.485065370916075 ], [ 174.340195630395101, -39.485016702994905 ], [ 174.340198316033849, -39.485010382080112 ], [ 174.340219153128629, -39.484961805158321 ], [ 174.340635737080163, -39.48399976332616 ], [ 174.340707183653933, -39.483839767746524 ], [ 174.340716723179781, -39.483819037812168 ], [ 174.340792038534573, -39.483660111321932 ], [ 174.341575588111851, -39.482053496831028 ], [ 174.341921975421485, -39.481417980470447 ], [ 174.341971020125015, -39.481336820186662 ], [ 174.342243459179883, -39.480927572700786 ], [ 174.34223496633382, -39.480862997556351 ], [ 174.342231574403939, -39.480836828257786 ], [ 174.342231139865277, -39.480833425757126 ], [ 174.342227846585075, -39.480807248891821 ], [ 174.342153543151113, -39.480207571959802 ], [ 174.34202911303538, -39.479213981437766 ], [ 174.342001037554752, -39.478949227024067 ], [ 174.341998043577888, -39.47891477472217 ], [ 174.341980057835059, -39.478649493723012 ], [ 174.341933997645356, -39.47770418446698 ], [ 174.341928844819165, -39.477573135107669 ], [ 174.341928335021464, -39.477556095814521 ], [ 174.341925644800909, -39.477425002202281 ], [ 174.34191489627608, -39.476458948755848 ], [ 174.34191487078246, -39.476456623127021 ], [ 174.341904685608512, -39.475490024197846 ], [ 174.341888032786017, -39.47483045857534 ], [ 174.341628853696648, -39.473099879704584 ], [ 174.3416050408361, -39.47305363218576 ], [ 174.340799889134786, -39.473013111580748 ], [ 174.340569399496729, -39.472972803155805 ], [ 174.340113041168223, -39.47283193965162 ], [ 174.33989696306142, -39.473032152113277 ], [ 174.339718878620175, -39.473152509183585 ], [ 174.336639034250453, -39.47464914431491 ], [ 174.336421669062958, -39.474720953866971 ], [ 174.334936263115111, -39.47510807541115 ], [ 174.334957889239035, -39.475482405375068 ], [ 174.335007541508674, -39.476136941393115 ], [ 174.335008289151745, -39.47614688977341 ], [ 174.335062213326751, -39.476882238434293 ], [ 174.335063246022798, -39.476896522705616 ], [ 174.335063378369767, -39.476898379742586 ], [ 174.335064381780938, -39.476912665271065 ], [ 174.335113232475834, -39.477618476958341 ], [ 174.33516449865138, -39.478300997748597 ], [ 174.335168624826423, -39.478359173927132 ], [ 174.335169129651916, -39.478366738096 ], [ 174.335172770022382, -39.478424933746133 ], [ 174.335214392747019, -39.479138011185462 ], [ 174.335226161466863, -39.479507348320844 ], [ 174.33522642002896, -39.479555366258445 ], [ 174.335090943581406, -39.4809644752225 ], [ 174.335064302182758, -39.481098438030862 ], [ 174.334646025903993, -39.48247377309405 ], [ 174.33462712303222, -39.48251950262798 ], [ 174.334472401296011, -39.482868956141935 ], [ 174.334292637756192, -39.483249356620796 ], [ 174.33368541395194, -39.484315117718658 ], [ 174.333595261906652, -39.484449137832357 ], [ 174.332815529312995, -39.485445223485051 ], [ 174.332483584696831, -39.485813257890527 ], [ 174.332230587848642, -39.486082981008657 ], [ 174.332196871721777, -39.486117561172271 ], [ 174.331931158906912, -39.486379840540742 ], [ 174.331648869436037, -39.486648100910926 ], [ 174.331455975893903, -39.486842546404532 ], [ 174.331187922972703, -39.48711275355852 ], [ 174.330686082714351, -39.487626798539139 ], [ 174.330167183860738, -39.48816593272111 ], [ 174.330062497628859, -39.488273023707997 ], [ 174.330048755128274, -39.488286866093041 ], [ 174.329942018272988, -39.488392734874047 ], [ 174.329384232967016, -39.488937550140029 ], [ 174.328834191573748, -39.489480271229866 ], [ 174.328817617972987, -39.489496585326137 ], [ 174.328815460252343, -39.489498704230428 ], [ 174.328798838150647, -39.489514988661789 ], [ 174.328264686153972, -39.490037045996047 ], [ 174.327745026559001, -39.490561400670039 ], [ 174.327699997709828, -39.490606539117074 ], [ 174.327694120023608, -39.490612392686508 ], [ 174.327648722930718, -39.490657309153733 ], [ 174.327155603174504, -39.491142032007886 ], [ 174.326751091213737, -39.491557580305653 ], [ 174.326722935931286, -39.491586383123291 ], [ 174.326719266062867, -39.491590121783489 ], [ 174.326690961831133, -39.491618836815348 ], [ 174.326189393330907, -39.49212556886954 ], [ 174.325758308592327, -39.492535566996438 ], [ 174.325700296416528, -39.492587546198401 ], [ 174.325238886110668, -39.492977227977242 ], [ 174.324951324547442, -39.493206206252751 ], [ 174.324375890068239, -39.493620495281725 ], [ 174.324726996824268, -39.493964825359193 ], [ 174.324729778887161, -39.493967554777555 ], [ 174.325225842054067, -39.494454719475875 ], [ 174.325270209469323, -39.494498568978607 ], [ 174.325275954419737, -39.494504283183524 ], [ 174.325319970857009, -39.494548344525768 ], [ 174.325779604901044, -39.495011395929033 ], [ 174.326232065528529, -39.495461435661646 ], [ 174.326703959931706, -39.495928517953914 ], [ 174.327169240061096, -39.496387931651235 ], [ 174.327182096404442, -39.496400649260096 ], [ 174.327183765813345, -39.496402303708649 ], [ 174.327196592683862, -39.496415039154343 ], [ 174.327646944664906, -39.496863005368795 ], [ 174.328095271668701, -39.497305546896243 ], [ 174.328164503421192, -39.4973745718207 ], [ 174.328173447130155, -39.49738357869181 ], [ 174.328241810899783, -39.497453121015759 ], [ 174.328671948684786, -39.497895104506902 ], [ 174.329114911664618, -39.4983453184811 ], [ 174.329119971148458, -39.498350464525274 ], [ 174.329636630287666, -39.498876955868177 ], [ 174.329645736656204, -39.498886247986079 ], [ 174.329646919472452, -39.498887456553739 ], [ 174.329656010277091, -39.498896757784372 ], [ 174.33019675049303, -39.499450754362279 ], [ 174.330217998801658, -39.499472592202686 ], [ 174.330220755512755, -39.4994754343655 ], [ 174.330241918143741, -39.499497322107089 ], [ 174.330607706569538, -39.499876840789014 ], [ 174.331075635508512, -39.500350689018987 ], [ 174.331592657072093, -39.500918349474063 ], [ 174.331656098531084, -39.500994042593568 ], [ 174.332526309547774, -39.502235858351675 ], [ 174.332575362577217, -39.502321222983632 ], [ 174.333184127833732, -39.503653207486948 ], [ 174.333214274701248, -39.503740383379473 ], [ 174.333412757713404, -39.504417902380609 ], [ 174.333436120783972, -39.504514839624228 ], [ 174.333879700219399, -39.50446710123073 ], [ 174.333139578514192, -39.502626844451768 ], [ 174.333105434789587, -39.502445640000396 ], [ 174.333149544834185, -39.499628541559368 ], [ 174.33318935058125, -39.499448031951012 ], [ 174.334354909954072, -39.496779361832083 ], [ 174.334464760134296, -39.496617215135707 ] ], [ [ 174.349959618767741, -39.511671225247788 ], [ 174.349961889077377, -39.511665456849343 ], [ 174.349979500537501, -39.511621119395627 ], [ 174.350167431417873, -39.511152292851442 ], [ 174.350346947356087, -39.510685291815712 ], [ 174.350358973483793, -39.510654211084102 ], [ 174.350360546272071, -39.510650172784104 ], [ 174.350372716886881, -39.510619125823254 ], [ 174.350577951780366, -39.510098944414558 ], [ 174.35062920722001, -39.509972375654819 ], [ 174.350636026501888, -39.509955960621355 ], [ 174.350726606008607, -39.509785205306287 ], [ 174.347269761740762, -39.510619972495391 ], [ 174.347487720056421, -39.510967392020135 ], [ 174.347556516419445, -39.511142592814345 ], [ 174.347941955754777, -39.513289243437242 ], [ 174.348738466262603, -39.512815578807661 ], [ 174.349889148117796, -39.511853223280788 ], [ 174.34994230238695, -39.51171563238541 ], [ 174.349959618767741, -39.511671225247788 ] ], [ [ 174.420925919487274, -39.485707238763183 ], [ 174.419647677594355, -39.485283604778289 ], [ 174.419318754617422, -39.485191697300486 ], [ 174.419316353987256, -39.48519102628569 ], [ 174.418698064695036, -39.48501805079183 ], [ 174.418564377485922, -39.484979929973413 ], [ 174.418547038009166, -39.48497489190477 ], [ 174.418413964039786, -39.484935503975557 ], [ 174.417614604348245, -39.484694540632844 ], [ 174.417496247033853, -39.484740824817912 ], [ 174.417394864102846, -39.484773009776333 ], [ 174.416603392193281, -39.48499864159853 ], [ 174.415911749385259, -39.485174006886524 ], [ 174.415239288560741, -39.485359247178458 ], [ 174.414759271151695, -39.485482425824664 ], [ 174.414696448831052, -39.485497379584928 ], [ 174.414209969111766, -39.485604258764297 ], [ 174.413796645581925, -39.485687580185775 ], [ 174.412838887278411, -39.485894067619391 ], [ 174.412579200386773, -39.48594755455283 ], [ 174.412545341843753, -39.485954204477096 ], [ 174.412491209382893, -39.485964321627435 ], [ 174.4120685834813, -39.486155122435413 ], [ 174.411555683996625, -39.486387416923897 ], [ 174.41095409207287, -39.486641740672972 ], [ 174.410874695316551, -39.486672987783386 ], [ 174.409188983490935, -39.487212044135219 ], [ 174.40904819114283, -39.487247333069689 ], [ 174.407274386330414, -39.48757538822904 ], [ 174.407186412654539, -39.48758609173418 ], [ 174.406506557144382, -39.487652956822103 ], [ 174.405018017862631, -39.487764901681437 ], [ 174.403598299904758, -39.487791281977017 ], [ 174.4033905769667, -39.487851219854612 ], [ 174.402571475189944, -39.488088002005064 ], [ 174.402565849061716, -39.488089627088449 ], [ 174.401620914129325, -39.488362013701689 ], [ 174.401228565647102, -39.488468955753845 ], [ 174.401177255590227, -39.488482146584346 ], [ 174.39940665374067, -39.488820508029377 ], [ 174.399226285710483, -39.488843528622908 ], [ 174.397409162698068, -39.488963073102497 ], [ 174.397355103022875, -39.488963330757173 ], [ 174.396939213659067, -39.488959545256286 ], [ 174.395715188210602, -39.488931415493695 ], [ 174.395184998488105, -39.48890982618029 ], [ 174.395116192539973, -39.488905801288723 ], [ 174.394587829364156, -39.488865469207418 ], [ 174.393599918849304, -39.488772352406556 ], [ 174.393492389579734, -39.488858570477376 ], [ 174.393017938772942, -39.489239155015433 ], [ 174.392981499803682, -39.489268253189678 ], [ 174.392976751769567, -39.489272027668683 ], [ 174.392940144059907, -39.489300998402342 ], [ 174.392366190320075, -39.489753170213952 ], [ 174.392338443659753, -39.489774955160705 ], [ 174.39233483039169, -39.489777782445209 ], [ 174.392306988312583, -39.489799494183004 ], [ 174.391848976358517, -39.490155444973993 ], [ 174.391396342020698, -39.490520345965052 ], [ 174.391265686116526, -39.490628708492167 ], [ 174.390945421037287, -39.491003495970368 ], [ 174.390785716996646, -39.491138494412553 ], [ 174.388897651970893, -39.492301735717952 ], [ 174.388947411588447, -39.492347101627111 ], [ 174.388943219081739, -39.492349862258742 ], [ 174.3889572222011, -39.492364421912086 ], [ 174.388842043292328, -39.492430923610414 ], [ 174.388847703036646, -39.492461847508764 ], [ 174.388961300022402, -39.493872152023854 ], [ 174.388959678394002, -39.493949643663832 ], [ 174.388921708557774, -39.494545412877812 ], [ 174.388814012053047, -39.495554931774421 ], [ 174.388618369333045, -39.496615335317649 ], [ 174.388582461238144, -39.496751530132229 ], [ 174.388225669301505, -39.497786430942966 ], [ 174.387940719806352, -39.498451431226812 ], [ 174.387911553649872, -39.498518611526521 ], [ 174.387907717739978, -39.498527333269038 ], [ 174.38787786989792, -39.498594333623281 ], [ 174.387624238150153, -39.499156479243169 ], [ 174.387375133779869, -39.499721739645743 ], [ 174.387364589724939, -39.499745556731071 ], [ 174.387363213412328, -39.499748651461765 ], [ 174.387352583427287, -39.499772445617722 ], [ 174.387100520260475, -39.500334116547727 ], [ 174.386855496346783, -39.500893442748762 ], [ 174.386853395431018, -39.500898234186259 ], [ 174.386030246839482, -39.502771075320688 ], [ 174.386152461327384, -39.50273301253047 ], [ 174.386721393569474, -39.501918476718544 ], [ 174.386805830300432, -39.501817432211254 ], [ 174.387914107994845, -39.500695148707862 ], [ 174.38796866821221, -39.500648067763557 ], [ 174.388401002063858, -39.500294698732915 ], [ 174.388869149396271, -39.499932202687759 ], [ 174.388893947031733, -39.499913058953034 ], [ 174.388897175552898, -39.499910574034125 ], [ 174.388922047473869, -39.499891488246902 ], [ 174.389776700689964, -39.499237621666524 ], [ 174.389821115330705, -39.499203822529893 ], [ 174.389826904378339, -39.499199440651871 ], [ 174.389871552009339, -39.499165826280553 ], [ 174.390658708200846, -39.498576350019718 ], [ 174.391480741337489, -39.498016284182775 ], [ 174.391591788263639, -39.497947530971146 ], [ 174.392478169725507, -39.497449854601804 ], [ 174.393263125317219, -39.497051397137639 ], [ 174.394260774262989, -39.496598247796122 ], [ 174.39439392475677, -39.496544476137196 ], [ 174.395236649665549, -39.496244455064648 ], [ 174.395354071506432, -39.496192644311634 ], [ 174.395389048926319, -39.496177682009282 ], [ 174.397049926560271, -39.49559383238968 ], [ 174.397098911589609, -39.4955800897716 ], [ 174.397283685065702, -39.495469592963858 ], [ 174.397762330384012, -39.495198167526922 ], [ 174.397825675222094, -39.495164134788084 ], [ 174.398321565957076, -39.494911979553869 ], [ 174.398746977824118, -39.494707497559368 ], [ 174.399534751752412, -39.494361018436408 ], [ 174.399639270071617, -39.494319133834303 ], [ 174.401319946616866, -39.493770420710092 ], [ 174.401433296204488, -39.493741290588005 ], [ 174.403204049903849, -39.493403008182 ], [ 174.403320155929492, -39.493388193744572 ], [ 174.404219014100164, -39.493301219306275 ], [ 174.404890831614324, -39.493256725347543 ], [ 174.405259740812596, -39.493236865871374 ], [ 174.405307739865378, -39.49323487576644 ], [ 174.405677277684305, -39.493224118243198 ], [ 174.40637468780244, -39.493212417293414 ], [ 174.406793536676048, -39.493211236941413 ], [ 174.406847972926499, -39.493211843496788 ], [ 174.408663890358667, -39.493342941675103 ], [ 174.408843652004094, -39.493367056078704 ], [ 174.408913565273252, -39.493380886225886 ], [ 174.409843436110009, -39.493201591214479 ], [ 174.410493958050779, -39.493091384943575 ], [ 174.410578985866323, -39.493078945853476 ], [ 174.410813508933813, -39.493050000198288 ], [ 174.410892403682283, -39.493028930893701 ], [ 174.411512719292347, -39.492878170873183 ], [ 174.411594004252294, -39.492860333931759 ], [ 174.412224226731354, -39.492736679420339 ], [ 174.412746272139003, -39.492646205229583 ], [ 174.413097434619118, -39.492589738166352 ], [ 174.413143220999729, -39.492582944785632 ], [ 174.414955831347783, -39.492426872694381 ], [ 174.41514593512494, -39.492422136092941 ], [ 174.416967742756896, -39.492487653690965 ], [ 174.417013997883203, -39.492492153792583 ], [ 174.41736911739369, -39.492531023367533 ], [ 174.417486585564518, -39.492545316182209 ], [ 174.417583535690568, -39.492535809725801 ], [ 174.41852516145741, -39.492473481710299 ], [ 174.418647795226832, -39.492469244773005 ], [ 174.420094928649263, -39.492507347518433 ], [ 174.420145102404319, -39.491327024542912 ], [ 174.420169787176349, -39.491151582183498 ], [ 174.420509064023179, -39.489763180272071 ], [ 174.420511344713645, -39.48975668561885 ], [ 174.421126734393567, -39.488426497403218 ], [ 174.421220175190427, -39.48826555104322 ], [ 174.421555872870243, -39.487787590420268 ], [ 174.421789956879167, -39.486870564681382 ], [ 174.421814504236664, -39.486802842317374 ], [ 174.422039161482417, -39.486329404692256 ], [ 174.422052899248911, -39.486029111150103 ], [ 174.421587380657542, -39.485908386347759 ], [ 174.421510611874339, -39.485886670541319 ], [ 174.420925919487274, -39.485707238763183 ] ], [ [ 174.360877657630965, -39.502052137462108 ], [ 174.360796524425893, -39.501243788652793 ], [ 174.360815292244979, -39.501061239442343 ], [ 174.36164340772973, -39.498399901964341 ], [ 174.361314435685841, -39.498978034345811 ], [ 174.361284086765096, -39.499021719412291 ], [ 174.361041437081894, -39.49935392388641 ], [ 174.360715293812859, -39.499779144912146 ], [ 174.360514410761084, -39.500066320057037 ], [ 174.360122679007873, -39.500635716657953 ], [ 174.360121546330703, -39.500637362624623 ], [ 174.359651759385798, -39.501319598240912 ], [ 174.359188949019625, -39.501992360383824 ], [ 174.358717563469469, -39.502689228598655 ], [ 174.358322672702883, -39.50327869532974 ], [ 174.358278762446702, -39.503343593735778 ], [ 174.358273009893253, -39.503352012395887 ], [ 174.358228419326849, -39.503416631837396 ], [ 174.358067907269373, -39.503646981304968 ], [ 174.358749194627933, -39.503383929649345 ], [ 174.358974652785349, -39.503328885249445 ], [ 174.360055159978742, -39.503203893322961 ], [ 174.360700407860946, -39.503067624710653 ], [ 174.360705498921078, -39.502998270209062 ], [ 174.360819241365789, -39.50232832039876 ], [ 174.360877657630965, -39.502052137462108 ] ], [ [ 174.362572842653691, -39.49619240985237 ], [ 174.362107277258218, -39.497558626612488 ], [ 174.362050157006252, -39.497685069207911 ], [ 174.361848841969788, -39.498038868111145 ], [ 174.362051453546798, -39.497783243919834 ], [ 174.362287737086746, -39.497264514198477 ], [ 174.362365271697939, -39.497093690804341 ], [ 174.36257172724936, -39.496638825587503 ], [ 174.362731271964236, -39.496276109614193 ], [ 174.362605310416427, -39.496041585258332 ], [ 174.36258428008918, -39.49614359699693 ], [ 174.362572842653691, -39.49619240985237 ] ], [ [ 174.352548383944963, -39.439719515320455 ], [ 174.352323901473426, -39.439662612289261 ], [ 174.349089524967781, -39.438378997576528 ], [ 174.348898716088115, -39.438271085697082 ], [ 174.346334344767001, -39.436275231668013 ], [ 174.346195889611863, -39.436126877564305 ], [ 174.344552535371918, -39.433614206035323 ], [ 174.344479983637399, -39.433439934897272 ], [ 174.344447376383897, -39.433278316011538 ], [ 174.342772477732098, -39.432446356711544 ], [ 174.342669469934862, -39.43237533144729 ], [ 174.342519319464827, -39.432431702412181 ], [ 174.342293289670437, -39.432484732170735 ], [ 174.338694125276277, -39.432868623254727 ], [ 174.338458025857392, -39.4328648847941 ], [ 174.336570104812239, -39.432602243082613 ], [ 174.337389985147666, -39.434518455953167 ], [ 174.337428375653957, -39.434699147079272 ], [ 174.337582624488334, -39.436107101403479 ], [ 174.337587947106925, -39.43677159834732 ], [ 174.337588045019004, -39.436785566775399 ], [ 174.337588055931207, -39.436787382677529 ], [ 174.337588125899458, -39.436801351205382 ], [ 174.337590848651956, -39.437480595756789 ], [ 174.337590893543336, -39.437496077360251 ], [ 174.337590897148061, -39.437498089971058 ], [ 174.337590907713604, -39.437513571610964 ], [ 174.337590601227447, -39.438232287286183 ], [ 174.337590601171058, -39.438232416723146 ], [ 174.337590519405097, -39.438410298058976 ], [ 174.337826342817976, -39.438477379597039 ], [ 174.337857111266146, -39.438486170112938 ], [ 174.337861109075021, -39.438487317255543 ], [ 174.337891845378635, -39.438496175087373 ], [ 174.338693906114884, -39.438728315531783 ], [ 174.339534405817943, -39.438962304266575 ], [ 174.33959020837321, -39.438977963929467 ], [ 174.339597455952344, -39.438980014042968 ], [ 174.339653154614695, -39.438995894587634 ], [ 174.34051701150338, -39.439244133883271 ], [ 174.341330659900962, -39.439475326711225 ], [ 174.341342842064904, -39.439478794126181 ], [ 174.341344425416366, -39.439479245574653 ], [ 174.3413566025053, -39.439482723520811 ], [ 174.342171277671667, -39.439715803359583 ], [ 174.342992792740375, -39.439950029136753 ], [ 174.342998390553788, -39.439951626377756 ], [ 174.3437550782659, -39.440167967142678 ], [ 174.344648134493298, -39.440415457672728 ], [ 174.344775915455841, -39.440451524161681 ], [ 174.344792491020399, -39.440456288043016 ], [ 174.344919718745018, -39.440493512036824 ], [ 174.346817705679399, -39.441058664359993 ], [ 174.347992374832245, -39.441388517588067 ], [ 174.348519407035496, -39.441534725668909 ], [ 174.348522652299039, -39.441535626369067 ], [ 174.349740332753584, -39.441873980406676 ], [ 174.35014355830333, -39.441992616104237 ], [ 174.35019559039992, -39.442008787876851 ], [ 174.350592858700537, -39.442138948704567 ], [ 174.351092219922805, -39.442311098004382 ], [ 174.351248290569941, -39.442365973884414 ], [ 174.351268510789509, -39.442373223407472 ], [ 174.351423520446446, -39.442429878652945 ], [ 174.351956005647054, -39.442628233075496 ], [ 174.351967225303241, -39.442632418178086 ], [ 174.351968683479498, -39.442632962846417 ], [ 174.35197989730429, -39.442637157256506 ], [ 174.352397732761403, -39.442793657109171 ], [ 174.352447784708545, -39.4428125186801 ], [ 174.352454283850818, -39.442814982756516 ], [ 174.352504218708276, -39.442834030053625 ], [ 174.353166357325478, -39.443088124690455 ], [ 174.353853656552076, -39.443336842329039 ], [ 174.353918822459093, -39.443360615121783 ], [ 174.353927281589932, -39.443363725917948 ], [ 174.353992256157596, -39.443387811527813 ], [ 174.354584735368405, -39.443609189438142 ], [ 174.354776167496397, -39.443641955259139 ], [ 174.3550686090569, -39.443115950747661 ], [ 174.355194882750908, -39.442961192464836 ], [ 174.357341236704912, -39.441068092662917 ], [ 174.357304147787744, -39.441057499918642 ], [ 174.356770429421289, -39.440899587141274 ], [ 174.35602974069198, -39.440686914388841 ], [ 174.354584620372833, -39.440182556691909 ], [ 174.354403387001526, -39.440107378406914 ], [ 174.353980842197473, -39.439897475400201 ], [ 174.352548383944963, -39.439719515320455 ] ], [ [ 174.238036448713501, -39.451685557495153 ], [ 174.238036440134408, -39.451690307056467 ], [ 174.238036278534054, -39.451726842039534 ], [ 174.238031422233774, -39.452416613902365 ], [ 174.238031082810892, -39.453071985232022 ], [ 174.23803105574234, -39.453088141517675 ], [ 174.238031049792852, -39.453090241830679 ], [ 174.238030985331221, -39.453106398052668 ], [ 174.238028202990307, -39.453646930547556 ], [ 174.238028131563425, -39.454231156658992 ], [ 174.238045983251396, -39.454642418374519 ], [ 174.23805227510411, -39.454882859622046 ], [ 174.238052554506623, -39.454914119876435 ], [ 174.238050561123288, -39.455154605618503 ], [ 174.238039580342615, -39.455584899325402 ], [ 174.23812840831846, -39.456045761729797 ], [ 174.238153658395845, -39.45618409965023 ], [ 174.238156760739457, -39.4562021022384 ], [ 174.2381792390199, -39.45634072721316 ], [ 174.238257263726979, -39.456854059431102 ], [ 174.238333422149083, -39.457682179562234 ], [ 174.238336906302209, -39.457789959819351 ], [ 174.238314348984488, -39.45861999747013 ], [ 174.238263658191869, -39.459204016457711 ], [ 174.238262524437033, -39.459216939745318 ], [ 174.238262375490109, -39.459218619689658 ], [ 174.23799134908316, -39.460628920966066 ], [ 174.23796875472334, -39.46070469720523 ], [ 174.237946441652895, -39.460780523512888 ], [ 174.237396646144731, -39.462141207291531 ], [ 174.237395834738606, -39.462142769325659 ], [ 174.237389582000077, -39.462154781496686 ], [ 174.237184942514773, -39.462547099485128 ], [ 174.238065449104795, -39.462963027220709 ], [ 174.238245466318148, -39.463081606920134 ], [ 174.239111495298005, -39.463863639712926 ], [ 174.239111443005157, -39.463626546595059 ], [ 174.239111444157402, -39.463620657273133 ], [ 174.23911233729703, -39.462917236734313 ], [ 174.239112476150723, -39.462881203495613 ], [ 174.239112506293253, -39.462876519221297 ], [ 174.239112831170843, -39.462840486701104 ], [ 174.239119479860619, -39.462267193646518 ], [ 174.239106273641227, -39.461690746872577 ], [ 174.239104747869703, -39.461596169446501 ], [ 174.239104632830418, -39.461583873912673 ], [ 174.239104388765185, -39.461489289279768 ], [ 174.239107151652718, -39.460830665411535 ], [ 174.239106974022576, -39.46037323529135 ], [ 174.239107021024296, -39.460344765210657 ], [ 174.239107034682604, -39.460341064117003 ], [ 174.239107197808863, -39.460312594295445 ], [ 174.239113783381299, -39.459464901983139 ], [ 174.239117121658069, -39.458708087708487 ], [ 174.239107837928486, -39.457950543489083 ], [ 174.239107324178832, -39.457877048575206 ], [ 174.239107307692024, -39.457867494184242 ], [ 174.23910756779739, -39.457793998467608 ], [ 174.239113019571676, -39.45717472238686 ], [ 174.239117711277345, -39.456403837474575 ], [ 174.23911794077091, -39.456375547654964 ], [ 174.239117978057521, -39.456371870023716 ], [ 174.23911832220432, -39.456343580900878 ], [ 174.2391250623308, -39.455868645919558 ], [ 174.239116490349261, -39.455430891652931 ], [ 174.239116364575921, -39.455424312378 ], [ 174.239106581159973, -39.454878289023974 ], [ 174.239105642583041, -39.454803557301048 ], [ 174.239105572576221, -39.454793841951812 ], [ 174.239105434124724, -39.454719106763349 ], [ 174.239108102826066, -39.453956674127589 ], [ 174.239108137884273, -39.453948131080011 ], [ 174.23911238279797, -39.453198168396121 ], [ 174.239113713414667, -39.452488726527314 ], [ 174.239108050489421, -39.452036437961517 ], [ 174.239107637841443, -39.451992370810743 ], [ 174.23910760227966, -39.451986642013694 ], [ 174.239107467823004, -39.45194257382542 ], [ 174.239107531870047, -39.451332872820174 ], [ 174.239129246604449, -39.450783245887926 ], [ 174.239134879654188, -39.450711927792078 ], [ 174.239199826864819, -39.450164353219947 ], [ 174.23931243162798, -39.449453706899448 ], [ 174.239319365987626, -39.44941079549023 ], [ 174.23932028472754, -39.449405218717452 ], [ 174.239327484828038, -39.449362333622375 ], [ 174.239338637664076, -39.44929712893309 ], [ 174.239338754862047, -39.449258698949521 ], [ 174.239340562689563, -39.448586144692257 ], [ 174.239052409570604, -39.449177313786635 ], [ 174.238585108171634, -39.450007197482556 ], [ 174.23851752356515, -39.450112444219172 ], [ 174.238023101565176, -39.450794141398426 ], [ 174.238034109446687, -39.450975201071593 ], [ 174.238036419098876, -39.45164902230421 ], [ 174.238036448713501, -39.451685557495153 ] ], [ [ 174.185798910734235, -39.465473200548793 ], [ 174.185784420277741, -39.465027547054667 ], [ 174.185784153414289, -39.464557580430586 ], [ 174.185785465372703, -39.46441823550424 ], [ 174.185785816750638, -39.464400122771195 ], [ 174.185789910600846, -39.464260810265557 ], [ 174.18580327806535, -39.463921326536159 ], [ 174.185799306967141, -39.463619202534858 ], [ 174.185782586335847, -39.463135613481874 ], [ 174.185778762656298, -39.46296387958197 ], [ 174.185778540317045, -39.462941552530843 ], [ 174.185778943381649, -39.462769793335944 ], [ 174.185787096540594, -39.46221332853068 ], [ 174.18578792674748, -39.462167111186957 ], [ 174.185788054568206, -39.462161103186574 ], [ 174.185789190833646, -39.462114889755235 ], [ 174.185800540907223, -39.461708071079251 ], [ 174.18580046850721, -39.461580399858704 ], [ 174.185800293819028, -39.461272451166458 ], [ 174.185798805508597, -39.460795589652989 ], [ 174.185798608342253, -39.460732420816321 ], [ 174.185788792894527, -39.460171191086438 ], [ 174.185788199497267, -39.460130467595327 ], [ 174.185788137801069, -39.460125173433276 ], [ 174.185787782026182, -39.460084448277392 ], [ 174.185783830599092, -39.459405356478761 ], [ 174.185783728543612, -39.459349744852886 ], [ 174.185783744076787, -39.45934251537868 ], [ 174.185784085104075, -39.459286904324351 ], [ 174.185791810823986, -39.458523177587828 ], [ 174.185796477139775, -39.457891294289361 ], [ 174.185797713289702, -39.457359810947459 ], [ 174.185795875573632, -39.456690722280094 ], [ 174.185793227397028, -39.456001935586087 ], [ 174.185793181582824, -39.455984081440022 ], [ 174.185793178595389, -39.455981760398664 ], [ 174.18579317844916, -39.455963906216326 ], [ 174.185794105812477, -39.455233930671781 ], [ 174.185794363895951, -39.454718779027758 ], [ 174.185794542449486, -39.454672225295347 ], [ 174.185794585842501, -39.454666173397086 ], [ 174.185795074872942, -39.454619621002266 ], [ 174.185800707995099, -39.454212592872587 ], [ 174.185490879108897, -39.453882997866025 ], [ 174.184633084994999, -39.452822776957667 ], [ 174.184534437884679, -39.452679620104497 ], [ 174.184306108288581, -39.452274676324905 ], [ 174.184305840148483, -39.452407006629308 ], [ 174.184268524324921, -39.452587819593589 ], [ 174.183341294031919, -39.454788324961278 ], [ 174.183258971426028, -39.455563255969416 ], [ 174.183255427199299, -39.456089786881215 ], [ 174.183252610944123, -39.456617775579339 ], [ 174.183256027840827, -39.457077197755531 ], [ 174.183256170286114, -39.457102533638107 ], [ 174.183256182826256, -39.457105827316489 ], [ 174.183256233306309, -39.457131163409194 ], [ 174.183256324853119, -39.457647552606943 ], [ 174.183652834816485, -39.458535034276011 ], [ 174.183694272410321, -39.45871530722124 ], [ 174.183764239917735, -39.461531898167948 ], [ 174.183731784430648, -39.461713274012268 ], [ 174.183247823304669, -39.462948230079405 ], [ 174.18324853995037, -39.46307824049083 ], [ 174.183431236939811, -39.464019151995778 ], [ 174.18342941958548, -39.464202258789456 ], [ 174.183255300027042, -39.465013913769162 ], [ 174.185421140791448, -39.466947355793756 ], [ 174.185452542352209, -39.466986355753789 ], [ 174.185787354778768, -39.466463433453555 ], [ 174.18588985154625, -39.466319504528002 ], [ 174.185845573377065, -39.465975615215804 ], [ 174.185802643071185, -39.465531063863828 ], [ 174.185798910734235, -39.465473200548793 ] ], [ [ 174.18307696752575, -39.445288542801606 ], [ 174.183077036908429, -39.445250918603115 ], [ 174.183080096329633, -39.444576805005603 ], [ 174.183080165456147, -39.444564114313579 ], [ 174.183080175942081, -39.444562464529241 ], [ 174.183080268137815, -39.444549773923981 ], [ 174.183085220807925, -39.443943830720521 ], [ 174.183079620467822, -39.443359961944438 ], [ 174.183079299367904, -39.443292135608132 ], [ 174.18307930045691, -39.443283318187547 ], [ 174.183079638310431, -39.443215491899487 ], [ 174.183086043804934, -39.442564432972084 ], [ 174.183086252895635, -39.442545727394361 ], [ 174.183086283335143, -39.442543295693675 ], [ 174.183086542544714, -39.442524590491708 ], [ 174.18309443166109, -39.442005472041593 ], [ 174.183088004881881, -39.441522744825122 ], [ 174.18308752607723, -39.441473996942463 ], [ 174.183087485957799, -39.441467659633524 ], [ 174.183087347539953, -39.441418910455582 ], [ 174.183087812571671, -39.440705173669073 ], [ 174.183091153974857, -39.440493683983767 ], [ 174.183092004713046, -39.440466198072194 ], [ 174.18310175156887, -39.4402548275783 ], [ 174.183147252050986, -39.439512390134986 ], [ 174.183236288203915, -39.438798114616809 ], [ 174.183096812226353, -39.437726374390316 ], [ 174.183096341679629, -39.437709815704729 ], [ 174.183093884289406, -39.43758242134134 ], [ 174.183085445569134, -39.436752208713422 ], [ 174.183085125148494, -39.436704952311999 ], [ 174.183085104283862, -39.436698808937315 ], [ 174.18308510371034, -39.436651551882093 ], [ 174.183087245636386, -39.436016286511311 ], [ 174.182913910707697, -39.436048616657075 ], [ 174.18233854719611, -39.436083920873493 ], [ 174.18234979233651, -39.436261312081804 ], [ 174.182349948472108, -39.436263781929618 ], [ 174.182382738830341, -39.436786217441934 ], [ 174.182382930627654, -39.436789283915168 ], [ 174.182411739995757, -39.437254061333988 ], [ 174.182445739851346, -39.437742000428123 ], [ 174.182447468115072, -39.437767472643756 ], [ 174.182447686740176, -39.437770784271798 ], [ 174.182449321939714, -39.437796260179788 ], [ 174.18248442992757, -39.438359291199141 ], [ 174.182518052608373, -39.438861898102182 ], [ 174.182522690440209, -39.438925816651206 ], [ 174.182813168169361, -39.440337836047981 ], [ 174.182813428473963, -39.44052094874818 ], [ 174.182671045467401, -39.441222999768129 ], [ 174.182691097688831, -39.441618435061912 ], [ 174.182722847288971, -39.442121288702374 ], [ 174.182723426267501, -39.442130556359615 ], [ 174.182723500734141, -39.442131761185429 ], [ 174.182724067396236, -39.442141029309795 ], [ 174.182755627192506, -39.442662892552249 ], [ 174.182756065405101, -39.442670201300913 ], [ 174.182783677621046, -39.443141212957414 ], [ 174.182816988256718, -39.443602799317347 ], [ 174.18282144131021, -39.443668853877242 ], [ 174.182821979521094, -39.443677442502732 ], [ 174.182825806634327, -39.443743520642784 ], [ 174.182848719288046, -39.444174435243426 ], [ 174.182883429986248, -39.444651423623405 ], [ 174.182884675055845, -39.444668832758801 ], [ 174.182884834088583, -39.444671096065704 ], [ 174.182886035676631, -39.444688507036517 ], [ 174.182921756471842, -39.445215663306428 ], [ 174.182922087929541, -39.445220580151627 ], [ 174.182956390001408, -39.445736300835662 ], [ 174.182958509239342, -39.445769344264257 ], [ 174.182958774560774, -39.445773640287911 ], [ 174.182960737190996, -39.445806689530933 ], [ 174.182992195655146, -39.446358486876491 ], [ 174.18299236050521, -39.446361388889535 ], [ 174.183000819630337, -39.446511708687652 ], [ 174.183050683287831, -39.446565097426721 ], [ 174.183080242227703, -39.44661025218906 ], [ 174.183080595389811, -39.4464422599047 ], [ 174.183080661292252, -39.445900990120371 ], [ 174.183077105071646, -39.445331058035933 ], [ 174.183076971685949, -39.445293433940712 ], [ 174.18307696752575, -39.445288542801606 ] ], [ [ 174.372017553188698, -39.439869959752038 ], [ 174.372360330725542, -39.439958081327894 ], [ 174.373401462178805, -39.439970191496634 ], [ 174.373121802884469, -39.439748476824171 ], [ 174.372985112040197, -39.439599135614387 ], [ 174.372056897434589, -39.438146905563485 ], [ 174.371231221285768, -39.439021155729606 ], [ 174.371063591080201, -39.439150157498702 ], [ 174.370613802635376, -39.439401539958077 ], [ 174.371224238807059, -39.439605479871041 ], [ 174.37122940878308, -39.439607208220785 ], [ 174.371911786736916, -39.439835715472455 ], [ 174.372017553188698, -39.439869959752038 ] ], [ [ 174.383626510893095, -39.41139618445581 ], [ 174.384048069863724, -39.410770624489238 ], [ 174.38485662911819, -39.409677382616231 ], [ 174.38541973762662, -39.408902416724736 ], [ 174.385780961463865, -39.408393978443087 ], [ 174.38678262474528, -39.407213744352781 ], [ 174.386927506740079, -39.407069158788715 ], [ 174.388168031278525, -39.406167317176809 ], [ 174.385381311647791, -39.405610762142899 ], [ 174.385164726688828, -39.405537920897402 ], [ 174.382099718873235, -39.404026665159847 ], [ 174.381922759056579, -39.403905462555201 ], [ 174.379609889193944, -39.401733339364817 ], [ 174.379489877324858, -39.401575643094077 ], [ 174.379005640230872, -39.400807368173567 ], [ 174.37814695340478, -39.402043117986089 ], [ 174.378003813802309, -39.402188737284639 ], [ 174.375376972186018, -39.404134154714029 ], [ 174.375182826829871, -39.404238325369128 ], [ 174.372803151331539, -39.40512553304054 ], [ 174.372928376273848, -39.405786230357641 ], [ 174.372931293966644, -39.405801717725751 ], [ 174.372931671011145, -39.405803731338317 ], [ 174.372934554002967, -39.405819222625219 ], [ 174.373066585834636, -39.406533053677535 ], [ 174.373074003942037, -39.406573822036052 ], [ 174.373074952673505, -39.406579123604992 ], [ 174.373082130434909, -39.406619917845504 ], [ 174.37320386491686, -39.407323784325435 ], [ 174.373204979398309, -39.407330245689955 ], [ 174.373275415588864, -39.407741489711412 ], [ 174.373516293038335, -39.408260927744124 ], [ 174.373560470060539, -39.408440823628865 ], [ 174.373603888673813, -39.409521202097892 ], [ 174.373726062765741, -39.41019729905954 ], [ 174.373726866375392, -39.410201754089492 ], [ 174.373857789416007, -39.410930936754966 ], [ 174.37386135039344, -39.410950933820608 ], [ 174.373861809563778, -39.410953533838544 ], [ 174.373865312745664, -39.410973537049209 ], [ 174.373987229874643, -39.411675577477034 ], [ 174.374113325267388, -39.412376872755651 ], [ 174.374113329149964, -39.412376894348931 ], [ 174.374371499457624, -39.413812741458003 ], [ 174.374507140097961, -39.414543364103636 ], [ 174.374509027935119, -39.414553574210643 ], [ 174.374509272374041, -39.414554901633785 ], [ 174.374511145135358, -39.414565113421368 ], [ 174.374587353856782, -39.414982375682513 ], [ 174.375117660980067, -39.415146979640014 ], [ 174.375884487025985, -39.415343069998407 ], [ 174.375909794100806, -39.415349566336182 ], [ 174.375913082767482, -39.415350413788602 ], [ 174.375938370564569, -39.415356955180201 ], [ 174.37714242135101, -39.415669600632128 ], [ 174.377235448787502, -39.415694095639765 ], [ 174.377247524771974, -39.415697319617991 ], [ 174.377340281712691, -39.415722424275536 ], [ 174.377739268410721, -39.415831879999168 ], [ 174.37815085987458, -39.415951639390848 ], [ 174.378203967758253, -39.415967988059208 ], [ 174.379839301288058, -39.416590670307741 ], [ 174.379993727064971, -39.416661637625424 ], [ 174.380747532180152, -39.417073257688998 ], [ 174.380732576613809, -39.416596600966415 ], [ 174.380763826021791, -39.416415080696936 ], [ 174.381801836842754, -39.413715171440217 ], [ 174.381903866123452, -39.413550024353675 ], [ 174.383300333939815, -39.411980044698581 ], [ 174.3835758975315, -39.411479047085528 ], [ 174.383626510893095, -39.41139618445581 ] ], [ [ 174.317359526487422, -39.406724627106406 ], [ 174.317368752995719, -39.406715711402313 ], [ 174.318311452957659, -39.405805934508244 ], [ 174.318323576163323, -39.40579425441441 ], [ 174.318325153808701, -39.405792737020931 ], [ 174.318337302070375, -39.405781072599609 ], [ 174.31919288392595, -39.404960951227316 ], [ 174.319736608331567, -39.404437221018782 ], [ 174.319057793551934, -39.404583365415419 ], [ 174.318823264625081, -39.404604127011567 ], [ 174.315195151657235, -39.404481658027812 ], [ 174.314999078383011, -39.404450730770513 ], [ 174.315018000828275, -39.404512955584721 ], [ 174.315223388176832, -39.405186592314593 ], [ 174.315241613126972, -39.405247303923105 ], [ 174.315243947130824, -39.405255202699344 ], [ 174.31526162993211, -39.405316010725286 ], [ 174.315449555292531, -39.405972828773066 ], [ 174.315616769365647, -39.406532211333321 ], [ 174.315828679011219, -39.407165404960615 ], [ 174.315863631500719, -39.407272541909073 ], [ 174.31586806499061, -39.407286490817398 ], [ 174.315901320035323, -39.407393952459103 ], [ 174.316062204263233, -39.407928259303567 ], [ 174.316085563302238, -39.407928282479411 ], [ 174.316119158889364, -39.407928072055199 ], [ 174.316679114884465, -39.407384666550911 ], [ 174.316679909202605, -39.407383895787483 ], [ 174.317349116041811, -39.40673471155808 ], [ 174.317358327987904, -39.406725786740324 ], [ 174.317359526487422, -39.406724627106406 ] ], [ [ 174.347358904716117, -39.408346997088131 ], [ 174.346556989357083, -39.409119559783321 ], [ 174.346452148463754, -39.409222049038355 ], [ 174.348429340224527, -39.411319171722106 ], [ 174.348537181273656, -39.411482077082425 ], [ 174.34919887054042, -39.412710232458203 ], [ 174.349211180197045, -39.41270547758468 ], [ 174.349105327101199, -39.412118553166088 ], [ 174.348977976679492, -39.411457734060356 ], [ 174.348970685608748, -39.411419334723256 ], [ 174.348969751643239, -39.411414341248147 ], [ 174.348962674013393, -39.411375917891213 ], [ 174.348830869781921, -39.410649184953954 ], [ 174.348824531095687, -39.410613724014119 ], [ 174.348823718883125, -39.410609112839325 ], [ 174.348817561991098, -39.410573632628584 ], [ 174.348696562674718, -39.409865705208695 ], [ 174.348583625578215, -39.409211371790178 ], [ 174.34846290095183, -39.408557427926468 ], [ 174.348386764382354, -39.40815497863354 ], [ 174.348130880359605, -39.40785669543979 ], [ 174.348031046786218, -39.407717797288868 ], [ 174.348022638803116, -39.407703579021408 ], [ 174.347382648947132, -39.408324049634871 ], [ 174.347371512077643, -39.408334829719351 ], [ 174.347370062899216, -39.408336230268134 ], [ 174.347358904716117, -39.408346997088131 ] ], [ [ 174.408442826880815, -39.410269034169566 ], [ 174.408508508376883, -39.410444937786941 ], [ 174.408960830090848, -39.413240451128708 ], [ 174.408953224824785, -39.413423490088114 ], [ 174.408688565081064, -39.414494987723835 ], [ 174.408758280035499, -39.415920866404562 ], [ 174.408730209799131, -39.416102701390763 ], [ 174.408356526706427, -39.417125082777829 ], [ 174.409012016718776, -39.417252688738245 ], [ 174.409209439427656, -39.417304189634557 ], [ 174.410885325357214, -39.417858325607206 ], [ 174.410910248583775, -39.417868426593948 ], [ 174.411101032680591, -39.417947511730908 ], [ 174.412819455459527, -39.418675866481045 ], [ 174.412825110539444, -39.418678264885266 ], [ 174.413913145061287, -39.419140484501085 ], [ 174.414957082771508, -39.419577837496618 ], [ 174.414961553968595, -39.419579711620685 ], [ 174.416042586234937, -39.420033428492438 ], [ 174.416076661423858, -39.420047786972134 ], [ 174.416081087168095, -39.420049659306507 ], [ 174.416115100352243, -39.420064105970795 ], [ 174.417267336116765, -39.420555435910146 ], [ 174.417358428941839, -39.42059469236434 ], [ 174.417370241250524, -39.420599836814489 ], [ 174.417460876251766, -39.42063972574779 ], [ 174.417890352876356, -39.420830720355418 ], [ 174.418899905095117, -39.421335202292049 ], [ 174.419026429744264, -39.421405866345332 ], [ 174.419281835137753, -39.421564690818578 ], [ 174.420140662771104, -39.421567659279503 ], [ 174.420330770303053, -39.421577662602047 ], [ 174.420479798134608, -39.421592894704958 ], [ 174.420588556145162, -39.42157494712508 ], [ 174.420643176911454, -39.421566746579927 ], [ 174.422453543546709, -39.421407857577719 ], [ 174.422461452507349, -39.421407648014217 ], [ 174.422767781422664, -39.421250962585944 ], [ 174.422864656905432, -39.421205365876546 ], [ 174.423626848352853, -39.420876345758607 ], [ 174.424337234462428, -39.420596253569755 ], [ 174.425728163250966, -39.420133638985781 ], [ 174.425913257513855, -39.420082874388797 ], [ 174.427369935601291, -39.419764494413961 ], [ 174.428035535394315, -39.419654748355455 ], [ 174.428596575877549, -39.419429614214394 ], [ 174.4293256821, -39.419185121789539 ], [ 174.429374220069235, -39.418978960551996 ], [ 174.429428273453539, -39.418764173562018 ], [ 174.429435736714026, -39.418736321592633 ], [ 174.429496502701426, -39.418522616741882 ], [ 174.429728209420489, -39.417752349635869 ], [ 174.429732470112214, -39.417738236894699 ], [ 174.429733025905307, -39.417736402584985 ], [ 174.429737315876395, -39.417722295176759 ], [ 174.430013779957477, -39.416816403442773 ], [ 174.430015618447612, -39.416810388250703 ], [ 174.430190413494017, -39.416240703978843 ], [ 174.430370062142032, -39.415587073250464 ], [ 174.43056367789714, -39.414985110672816 ], [ 174.43058105410509, -39.414938052357691 ], [ 174.429650395954127, -39.414966931064235 ], [ 174.429415914558831, -39.414945534292713 ], [ 174.42591935207011, -39.414182619811733 ], [ 174.425704878041586, -39.414106059140416 ], [ 174.422683515655223, -39.412542278010307 ], [ 174.422510048890445, -39.412418050607286 ], [ 174.420259686835578, -39.410206527959758 ], [ 174.420144207813564, -39.410046797609319 ], [ 174.418885088929898, -39.407404063833702 ], [ 174.418838896414542, -39.407224468907252 ], [ 174.418753308162366, -39.405559708727289 ], [ 174.41868233281528, -39.405457353754514 ], [ 174.418330134018049, -39.404904918376822 ], [ 174.418287568116853, -39.404831971044189 ], [ 174.417984906542529, -39.404262139902052 ], [ 174.417700588002077, -39.403670085661247 ], [ 174.417677646070928, -39.40362189203266 ], [ 174.417674686682233, -39.403615620311278 ], [ 174.417652099556676, -39.403567325918488 ], [ 174.417358005506742, -39.402932867348966 ], [ 174.417023766070685, -39.402249357818349 ], [ 174.416919468491699, -39.402049191885865 ], [ 174.416759332094955, -39.401829352388447 ], [ 174.416294110319882, -39.401211277477358 ], [ 174.415911782881949, -39.400723867678202 ], [ 174.415842440716801, -39.400633224624436 ], [ 174.415572287050765, -39.400464042522486 ], [ 174.415566270511647, -39.400460272149978 ], [ 174.41487363986991, -39.400025463465219 ], [ 174.414860613758634, -39.400023640802722 ], [ 174.41433786205647, -39.399946440522385 ], [ 174.414250337276314, -39.39993324409965 ], [ 174.414238967717267, -39.399931494679173 ], [ 174.41415157620483, -39.399917776940711 ], [ 174.414013144888543, -39.399895617665273 ], [ 174.41226374981153, -39.399502364444487 ], [ 174.412042884116488, -39.399437753440075 ], [ 174.40888727614896, -39.398043526455915 ], [ 174.40870296420303, -39.397929120016911 ], [ 174.406758658652052, -39.396273477644179 ], [ 174.404235561309804, -39.395694588902103 ], [ 174.40406940731441, -39.395655413852452 ], [ 174.40404785762172, -39.395650195989155 ], [ 174.40388247788789, -39.395609096220156 ], [ 174.402300652051139, -39.39520582205293 ], [ 174.402493149884435, -39.397597441184026 ], [ 174.402470828040151, -39.397779754315138 ], [ 174.401566082459226, -39.400508353358106 ], [ 174.401472234002057, -39.400676390577331 ], [ 174.399524855968679, -39.403054497468858 ], [ 174.399368661442196, -39.403191807341265 ], [ 174.398623013263688, -39.403669873476574 ], [ 174.400693246105931, -39.403977749941362 ], [ 174.400915277661937, -39.40403993716135 ], [ 174.404096242538174, -39.405399395614033 ], [ 174.404282646068225, -39.405511762732338 ], [ 174.406766570591969, -39.407567204871263 ], [ 174.406899101510163, -39.407718756102625 ], [ 174.408442826880815, -39.410269034169566 ] ], [ [ 174.377784647413336, -39.374081976693745 ], [ 174.378119045724134, -39.371677455388543 ], [ 174.378180751081771, -39.371500696398925 ], [ 174.378769067842228, -39.370482752309165 ], [ 174.378273531050297, -39.370622570296483 ], [ 174.37824500142284, -39.370628701797571 ], [ 174.376457746000057, -39.370897758112072 ], [ 174.376252404962997, -39.370915849012924 ], [ 174.375452989673391, -39.370943350333043 ], [ 174.37431365573039, -39.371786548273064 ], [ 174.374199191595721, -39.371858841980163 ], [ 174.37270123718767, -39.372661967354929 ], [ 174.372624214293495, -39.3726966704928 ], [ 174.372021565012005, -39.372950027492372 ], [ 174.371066575285425, -39.373323618508437 ], [ 174.370498038223161, -39.373558403282573 ], [ 174.370426124027802, -39.37358785039158 ], [ 174.370416758009497, -39.373591653041082 ], [ 174.370344579616273, -39.373620708231726 ], [ 174.369769694874464, -39.373850143407722 ], [ 174.369628313456076, -39.373906598624984 ], [ 174.368846335760594, -39.374655169758078 ], [ 174.369796560979552, -39.37460583445079 ], [ 174.370031555705737, -39.374622344561288 ], [ 174.370977518290289, -39.374807742202584 ], [ 174.372186954036124, -39.374557168662513 ], [ 174.373205855377137, -39.374342244585478 ], [ 174.374288356286343, -39.374156493873308 ], [ 174.374430244602593, -39.374137612815282 ], [ 174.376243312358071, -39.37400881787449 ], [ 174.376335995789958, -39.37400790114107 ], [ 174.377784647413336, -39.374081976693745 ] ], [ [ 174.461374782739711, -39.341724461398506 ], [ 174.461433956674455, -39.34158992585548 ], [ 174.462155441140254, -39.340292593328961 ], [ 174.462180334827536, -39.340256017265482 ], [ 174.462378227693222, -39.339977290745232 ], [ 174.462827798473967, -39.339369720856261 ], [ 174.462926318061847, -39.339239128277001 ], [ 174.462939308388229, -39.339222236003366 ], [ 174.463040639972661, -39.339092947447035 ], [ 174.463508240895038, -39.338507465319772 ], [ 174.463747964905224, -39.338219677985485 ], [ 174.463780034253944, -39.338182739573504 ], [ 174.464033684810005, -39.337902243614003 ], [ 174.464590475131587, -39.337310775609218 ], [ 174.464599890654171, -39.337300787976083 ], [ 174.464601115820244, -39.337299490237719 ], [ 174.464610549006409, -39.33728951266518 ], [ 174.465488763144123, -39.336361937615258 ], [ 174.465832846351418, -39.335947164147242 ], [ 174.463755382008742, -39.334252916412687 ], [ 174.463621476542869, -39.33410216158655 ], [ 174.462133054049389, -39.331689268999348 ], [ 174.460675462172304, -39.333789132545135 ], [ 174.460532460978015, -39.333934761732912 ], [ 174.45790813695578, -39.33588032482124 ], [ 174.457714176446558, -39.335984504291211 ], [ 174.456140937796675, -39.336694685906139 ], [ 174.455157282350115, -39.337061792003311 ], [ 174.45424346037521, -39.337412015148878 ], [ 174.453481922417296, -39.337677839343087 ], [ 174.45338144945049, -39.337709585645065 ], [ 174.451647247262542, -39.338137822378002 ], [ 174.451522507240981, -39.338160434607644 ], [ 174.44972337427464, -39.338372702851274 ], [ 174.44961518448423, -39.33837878188821 ], [ 174.44902909912048, -39.338395274472248 ], [ 174.449206715778899, -39.338452478886779 ], [ 174.450429146630825, -39.338767309658522 ], [ 174.450455520452806, -39.338774129185147 ], [ 174.450458947677703, -39.338775018912941 ], [ 174.450485300393183, -39.338781887506293 ], [ 174.451359947303047, -39.339010758141633 ], [ 174.453033573982907, -39.339565674517608 ], [ 174.453242541892479, -39.339650582694162 ], [ 174.456154769587044, -39.341331270166279 ], [ 174.456319730626802, -39.34146216202528 ], [ 174.457126790658123, -39.342344604225595 ], [ 174.458511514985787, -39.342077892209538 ], [ 174.45861098999174, -39.34206511611638 ], [ 174.458710418991558, -39.342052125934572 ], [ 174.460539304673802, -39.341927589594569 ], [ 174.460541393658559, -39.341927576214992 ], [ 174.461294132381056, -39.34196913376757 ], [ 174.461374782739711, -39.341724461398506 ] ], [ [ 174.600611857192234, -39.330159327498087 ], [ 174.601458332341792, -39.329459270771324 ], [ 174.601469153943299, -39.329424422382722 ], [ 174.601526154552943, -39.329288654408856 ], [ 174.602224233397578, -39.327983563789424 ], [ 174.60224809592566, -39.327947282853664 ], [ 174.60243790692337, -39.327670679621995 ], [ 174.602985017805224, -39.326905758813901 ], [ 174.603159035129835, -39.326643098357273 ], [ 174.602377439348203, -39.32543083334523 ], [ 174.600923226159637, -39.323210398555304 ], [ 174.600365042219437, -39.322213308465038 ], [ 174.600302799067833, -39.322080763001097 ], [ 174.599815374348651, -39.320719196119917 ], [ 174.599804905444444, -39.320677514031587 ], [ 174.599597715265872, -39.319273484487731 ], [ 174.599591253310763, -39.319132486714963 ], [ 174.599625985384023, -39.318045553467002 ], [ 174.599754003649764, -39.316881421914161 ], [ 174.599455975797497, -39.316921788761107 ], [ 174.599220217987721, -39.316924637088931 ], [ 174.595629028589769, -39.31652712226753 ], [ 174.59540368111945, -39.31647323347056 ], [ 174.592146505802447, -39.315233056866283 ], [ 174.591953634613191, -39.315127708166081 ], [ 174.589349389302527, -39.313166311824126 ], [ 174.589207876721872, -39.313019818888925 ], [ 174.587511481840096, -39.310529251544338 ], [ 174.587435177197449, -39.310355957418587 ], [ 174.587404599920205, -39.310219625232868 ], [ 174.587083551833445, -39.309723376155617 ], [ 174.58702199065948, -39.30960608874328 ], [ 174.586611455418222, -39.308683919007876 ], [ 174.586101559445154, -39.307299925796912 ], [ 174.585832622219868, -39.306396429365989 ], [ 174.585805526821844, -39.306277889600942 ], [ 174.585657610124514, -39.305357697516818 ], [ 174.58564970343582, -39.305273389561435 ], [ 174.585388345618981, -39.304295457281874 ], [ 174.5853337871267, -39.304161014245203 ], [ 174.584924635669296, -39.302784011886459 ], [ 174.584889796212963, -39.302602871200151 ], [ 174.584921514255683, -39.299785256660925 ], [ 174.584960424623659, -39.299604617030425 ], [ 174.586111165319068, -39.296932511875269 ], [ 174.586220008169732, -39.296770054154422 ], [ 174.588377021267746, -39.294504987043744 ], [ 174.588545137362274, -39.294376610687195 ], [ 174.59149724405313, -39.292740249813257 ], [ 174.591708177541562, -39.292658517688011 ], [ 174.595166455569313, -39.291810992343727 ], [ 174.595399564601479, -39.29178390232628 ], [ 174.599025610688585, -39.291808147075592 ], [ 174.599258085771567, -39.29183835016898 ], [ 174.602697096188848, -39.292731996983584 ], [ 174.602906189563356, -39.292816538107203 ], [ 174.605821637767576, -39.294492146172637 ], [ 174.605986886864457, -39.294622752888699 ], [ 174.608093423919684, -39.296916354349989 ], [ 174.608198652489165, -39.297080245468493 ], [ 174.608880421039146, -39.298390443060413 ], [ 174.608904845025762, -39.298450578379899 ], [ 174.609018060859114, -39.298454915030113 ], [ 174.609176749186361, -39.29846757117037 ], [ 174.610965978786282, -39.298721718875647 ], [ 174.611040251871373, -39.298737030266942 ], [ 174.612513673459915, -39.299139262285657 ], [ 174.613329588882266, -39.298588637118925 ], [ 174.613354032675545, -39.298572187281508 ], [ 174.613357214200732, -39.298570052250547 ], [ 174.613381716948652, -39.298553655457845 ], [ 174.61426081322233, -39.297967029098174 ], [ 174.614277355360741, -39.297870326867198 ], [ 174.614332560450492, -39.297583135563222 ], [ 174.614340509729885, -39.297545900273988 ], [ 174.614407601196916, -39.297260240966146 ], [ 174.614615370785629, -39.296449798871109 ], [ 174.61462802443836, -39.296401140687571 ], [ 174.614629691835518, -39.296394818693884 ], [ 174.614642690446573, -39.296346215436103 ], [ 174.61483026998917, -39.295654403018332 ], [ 174.615143354203951, -39.294740533634176 ], [ 174.615191958611177, -39.294623716104802 ], [ 174.615626633066171, -39.293740392272191 ], [ 174.616295233924603, -39.29256990499232 ], [ 174.61629998826146, -39.292561592964915 ], [ 174.616300607027881, -39.292560512643014 ], [ 174.616305372174509, -39.292552204333518 ], [ 174.616893997618121, -39.291527276580318 ], [ 174.617257570588208, -39.290885820806295 ], [ 174.617328542590968, -39.290669604692489 ], [ 174.617330165758773, -39.290664665456433 ], [ 174.617728444536795, -39.289456333291298 ], [ 174.617840592931344, -39.289140149174983 ], [ 174.617856130274134, -39.289099265107865 ], [ 174.618303451439289, -39.288130021073293 ], [ 174.6183493211729, -39.288046073889454 ], [ 174.618785507979766, -39.287365131598733 ], [ 174.618411148677211, -39.286981707513071 ], [ 174.617697973730372, -39.2862039744629 ], [ 174.617689196923266, -39.286195846928621 ], [ 174.617553505673328, -39.286105118964912 ], [ 174.617536068487539, -39.286093436374486 ], [ 174.617533803596842, -39.286091915889017 ], [ 174.617516396310265, -39.286080206395091 ], [ 174.616588656772933, -39.285454873656462 ], [ 174.616455356430379, -39.28536362192807 ], [ 174.616438145418698, -39.285351656680319 ], [ 174.616306660966472, -39.285258827676323 ], [ 174.615094144797297, -39.284389488612383 ], [ 174.615036989723308, -39.284348231653738 ], [ 174.615036390166324, -39.2843477959374 ], [ 174.613976183066143, -39.284525546874669 ], [ 174.613933443446797, -39.28453264672072 ], [ 174.613927885077175, -39.284533561554113 ], [ 174.613885111317984, -39.284540536067972 ], [ 174.611387126551847, -39.284943997165122 ], [ 174.610119786358013, -39.285092417024117 ], [ 174.60995416484576, -39.285104582588197 ], [ 174.608673483889476, -39.285143325164221 ], [ 174.607907847716092, -39.285133549852063 ], [ 174.605661565471365, -39.285111774191734 ], [ 174.605347927852876, -39.285105429650599 ], [ 174.605307176807145, -39.285104176081767 ], [ 174.603501319985696, -39.284937642724145 ], [ 174.603309772621117, -39.284907984479993 ], [ 174.601559691426559, -39.28452393423899 ], [ 174.60152143431668, -39.28451295459093 ], [ 174.601228620532964, -39.284425399333664 ], [ 174.599538390303024, -39.283899457586827 ], [ 174.598962354933803, -39.28377214946574 ], [ 174.598564555255535, -39.283678205091249 ], [ 174.598513139872949, -39.283665275351836 ], [ 174.598119933722984, -39.283560300676676 ], [ 174.596072540880073, -39.282981566085738 ], [ 174.594862136616513, -39.282910516281738 ], [ 174.593420536339238, -39.282825901759431 ], [ 174.592110302579897, -39.282754139938959 ], [ 174.592000665481208, -39.282747728072387 ], [ 174.591986418069723, -39.282746841996413 ], [ 174.591876864224332, -39.282739621925067 ], [ 174.590319061477288, -39.282631157925579 ], [ 174.590251561766365, -39.282626302993307 ], [ 174.590242789254233, -39.282625651908994 ], [ 174.590175327240331, -39.282620490159196 ], [ 174.589936122703676, -39.282601638331492 ], [ 174.589802058696279, -39.282622477183338 ], [ 174.589106927946034, -39.282750615514495 ], [ 174.58863591035572, -39.282829438808797 ], [ 174.588574430422938, -39.282838692224473 ], [ 174.588099603000614, -39.282902229158324 ], [ 174.585871678568566, -39.283163385129619 ], [ 174.585734406292431, -39.283178822266294 ], [ 174.585716546079254, -39.283180746016335 ], [ 174.585579045847879, -39.283194905033909 ], [ 174.584315971921285, -39.28331898875269 ], [ 174.584312431884371, -39.283319336079458 ], [ 174.582652869670682, -39.283481635181467 ], [ 174.581580344562326, -39.283600942694456 ], [ 174.58054374835325, -39.283729509744262 ], [ 174.580526580391535, -39.283731628711323 ], [ 174.580524348293835, -39.283731902875608 ], [ 174.580507176291235, -39.283734001820527 ], [ 174.579466784080068, -39.283860543304094 ], [ 174.578811047682308, -39.283925464586588 ], [ 174.57872556161945, -39.283932008535963 ], [ 174.578066128109583, -39.283967763384751 ], [ 174.576634054092068, -39.28401355272036 ], [ 174.576359630634528, -39.284024158523522 ], [ 174.574903459098039, -39.284086758214741 ], [ 174.573367991909038, -39.284152743327375 ], [ 174.573858491698843, -39.284900824062987 ], [ 174.573931324896819, -39.285075010204913 ], [ 174.574498627942603, -39.28785802355258 ], [ 174.57449863455534, -39.288041175037876 ], [ 174.573931486044813, -39.290824209060034 ], [ 174.573858656288962, -39.290998397460179 ], [ 174.572212442145826, -39.293509008758335 ], [ 174.572073897927453, -39.293657181004441 ], [ 174.569509683822616, -39.295649567664327 ], [ 174.569318984339304, -39.295757216196193 ], [ 174.566087778999361, -39.297036296079092 ], [ 174.565863594419426, -39.297092880256102 ], [ 174.562281777037612, -39.297533407424311 ], [ 174.562046059722149, -39.297533386560048 ], [ 174.558464377587114, -39.297092226778858 ], [ 174.558240210330837, -39.297035603203035 ], [ 174.556559980251819, -39.29649457749079 ], [ 174.555362052774598, -39.296020100131834 ], [ 174.554693718187679, -39.295733451360306 ], [ 174.554608507837656, -39.295694005181019 ], [ 174.553123900835033, -39.294877657207721 ], [ 174.553018447485158, -39.294809420335937 ], [ 174.551716510722599, -39.293822650185767 ], [ 174.551651162831661, -39.293764673259062 ], [ 174.551167401614606, -39.293305825901236 ], [ 174.550914971423936, -39.293049625276836 ], [ 174.549682466072824, -39.293146301300339 ], [ 174.549680536792664, -39.293146452494916 ], [ 174.548698036301971, -39.293223280638131 ], [ 174.548683786398158, -39.29322438795765 ], [ 174.548681933794853, -39.29322453101986 ], [ 174.548667682109254, -39.293225624657218 ], [ 174.545890002634565, -39.293437396060519 ], [ 174.545773175199315, -39.293445837847734 ], [ 174.545757980871372, -39.293446875509282 ], [ 174.545641049417128, -39.293454397745961 ], [ 174.54258507929984, -39.293638849915162 ], [ 174.541119971353112, -39.293739356642362 ], [ 174.54106234899794, -39.293743196607309 ], [ 174.54105485653605, -39.293743681275124 ], [ 174.540997210246758, -39.29374729773825 ], [ 174.539307202851688, -39.293850011068486 ], [ 174.538390037410466, -39.294089078541113 ], [ 174.538385776237504, -39.294090188528749 ], [ 174.53708740385477, -39.294427836060549 ], [ 174.534294182239847, -39.295165828983549 ], [ 174.534254721116667, -39.295176192918298 ], [ 174.534249588072186, -39.29517753306132 ], [ 174.534210079280314, -39.295187786711651 ], [ 174.533183905688276, -39.295452510312764 ], [ 174.533123257125595, -39.295468011598381 ], [ 174.53311536572707, -39.295470009874848 ], [ 174.533054608158807, -39.295485251303994 ], [ 174.531845973976971, -39.295785583304479 ], [ 174.530896639833315, -39.296022343088225 ], [ 174.530112832666333, -39.296220846984809 ], [ 174.529589841559101, -39.296355759086481 ], [ 174.52966940241339, -39.29679641413432 ], [ 174.529672618056793, -39.296814355296092 ], [ 174.529673033071305, -39.296816687971528 ], [ 174.529676202266387, -39.296834634124018 ], [ 174.529863773209257, -39.297904765031646 ], [ 174.529899491576202, -39.298129669976753 ], [ 174.529903660850607, -39.298158948378585 ], [ 174.529961226543151, -39.299571423791434 ], [ 174.529951937369901, -39.299725249682425 ], [ 174.529724401374182, -39.301127331301643 ], [ 174.529716721709462, -39.301156177726348 ], [ 174.529654053645629, -39.301377495770716 ], [ 174.529332788999881, -39.302447700094561 ], [ 174.529329577790747, -39.302458367826432 ], [ 174.529329159247936, -39.302459754433826 ], [ 174.529325931336643, -39.302470419123289 ], [ 174.529007066085654, -39.30352103129988 ], [ 174.528762793527363, -39.304345092263553 ], [ 174.528432697437353, -39.305242951208378 ], [ 174.528382121342361, -39.305357633004057 ], [ 174.528189330920583, -39.305730512389751 ], [ 174.528732662949778, -39.306176774329948 ], [ 174.529036095395071, -39.306025433502512 ], [ 174.529761092854073, -39.305714680629173 ], [ 174.529792218524221, -39.305675573742249 ], [ 174.532158623845049, -39.30354036196082 ], [ 174.532338487131369, -39.303421973953263 ], [ 174.535438210421489, -39.301959308226394 ], [ 174.535656350837542, -39.301889890164091 ], [ 174.53918603877193, -39.301242901013453 ], [ 174.539421109990542, -39.301229245763047 ], [ 174.543028151102845, -39.301460781197804 ], [ 174.543577734683424, -39.301383052252575 ], [ 174.544302032211647, -39.30130019810521 ], [ 174.545400051334582, -39.301171534147805 ], [ 174.545417393958616, -39.301169512305478 ], [ 174.545419648751079, -39.301169250791375 ], [ 174.545436995241715, -39.301167249339649 ], [ 174.546175641384991, -39.30108246489398 ], [ 174.546909246849594, -39.301016729077766 ], [ 174.547004868907862, -39.301010550851828 ], [ 174.547742372438336, -39.300981237024828 ], [ 174.548279615851584, -39.300973196276111 ], [ 174.549022127854272, -39.30095676703634 ], [ 174.550209095470933, -39.300929082707 ], [ 174.552025852304922, -39.300997614103984 ], [ 174.552259680524173, -39.301020819111045 ], [ 174.555740912261427, -39.301810599831171 ], [ 174.555954073773108, -39.301888802650723 ], [ 174.558950935940544, -39.303475652424922 ], [ 174.559122570533617, -39.303601200914265 ], [ 174.561341755030099, -39.305829839168908 ], [ 174.561455062097309, -39.305990447289979 ], [ 174.562679299309337, -39.308642770023837 ], [ 174.562723182336299, -39.308822719141332 ], [ 174.562832524388284, -39.311639129128686 ], [ 174.562802679152554, -39.311820805587551 ], [ 174.561786283610246, -39.314525611865534 ], [ 174.561685622809875, -39.31469123074838 ], [ 174.559642867207856, -39.317019635586483 ], [ 174.559481238693735, -39.317152982067249 ], [ 174.556612036474348, -39.318877013596428 ], [ 174.55640526138842, -39.318965031266458 ], [ 174.552990510475297, -39.319915878584574 ], [ 174.552758834638951, -39.319949948852312 ], [ 174.550950154348328, -39.320103069321355 ], [ 174.549753428233771, -39.320130970827073 ], [ 174.549743418682908, -39.320131200830318 ], [ 174.549017327760851, -39.320147262934192 ], [ 174.548005712411822, -39.320265793606787 ], [ 174.547878465877659, -39.320294404237373 ], [ 174.547861984780212, -39.320298099641469 ], [ 174.547859841783065, -39.320298578812043 ], [ 174.547843353693708, -39.320302255262888 ], [ 174.547027267354224, -39.320483712174081 ], [ 174.546525397096246, -39.320597221194141 ], [ 174.544722049509573, -39.321281835725969 ], [ 174.544696899390971, -39.32129135412282 ], [ 174.54469362795885, -39.321292588448017 ], [ 174.544668448352525, -39.321302059669698 ], [ 174.544609218075408, -39.321324270421023 ], [ 174.544836785177239, -39.321659259858492 ], [ 174.54487721091354, -39.321732231436691 ], [ 174.544917874482479, -39.321805123264468 ], [ 174.54541796488968, -39.322940201567377 ], [ 174.545550177900822, -39.323097113268268 ], [ 174.545588797147332, -39.323145473180432 ], [ 174.546423583368693, -39.324401143946922 ], [ 174.546486837434173, -39.324517958398005 ], [ 174.546527874010934, -39.324614274584896 ], [ 174.547910427970976, -39.325691653574076 ], [ 174.548567327942663, -39.326202926302479 ], [ 174.548572085438394, -39.326206631199298 ], [ 174.549196369034206, -39.326693506684528 ], [ 174.551399376475104, -39.328405762127957 ], [ 174.551424302723859, -39.328425194085426 ], [ 174.551427538175489, -39.328427724065449 ], [ 174.551452388105673, -39.328447214877315 ], [ 174.552058317971301, -39.328923915226277 ], [ 174.552422670782704, -39.329197574961626 ], [ 174.552770477724948, -39.329440617933059 ], [ 174.553272203892391, -39.329773638488888 ], [ 174.553608563724424, -39.329979366293223 ], [ 174.554945398126904, -39.33093812583494 ], [ 174.555105566525128, -39.331072553186949 ], [ 174.55712284726124, -39.33341455325256 ], [ 174.557221695968508, -39.333580838074766 ], [ 174.558208436414731, -39.336292314665599 ], [ 174.558236283211301, -39.336474182330853 ], [ 174.558104141203216, -39.339122061826494 ], [ 174.55831754981412, -39.338704298481161 ], [ 174.558437741012227, -39.338546714994216 ], [ 174.560752389017665, -39.33637679563595 ], [ 174.560929397184822, -39.336255761955485 ], [ 174.56399410779207, -39.334747400542071 ], [ 174.564210607661323, -39.334674760836528 ], [ 174.567725450207263, -39.333975559767921 ], [ 174.567960255807179, -39.333958422153891 ], [ 174.57158129788877, -39.334136802195523 ], [ 174.571811433875297, -39.334176843847764 ], [ 174.574438305851118, -39.334985658643937 ], [ 174.574537530634956, -39.334947939802802 ], [ 174.575876115500648, -39.334517340165611 ], [ 174.577747611021323, -39.334019160447824 ], [ 174.580391223810011, -39.333306718038585 ], [ 174.58040661139313, -39.333302580327015 ], [ 174.580408612259077, -39.333302043516653 ], [ 174.580424007229368, -39.333297922606945 ], [ 174.581130813012891, -39.33310915386695 ], [ 174.58315930227721, -39.332513598811637 ], [ 174.583468724421323, -39.332426626058577 ], [ 174.583509147689199, -39.332415764978514 ], [ 174.585270242527031, -39.332059898645589 ], [ 174.585460745944403, -39.332033584070331 ], [ 174.587271833136811, -39.331896018728273 ], [ 174.587314599397473, -39.331895388703039 ], [ 174.587643659201262, -39.331894166921238 ], [ 174.589338421834668, -39.331906534176248 ], [ 174.590724563410049, -39.331896679364739 ], [ 174.590749802001596, -39.331896521108156 ], [ 174.59075308304449, -39.331896503307263 ], [ 174.590778322035845, -39.331896387703843 ], [ 174.591919435229727, -39.331892119682934 ], [ 174.592898768104703, -39.331885083358294 ], [ 174.59347626512681, -39.331892100486591 ], [ 174.593551263969147, -39.331894463373885 ], [ 174.594127595485361, -39.331923798369893 ], [ 174.594823659602412, -39.331972769327443 ], [ 174.595067310706582, -39.331865200707938 ], [ 174.59528804177765, -39.331800707624666 ], [ 174.598841929560479, -39.331233220211203 ], [ 174.599077517410848, -39.331224847997305 ], [ 174.599597546232104, -39.331270003830255 ], [ 174.600482984401111, -39.330281504083437 ], [ 174.600611857192234, -39.330159327498087 ] ], [ [ 174.452993199066157, -39.280457154012403 ], [ 174.453001072177273, -39.280408424293888 ], [ 174.453031506623205, -39.280224119862758 ], [ 174.453004938670006, -39.279639084759772 ], [ 174.452999862466385, -39.279494269320622 ], [ 174.452999397430403, -39.279475440406181 ], [ 174.452999030722339, -39.279449879149226 ], [ 174.452986166609065, -39.279394654720335 ], [ 174.45285019706381, -39.278792952696271 ], [ 174.452687383887536, -39.278182543510745 ], [ 174.452663758558856, -39.278091614323543 ], [ 174.452661168577521, -39.278081374446032 ], [ 174.452646690022448, -39.278023117938638 ], [ 174.452464301044358, -39.277276034330832 ], [ 174.452357254179589, -39.276754472615508 ], [ 174.452345907191983, -39.276686410863533 ], [ 174.452249945441849, -39.275566568055993 ], [ 174.452249532763432, -39.275489298369266 ], [ 174.452271622673038, -39.274894834611636 ], [ 174.452327114999747, -39.27419891274868 ], [ 174.452333176147306, -39.274127497215126 ], [ 174.452334011546895, -39.274118215775822 ], [ 174.452340802699609, -39.274046839935508 ], [ 174.452406534293999, -39.2733914053833 ], [ 174.452465414483981, -39.272742206695533 ], [ 174.452481897740284, -39.272581088960479 ], [ 174.452484282190426, -39.272560160286446 ], [ 174.45250448277352, -39.272399298420012 ], [ 174.452562818027587, -39.271974243291623 ], [ 174.452627341890576, -39.271979593280591 ], [ 174.452671540717887, -39.271535015387016 ], [ 174.452572425112351, -39.271526535183625 ], [ 174.452632852627744, -39.271099829498134 ], [ 174.45263450281368, -39.271085233235183 ], [ 174.452701689695033, -39.27055799338666 ], [ 174.452742496354318, -39.270000561138524 ], [ 174.45274751933087, -39.269936029590966 ], [ 174.452748211047464, -39.269927642419603 ], [ 174.452753829863923, -39.269863140561526 ], [ 174.452820207219958, -39.269139679375222 ], [ 174.452884621790844, -39.268403813756827 ], [ 174.452884802293426, -39.268401755120735 ], [ 174.45295076811712, -39.26765262995891 ], [ 174.452953116529187, -39.26762651756939 ], [ 174.452953428168712, -39.267623123310798 ], [ 174.452955874210289, -39.267597016337248 ], [ 174.453022947041973, -39.266895208624526 ], [ 174.45308158522397, -39.266194423287963 ], [ 174.453092939592324, -39.266071679317427 ], [ 174.453094555836174, -39.266055731185261 ], [ 174.453108066754254, -39.265933119275878 ], [ 174.453164774067318, -39.265456790136447 ], [ 174.452040740825566, -39.265615755287591 ], [ 174.451834410170591, -39.265632077392226 ], [ 174.450928864310043, -39.265648178639019 ], [ 174.450411824438078, -39.265992076467029 ], [ 174.450352311848377, -39.266025751078232 ], [ 174.449886372517739, -39.266276083794963 ], [ 174.449244207712098, -39.266603353053206 ], [ 174.44899585885679, -39.266726438321292 ], [ 174.44896331701878, -39.266742117786755 ], [ 174.448711022224757, -39.266860255055555 ], [ 174.447941023389347, -39.267210510518382 ], [ 174.447039071664648, -39.267701955632354 ], [ 174.446057421711515, -39.26818172498357 ], [ 174.445926115515931, -39.26823898009313 ], [ 174.444845839933862, -39.268654155971049 ], [ 174.44484039727223, -39.268655980369559 ], [ 174.444798495117254, -39.268669950156664 ], [ 174.443537580844719, -39.269088035944826 ], [ 174.442704700466749, -39.26933519983146 ], [ 174.442594996652986, -39.269364047336268 ], [ 174.44174012664044, -39.269560691066737 ], [ 174.441296178455559, -39.26964852077851 ], [ 174.441217690635284, -39.26969056753201 ], [ 174.441131916911246, -39.269729175956215 ], [ 174.441097048596987, -39.269814876085597 ], [ 174.440991735554746, -39.269978703848672 ], [ 174.438884163064046, -39.272271066705116 ], [ 174.43871886441201, -39.272401576526164 ], [ 174.435802944252686, -39.274075442843696 ], [ 174.435593840818171, -39.274159855997866 ], [ 174.432155050066569, -39.275051326372257 ], [ 174.431922615918751, -39.275081377213489 ], [ 174.428297682053767, -39.275103159915545 ], [ 174.428064678231834, -39.275075906007309 ], [ 174.427981905309935, -39.275055549320676 ], [ 174.427208870874068, -39.275375249169208 ], [ 174.426456588649955, -39.275687419533085 ], [ 174.425685902721085, -39.276014589129851 ], [ 174.424745004311035, -39.276372087557895 ], [ 174.424701556663337, -39.276386743538175 ], [ 174.424707644899826, -39.276665269067315 ], [ 174.42470726564693, -39.276718090991324 ], [ 174.424692547992549, -39.277124362285853 ], [ 174.424596013376828, -39.278602425591195 ], [ 174.424477295091236, -39.279509548055373 ], [ 174.424454229332525, -39.279626565252997 ], [ 174.424038722803317, -39.281002291724768 ], [ 174.424013172789557, -39.281064473680452 ], [ 174.423325844614283, -39.282372741599879 ], [ 174.423257376153828, -39.282478491080177 ], [ 174.422677630570064, -39.283271198509112 ], [ 174.421978811128156, -39.284123180392285 ], [ 174.421456164965889, -39.284767708458851 ], [ 174.420488058930175, -39.286028938388696 ], [ 174.420209512926817, -39.286401073831819 ], [ 174.419288895161856, -39.287759071066247 ], [ 174.419212067960075, -39.28808221828438 ], [ 174.419133525316113, -39.28825488674488 ], [ 174.418901351068769, -39.288587628269077 ], [ 174.41889742294552, -39.288599611717409 ], [ 174.418887288108948, -39.288630304005835 ], [ 174.418885961550274, -39.288634292189776 ], [ 174.418875687792081, -39.288664956577477 ], [ 174.418652386368336, -39.289326666796313 ], [ 174.418642928191986, -39.289354512405865 ], [ 174.418641691183041, -39.289358130797673 ], [ 174.418632118452166, -39.289385952754309 ], [ 174.418339415735744, -39.290231226230297 ], [ 174.41824570808302, -39.290553309387406 ], [ 174.418189468786323, -39.290737578174181 ], [ 174.418181834336565, -39.290761470731077 ], [ 174.41817927137015, -39.290769145736412 ], [ 174.418163194131353, -39.291070245468774 ], [ 174.418140105806344, -39.291585818032765 ], [ 174.418122849911697, -39.292203819973004 ], [ 174.418008616365228, -39.29328464250392 ], [ 174.41798295155391, -39.29342394644582 ], [ 174.417702339233358, -39.294486261097106 ], [ 174.417631762946939, -39.294690195669908 ], [ 174.418493922941934, -39.29506755601075 ], [ 174.41867865492452, -39.295181291895531 ], [ 174.421133494217344, -39.297254961895717 ], [ 174.42126396212393, -39.297407484804125 ], [ 174.42239942838097, -39.299333574325246 ], [ 174.42290260994767, -39.298618905633596 ], [ 174.423046687287638, -39.298473964323264 ], [ 174.424869976773607, -39.297138023902846 ], [ 174.425296736377135, -39.296584791968129 ], [ 174.425351843456212, -39.296514090707241 ], [ 174.425359061503002, -39.296504925279883 ], [ 174.425415001297324, -39.296434619965446 ], [ 174.425846048535448, -39.295898390195028 ], [ 174.426094605200348, -39.29557891681165 ], [ 174.426137690814045, -39.295495543188984 ], [ 174.427998552883963, -39.293077343930193 ], [ 174.428149659662694, -39.292936797338378 ], [ 174.43088098831339, -39.291083710148349 ], [ 174.431080583020474, -39.290986320672573 ], [ 174.431822864991545, -39.290739984883039 ], [ 174.432378761307405, -39.289435468821289 ], [ 174.432645596003539, -39.288649944298541 ], [ 174.432879392412048, -39.288047737326998 ], [ 174.432913264765858, -39.287970370209656 ], [ 174.433632229249724, -39.286672387755445 ], [ 174.433693408628841, -39.286582171848345 ], [ 174.434664775959504, -39.285387562427132 ], [ 174.434727751795918, -39.285322114772477 ], [ 174.435927597065984, -39.284260287218046 ], [ 174.436021650654567, -39.284189176394605 ], [ 174.43742042760698, -39.283286269238353 ], [ 174.437506341425831, -39.283239145977426 ], [ 174.439069612112689, -39.282517385307507 ], [ 174.439187333646515, -39.282472338440527 ], [ 174.440876614066696, -39.281949490252259 ], [ 174.440977057554221, -39.281925302706668 ], [ 174.441758063973992, -39.281760225342971 ], [ 174.442515099997394, -39.281622081612952 ], [ 174.442599489502072, -39.281606940285712 ], [ 174.442610469446976, -39.281605003799001 ], [ 174.442695002172258, -39.281590353022786 ], [ 174.443435598805621, -39.281464249823209 ], [ 174.445236822390598, -39.281271032840664 ], [ 174.445472067610353, -39.281260301293017 ], [ 174.449079917192989, -39.281537178979143 ], [ 174.449307919621162, -39.28158346165803 ], [ 174.452629196942723, -39.282713143631504 ], [ 174.452757735897933, -39.282777117778799 ], [ 174.452821560521926, -39.28156174559561 ], [ 174.452822342313198, -39.28155667810082 ], [ 174.452828465419088, -39.281517707559765 ], [ 174.452907582189681, -39.28102312662989 ], [ 174.452984666726053, -39.280512253358687 ], [ 174.452992197794458, -39.280463490997583 ], [ 174.452993199066157, -39.280457154012403 ] ], [ [ 174.389869033162597, -39.282999622534867 ], [ 174.388824548229962, -39.282850087522107 ], [ 174.388165590488882, -39.282764715986318 ], [ 174.387149095595532, -39.282634635400981 ], [ 174.3860261075707, -39.28244605490611 ], [ 174.38588204039695, -39.282415981203208 ], [ 174.384788611664021, -39.282141889687466 ], [ 174.382096891666265, -39.281350594187437 ], [ 174.380429012204019, -39.281007505469162 ], [ 174.379735526919376, -39.280846675783344 ], [ 174.379646301728542, -39.280823601052937 ], [ 174.378967092068194, -39.280629434985599 ], [ 174.377242275945264, -39.280088235841276 ], [ 174.37560675231677, -39.279578305090325 ], [ 174.375328316444779, -39.279488202976587 ], [ 174.375292322104656, -39.279476125534316 ], [ 174.375016998915783, -39.279380420852227 ], [ 174.373122203406353, -39.278698612040365 ], [ 174.372987543908067, -39.279280448172138 ], [ 174.372922206447328, -39.279564946943765 ], [ 174.373943737828711, -39.280518750303536 ], [ 174.37406430170762, -39.280676099130289 ], [ 174.375409085975122, -39.283292545628974 ], [ 174.375461190443559, -39.283471147584244 ], [ 174.375699839613787, -39.286282494097748 ], [ 174.375678375912003, -39.28646486761334 ], [ 174.374787390742512, -39.289195922320701 ], [ 174.374694450974999, -39.289364214465877 ], [ 174.37276092792743, -39.291747613114389 ], [ 174.372605603678153, -39.291885347523277 ], [ 174.369818754931856, -39.293687736195956 ], [ 174.369616249613699, -39.293781426942232 ], [ 174.366248902525427, -39.294826323560081 ], [ 174.366019043474495, -39.294866796599521 ], [ 174.362400922438326, -39.295051885986332 ], [ 174.362166218279185, -39.295035178300644 ], [ 174.359247611119116, -39.294459835807011 ], [ 174.359188730611294, -39.294476322123224 ], [ 174.359064880931754, -39.294502678186532 ], [ 174.357913571497392, -39.294673587674907 ], [ 174.357105015482205, -39.295011215809929 ], [ 174.357093800528304, -39.295015892600901 ], [ 174.357092342153834, -39.295016499961854 ], [ 174.357081120577533, -39.295021167185489 ], [ 174.355736770108791, -39.295579552602582 ], [ 174.354865527929547, -39.29668413199466 ], [ 174.353895919756866, -39.297720941487171 ], [ 174.353448613263993, -39.298168875276303 ], [ 174.353388162547787, -39.298225627224284 ], [ 174.352905457965392, -39.298650800175423 ], [ 174.352101891172566, -39.299315191738202 ], [ 174.351289045979627, -39.299998500559298 ], [ 174.351220405755782, -39.300055700949166 ], [ 174.351211441128356, -39.300063106751736 ], [ 174.3511421640072, -39.300119841785715 ], [ 174.350368906627494, -39.30074761546598 ], [ 174.349520110774108, -39.301461272463726 ], [ 174.349464016853574, -39.301508099988482 ], [ 174.349456696900745, -39.301514167363784 ], [ 174.349400176162476, -39.301560684074389 ], [ 174.348783405975979, -39.302064683190004 ], [ 174.348532746728921, -39.302285235036663 ], [ 174.347908137236885, -39.302793395622921 ], [ 174.347823746163385, -39.302856896257779 ], [ 174.347150031504498, -39.303325668227401 ], [ 174.346492629170484, -39.303748358232966 ], [ 174.346363208568249, -39.304338527551103 ], [ 174.346137809795863, -39.305387057878377 ], [ 174.346443952390985, -39.305404405239223 ], [ 174.346489986004258, -39.305407085238315 ], [ 174.34649596945826, -39.305407442893674 ], [ 174.346541988983944, -39.305410265284927 ], [ 174.347120645572033, -39.305446653835425 ], [ 174.347563733532496, -39.305474418902932 ], [ 174.347626051516784, -39.305478101605495 ], [ 174.34887352688952, -39.304802694865508 ], [ 174.34894058654055, -39.304772161706602 ], [ 174.350577087309688, -39.304155526031195 ], [ 174.350724809543721, -39.304110609353749 ], [ 174.351884604008234, -39.303811690278522 ], [ 174.352381199999712, -39.303705913755188 ], [ 174.352607466697663, -39.303645730856026 ], [ 174.352849158118801, -39.303583739495444 ], [ 174.352880688068637, -39.303575949555345 ], [ 174.353124072812818, -39.303518095680062 ], [ 174.353709507468608, -39.303384375633755 ], [ 174.354480936828196, -39.303230329371637 ], [ 174.354581989166803, -39.303213002148773 ], [ 174.356383312058398, -39.303017653468103 ], [ 174.356516018293235, -39.303011443317445 ], [ 174.358334497422845, -39.303037399136066 ], [ 174.358437496037084, -39.303045177580323 ], [ 174.359227146529719, -39.303126171612924 ], [ 174.360536012049323, -39.303296141153282 ], [ 174.361853533541847, -39.30352926259301 ], [ 174.362021960272017, -39.303567207863999 ], [ 174.363723686912408, -39.304066013257497 ], [ 174.363778811811784, -39.304086138952712 ], [ 174.36535918373491, -39.304785604161779 ], [ 174.365504281168825, -39.304862124427764 ], [ 174.3665761881104, -39.30550136827258 ], [ 174.366741679413849, -39.305612549302083 ], [ 174.366954685621181, -39.305647589759154 ], [ 174.370341386446995, -39.306655173711377 ], [ 174.370545628264438, -39.306746611061946 ], [ 174.37336594166149, -39.308517861959174 ], [ 174.373523826908951, -39.308653852949689 ], [ 174.373685823099805, -39.308847283656021 ], [ 174.375225359157753, -39.307919795538929 ], [ 174.375431945398077, -39.307831588458548 ], [ 174.378844275349991, -39.306877461765559 ], [ 174.379075831849093, -39.30684315910505 ], [ 174.382700642901796, -39.306754808750888 ], [ 174.382934511944029, -39.306777767287372 ], [ 174.384715622763906, -39.307064350931661 ], [ 174.38549151428407, -39.307239477878838 ], [ 174.38628294116873, -39.307408838783225 ], [ 174.387091235082494, -39.307580961193231 ], [ 174.387112887643951, -39.307585589440521 ], [ 174.387115701726117, -39.307586193230513 ], [ 174.387137342736708, -39.307590854060024 ], [ 174.387939362928734, -39.307764232212847 ], [ 174.38881266109027, -39.307982279324769 ], [ 174.388924569996448, -39.308014067597732 ], [ 174.390578640066167, -39.30860194628498 ], [ 174.390681157782325, -39.308646244316606 ], [ 174.391581568143863, -39.309110688579757 ], [ 174.392442285586526, -39.307870164635929 ], [ 174.392585219374382, -39.307724533786228 ], [ 174.39397664690182, -39.306692418149773 ], [ 174.392212868053662, -39.305835481381408 ], [ 174.392035021329377, -39.305715281539563 ], [ 174.389705035926767, -39.303556268481621 ], [ 174.389583713364431, -39.303399252782661 ], [ 174.388226632673053, -39.300786509325434 ], [ 174.388173705521808, -39.300608050517049 ], [ 174.387922265704816, -39.297797363944667 ], [ 174.387942906449325, -39.297614932079959 ], [ 174.388821581578469, -39.294881434749179 ], [ 174.388913760827904, -39.294712886615173 ], [ 174.390836420141198, -39.2923241230381 ], [ 174.390991108690486, -39.292185954559464 ], [ 174.393349429932783, -39.290649405565127 ], [ 174.393497105158815, -39.290331319586372 ], [ 174.393498490107959, -39.290304475404106 ], [ 174.393573575062589, -39.288907401571358 ], [ 174.393699221386697, -39.287908867253122 ], [ 174.393724795256929, -39.287780166549439 ], [ 174.393992591035243, -39.286798689718452 ], [ 174.394227809775714, -39.286124251174542 ], [ 174.394319519125844, -39.285809401432822 ], [ 174.394373665088523, -39.285631880760739 ], [ 174.394381004113882, -39.28560886084562 ], [ 174.394439766222462, -39.285432228974777 ], [ 174.39478750339012, -39.284428999557598 ], [ 174.394989962468998, -39.283829647639884 ], [ 174.395170182618529, -39.28328041182727 ], [ 174.395187717930128, -39.283227638525219 ], [ 174.39519002421261, -39.283220783419551 ], [ 174.395207970169167, -39.283168093557769 ], [ 174.395282923992397, -39.282950687829619 ], [ 174.394498571984144, -39.283061889214068 ], [ 174.394420868161546, -39.283068064081576 ], [ 174.393821560555153, -39.283103510038458 ], [ 174.392721195912685, -39.283146312755221 ], [ 174.391377001735947, -39.283137915304387 ], [ 174.391202925926791, -39.283128962367499 ], [ 174.389869033162597, -39.282999622534867 ] ], [ [ 174.363083959818709, -39.251982422236395 ], [ 174.362964055929382, -39.251824792023932 ], [ 174.362174096502372, -39.250273542085687 ], [ 174.361749273650105, -39.251579201750161 ], [ 174.361524697109729, -39.252278186434808 ], [ 174.361520961077559, -39.252289781803434 ], [ 174.361520474106385, -39.252291288951021 ], [ 174.36151671827443, -39.252302880468299 ], [ 174.36142224441241, -39.252593636272309 ], [ 174.361417985660182, -39.252606701898209 ], [ 174.361417430387547, -39.252608400106745 ], [ 174.361413146483983, -39.252621460765916 ], [ 174.360684398459853, -39.25483624663908 ], [ 174.360678333915956, -39.254854596715305 ], [ 174.360677542298419, -39.25485698157695 ], [ 174.360671428110891, -39.254875321679975 ], [ 174.360055757994417, -39.256714063042402 ], [ 174.359870620650582, -39.257270813617822 ], [ 174.359504429793418, -39.258378672196407 ], [ 174.359499319245458, -39.258394076697165 ], [ 174.359498652599171, -39.258396078824724 ], [ 174.359493507050416, -39.258411476286263 ], [ 174.359373414472657, -39.258769537486209 ], [ 174.359374363438718, -39.258976442368663 ], [ 174.359381935189276, -39.258972486982991 ], [ 174.360081733148064, -39.258634364502171 ], [ 174.36091647415472, -39.258262354783319 ], [ 174.363129996771875, -39.257250732046415 ], [ 174.363270472427473, -39.257188147465669 ], [ 174.364506747617156, -39.255744516657124 ], [ 174.364666354079304, -39.255609829717436 ], [ 174.365637086771557, -39.255012814097242 ], [ 174.365673423692016, -39.254914602352358 ], [ 174.365279421695362, -39.254298176045907 ], [ 174.36499407125865, -39.253777498127299 ], [ 174.363083959818709, -39.251982422236395 ] ], [ [ 174.490542555625979, -39.284944313904077 ], [ 174.490890022317501, -39.28492018388981 ], [ 174.49093666910025, -39.284917018207217 ], [ 174.490942734226792, -39.284916616189648 ], [ 174.490989397083183, -39.284913596986634 ], [ 174.491516394817751, -39.284880330607514 ], [ 174.492618915054692, -39.28480893072831 ], [ 174.493705778696722, -39.284736966163749 ], [ 174.493709389450288, -39.284736727503564 ], [ 174.494643787093253, -39.284675254350546 ], [ 174.495701664860661, -39.284605300165275 ], [ 174.496244111477949, -39.284566714116686 ], [ 174.496465060107482, -39.284544783016472 ], [ 174.497017421174235, -39.284371016587365 ], [ 174.497466726489023, -39.284202208150894 ], [ 174.498051360902934, -39.283974782778557 ], [ 174.499824712544438, -39.283109519364622 ], [ 174.500041442596284, -39.283037597104759 ], [ 174.50355739440306, -39.282350029348819 ], [ 174.503792112252171, -39.28233366800729 ], [ 174.504025674201614, -39.282345961303136 ], [ 174.505003711957869, -39.282151557077697 ], [ 174.505008935341948, -39.282150519794946 ], [ 174.505573072772989, -39.282038765853294 ], [ 174.505577768475291, -39.282037836443898 ], [ 174.508150254176059, -39.281529773476969 ], [ 174.508184537602205, -39.281523045369703 ], [ 174.50818899615328, -39.281522176001765 ], [ 174.508223305820934, -39.281515529217735 ], [ 174.509458902118666, -39.281277706035674 ], [ 174.510440859728902, -39.281088130814247 ], [ 174.510467758323074, -39.281082921022652 ], [ 174.511123773096784, -39.280908481030373 ], [ 174.511199831472595, -39.28088848464715 ], [ 174.511209730527213, -39.280885911767506 ], [ 174.511285965299606, -39.280866325387009 ], [ 174.512189449156551, -39.280636891393122 ], [ 174.513075916056721, -39.280401372731326 ], [ 174.513139346980154, -39.280384678870753 ], [ 174.513147600998423, -39.280382527203031 ], [ 174.513211154971486, -39.280366118483443 ], [ 174.514861428820012, -39.279944137827506 ], [ 174.515652552282205, -39.279727839759879 ], [ 174.515764779875724, -39.279697656856221 ], [ 174.515779394943678, -39.279693791276479 ], [ 174.515892014550786, -39.279664503722316 ], [ 174.516635898696876, -39.279474336482757 ], [ 174.517129962896973, -39.278707644703836 ], [ 174.517267149861112, -39.278558733386738 ], [ 174.51981277520494, -39.276552568716312 ], [ 174.520002445267721, -39.27644388888266 ], [ 174.523220986534113, -39.275147212203407 ], [ 174.523444576527453, -39.275089398927136 ], [ 174.527021065227217, -39.27462909691377 ], [ 174.527256696139119, -39.274627807492649 ], [ 174.527932625797462, -39.274707226897981 ], [ 174.529245523783317, -39.27272642409897 ], [ 174.529384873796971, -39.27257873633161 ], [ 174.531959539003026, -39.270595231461094 ], [ 174.532150774757241, -39.270488237585674 ], [ 174.535387859147107, -39.269220138227347 ], [ 174.53561226440587, -39.269164308315595 ], [ 174.537345602876968, -39.268844824728731 ], [ 174.538673589278517, -39.268682594135406 ], [ 174.54020638133531, -39.268575746797076 ], [ 174.540406022997104, -39.268572179259095 ], [ 174.542221270544644, -39.268650633144887 ], [ 174.542257246764621, -39.268654405109004 ], [ 174.544034370820356, -39.268952597339009 ], [ 174.544225663409406, -39.268997152849742 ], [ 174.545920922915087, -39.269507741972269 ], [ 174.545953639900318, -39.26951996991788 ], [ 174.547525302588355, -39.270230390776746 ], [ 174.547689527341845, -39.270318709771871 ], [ 174.548894611505119, -39.271063462689817 ], [ 174.550081540695942, -39.271902834790097 ], [ 174.550807531126907, -39.272412956481226 ], [ 174.550815484339068, -39.272418549923273 ], [ 174.551373627531632, -39.272812014123069 ], [ 174.551870979807234, -39.273162252190382 ], [ 174.552057570127687, -39.273305580931613 ], [ 174.552571400323558, -39.272732988426213 ], [ 174.552711647994329, -39.27258012081797 ], [ 174.552730144662121, -39.272560397885727 ], [ 174.552874461107365, -39.272409835761941 ], [ 174.553756700725671, -39.271509147507629 ], [ 174.553292320058489, -39.270484271882459 ], [ 174.553246665117655, -39.270350918821734 ], [ 174.55291840808539, -39.268960939292022 ], [ 174.552912378953494, -39.268915602470962 ], [ 174.552902778682324, -39.268610642630776 ], [ 174.549905208549887, -39.267994257278467 ], [ 174.549689659192211, -39.26792029420222 ], [ 174.546643412755344, -39.26639312662217 ], [ 174.546467826267531, -39.266271002774459 ], [ 174.544177930523205, -39.264086794378649 ], [ 174.544059495175304, -39.263928467611898 ], [ 174.542750067497082, -39.261301075346019 ], [ 174.542700371728699, -39.261122046693643 ], [ 174.542600626893091, -39.259725193140753 ], [ 174.541990874310329, -39.259793545867581 ], [ 174.541167723610727, -39.259886703177685 ], [ 174.540375112523918, -39.25997687826991 ], [ 174.54002634596938, -39.260018391297606 ], [ 174.539958185303419, -39.26005006574988 ], [ 174.538883884654524, -39.260736417527319 ], [ 174.538869468423883, -39.260745612538877 ], [ 174.538867593077754, -39.26074680671659 ], [ 174.538853157829692, -39.260755983669796 ], [ 174.538479474751739, -39.260993154668967 ], [ 174.538234900569762, -39.261144155517265 ], [ 174.538202771276559, -39.261163448865311 ], [ 174.537953048649399, -39.261309268744725 ], [ 174.535873247607213, -39.262489924744223 ], [ 174.535372320424102, -39.262758880598923 ], [ 174.535306063208139, -39.262792490872407 ], [ 174.534787648708573, -39.26304061607032 ], [ 174.533956575593521, -39.263415333413306 ], [ 174.533948515075252, -39.263418964398554 ], [ 174.532191661482926, -39.264208474653557 ], [ 174.531424293887341, -39.264524098287133 ], [ 174.531322699383708, -39.26456216780084 ], [ 174.53052707505114, -39.264832228806966 ], [ 174.529435495353141, -39.265165462875906 ], [ 174.528410705626214, -39.26543607516507 ], [ 174.52827566153772, -39.265466345275691 ], [ 174.527222851021463, -39.265661426767139 ], [ 174.525619002059443, -39.26589766095487 ], [ 174.525598368448073, -39.265900684912076 ], [ 174.525595685624126, -39.26590107613616 ], [ 174.525575045020986, -39.265904071011022 ], [ 174.5246785168614, -39.2660334966886 ], [ 174.524657583341025, -39.266036503166731 ], [ 174.524654861521299, -39.266036892065117 ], [ 174.524633920891603, -39.266039868638913 ], [ 174.523698237995035, -39.266172175257246 ], [ 174.522750638021648, -39.266321127180184 ], [ 174.522664887003344, -39.266334344274405 ], [ 174.522653731187518, -39.266336029774273 ], [ 174.52256785427079, -39.266348743447274 ], [ 174.521486245339901, -39.266505579864997 ], [ 174.521163640018187, -39.266548699784018 ], [ 174.521121607807743, -39.266553843683496 ], [ 174.520797563772419, -39.266589860676511 ], [ 174.519686334217937, -39.266700936394351 ], [ 174.519655089415807, -39.266704025832645 ], [ 174.519651026898913, -39.266704423166168 ], [ 174.519619771441057, -39.266707446551344 ], [ 174.518543927359929, -39.266810355005326 ], [ 174.518428884099677, -39.266820905132825 ], [ 174.518413920026973, -39.266822218487114 ], [ 174.516596977420875, -39.266870090432128 ], [ 174.516376473531608, -39.266862428781479 ], [ 174.514572275010465, -39.266688736489222 ], [ 174.514557521410865, -39.266686390566356 ], [ 174.514444148280717, -39.266667903898316 ], [ 174.512764719859149, -39.26638722059753 ], [ 174.511758988613877, -39.266182019276954 ], [ 174.511630045784159, -39.266150839986707 ], [ 174.509941862700259, -39.265626491845282 ], [ 174.509851049320048, -39.265591632313061 ], [ 174.508289204622798, -39.264868428691138 ], [ 174.508178972603019, -39.264807798706535 ], [ 174.507500852301121, -39.264398112406226 ], [ 174.507317068991028, -39.26446124932567 ], [ 174.50731616608806, -39.264461495449247 ], [ 174.50555150634051, -39.264824064268531 ], [ 174.50544330558418, -39.264839328973231 ], [ 174.505335129815819, -39.264854700435755 ], [ 174.503519340928591, -39.264999077828129 ], [ 174.503518384371034, -39.264999094980801 ], [ 174.501695963529727, -39.264919956976165 ], [ 174.50158699111438, -39.264908479379777 ], [ 174.501478000074343, -39.264897109325652 ], [ 174.500110927131658, -39.264668433936606 ], [ 174.499620048591652, -39.264671243479761 ], [ 174.499538631443187, -39.264669997212366 ], [ 174.498912679657792, -39.264647237057545 ], [ 174.498288306689687, -39.264611354163968 ], [ 174.497475154383324, -39.264631607433323 ], [ 174.497384124650097, -39.264633595994354 ], [ 174.497372289660404, -39.264633818342915 ], [ 174.497281242629555, -39.264635250529103 ], [ 174.495764661511174, -39.264654461032613 ], [ 174.494070333219895, -39.26469870213699 ], [ 174.493440705966236, -39.264701827950212 ], [ 174.493358900686218, -39.264700505330282 ], [ 174.491549956432465, -39.26456034402274 ], [ 174.491397957902706, -39.264539099642853 ], [ 174.489639508724451, -39.264180657250336 ], [ 174.489562234890798, -39.264159745886985 ], [ 174.487897594313637, -39.26359185340489 ], [ 174.487761485249109, -39.263535131994516 ], [ 174.486231655047902, -39.262771777438608 ], [ 174.486166479165803, -39.262733325119441 ], [ 174.485675472211597, -39.262426941959752 ], [ 174.48476076644269, -39.261823668257271 ], [ 174.484407692979687, -39.26159185241184 ], [ 174.484388209765939, -39.261752853558797 ], [ 174.484076470071045, -39.26314508103593 ], [ 174.484071978875932, -39.263158704086088 ], [ 174.483483894894391, -39.264495877175833 ], [ 174.483397518002135, -39.264651228449743 ], [ 174.482547553931397, -39.265900416319752 ], [ 174.482537866551951, -39.265912293572242 ], [ 174.482462642190967, -39.266003309095055 ], [ 174.482120557781741, -39.266411784512485 ], [ 174.48208672036256, -39.266451954086989 ], [ 174.482082303618284, -39.266457166977837 ], [ 174.482048191125955, -39.266497195723929 ], [ 174.48132724468212, -39.267338286364655 ], [ 174.481314997470633, -39.26735254489504 ], [ 174.481313403063581, -39.267354397325079 ], [ 174.481301120935797, -39.26736863771827 ], [ 174.480976480795135, -39.26774426238152 ], [ 174.48015972623341, -39.268701535265592 ], [ 174.480144969783339, -39.268718787067478 ], [ 174.480143048126877, -39.268721028084975 ], [ 174.480128240631331, -39.268738253475249 ], [ 174.479654701382628, -39.269287741360912 ], [ 174.478971915842578, -39.270001145544498 ], [ 174.478877486041938, -39.27009025978294 ], [ 174.478107505188802, -39.270747843300079 ], [ 174.477363625410618, -39.271323289781868 ], [ 174.47736055767669, -39.271365397240757 ], [ 174.477376076502679, -39.271455548091623 ], [ 174.477288841130644, -39.274272329797626 ], [ 174.477246390096894, -39.274452476897217 ], [ 174.477067609033639, -39.274847526147816 ], [ 174.477320089046799, -39.275990497912971 ], [ 174.477323141361836, -39.276173626304171 ], [ 174.47732271120438, -39.276175929937558 ], [ 174.477440660211073, -39.276639798163586 ], [ 174.477603500152014, -39.277493492567714 ], [ 174.477617786862481, -39.277605005484105 ], [ 174.477620343481334, -39.277643695096288 ], [ 174.477749381795405, -39.27772784620543 ], [ 174.477903979654798, -39.277866064685135 ], [ 174.479825192226485, -39.280255483245867 ], [ 174.479917276276893, -39.280424065429564 ], [ 174.480794502170767, -39.283157940416032 ], [ 174.480815051967085, -39.283340386623962 ], [ 174.480742682514148, -39.284145194779285 ], [ 174.482891554070335, -39.283772958261927 ], [ 174.483126760305026, -39.283761565408398 ], [ 174.486736066056523, -39.284028305590596 ], [ 174.486964294444334, -39.284073947919836 ], [ 174.48966335451874, -39.28498294461852 ], [ 174.490171105748942, -39.284961102508113 ], [ 174.490542555625979, -39.284944313904077 ] ], [ [ 174.553465173501564, -39.242914743736179 ], [ 174.552224673939662, -39.242876381952193 ], [ 174.55199368905744, -39.242840563627865 ], [ 174.54859473637427, -39.241863970294638 ], [ 174.548389298706098, -39.241774394995076 ], [ 174.546225613000729, -39.240446526708659 ], [ 174.545542713999481, -39.240231492750631 ], [ 174.545375790224284, -39.240215543495736 ], [ 174.545269368197722, -39.240204985614852 ], [ 174.545255541808672, -39.240203563282407 ], [ 174.545149250158431, -39.240192239125818 ], [ 174.54381091610253, -39.240044732279195 ], [ 174.543136883179187, -39.239954575420789 ], [ 174.543049780288413, -39.239940853855288 ], [ 174.54130245947988, -39.239552447251612 ], [ 174.54116441503723, -39.23951241123256 ], [ 174.539516770169371, -39.2389162011793 ], [ 174.539439386081, -39.238882217847397 ], [ 174.538854056646898, -39.238607131689022 ], [ 174.538055479903392, -39.238206317298108 ], [ 174.536492420437469, -39.237514537681029 ], [ 174.536337760876307, -39.237444852249844 ], [ 174.536317746250205, -39.237435673009941 ], [ 174.536164488489248, -39.237364139367671 ], [ 174.535192616244217, -39.236902535352016 ], [ 174.53485436334347, -39.23728414679799 ], [ 174.534605153947979, -39.237871467721305 ], [ 174.534497275321883, -39.238034273821803 ], [ 174.53235411260124, -39.240306219513386 ], [ 174.532186809804017, -39.240435129441252 ], [ 174.530630268565943, -39.241306055170192 ], [ 174.530534803784406, -39.241525681996798 ], [ 174.530354570053618, -39.241877751341228 ], [ 174.533424405324183, -39.241352958282299 ], [ 174.53365951674121, -39.241342097122661 ], [ 174.533908341638607, -39.241361069380623 ], [ 174.534138444050001, -39.24131927197611 ], [ 174.534224255677003, -39.241305718657792 ], [ 174.53488824629892, -39.241216399342747 ], [ 174.535849121623642, -39.241109421490258 ], [ 174.536681863438645, -39.241010296354567 ], [ 174.536719778750722, -39.2410058329123 ], [ 174.536724708963959, -39.24100525901089 ], [ 174.536762643086774, -39.241000893200905 ], [ 174.537600104276152, -39.240905608603327 ], [ 174.537605040514279, -39.240905047782874 ], [ 174.537752972248398, -39.240888305204642 ], [ 174.540360046891863, -39.240350491135921 ], [ 174.540594340169264, -39.240331797545871 ], [ 174.544212340149841, -39.24048616730105 ], [ 174.544442597851429, -39.240524682010573 ], [ 174.547822265379523, -39.241540798746705 ], [ 174.548025956431871, -39.241632753371668 ], [ 174.550836564927522, -39.243411191624588 ], [ 174.550993754828824, -39.243547588191596 ], [ 174.552687307858605, -39.245585880074877 ], [ 174.553863943391974, -39.244167905286659 ], [ 174.554021031941744, -39.244031436850783 ], [ 174.555006653257635, -39.243407050717394 ], [ 174.554107906069902, -39.243010824605264 ], [ 174.553995034016481, -39.243012090626884 ], [ 174.553761893055309, -39.242986051169161 ], [ 174.553465173501564, -39.242914743736179 ] ], [ [ 174.330652376219064, -39.266154177136031 ], [ 174.330627549740626, -39.265972065579675 ], [ 174.330814120242138, -39.263158396240776 ], [ 174.330862900626187, -39.262979233982186 ], [ 174.331842364907061, -39.260990495637678 ], [ 174.331180535819101, -39.259614870443421 ], [ 174.330609871412747, -39.259205384840982 ], [ 174.330453606463493, -39.259074694237157 ], [ 174.329350717111595, -39.257997740201169 ], [ 174.328782168490818, -39.257345896083272 ], [ 174.328781664879642, -39.257345318636418 ], [ 174.328597534162668, -39.2571341463171 ], [ 174.328405066831209, -39.257093010953589 ], [ 174.327221742452792, -39.256829614575402 ], [ 174.327054440552899, -39.256791311873975 ], [ 174.32703274077042, -39.256786205491537 ], [ 174.326866199867311, -39.256745948464413 ], [ 174.325299330797947, -39.256357102374231 ], [ 174.323825691132328, -39.256063017052867 ], [ 174.32369973654059, -39.256037292462359 ], [ 174.323683387148833, -39.256033876798121 ], [ 174.323557812638541, -39.256007052708568 ], [ 174.32306580398091, -39.255899636465358 ], [ 174.322053667645037, -39.255639029802865 ], [ 174.321924372778, -39.255600518834626 ], [ 174.320376422576317, -39.255034256479988 ], [ 174.320303350836667, -39.255002201183935 ], [ 174.31975010597472, -39.25474343580882 ], [ 174.318076650084947, -39.253910444793178 ], [ 174.31757048556841, -39.253643578515664 ], [ 174.317505907990977, -39.25360755974183 ], [ 174.317018571381254, -39.253320291124645 ], [ 174.315638716025802, -39.252461356177982 ], [ 174.315430762325917, -39.253731933060998 ], [ 174.315414414655294, -39.253793027833915 ], [ 174.315272539892248, -39.254260379773697 ], [ 174.315072431097832, -39.254848894383741 ], [ 174.314881584881988, -39.255428151112497 ], [ 174.314855512261431, -39.255505843334042 ], [ 174.314852064967113, -39.255515931373445 ], [ 174.314825102289092, -39.255593439757732 ], [ 174.314592579823113, -39.256250220978899 ], [ 174.314394638411386, -39.256824292488034 ], [ 174.314148507867344, -39.257551933811982 ], [ 174.314148472364138, -39.257552038776261 ], [ 174.313910731832181, -39.258254471602328 ], [ 174.31387297503602, -39.258363256798994 ], [ 174.313867953030496, -39.258377374446688 ], [ 174.313828448200269, -39.258485783829137 ], [ 174.313652378992174, -39.25895767181246 ], [ 174.313480348450497, -39.259432677042113 ], [ 174.313464910961358, -39.259474907308082 ], [ 174.313462886884054, -39.259480393406399 ], [ 174.313447184722577, -39.259522564653118 ], [ 174.313208174184439, -39.260158657829635 ], [ 174.31288927421673, -39.260889426795522 ], [ 174.312842661612308, -39.260982872608423 ], [ 174.312651823403598, -39.261321623117077 ], [ 174.312744661738009, -39.262075980307081 ], [ 174.312750925523773, -39.262219388666203 ], [ 174.312669884256422, -39.26363102979267 ], [ 174.312663560164452, -39.263670751168569 ], [ 174.31229943365372, -39.265055155891382 ], [ 174.312248381558192, -39.265193049690033 ], [ 174.312235332801578, -39.26522157361017 ], [ 174.312890256633125, -39.265299684171794 ], [ 174.313114658217074, -39.265355429901845 ], [ 174.316351960930405, -39.266622270645378 ], [ 174.316543228278618, -39.266729187162525 ], [ 174.319118631598741, -39.268711600672646 ], [ 174.319258044651065, -39.26885922566926 ], [ 174.320919445357788, -39.271363212933892 ], [ 174.320993354272531, -39.271537099099582 ], [ 174.321578037340714, -39.274317593124778 ], [ 174.321579199826004, -39.274500721107579 ], [ 174.321205158025265, -39.276396715921308 ], [ 174.321460800347381, -39.276478182962428 ], [ 174.32156205483372, -39.276513900337761 ], [ 174.322255994949643, -39.276783135944903 ], [ 174.323158087057635, -39.276533516367898 ], [ 174.323389688662473, -39.276499837466687 ], [ 174.326654556903463, -39.276429023492867 ], [ 174.326652364386376, -39.276393824955903 ], [ 174.327045614004277, -39.273593058667558 ], [ 174.327107499314877, -39.273416357895549 ], [ 174.328594930740564, -39.270847104774226 ], [ 174.328724029807375, -39.270693914252654 ], [ 174.330415547963781, -39.269245206183491 ], [ 174.330447263000025, -39.269154173603184 ], [ 174.330457925739836, -39.269123778807483 ], [ 174.330459320783177, -39.269119829380813 ], [ 174.330470120248435, -39.269089463766164 ], [ 174.33083752006479, -39.268063394568443 ], [ 174.331067641417377, -39.267354753097074 ], [ 174.330652376219064, -39.266154177136031 ] ], [ [ 174.211642513203657, -39.401326119748752 ], [ 174.211640410424224, -39.401324058458073 ], [ 174.211624258150891, -39.401308188284276 ], [ 174.211185843018455, -39.400876430676405 ], [ 174.210152839677534, -39.400036937818022 ], [ 174.210020226017576, -39.399913089842215 ], [ 174.209236140015918, -39.399068529939314 ], [ 174.210155030651066, -39.400395431619344 ], [ 174.210232839941966, -39.400568311419718 ], [ 174.210878911755032, -39.403340539075934 ], [ 174.210884056152679, -39.403523612046499 ], [ 174.210394277950741, -39.406315046232791 ], [ 174.210326244687366, -39.406490391742338 ], [ 174.210134686199069, -39.406798459083454 ], [ 174.210306307041719, -39.406798593933949 ], [ 174.210932946719993, -39.405170293346153 ], [ 174.211035020953886, -39.405005184525741 ], [ 174.213065705233532, -39.402723389000222 ], [ 174.212711233091028, -39.402370649704118 ], [ 174.212203484877392, -39.401873523655318 ], [ 174.211658711383393, -39.401341961739277 ], [ 174.211642513203657, -39.401326119748752 ] ], [ [ 174.206711757896073, -39.395979617476563 ], [ 174.206258720696098, -39.395436137381303 ], [ 174.206254361468552, -39.395430903926169 ], [ 174.20593192594464, -39.395043054524287 ], [ 174.205931707124364, -39.395042791297321 ], [ 174.205653464739072, -39.394708048739837 ], [ 174.205631344875769, -39.394681333736038 ], [ 174.205628477196029, -39.394677856862266 ], [ 174.205606478909232, -39.394651081500399 ], [ 174.20531455809342, -39.394294379882872 ], [ 174.205427625906822, -39.394238671980197 ], [ 174.2051921386809, -39.393940015614902 ], [ 174.20475550405979, -39.393547760428966 ], [ 174.204201701332636, -39.393050277780169 ], [ 174.2037074677296, -39.392625407285017 ], [ 174.203618190503732, -39.392547761560394 ], [ 174.203606660031795, -39.392537615915465 ], [ 174.203518545381058, -39.392459174795853 ], [ 174.202959639242891, -39.391955778789473 ], [ 174.202848697919762, -39.391854349203044 ], [ 174.202834401890755, -39.391841081402013 ], [ 174.202725404304914, -39.391738390974488 ], [ 174.202166258351383, -39.391203591639346 ], [ 174.201446935567589, -39.390436212079408 ], [ 174.201360449187575, -39.390332911452049 ], [ 174.200841715453521, -39.389635431974384 ], [ 174.20019220202613, -39.38920098187846 ], [ 174.20005821163744, -39.389099420223964 ], [ 174.199090277579558, -39.388268326581667 ], [ 174.198577126892644, -39.38776841784582 ], [ 174.198082559817607, -39.387292940784732 ], [ 174.197576946415268, -39.386812216248046 ], [ 174.19735039577273, -39.38659825001632 ], [ 174.197293842170438, -39.386571137387605 ], [ 174.196635104882688, -39.386247862722236 ], [ 174.196253717249931, -39.386052429856726 ], [ 174.196204800905861, -39.386026275787586 ], [ 174.195833629429586, -39.385819338394406 ], [ 174.194614734631074, -39.385111102591139 ], [ 174.193632814916015, -39.384552103720836 ], [ 174.193619478753192, -39.384544500078484 ], [ 174.193617745964616, -39.384543510647781 ], [ 174.193604423842146, -39.384535892279523 ], [ 174.192814373387392, -39.384083414701799 ], [ 174.192400973095459, -39.38383260664169 ], [ 174.19085842416348, -39.384334095597985 ], [ 174.190652164874109, -39.38438681399797 ], [ 174.188883437382884, -39.384722154814455 ], [ 174.188864659563961, -39.384724522466222 ], [ 174.188829034930421, -39.384728835528712 ], [ 174.188851144911951, -39.384750073171418 ], [ 174.188842756714905, -39.384755332013825 ], [ 174.189308237558237, -39.385209197850443 ], [ 174.1894873743326, -39.385403280945432 ], [ 174.189509862574454, -39.385424917521952 ], [ 174.18983379362723, -39.385715481252127 ], [ 174.190061225428565, -39.385925884848689 ], [ 174.190090247332705, -39.385953580763037 ], [ 174.190309306352987, -39.386169268173148 ], [ 174.190726916593576, -39.386593599868043 ], [ 174.19118867876341, -39.387040349335386 ], [ 174.191197314755698, -39.387048714683118 ], [ 174.191198436601951, -39.387049802698009 ], [ 174.191207059782812, -39.387058176040917 ], [ 174.191589345176283, -39.387429836344133 ], [ 174.191983358165004, -39.387784211097447 ], [ 174.192062443410094, -39.38785609911438 ], [ 174.192072661010172, -39.387865486167811 ], [ 174.192150769612056, -39.387938014358298 ], [ 174.192292499672192, -39.388071030797029 ], [ 174.192971363215037, -39.388587655037803 ], [ 174.193930529497464, -39.389413732920325 ], [ 174.194046218630746, -39.389526675877626 ], [ 174.194866884358873, -39.390438183047131 ], [ 174.195311943368409, -39.391003955524226 ], [ 174.195364934531938, -39.391069207898425 ], [ 174.195524399946322, -39.391228540095113 ], [ 174.196020987585968, -39.391712579763464 ], [ 174.196639644723348, -39.392301503464672 ], [ 174.196658274927501, -39.392319284231853 ], [ 174.196660693059158, -39.392321598118066 ], [ 174.196679264880345, -39.392339415600155 ], [ 174.197248731464299, -39.392887170324116 ], [ 174.197355546630831, -39.392983617414522 ], [ 174.197738542370786, -39.393329434547454 ], [ 174.197717139330422, -39.393343705642927 ], [ 174.198093781524648, -39.393654732860213 ], [ 174.198480730188606, -39.394036046777124 ], [ 174.198518427467747, -39.394072461225612 ], [ 174.201980876578659, -39.394438443667077 ], [ 174.202206858612158, -39.39449123650914 ], [ 174.205477013150585, -39.395715376997494 ], [ 174.205670918257027, -39.395819763704054 ], [ 174.207957334942819, -39.397518191674202 ], [ 174.207675001145475, -39.397174305501053 ], [ 174.207631255819621, -39.397120605658046 ], [ 174.207625600741977, -39.397113609199351 ], [ 174.20758234487289, -39.397059671216233 ], [ 174.207147438434589, -39.396513069288503 ], [ 174.207104380224393, -39.396460348783826 ], [ 174.206711757896073, -39.395979617476563 ] ], [ [ 174.182321502615054, -39.408972504586373 ], [ 174.182232052141188, -39.408900452934645 ], [ 174.181817506038698, -39.408536597349404 ], [ 174.181817521209126, -39.408540737657439 ], [ 174.181820976179665, -39.40918620092399 ], [ 174.181821018178255, -39.409195090371014 ], [ 174.181821894008124, -39.409477026615285 ], [ 174.182641143228409, -39.409366138911317 ], [ 174.18282020394841, -39.409341250006008 ], [ 174.182321502615054, -39.408972504586373 ] ], [ [ 174.156932675492726, -39.466664019552447 ], [ 174.157617439072908, -39.469430641835658 ], [ 174.157625106351588, -39.469613655004792 ], [ 174.157173307624674, -39.472408877530746 ], [ 174.15710762800947, -39.472584769274107 ], [ 174.156127418940088, -39.474203499850923 ], [ 174.156424581824155, -39.47420266738358 ], [ 174.156464008715659, -39.474202608725534 ], [ 174.156469134213324, -39.474202607839317 ], [ 174.156508561131943, -39.474202652863369 ], [ 174.157051150053633, -39.474203984658352 ], [ 174.157519058151081, -39.474198783129893 ], [ 174.157802174823786, -39.474198308724134 ], [ 174.157838975499999, -39.474198594540724 ], [ 174.158122023099594, -39.474203466125452 ], [ 174.158711361936753, -39.474219177008671 ], [ 174.159344175690023, -39.474216917251759 ], [ 174.159623462615286, -39.474215083517045 ], [ 174.159655868174013, -39.474146482265731 ], [ 174.159785176619664, -39.473966485259396 ], [ 174.159786221692428, -39.473867682698497 ], [ 174.159786288414608, -39.473861620349204 ], [ 174.159792127298601, -39.473379487887875 ], [ 174.159793948106483, -39.473136820528332 ], [ 174.159754154689011, -39.473038793636974 ], [ 174.159727265208119, -39.472971639274867 ], [ 174.159723813614164, -39.472962898762205 ], [ 174.159697601649412, -39.472895583698708 ], [ 174.15954462850118, -39.472497111698523 ], [ 174.159406347404428, -39.472151837174103 ], [ 174.159246536279454, -39.471757626549007 ], [ 174.159232979510534, -39.471723954990473 ], [ 174.159231228200809, -39.471719575029077 ], [ 174.159217841743128, -39.471685862566098 ], [ 174.159051819511149, -39.471264817581073 ], [ 174.158687097423638, -39.470039274872008 ], [ 174.158654237361958, -39.469878171124293 ], [ 174.158513415846102, -39.468625195002261 ], [ 174.158499560311952, -39.467993194813999 ], [ 174.158498198049443, -39.467906472569439 ], [ 174.15849809101087, -39.467895198277986 ], [ 174.158497806524622, -39.467808469884801 ], [ 174.158499395964924, -39.467266596551006 ], [ 174.158499489779302, -39.467245491263597 ], [ 174.158499506123803, -39.467242747591115 ], [ 174.158499663763422, -39.4672216425326 ], [ 174.158504515188497, -39.466681461778805 ], [ 174.15850654942426, -39.466215224693109 ], [ 174.158502243943332, -39.465765061284436 ], [ 174.158496837449576, -39.465226581786844 ], [ 174.158496591351962, -39.46511810433902 ], [ 174.15849666895312, -39.465104002633012 ], [ 174.158498108911886, -39.464995530757548 ], [ 174.158508072668013, -39.464522138049915 ], [ 174.158509466509258, -39.464055951699869 ], [ 174.1585084626563, -39.46359993172382 ], [ 174.15791635295372, -39.463702289631257 ], [ 174.15768058037051, -39.463713698298683 ], [ 174.154973102162586, -39.463514253346517 ], [ 174.155017665413851, -39.46394421354163 ], [ 174.155098257356627, -39.464024578695593 ], [ 174.156852421074234, -39.466491799664809 ], [ 174.156932675492726, -39.466664019552447 ] ], [ [ 174.126062241753033, -39.417356726079667 ], [ 174.126074029578177, -39.417335169423659 ], [ 174.126166843428962, -39.417170052495344 ], [ 174.126548765825845, -39.416508734909982 ], [ 174.126950038501946, -39.41579034967986 ], [ 174.126964816200513, -39.41576400859784 ], [ 174.126966744338262, -39.415760586642634 ], [ 174.126981630297166, -39.415734282260246 ], [ 174.127413685735519, -39.414974101614959 ], [ 174.127600571171655, -39.414633311048391 ], [ 174.127143298607052, -39.413518593597765 ], [ 174.127107792790866, -39.413337568469402 ], [ 174.127129923960808, -39.41052056991294 ], [ 174.127168269729538, -39.41033989381004 ], [ 174.128311438675183, -39.407666064066945 ], [ 174.128419873910815, -39.407503421375395 ], [ 174.130572071102648, -39.405234457344683 ], [ 174.130739976453015, -39.405105765591507 ], [ 174.133690494554628, -39.403463716519944 ], [ 174.133901434819961, -39.403381569428689 ], [ 174.137306616142411, -39.402540677497782 ], [ 174.137176538584953, -39.402347814244827 ], [ 174.137148868760335, -39.402355721991078 ], [ 174.135600427945946, -39.402705590502144 ], [ 174.135396037968377, -39.402740027649891 ], [ 174.133800021550314, -39.402919960874975 ], [ 174.133056606975572, -39.40296315744488 ], [ 174.133012115893536, -39.402965675775981 ], [ 174.133006331261498, -39.402965994533055 ], [ 174.132961828004369, -39.402968380156892 ], [ 174.132287898136326, -39.403003494979991 ], [ 174.132248537849279, -39.403005493589276 ], [ 174.132243420459361, -39.403005746660867 ], [ 174.132204051670868, -39.403007641460533 ], [ 174.131607942505383, -39.403035541416834 ], [ 174.131598658785549, -39.403035973044446 ], [ 174.131060522041224, -39.403060564630785 ], [ 174.131018255692567, -39.403065307394989 ], [ 174.130467316907101, -39.403093973720296 ], [ 174.130463084070868, -39.403094196880424 ], [ 174.130390974457328, -39.403097823634873 ], [ 174.130018838767654, -39.403115637113501 ], [ 174.129839694970912, -39.403154602640271 ], [ 174.129772832847181, -39.403168978623498 ], [ 174.129764133646546, -39.403170827325141 ], [ 174.129697161914805, -39.403184892905692 ], [ 174.129281928190125, -39.403271067745528 ], [ 174.128851491152176, -39.403368042090072 ], [ 174.128816428698428, -39.403375894970999 ], [ 174.12881186852033, -39.403376910282681 ], [ 174.1287767743882, -39.403384677581585 ], [ 174.128178808579946, -39.4035162336098 ], [ 174.12760788517943, -39.403644428348322 ], [ 174.12748942721143, -39.40367049886683 ], [ 174.127474004929468, -39.403673824555483 ], [ 174.127355197023149, -39.403698918477254 ], [ 174.12680440042962, -39.403812821445889 ], [ 174.12627217838812, -39.403926867245552 ], [ 174.125760938878045, -39.404040474392282 ], [ 174.124978679828104, -39.404219410066439 ], [ 174.124951208077363, -39.404225665339489 ], [ 174.124947635460558, -39.404226475106206 ], [ 174.124920143876011, -39.404232677782652 ], [ 174.124132271351613, -39.404409617648241 ], [ 174.123991766346847, -39.404440429724445 ], [ 174.123973468933201, -39.404444345989532 ], [ 174.123832475268955, -39.404473784144869 ], [ 174.123793824385615, -39.404481652114697 ], [ 174.123795470496731, -39.404706835495148 ], [ 174.123795573850487, -39.404723788580199 ], [ 174.123795584611969, -39.404725992489034 ], [ 174.123795646819474, -39.404742945693762 ], [ 174.123797182449806, -39.405368309346457 ], [ 174.123797200041764, -39.405378407920558 ], [ 174.123797140173849, -39.406010370044676 ], [ 174.123797138724427, -39.406014222841272 ], [ 174.123796469648113, -39.406634171806274 ], [ 174.123796465602766, -39.406637282231685 ], [ 174.123795647862039, -39.407075049378221 ], [ 174.123798897488939, -39.40761551821366 ], [ 174.123799014311402, -39.407646039965719 ], [ 174.123799020829068, -39.407650007802047 ], [ 174.123799004278652, -39.407680529685706 ], [ 174.123797730400696, -39.408147605159272 ], [ 174.12380014181764, -39.408813238624248 ], [ 174.123800187345239, -39.408840588202644 ], [ 174.123800186302873, -39.408844143646569 ], [ 174.123800124738978, -39.408871493205176 ], [ 174.123797389509093, -39.409521320836681 ], [ 174.123797319376962, -39.409534862700767 ], [ 174.123797308553208, -39.409536623136837 ], [ 174.123797212165783, -39.409550164904566 ], [ 174.123791001513297, -39.41031808207471 ], [ 174.123791725693508, -39.410720944927846 ], [ 174.123791731497562, -39.410724740079942 ], [ 174.12379233770011, -39.411449416414115 ], [ 174.123792339150043, -39.411458959304525 ], [ 174.123792338491029, -39.411460199879926 ], [ 174.123792326902418, -39.411469742764766 ], [ 174.123791023311441, -39.412156621804492 ], [ 174.123790887586381, -39.412188879746175 ], [ 174.123790860258026, -39.412193073240587 ], [ 174.123790575546423, -39.412225330597465 ], [ 174.123782806982348, -39.412922930748536 ], [ 174.123783919910068, -39.413580982747199 ], [ 174.123783925720261, -39.413600429593345 ], [ 174.123783922955994, -39.413602957681064 ], [ 174.123783874618312, -39.413622404491861 ], [ 174.123781063614445, -39.414347225911641 ], [ 174.123781011702931, -39.414358332975482 ], [ 174.123781003806272, -39.414359776889846 ], [ 174.123780934230808, -39.414370883893184 ], [ 174.123776659918548, -39.41497634272212 ], [ 174.123778976354714, -39.415394405139686 ], [ 174.123779055016087, -39.415413134854305 ], [ 174.123779061977132, -39.415415569722917 ], [ 174.123779090408846, -39.415434299525486 ], [ 174.123779170759207, -39.415888537380127 ], [ 174.123779134950922, -39.415912169850181 ], [ 174.123779125097911, -39.415915242061118 ], [ 174.123779009321822, -39.415938874374632 ], [ 174.123775033102561, -39.416542124721666 ], [ 174.12377586078091, -39.417332769563082 ], [ 174.12377586437313, -39.417338173566264 ], [ 174.123775636616045, -39.418047626626695 ], [ 174.123776817378825, -39.418744815667893 ], [ 174.123776827266767, -39.41875532386829 ], [ 174.123776827524495, -39.418756689934654 ], [ 174.123776821600956, -39.418767198139776 ], [ 174.123776107654578, -39.419309591074871 ], [ 174.123845186581462, -39.419537635789347 ], [ 174.123864459053294, -39.419535374768756 ], [ 174.123874013234797, -39.419584367143834 ], [ 174.123883457263616, -39.419663975125495 ], [ 174.123896975546018, -39.419708601634852 ], [ 174.123914385392851, -39.41982257175188 ], [ 174.123902402533389, -39.419823672945846 ], [ 174.123998102924901, -39.420630364299484 ], [ 174.123998915762741, -39.420649237724078 ], [ 174.12388221790377, -39.42175846410489 ], [ 174.123976009000842, -39.421749269689258 ], [ 174.124173971902081, -39.421731200788109 ], [ 174.124199731176162, -39.421729023333604 ], [ 174.124398064807082, -39.421713592934346 ], [ 174.124714810106411, -39.421691077920002 ], [ 174.124717371166241, -39.42165772367315 ], [ 174.124785973534415, -39.420987858042494 ], [ 174.125055782234966, -39.419646251839183 ], [ 174.125107563932374, -39.41947487996886 ], [ 174.125634391964809, -39.418179994751689 ], [ 174.125973704456186, -39.417523250017091 ], [ 174.126062241753033, -39.417356726079667 ] ], [ [ 174.099040682201263, -39.42350844815153 ], [ 174.099040780670407, -39.423474003144946 ], [ 174.099044508976306, -39.422773810028694 ], [ 174.099048120408497, -39.422076957187002 ], [ 174.099047457472949, -39.421457131416965 ], [ 174.099047454047366, -39.421446837269528 ], [ 174.099047454588373, -39.421445499030781 ], [ 174.099047466337225, -39.421435204889818 ], [ 174.099048444595638, -39.420914332841782 ], [ 174.099049280365477, -39.420192772189395 ], [ 174.099049763929202, -39.419468180545259 ], [ 174.09904976767794, -39.41946422105076 ], [ 174.099050949365676, -39.418756181236745 ], [ 174.099050020250417, -39.418062689262761 ], [ 174.099050014059713, -39.418054728450059 ], [ 174.099050494078199, -39.417340612188944 ], [ 174.099049929979458, -39.416526662682266 ], [ 174.099049962422754, -39.416499988677792 ], [ 174.099049973262396, -39.416496521069647 ], [ 174.099050107582713, -39.416469847256373 ], [ 174.099054319625594, -39.415863366091834 ], [ 174.099054391993519, -39.415454249516301 ], [ 174.099052083886562, -39.415009276373056 ], [ 174.099051994253728, -39.414965274055781 ], [ 174.099052000621526, -39.414959553766622 ], [ 174.099052188220611, -39.414915551635296 ], [ 174.099056936329077, -39.414275068205789 ], [ 174.099059865956491, -39.413582796287756 ], [ 174.099058949702652, -39.412897755088061 ], [ 174.099059033431814, -39.412852959079515 ], [ 174.09905906299187, -39.412847135655447 ], [ 174.09905943403291, -39.412802340524557 ], [ 174.09906624218192, -39.412209802642124 ], [ 174.099047399379288, -39.411957134348242 ], [ 174.099047769789934, -39.411943292811742 ], [ 174.099068297745902, -39.411782664663562 ], [ 174.099069048846843, -39.411449045828547 ], [ 174.09906870801592, -39.410741477195792 ], [ 174.099068078409516, -39.410305428663349 ], [ 174.099068113876882, -39.410270905278935 ], [ 174.099068129579365, -39.410266417262271 ], [ 174.099068335688997, -39.410231894236603 ], [ 174.099069810416381, -39.410057196564424 ], [ 174.098924068486696, -39.410086515413496 ], [ 174.098485165655461, -39.410171083722169 ], [ 174.097541365885746, -39.410379850316261 ], [ 174.097476423782808, -39.410394056839841 ], [ 174.097467974458539, -39.410395884633751 ], [ 174.097402926957642, -39.410409798016431 ], [ 174.096632571107762, -39.410572703060346 ], [ 174.095896476113523, -39.410733306789446 ], [ 174.09589574712507, -39.410733465820272 ], [ 174.09513816350821, -39.410898679172647 ], [ 174.095142854817453, -39.411326754292688 ], [ 174.095143257908916, -39.411388207241998 ], [ 174.095143275164105, -39.411396196171061 ], [ 174.09514313753678, -39.411457649822495 ], [ 174.095139129141899, -39.412061384984071 ], [ 174.095136980255177, -39.412591248135804 ], [ 174.095139574191478, -39.413148545001945 ], [ 174.095139460422274, -39.413232488234016 ], [ 174.095139380053183, -39.413243400563509 ], [ 174.095138257373208, -39.41332733932358 ], [ 174.095131032089682, -39.413700048536938 ], [ 174.0951444195737, -39.414086446378661 ], [ 174.095147663479878, -39.41421340471144 ], [ 174.095147935128693, -39.414229910780463 ], [ 174.095148870430563, -39.414356891971089 ], [ 174.095147917640958, -39.414909008535908 ], [ 174.09515073830633, -39.415441101745365 ], [ 174.095150820446463, -39.415463182110699 ], [ 174.095150826587059, -39.415466052563985 ], [ 174.095150838917334, -39.415488133018393 ], [ 174.095150276155522, -39.416038439262884 ], [ 174.095150261811057, -39.416047182784482 ], [ 174.095148640359298, -39.416549109693001 ], [ 174.095150012022515, -39.417110629172775 ], [ 174.095149274687969, -39.417230591712482 ], [ 174.095149044897852, -39.417246185655053 ], [ 174.095146246995512, -39.417366129923899 ], [ 174.095140254941612, -39.4175538523358 ], [ 174.095157079449734, -39.417836222372244 ], [ 174.095166124018846, -39.418036166993822 ], [ 174.095166927373214, -39.418062166717647 ], [ 174.095170242084578, -39.418262217846888 ], [ 174.095171373862314, -39.418766594658678 ], [ 174.095176480707039, -39.419290774884672 ], [ 174.095176490189004, -39.419291755123822 ], [ 174.095181879617115, -39.419859430772952 ], [ 174.095182072636476, -39.419884503733215 ], [ 174.095182091877547, -39.419887763238862 ], [ 174.095182194874411, -39.419912836519359 ], [ 174.095183352206476, -39.420413321621758 ], [ 174.095183370620902, -39.420431350070551 ], [ 174.095183369989485, -39.42043369376843 ], [ 174.095183341861372, -39.420451722210089 ], [ 174.095181707149379, -39.421025044859746 ], [ 174.09518157762804, -39.421052094317773 ], [ 174.095181553979927, -39.421055610719733 ], [ 174.095181319684286, -39.421082659753516 ], [ 174.095175182293787, -39.421661709766674 ], [ 174.095173473040489, -39.421759006732252 ], [ 174.095173162721096, -39.421771654037087 ], [ 174.095170097827861, -39.421868930991714 ], [ 174.095154574093385, -39.422272358685376 ], [ 174.095139999596, -39.422791774620897 ], [ 174.095250627411872, -39.423268115060708 ], [ 174.096026012015074, -39.423292271630949 ], [ 174.09770703067025, -39.423440313068177 ], [ 174.097922600295419, -39.42347177180141 ], [ 174.099041452093104, -39.423701600600516 ], [ 174.099040751877453, -39.423547371050056 ], [ 174.099040680443949, -39.423512926004889 ], [ 174.099040682201263, -39.42350844815153 ] ], [ [ 174.154769143400927, -39.364926254071001 ], [ 174.155264168734078, -39.364629237994443 ], [ 174.155471078764919, -39.36454129514874 ], [ 174.157278719172723, -39.364038790941741 ], [ 174.157279546565206, -39.363996024490902 ], [ 174.157280520818944, -39.363952632026958 ], [ 174.157280664984143, -39.363946991276315 ], [ 174.15728190865633, -39.363903602961159 ], [ 174.157291943535938, -39.363587740420094 ], [ 174.157294862895611, -39.363164961594585 ], [ 174.156832126037301, -39.362627282621425 ], [ 174.156783144050138, -39.362559374786073 ], [ 174.156733911695767, -39.362491576160366 ], [ 174.156454560908116, -39.362024610846106 ], [ 174.156400799186088, -39.361984133498716 ], [ 174.1562961540115, -39.36190434268029 ], [ 174.156282635188205, -39.361893903511479 ], [ 174.156179298465617, -39.361813091733993 ], [ 174.15561327802456, -39.361364811637358 ], [ 174.15559830918383, -39.361352934515175 ], [ 174.155596365073194, -39.361351389097798 ], [ 174.155581424519653, -39.361339490568035 ], [ 174.154808230030028, -39.360722579360591 ], [ 174.154796619063575, -39.360713301838928 ], [ 174.154795110753582, -39.360712094918959 ], [ 174.154783516950886, -39.360702804441054 ], [ 174.153857509551131, -39.359959686951655 ], [ 174.152456341000089, -39.359144906021037 ], [ 174.153608887690837, -39.360845621526096 ], [ 174.153684703520355, -39.36101901776901 ], [ 174.154132685020642, -39.362388464537943 ], [ 174.154219008147749, -39.362778494095593 ], [ 174.154329421240874, -39.362946946456567 ], [ 174.154402187236229, -39.36312112891305 ], [ 174.154769143400927, -39.364926254071001 ] ], [ [ 174.160262584541385, -39.389722251869642 ], [ 174.160202370090047, -39.38975578571003 ], [ 174.159731008511244, -39.390004902252741 ], [ 174.159078913985184, -39.390331622626555 ], [ 174.159072094147746, -39.390334477969311 ], [ 174.159065928046545, -39.390338120008416 ], [ 174.158653984729199, -39.390543947430494 ], [ 174.158681809799305, -39.390675376601166 ], [ 174.158812290651809, -39.391272031566295 ], [ 174.158827291390537, -39.39134230981562 ], [ 174.158829194882316, -39.39135145183068 ], [ 174.158843478631923, -39.391421819967178 ], [ 174.158898311932205, -39.391699083992094 ], [ 174.15890717007079, -39.391744652406125 ], [ 174.158908302084939, -39.39175057854753 ], [ 174.158916859548327, -39.39179618153981 ], [ 174.158986632718609, -39.392174795845278 ], [ 174.159034039743119, -39.39240815505498 ], [ 174.159076096512479, -39.392575657803782 ], [ 174.159167844499564, -39.392890281365901 ], [ 174.159302598311911, -39.393346520222352 ], [ 174.159438572614363, -39.393806684013818 ], [ 174.159621446107195, -39.394007444275935 ], [ 174.159754198833355, -39.394156334199835 ], [ 174.159771204201974, -39.394175822539886 ], [ 174.159900072526312, -39.394326753236804 ], [ 174.160420663403301, -39.394949981217671 ], [ 174.160427758728162, -39.394493312647171 ], [ 174.160429640319506, -39.393770194628772 ], [ 174.160429449139968, -39.393531626097264 ], [ 174.160395578522042, -39.393450950128297 ], [ 174.160358484506588, -39.393270114277641 ], [ 174.160355733807705, -39.390453006856909 ], [ 174.160392472957113, -39.3902721275077 ], [ 174.160522943521158, -39.389959737841416 ], [ 174.160462759938724, -39.389604883530311 ], [ 174.160262584541385, -39.389722251869642 ] ], [ [ 174.298916729669742, -39.289629768218632 ], [ 174.29883853398556, -39.289532144418892 ], [ 174.298808037915222, -39.289567405908379 ], [ 174.298788543529497, -39.289586599209549 ], [ 174.299216287416698, -39.289959318383104 ], [ 174.298916729669742, -39.289629768218632 ] ], [ [ 174.186488390764652, -39.263842777266433 ], [ 174.186357655839942, -39.26369044958092 ], [ 174.185206643250098, -39.261970468495925 ], [ 174.184340783639499, -39.262657749728824 ], [ 174.184151665627866, -39.262766920561155 ], [ 174.182491080965377, -39.263441672608614 ], [ 174.182579230212241, -39.263445885228336 ], [ 174.182809190651142, -39.263485574632682 ], [ 174.186180666224573, -39.264518843227805 ], [ 174.186383602675903, -39.26461182545971 ], [ 174.186578660057876, -39.26473688774616 ], [ 174.187249899976564, -39.264484053256027 ], [ 174.186488390764652, -39.263842777266433 ] ], [ [ 174.270255565918404, -39.270340617016977 ], [ 174.270407966852133, -39.270711454648996 ], [ 174.270407974994328, -39.270711474461372 ], [ 174.27049132323819, -39.270914286039371 ], [ 174.270683195258869, -39.271374043523991 ], [ 174.270690283665942, -39.271391086151134 ], [ 174.270691202323121, -39.271393302402153 ], [ 174.270691845287615, -39.271394858848645 ], [ 174.270745886248818, -39.271471843738041 ], [ 174.270856263908115, -39.2716329454393 ], [ 174.270870338507223, -39.271653999532774 ], [ 174.270976493133787, -39.271816806965717 ], [ 174.271270942867858, -39.272279977134176 ], [ 174.271554952705884, -39.272715872194617 ], [ 174.271576214426091, -39.27274866997265 ], [ 174.271578967253362, -39.272752938046928 ], [ 174.271600056721354, -39.272785802950175 ], [ 174.271875840769184, -39.273217772936533 ], [ 174.272159827184169, -39.273645996195114 ], [ 174.272165746864857, -39.273654934672749 ], [ 174.272166515587458, -39.273656097006473 ], [ 174.272172422408119, -39.273665040586117 ], [ 174.272434826394743, -39.274062893228731 ], [ 174.27247012333936, -39.274116855550467 ], [ 174.272474681556787, -39.27412388256046 ], [ 174.272509511033775, -39.274178028085096 ], [ 174.272771649826154, -39.274588991074658 ], [ 174.273038606207507, -39.27498611141889 ], [ 174.273044316749946, -39.274994617174393 ], [ 174.273327660273594, -39.275418044201949 ], [ 174.273588906017096, -39.275784320209688 ], [ 174.273694041195967, -39.275935090335089 ], [ 174.273707467444723, -39.275954789816595 ], [ 174.273808889932695, -39.276107088640636 ], [ 174.274196193703716, -39.276702488637611 ], [ 174.274886667854588, -39.278009632161123 ], [ 174.274958777333268, -39.278183971336276 ], [ 174.275461061478808, -39.280699534175184 ], [ 174.276318123641801, -39.279810804669836 ], [ 174.276487192134653, -39.279683252314392 ], [ 174.277403086875267, -39.279182053228631 ], [ 174.277387120821572, -39.278775386478955 ], [ 174.27741685084186, -39.278260587681437 ], [ 174.276979686772563, -39.277664302522368 ], [ 174.276896498882024, -39.277492969755436 ], [ 174.276303767664814, -39.275263404752451 ], [ 174.27600298352101, -39.27489741844758 ], [ 174.275147566809125, -39.273650597549533 ], [ 174.275053360497225, -39.273482747687574 ], [ 174.274141637405251, -39.27075600748141 ], [ 174.274118777448876, -39.270573745568235 ], [ 174.27433573116096, -39.267761473265686 ], [ 174.274386446215686, -39.267582640730843 ], [ 174.27571070263491, -39.264960109917496 ], [ 174.275830020250908, -39.264802210369531 ], [ 174.27683184103077, -39.263855127853745 ], [ 174.276614161672171, -39.263915051118616 ], [ 174.275865367928475, -39.264170926205637 ], [ 174.275839914526927, -39.264192345544821 ], [ 174.27515803291962, -39.264766886914963 ], [ 174.27496222524158, -39.264927849697671 ], [ 174.27493644293412, -39.264948528278957 ], [ 174.273572835749974, -39.265882884523002 ], [ 174.273413752782261, -39.265975714687627 ], [ 174.271878866192054, -39.266732724236128 ], [ 174.271846124139302, -39.266746196488917 ], [ 174.270177763409038, -39.267307215112488 ], [ 174.269989557900146, -39.267357282364415 ], [ 174.26927895316993, -39.267499026819799 ], [ 174.269302370672733, -39.267597036807054 ], [ 174.269411843269836, -39.268034708079242 ], [ 174.269542462826081, -39.268469249592449 ], [ 174.269596297224837, -39.268744270690235 ], [ 174.269794103962909, -39.269171318113273 ], [ 174.269941887731306, -39.269591184355441 ], [ 174.270039581807026, -39.269830930855463 ], [ 174.270217927752412, -39.270250567406151 ], [ 174.270235732488601, -39.270292810316114 ], [ 174.270238029653683, -39.270298306301761 ], [ 174.270255565918404, -39.270340617016977 ] ], [ [ 174.310970659966046, -39.234567812195777 ], [ 174.308937960975669, -39.234524410700672 ], [ 174.309101632022731, -39.235059391945406 ], [ 174.309275131708063, -39.235742940466494 ], [ 174.309293235987326, -39.235832346843104 ], [ 174.309320546001032, -39.236012270577014 ], [ 174.310793696860202, -39.23468418846327 ], [ 174.310970659966046, -39.234567812195777 ] ], [ [ 174.321917725212387, -39.221594125960202 ], [ 174.322207922214545, -39.22235932674149 ], [ 174.322583636045664, -39.223741838732046 ], [ 174.32261410578522, -39.223923430436528 ], [ 174.322515218884661, -39.226739790824595 ], [ 174.32247205046076, -39.226919818249101 ], [ 174.322094978016281, -39.227745051302051 ], [ 174.322885461759313, -39.227246893545413 ], [ 174.3227337054484, -39.225949316751503 ], [ 174.322749319647613, -39.225766588207385 ], [ 174.323551952778729, -39.223019214125927 ], [ 174.323639394791428, -39.222849180926438 ], [ 174.324048096571829, -39.222315932874551 ], [ 174.324055614750165, -39.222184712532695 ], [ 174.324062004032328, -39.222117189859368 ], [ 174.324337085184567, -39.220720420509679 ], [ 174.324371148735651, -39.220607534751807 ], [ 174.324392006446317, -39.220556725889963 ], [ 174.323679546753937, -39.220150844502236 ], [ 174.323513708670106, -39.220020857002808 ], [ 174.321396017897854, -39.217735193556869 ], [ 174.321289944982169, -39.217571703637581 ], [ 174.320622444642765, -39.215952466079266 ], [ 174.320289993151249, -39.216316418589187 ], [ 174.320795024116194, -39.217493712500094 ], [ 174.320833693063548, -39.217674356981512 ], [ 174.320852456409199, -39.219516964781988 ], [ 174.321208975161341, -39.220058704277946 ], [ 174.321279844081715, -39.220183978691381 ], [ 174.321752327885577, -39.221172500819605 ], [ 174.321880395821609, -39.221497566857835 ], [ 174.32189807453193, -39.221542863940648 ], [ 174.321900352851571, -39.221548757219189 ], [ 174.321917725212387, -39.221594125960202 ] ], [ [ 174.316504193979767, -39.190310687739334 ], [ 174.316401331352097, -39.190145976169426 ], [ 174.315347751615661, -39.187450498694417 ], [ 174.315315333727568, -39.187269112654697 ], [ 174.315383675528807, -39.184452197235352 ], [ 174.315424866812407, -39.184271892706185 ], [ 174.316608302382974, -39.181609271837296 ], [ 174.316719062356952, -39.181447696779827 ], [ 174.317150424676811, -39.180922343798713 ], [ 174.317186329558609, -39.180730941104805 ], [ 174.317199673139754, -39.180685253892463 ], [ 174.317739766815606, -39.179336158034737 ], [ 174.317805014344543, -39.179209230118431 ], [ 174.318380408977617, -39.178255747146274 ], [ 174.31867408237315, -39.177834972756884 ], [ 174.318842175869918, -39.177602408539677 ], [ 174.3188645985893, -39.177572433771012 ], [ 174.319041469987553, -39.177343847686615 ], [ 174.319435419114541, -39.17685136738082 ], [ 174.319562124968513, -39.176696510071068 ], [ 174.319578858621952, -39.176676511385544 ], [ 174.319709593584975, -39.176523696605351 ], [ 174.320159435561465, -39.176009318805619 ], [ 174.32019018834734, -39.175974331097372 ], [ 174.32019419993992, -39.175969790043816 ], [ 174.320225163962846, -39.175934915389703 ], [ 174.320625400426991, -39.175486387622747 ], [ 174.320949670852855, -39.175091120410343 ], [ 174.321014820375609, -39.175012607431448 ], [ 174.321023357624625, -39.175002435226418 ], [ 174.321089550393509, -39.174924452742736 ], [ 174.321491951425145, -39.174455682264224 ], [ 174.321853589270461, -39.174058107923592 ], [ 174.321902362827842, -39.174007450372073 ], [ 174.322291087344553, -39.173625677672064 ], [ 174.322792796690123, -39.173159417219729 ], [ 174.322843034730283, -39.173113046503836 ], [ 174.322849591679756, -39.17310703549839 ], [ 174.3236391285065, -39.17248889110865 ], [ 174.321616841023825, -39.170742478102781 ], [ 174.32148860420088, -39.170588941184285 ], [ 174.320014780477209, -39.168015670833725 ], [ 174.31995377792984, -39.16783880160299 ], [ 174.319926745757073, -39.167639548913371 ], [ 174.319417939818862, -39.16703924506217 ], [ 174.319404533129244, -39.167023390842012 ], [ 174.31940279305212, -39.167021328365529 ], [ 174.319389429324389, -39.167005452178259 ], [ 174.318786341218498, -39.166287321428968 ], [ 174.318422166206886, -39.16585832501967 ], [ 174.317611753001131, -39.166465465994222 ], [ 174.317418814230052, -39.166570248567311 ], [ 174.314163063540917, -39.167800921083867 ], [ 174.313937966686751, -39.167854155760814 ], [ 174.3134221751464, -39.167909863044322 ], [ 174.31318147138191, -39.167981867336081 ], [ 174.312953894467142, -39.168028275957312 ], [ 174.312221876050216, -39.168084945890818 ], [ 174.312228505028258, -39.168108851007574 ], [ 174.311595219386987, -39.168215263971959 ], [ 174.310891316327144, -39.168340222636381 ], [ 174.310676250113744, -39.168380072740788 ], [ 174.310649616965861, -39.168390284851824 ], [ 174.310032137398395, -39.168630818565184 ], [ 174.309376078991477, -39.168894784933819 ], [ 174.309001852345631, -39.169038753698715 ], [ 174.308952784890295, -39.169056780307137 ], [ 174.308572127657186, -39.169190143959163 ], [ 174.308012778749486, -39.169376736772534 ], [ 174.307942370763044, -39.169416627111111 ], [ 174.307732842018737, -39.169499904469085 ], [ 174.30708578544926, -39.169664026493294 ], [ 174.306932921477511, -39.169709859076818 ], [ 174.306827196415611, -39.169738090856072 ], [ 174.306668112587715, -39.169769964364178 ], [ 174.304974379556768, -39.170199541185276 ], [ 174.305141492930034, -39.171266507945646 ], [ 174.305133081589702, -39.171449522484231 ], [ 174.30498844051229, -39.172026107095313 ], [ 174.305446637477303, -39.172440924810601 ], [ 174.305570307525699, -39.172572505814365 ], [ 174.306523948219507, -39.173774894776415 ], [ 174.306535876753941, -39.173792969373288 ], [ 174.307236154318645, -39.175096671164205 ], [ 174.307301540427517, -39.175251558287265 ], [ 174.30773120089421, -39.17662447555692 ], [ 174.307735370393971, -39.176644534664277 ], [ 174.30776572288633, -39.176799052159339 ], [ 174.307766207901238, -39.176801673329287 ], [ 174.307882869312095, -39.177940575699658 ], [ 174.307886287740303, -39.178106032832417 ], [ 174.307424475877099, -39.180773561050032 ], [ 174.307358556198835, -39.180949359148102 ], [ 174.305813219696631, -39.183497159288187 ], [ 174.305680717967022, -39.183648496883841 ], [ 174.305504911725308, -39.183793839722107 ], [ 174.305502380457966, -39.183905640576675 ], [ 174.305564416518706, -39.183998938483057 ], [ 174.305638539163141, -39.184172746803753 ], [ 174.305695166637065, -39.184440087688223 ], [ 174.307631936277318, -39.186423569242542 ], [ 174.307743252858387, -39.186584914672814 ], [ 174.307877298276594, -39.186883929951009 ], [ 174.307994983160569, -39.186990711812122 ], [ 174.308980620881954, -39.188026737001799 ], [ 174.309095744036256, -39.188167848630087 ], [ 174.309881229619293, -39.18930277310438 ], [ 174.310148228990471, -39.189765041190924 ], [ 174.310390351109334, -39.190216664539157 ], [ 174.310419754798716, -39.190275997487227 ], [ 174.310524630977312, -39.190516477252025 ], [ 174.31114960697812, -39.190897629534383 ], [ 174.311221615169899, -39.190915980633882 ], [ 174.312430946893897, -39.191308344535621 ], [ 174.31306179182468, -39.191095503523215 ], [ 174.31328969066962, -39.191049836398555 ], [ 174.31689388350577, -39.190782672087686 ], [ 174.316929136447726, -39.190784377631445 ], [ 174.316504193979767, -39.190310687739334 ] ], [ [ 173.916701634500697, -39.322376224826129 ], [ 173.916718534222468, -39.322803776293476 ], [ 173.916724263754332, -39.323445680046831 ], [ 173.916731657637854, -39.323464617351334 ], [ 173.916763935726209, -39.323645982545408 ], [ 173.916761009577556, -39.323761226143851 ], [ 173.917369301469989, -39.325342187024908 ], [ 173.917400635353744, -39.325523652186334 ], [ 173.917343035682507, -39.327405671340905 ], [ 173.91855721443838, -39.327490397005462 ], [ 173.918662602621453, -39.327504290404235 ], [ 173.920100013429874, -39.327785390479818 ], [ 173.920307036566044, -39.32773326347872 ], [ 173.920838090337043, -39.327492269257142 ], [ 173.921258003557483, -39.327310670657504 ], [ 173.921313198675449, -39.327287951593036 ], [ 173.921742441184705, -39.327120026090668 ], [ 173.922964396552061, -39.326666384171979 ], [ 173.923234360599423, -39.326569444008008 ], [ 173.923269658242305, -39.326557193462662 ], [ 173.923542734873564, -39.326465663691472 ], [ 173.924522547838819, -39.32614876091138 ], [ 173.925605291581519, -39.325795217489556 ], [ 173.925628652121873, -39.325787612840436 ], [ 173.925631690378651, -39.325786626813901 ], [ 173.925655072250265, -39.325779061824086 ], [ 173.926640893822906, -39.325461083689802 ], [ 173.926099084869122, -39.325073727008807 ], [ 173.925952754988401, -39.324930181139194 ], [ 173.924174108040745, -39.322475435157699 ], [ 173.924092059630198, -39.322303793424446 ], [ 173.923377184914614, -39.31954228695345 ], [ 173.923367442205574, -39.319359352867501 ], [ 173.923786185455242, -39.316561417023166 ], [ 173.923849692974272, -39.316385097378031 ], [ 173.924219981414865, -39.315600397734869 ], [ 173.923902313409229, -39.315531777884097 ], [ 173.923721194627291, -39.31549310383587 ], [ 173.923664517958088, -39.315533124649669 ], [ 173.922317261254335, -39.316351918366983 ], [ 173.921781826359904, -39.316630418448604 ], [ 173.920769298969191, -39.317100918896216 ], [ 173.920634007767745, -39.31715672731751 ], [ 173.919565133064452, -39.31754481747209 ], [ 173.918925870608604, -39.317746797265571 ], [ 173.918684876920167, -39.317820513045746 ], [ 173.91865341377968, -39.317829822973579 ], [ 173.918410359166671, -39.317899336848612 ], [ 173.917769300219305, -39.31807638475798 ], [ 173.917753795889524, -39.318080657069181 ], [ 173.917751779818076, -39.318081211358695 ], [ 173.917736267663798, -39.31808546657826 ], [ 173.91712537393326, -39.318252663258143 ], [ 173.916862040276413, -39.318326348245016 ], [ 173.916789621232084, -39.31834638988996 ], [ 173.916940044783757, -39.319789406565341 ], [ 173.916922080551643, -39.319971963951389 ], [ 173.916557588212527, -39.321163024256442 ], [ 173.916568018153384, -39.32123616722545 ], [ 173.916654712569425, -39.321894269592995 ], [ 173.916697739272053, -39.322320715027523 ], [ 173.916701634500697, -39.322376224826129 ] ], [ [ 173.883743752357702, -39.304336652168864 ], [ 173.88423254436583, -39.304136094383281 ], [ 173.883769688695679, -39.304083717087615 ], [ 173.883727158576619, -39.304076217771978 ], [ 173.881990951601836, -39.303656399066433 ], [ 173.881812219434607, -39.303600891205235 ], [ 173.880181950859509, -39.302975202692032 ], [ 173.88014448668568, -39.302957858656868 ], [ 173.880015999369164, -39.302896399800893 ], [ 173.879933661465572, -39.30288696001103 ], [ 173.879807094804761, -39.302868116415944 ], [ 173.878053630610623, -39.302494183490225 ], [ 173.877952511756604, -39.302465822887946 ], [ 173.876295954895767, -39.301883354457281 ], [ 173.876183082036704, -39.301835043020638 ], [ 173.876150687947131, -39.301819737947184 ], [ 173.875579574033964, -39.301792031081767 ], [ 173.874796781938471, -39.301757209718645 ], [ 173.874781687603132, -39.301756530540693 ], [ 173.874779725416772, -39.301756441252905 ], [ 173.874764632269915, -39.301755746772699 ], [ 173.873907265842121, -39.301715857455491 ], [ 173.872981627598165, -39.301672874166918 ], [ 173.872585925612725, -39.301654638041981 ], [ 173.872281392498564, -39.30170645988715 ], [ 173.872204162697955, -39.301717968711444 ], [ 173.8703970559597, -39.301874389288585 ], [ 173.870239480732153, -39.301878357411567 ], [ 173.868423130402078, -39.301813184434472 ], [ 173.868345103530743, -39.301805585377984 ], [ 173.867635443279937, -39.301691954416981 ], [ 173.867468538568772, -39.301708936618986 ], [ 173.867386876063335, -39.301718706888153 ], [ 173.86715378139715, -39.301751062191684 ], [ 173.866723629641371, -39.301814824164829 ], [ 173.865644133242171, -39.301976621667052 ], [ 173.864171572153708, -39.302122081529269 ], [ 173.863979368618402, -39.302131405244765 ], [ 173.862494955559384, -39.302129387133412 ], [ 173.861648370552558, -39.302086005835697 ], [ 173.861184387432928, -39.302064250931352 ], [ 173.861639833583808, -39.302864430538804 ], [ 173.861942336840485, -39.303528761194748 ], [ 173.861951318069544, -39.303548558150091 ], [ 173.861952481765968, -39.303551132807435 ], [ 173.861961403558922, -39.303570945965021 ], [ 173.862237500182204, -39.304186385637031 ], [ 173.862585475992745, -39.30495315421237 ], [ 173.862586797813748, -39.30495319310581 ], [ 173.862685717169086, -39.304956432514565 ], [ 173.862698574136033, -39.304956896303473 ], [ 173.862797454272965, -39.304960792108602 ], [ 173.863672982410208, -39.304998197553445 ], [ 173.863976994190125, -39.305014301719403 ], [ 173.864016473477363, -39.305016798510565 ], [ 173.864319835375994, -39.305039106519196 ], [ 173.865394754465001, -39.305129238449126 ], [ 173.865598005399079, -39.305147691784242 ], [ 173.86562439870778, -39.305150271750442 ], [ 173.86740517882518, -39.305436043105274 ], [ 173.867606246407377, -39.305481337929386 ], [ 173.869239881346914, -39.305960146501278 ], [ 173.869301219288332, -39.30596110176684 ], [ 173.870054924808244, -39.305963349477047 ], [ 173.870138425008975, -39.305963831925112 ], [ 173.870149279604362, -39.305963925022226 ], [ 173.870232773179225, -39.305964874837635 ], [ 173.870967499729545, -39.305975287569503 ], [ 173.871658054432402, -39.305981798725497 ], [ 173.873309616533277, -39.306089438570794 ], [ 173.873521937581557, -39.306115256122901 ], [ 173.873759290206038, -39.306159170319667 ], [ 173.874885867669121, -39.305433648282687 ], [ 173.875088591149876, -39.305340292487877 ], [ 173.878458162104408, -39.30430072226892 ], [ 173.87868809107087, -39.30426059739208 ], [ 173.882306198810312, -39.304080750179047 ], [ 173.88254083467919, -39.304097782751043 ], [ 173.883743752357702, -39.304336652168864 ] ], [ [ 173.829906132531448, -39.305118513293209 ], [ 173.831186827536726, -39.305312664587269 ], [ 173.83164876721392, -39.305312408812625 ], [ 173.831658503929532, -39.305312406537666 ], [ 173.832312079695839, -39.305312794111323 ], [ 173.832396985284106, -39.305312127935728 ], [ 173.831579314628726, -39.304713953421881 ], [ 173.831565763097757, -39.304704023565812 ], [ 173.831564002738446, -39.304702731587192 ], [ 173.831550471819241, -39.304692784849173 ], [ 173.830824918257207, -39.304158556247842 ], [ 173.828558668714578, -39.304835979365627 ], [ 173.82832820245082, -39.30487417993092 ], [ 173.828234667129976, -39.304878043487264 ], [ 173.827889229348841, -39.305019973989609 ], [ 173.828302136112313, -39.305022622474212 ], [ 173.82972291924807, -39.305099726959504 ], [ 173.829906132531448, -39.305118513293209 ] ], [ [ 173.861703566394908, -39.282865993566233 ], [ 173.861871447833721, -39.282873832253287 ], [ 173.861893261756592, -39.282874974330944 ], [ 173.862060979136345, -39.282884706069829 ], [ 173.862530588557149, -39.282914619258555 ], [ 173.862600441466896, -39.2829042639938 ], [ 173.862667232852829, -39.282894520244866 ], [ 173.862675920437852, -39.282893273358432 ], [ 173.862742784206858, -39.282883834239243 ], [ 173.863192840582627, -39.282821358183739 ], [ 173.863329855420886, -39.282802996350242 ], [ 173.863347685135579, -39.282800692455403 ], [ 173.863484973602965, -39.282783609752514 ], [ 173.863850605561311, -39.282739860897912 ], [ 173.863979942818958, -39.282724965254587 ], [ 173.86399677018494, -39.282723102613069 ], [ 173.864126315482793, -39.282709342232991 ], [ 173.864934041969292, -39.282627147634912 ], [ 173.866067397432374, -39.282509696064743 ], [ 173.867310174153403, -39.282378950649402 ], [ 173.868433851794634, -39.282303780345472 ], [ 173.868580195037538, -39.282299550413455 ], [ 173.869707953362052, -39.282309644857037 ], [ 173.870373364115977, -39.282340816848361 ], [ 173.870785021210452, -39.28235755523481 ], [ 173.870855726052866, -39.282360598452449 ], [ 173.870864916041256, -39.282361015897081 ], [ 173.870935595635729, -39.282364394904384 ], [ 173.872028759908062, -39.282419257708071 ], [ 173.872801730951693, -39.282455784396589 ], [ 173.873535915581215, -39.282488689989343 ], [ 173.873546512151847, -39.282489168620863 ], [ 173.874445254872711, -39.282530576787657 ], [ 173.87444824293658, -39.282530714753356 ], [ 173.875379855406095, -39.282573965079919 ], [ 173.875380665510249, -39.282574002707982 ], [ 173.876223212615287, -39.282613193404778 ], [ 173.877021599725111, -39.282648699617525 ], [ 173.877051530090256, -39.282650060787766 ], [ 173.877055420735218, -39.282650241652028 ], [ 173.877085346446876, -39.282651663008856 ], [ 173.87765962003013, -39.282679517048336 ], [ 173.878949588939577, -39.28246928067508 ], [ 173.879184883492286, -39.282460195361814 ], [ 173.882788387324354, -39.282762172856778 ], [ 173.883015782416891, -39.282810032126811 ], [ 173.88632294764966, -39.283962528105377 ], [ 173.886520191912979, -39.284062649248071 ], [ 173.886772218428291, -39.284239938736896 ], [ 173.886991683993443, -39.2842860227504 ], [ 173.888329654887173, -39.283897338823138 ], [ 173.888443162314331, -39.283872050106027 ], [ 173.890224523657821, -39.283590463929364 ], [ 173.890341882027201, -39.283579268811465 ], [ 173.891248994822064, -39.283520732124565 ], [ 173.891729441824594, -39.28350445875153 ], [ 173.891807653951275, -39.283502015124135 ], [ 173.891817822793854, -39.283501724147449 ], [ 173.89188650999219, -39.283499939235362 ], [ 173.89188533028053, -39.283408652638812 ], [ 173.891885285209355, -39.283389405220476 ], [ 173.891886505134181, -39.28324134593889 ], [ 173.891899536193023, -39.282548982750498 ], [ 173.891902419306746, -39.281857452811877 ], [ 173.891901984731618, -39.281350765796155 ], [ 173.891903019567337, -39.281224277966615 ], [ 173.891903302717822, -39.281207836094509 ], [ 173.891906624039194, -39.281081372045165 ], [ 173.891922717392617, -39.280625557166516 ], [ 173.891924890172135, -39.28025523877367 ], [ 173.891923418185428, -39.279837912427695 ], [ 173.891914578324361, -39.279335228493473 ], [ 173.891913545588437, -39.279185999733727 ], [ 173.891913618209117, -39.279166600462524 ], [ 173.891915768179416, -39.279017378895794 ], [ 173.891916257472417, -39.278997865159539 ], [ 173.891918528718463, -39.278923188643198 ], [ 173.891921944362025, -39.278827661131842 ], [ 173.891850154748454, -39.278487985546029 ], [ 173.891788212688709, -39.278149693450409 ], [ 173.89010228916132, -39.278112095448435 ], [ 173.889870771008503, -39.278078277321193 ], [ 173.889076500490461, -39.277857920841427 ], [ 173.888287919974744, -39.277770225150903 ], [ 173.887704657705825, -39.277682388441079 ], [ 173.887159934479797, -39.277611457428655 ], [ 173.887081119634558, -39.277600976866772 ], [ 173.887070879879104, -39.277599586921511 ], [ 173.886992160025216, -39.277588683710164 ], [ 173.886290182613578, -39.277489508717188 ], [ 173.885669685044348, -39.277404452640774 ], [ 173.885456693433014, -39.27737365663323 ], [ 173.885429055128554, -39.277369452237458 ], [ 173.88528592567809, -39.27734659681898 ], [ 173.885166869018519, -39.277341221009543 ], [ 173.885099662521981, -39.277337010908958 ], [ 173.884583623210915, -39.277295624483855 ], [ 173.883786805404924, -39.277217663341091 ], [ 173.883714925034752, -39.277210452629753 ], [ 173.883705584452002, -39.277209492522452 ], [ 173.883633763549284, -39.277201932352142 ], [ 173.882841978692795, -39.277116621349236 ], [ 173.882120142754502, -39.277044211047226 ], [ 173.882102180632387, -39.277042398036997 ], [ 173.882099845800013, -39.277042160927159 ], [ 173.882081887423993, -39.277040326093882 ], [ 173.881329834978857, -39.276963020305416 ], [ 173.881311583976355, -39.276961132694439 ], [ 173.881309211593674, -39.276960885838889 ], [ 173.881290964400961, -39.276958975672095 ], [ 173.880677410600441, -39.276894359531369 ], [ 173.880018877450851, -39.276826170808263 ], [ 173.880004342009954, -39.276824658393735 ], [ 173.880002452564554, -39.276824460850207 ], [ 173.879987919614848, -39.276822934133619 ], [ 173.879379071758962, -39.276758666667476 ], [ 173.878719741605209, -39.2766921698055 ], [ 173.87867486004572, -39.276687573798725 ], [ 173.878669026967486, -39.27668696745755 ], [ 173.878624168861705, -39.276682235138516 ], [ 173.877975635880432, -39.276612812594244 ], [ 173.877255765063325, -39.276538906140331 ], [ 173.876477333162399, -39.276459118476239 ], [ 173.876446058423397, -39.276455879081119 ], [ 173.876441993453113, -39.276455453656276 ], [ 173.876410730187956, -39.276452148053913 ], [ 173.875649544274324, -39.276370841051254 ], [ 173.874935337089255, -39.276297984042678 ], [ 173.874933652973624, -39.276297812142644 ], [ 173.874614891963262, -39.276265228157726 ], [ 173.873885562961846, -39.276511616340727 ], [ 173.873657494116713, -39.276557433669815 ], [ 173.870050056039616, -39.276826966063958 ], [ 173.869814933350398, -39.276815756498927 ], [ 173.866276942157015, -39.27620556485904 ], [ 173.866057790076695, -39.27613842646457 ], [ 173.862935691874327, -39.274708268286375 ], [ 173.862753968887802, -39.274591775702334 ], [ 173.860353437396839, -39.272481694314678 ], [ 173.860226933087603, -39.272327254165354 ], [ 173.85960578088725, -39.271216005834098 ], [ 173.859240260607663, -39.271170728735591 ], [ 173.859166618717722, -39.271160140145419 ], [ 173.858653300761091, -39.27105337544436 ], [ 173.858187162344109, -39.271036926297249 ], [ 173.85804334747445, -39.271023003506201 ], [ 173.857465094220544, -39.27093074227114 ], [ 173.858461574338918, -39.271849814317889 ], [ 173.858562075977233, -39.271958836165673 ], [ 173.859273149880835, -39.27283200832079 ], [ 173.859531700827631, -39.273193914235279 ], [ 173.860286675194175, -39.274478975994832 ], [ 173.860367407976184, -39.274650972217195 ], [ 173.86106161301521, -39.277415506333718 ], [ 173.861070014224168, -39.277598475044996 ], [ 173.860631078914906, -39.28039443457191 ], [ 173.860566317040053, -39.280570465402263 ], [ 173.859544105222596, -39.282277478645298 ], [ 173.859963904371853, -39.282503890640974 ], [ 173.859999546793404, -39.282523190731482 ], [ 173.860004174239776, -39.282525706485366 ], [ 173.860039723301014, -39.282545110300923 ], [ 173.860531428302977, -39.282814567815251 ], [ 173.861057800362062, -39.282839494047735 ], [ 173.861703566394908, -39.282865993566233 ] ], [ [ 173.891960482917227, -39.25732959758551 ], [ 173.891966816558778, -39.257155291919133 ], [ 173.891962824763795, -39.256757988583246 ], [ 173.89196247422089, -39.25669384982271 ], [ 173.89196246685367, -39.256685511763379 ], [ 173.891962704054691, -39.256621372688187 ], [ 173.891966549414832, -39.256156948218198 ], [ 173.891956599810243, -39.255746256138423 ], [ 173.891954650541436, -39.255614917019166 ], [ 173.891954557346367, -39.255597842404931 ], [ 173.89195507283975, -39.255466495151005 ], [ 173.891963297955073, -39.25484841056047 ], [ 173.891964055451325, -39.254802703175969 ], [ 173.89196417332721, -39.254796761448652 ], [ 173.891965229305697, -39.254751057643702 ], [ 173.89196988155561, -39.254574643269073 ], [ 173.891903739430603, -39.254549425973096 ], [ 173.891515459367525, -39.255484075551486 ], [ 173.891408913845424, -39.255647354287241 ], [ 173.889284417211542, -39.257929027021788 ], [ 173.889118178022358, -39.25805871325845 ], [ 173.888643975239461, -39.258327530541301 ], [ 173.888892304698601, -39.258356040346392 ], [ 173.889265501197229, -39.25840373805908 ], [ 173.889313873624303, -39.258410552846776 ], [ 173.889442817375283, -39.258430414496758 ], [ 173.890772040319376, -39.257667698237178 ], [ 173.890981065392253, -39.25758335359253 ], [ 173.891960482917227, -39.25732959758551 ] ], [ [ 173.823828219833871, -39.264657331434925 ], [ 173.824061570013981, -39.264632550918847 ], [ 173.824931630292781, -39.264646962369532 ], [ 173.823837288005905, -39.262107364960393 ], [ 173.823798338926366, -39.261926804443419 ], [ 173.823786511451345, -39.260912717513747 ], [ 173.823139519218671, -39.260529799400324 ], [ 173.82313916243217, -39.260531806521577 ], [ 173.823137923778802, -39.260538626571737 ], [ 173.823128197087556, -39.260591066698716 ], [ 173.82303835373736, -39.261065551975832 ], [ 173.822971025248762, -39.261452083076634 ], [ 173.822964515187067, -39.261488885706946 ], [ 173.822963656184271, -39.261493668671186 ], [ 173.822956950817712, -39.261530450105973 ], [ 173.822876395729793, -39.261965853236212 ], [ 173.822800645687579, -39.262405438570163 ], [ 173.822796952822671, -39.262426676358942 ], [ 173.822796468523478, -39.262429436823247 ], [ 173.822792710631404, -39.262450667716216 ], [ 173.822704790307597, -39.262943044590365 ], [ 173.82269533186647, -39.262994905582161 ], [ 173.82269407704851, -39.263001644673082 ], [ 173.822684230597559, -39.263053462003114 ], [ 173.822579622511853, -39.263593096558388 ], [ 173.822566344166631, -39.263659891333312 ], [ 173.822564576073972, -39.263668569494435 ], [ 173.822550652993272, -39.263735284890458 ], [ 173.82244817481191, -39.264214929054766 ], [ 173.82238374044843, -39.264536852757928 ], [ 173.822397228797939, -39.264539333570909 ], [ 173.823117969768219, -39.264672716269288 ], [ 173.823211132346472, -39.264690273914859 ], [ 173.823223231125752, -39.264692595328782 ], [ 173.823316203614212, -39.264710751743664 ], [ 173.823469953499284, -39.264741303499932 ], [ 173.823828219833871, -39.264657331434925 ] ], [ [ 173.858387635143771, -39.23601093876632 ], [ 173.858245564656869, -39.235709532792612 ], [ 173.858064593645054, -39.235909133600536 ], [ 173.858387635143771, -39.23601093876632 ] ], [ [ 173.899814960560974, -39.234764941540952 ], [ 173.899827166318829, -39.234773069185891 ], [ 173.899920627669417, -39.234835979317168 ], [ 173.900464869381977, -39.235206283048996 ], [ 173.900062855938472, -39.234704333647173 ], [ 173.899792446771272, -39.234750111179935 ], [ 173.899814960560974, -39.234764941540952 ] ], [ [ 173.923791244167404, -39.195828066460336 ], [ 173.92374042816698, -39.195814548441589 ], [ 173.923795050657077, -39.195853820796259 ], [ 173.923791244167404, -39.195828066460336 ] ], [ [ 174.096208164809127, -39.141139562513359 ], [ 174.095825989102451, -39.142604460091725 ], [ 174.095743700095881, -39.142775994316949 ], [ 174.094439097439562, -39.144572723364085 ], [ 174.094406582076516, -39.145211779053597 ], [ 174.094391767615264, -39.14530897041751 ], [ 174.094037186209874, -39.146694642631388 ], [ 174.094007240486832, -39.146777215994859 ], [ 174.09374694886921, -39.147405812351536 ], [ 174.093603371040359, -39.147713426943838 ], [ 174.09361165140146, -39.147704744987585 ], [ 174.094804444915638, -39.146640007858011 ], [ 174.095190071312516, -39.146345936332175 ], [ 174.096479290613473, -39.145497107222681 ], [ 174.096547244496833, -39.145458620342218 ], [ 174.097115093100768, -39.144574760215022 ], [ 174.097251906267587, -39.144425829790883 ], [ 174.097903020811003, -39.143911271661374 ], [ 174.09796440957075, -39.143831408412524 ], [ 174.097981216135111, -39.14381006534061 ], [ 174.099048114884425, -39.142667222792966 ], [ 174.099180213901093, -39.14254684553358 ], [ 174.100174398326942, -39.141773057354818 ], [ 174.100251506071487, -39.141537516309818 ], [ 174.100277506321021, -39.141459551492822 ], [ 174.100280944497655, -39.141449428042236 ], [ 174.100307839272517, -39.141371647465242 ], [ 174.100513812173148, -39.140786400127887 ], [ 174.100562547682841, -39.140637499040267 ], [ 174.100781506367639, -39.138389825849472 ], [ 174.100835750837035, -39.138211651980157 ], [ 174.101340075738705, -39.137255819673804 ], [ 174.101403424103069, -39.136386054232894 ], [ 174.101453297920671, -39.136207107671261 ], [ 174.102533165720388, -39.134044015845923 ], [ 174.102732045864627, -39.133550953938389 ], [ 174.102958888282984, -39.133069836248055 ], [ 174.103202045697145, -39.132596047023377 ], [ 174.103235870314791, -39.132535201077616 ], [ 174.103513091448434, -39.132072898741335 ], [ 174.103822134362417, -39.131593442519154 ], [ 174.103844006629402, -39.131563032840774 ], [ 174.104000471350417, -39.130866243087027 ], [ 174.104076704608872, -39.13069302260601 ], [ 174.10471772841359, -39.129750859930013 ], [ 174.103990038593224, -39.129342519310761 ], [ 174.103823135356009, -39.12921355520642 ], [ 174.102304730753588, -39.127599306308994 ], [ 174.102250429932383, -39.130057749786189 ], [ 174.102209662367216, -39.130238089481551 ], [ 174.101734779960793, -39.131313113875542 ], [ 174.101522960863463, -39.132337902925165 ], [ 174.101490482798539, -39.133013262162784 ], [ 174.101445036928681, -39.133192922352315 ], [ 174.100199250822072, -39.135837703142322 ], [ 174.10008473718645, -39.13599763098199 ], [ 174.099057945385994, -39.137015771572948 ], [ 174.098918619557594, -39.137528257832258 ], [ 174.098834531980486, -39.137699260955024 ], [ 174.09725230704862, -39.139837347510252 ], [ 174.097214367190048, -39.139903306130769 ], [ 174.097121388772365, -39.140014252407298 ], [ 174.097028278576175, -39.140140068018667 ], [ 174.096964321771281, -39.140201671226968 ], [ 174.096291251623541, -39.141004791941633 ], [ 174.096266742334507, -39.141044406523889 ], [ 174.096208164809127, -39.141139562513359 ] ], [ [ 174.087960198957887, -39.156983267811079 ], [ 174.088212778613837, -39.156353620646414 ], [ 174.08838173002934, -39.155977876212944 ], [ 174.088035901683128, -39.156519083794358 ], [ 174.087899490881824, -39.156668249440663 ], [ 174.087811181003161, -39.156738335634202 ], [ 174.086207452909292, -39.158885242566022 ], [ 174.086178489058824, -39.158912908998417 ], [ 174.086005402016923, -39.159150637760895 ], [ 174.085680952607362, -39.159597024216716 ], [ 174.085356039099594, -39.160052721637463 ], [ 174.087306269080671, -39.159454313194246 ], [ 174.087372073438246, -39.158910796009671 ], [ 174.087386813771985, -39.158844937784124 ], [ 174.087518796340618, -39.158340858756326 ], [ 174.087723519064667, -39.157659088676503 ], [ 174.087827192075167, -39.157340221559984 ], [ 174.087841637330797, -39.157298974278184 ], [ 174.087960198957887, -39.156983267811079 ] ], [ [ 174.278464960972173, -39.146137882916406 ], [ 174.278439905866691, -39.146079840476112 ], [ 174.276657901091426, -39.144075639856275 ], [ 174.276652058848384, -39.144078572152601 ], [ 174.276639549188758, -39.144084783085674 ], [ 174.276543018213289, -39.144132189687014 ], [ 174.275946553572425, -39.144421918126454 ], [ 174.275344561194828, -39.144720564724885 ], [ 174.275340549833459, -39.144722553838861 ], [ 174.27470735347768, -39.145036170753066 ], [ 174.274688992786224, -39.145045245665081 ], [ 174.274686604476727, -39.145046423653191 ], [ 174.274668221945092, -39.145055471635111 ], [ 174.274045234087282, -39.145361468477176 ], [ 174.273605442389254, -39.145580666144674 ], [ 174.2735761737963, -39.145595205686597 ], [ 174.27357236524503, -39.145597091373986 ], [ 174.273543040741913, -39.14561156240736 ], [ 174.27324565173484, -39.145757830193546 ], [ 174.272758735162824, -39.1459997982247 ], [ 174.272758593557796, -39.145999625441839 ], [ 174.272081547471089, -39.146346725625456 ], [ 174.271770507399765, -39.146485269878085 ], [ 174.271399929057623, -39.146671752642376 ], [ 174.271351946308812, -39.14669576798353 ], [ 174.271345698700145, -39.146698877978338 ], [ 174.27129756439291, -39.146722708711174 ], [ 174.271145389041351, -39.146797638985667 ], [ 174.272536048769211, -39.148068321180403 ], [ 174.272596181279823, -39.148079558314407 ], [ 174.272710449973204, -39.148101391218177 ], [ 174.272725285982006, -39.148104288254018 ], [ 174.272839263579556, -39.148127025132794 ], [ 174.273640027255141, -39.148290146816244 ], [ 174.273652806401827, -39.148292756049401 ], [ 174.273654467446079, -39.148293095989288 ], [ 174.273667242826974, -39.148295716600693 ], [ 174.2746125315943, -39.148490068788021 ], [ 174.274621045316451, -39.148491821841858 ], [ 174.275441326244447, -39.148661384290548 ], [ 174.276030560262228, -39.148780431488362 ], [ 174.276316771751254, -39.148830339164121 ], [ 174.276762884901586, -39.148897394367765 ], [ 174.276804740495123, -39.148903747930696 ], [ 174.276810179747116, -39.148904581701025 ], [ 174.276852004953412, -39.148911055373802 ], [ 174.277542912337481, -39.149019022568979 ], [ 174.277602727414262, -39.149028497517989 ], [ 174.277610499146135, -39.149029745229136 ], [ 174.277670249175628, -39.149039465836118 ], [ 174.278347280355234, -39.149151061064686 ], [ 174.278306423611411, -39.147849370950127 ], [ 174.278337528064668, -39.147667849789578 ], [ 174.278587223361768, -39.147015641107032 ], [ 174.278572994822611, -39.146566825437375 ], [ 174.278572808286071, -39.146560862458749 ], [ 174.278567462681877, -39.146383847108524 ], [ 174.278464960972173, -39.146137882916406 ] ], [ [ 174.310439122819531, -39.144627936114816 ], [ 174.310520824436963, -39.144612642526674 ], [ 174.311861062583972, -39.1444470264328 ], [ 174.311701356046825, -39.144321108467068 ], [ 174.311692924742744, -39.144314454022478 ], [ 174.31169182924512, -39.144313588497845 ], [ 174.311683406739945, -39.144306927178597 ], [ 174.311161525580985, -39.143893741549668 ], [ 174.311146218610247, -39.143881599630745 ], [ 174.311144230623455, -39.143880019720477 ], [ 174.311128953182617, -39.143867855327834 ], [ 174.31083192333341, -39.143630901943276 ], [ 174.310527164081719, -39.143392142316102 ], [ 174.310515558184107, -39.143383036818562 ], [ 174.31051405050124, -39.143381852267538 ], [ 174.310502461278247, -39.143372733903185 ], [ 174.308565155502748, -39.141846246436472 ], [ 174.307696444870857, -39.141163290338554 ], [ 174.307653559571037, -39.141125819663472 ], [ 174.30715179721355, -39.141392159503248 ], [ 174.306939150408965, -39.141470362608956 ], [ 174.303466212269058, -39.142260082550557 ], [ 174.303232937044328, -39.142283278783417 ], [ 174.302750657152131, -39.142271978952728 ], [ 174.302793090218017, -39.142410957749917 ], [ 174.305357278368405, -39.142737572026071 ], [ 174.305580570475229, -39.142795039994446 ], [ 174.308795995549673, -39.144086710996113 ], [ 174.308985563263889, -39.144195093471644 ], [ 174.309755889787397, -39.144800972179112 ], [ 174.310439122819531, -39.144627936114816 ] ], [ [ 174.345826087456402, -39.14503854514156 ], [ 174.345819257871625, -39.144410754704431 ], [ 174.345841699278026, -39.143768567081928 ], [ 174.345848434520235, -39.143685269882106 ], [ 174.346104206562444, -39.142286281693373 ], [ 174.346132291164594, -39.142188461203268 ], [ 174.346665932627445, -39.140837851663704 ], [ 174.346705390533288, -39.140760251641026 ], [ 174.347036268403343, -39.140171764085643 ], [ 174.347435142022221, -39.13952605061899 ], [ 174.347518899887774, -39.139393261436908 ], [ 174.34752996973026, -39.139376069653288 ], [ 174.347616517129978, -39.139244369854239 ], [ 174.347756645909783, -39.139035384595083 ], [ 174.347566130183338, -39.138642038172797 ], [ 174.347544055031165, -39.138582733570651 ], [ 174.347389706091974, -39.138123054375981 ], [ 174.34723788035916, -39.137616657275693 ], [ 174.345621175170976, -39.136697512439881 ], [ 174.345455275442703, -39.136567720083924 ], [ 174.343335563753243, -39.134284534592084 ], [ 174.343229293004754, -39.134121167696428 ], [ 174.342119364118446, -39.131439579541876 ], [ 174.342083119182945, -39.131258632227656 ], [ 174.342091505096846, -39.128441161118381 ], [ 174.342128825123865, -39.128260346535043 ], [ 174.34318089882774, -39.125758007302522 ], [ 174.342988026381732, -39.125318407054159 ], [ 174.34296631022022, -39.125252371769392 ], [ 174.342655418710734, -39.123860178637926 ], [ 174.342641548797673, -39.123745187459761 ], [ 174.342614087698053, -39.122332252074393 ], [ 174.342619632379524, -39.122264221743876 ], [ 174.342876259880711, -39.120865334872128 ], [ 174.342908686002545, -39.120752633053606 ], [ 174.343443065655634, -39.119402237343536 ], [ 174.343475325099291, -39.119338870969948 ], [ 174.344274284995379, -39.118070213354336 ], [ 174.344349827996183, -39.11797083181623 ], [ 174.345280747738883, -39.116940182307864 ], [ 174.345296489696437, -39.115967415025523 ], [ 174.345318744996973, -39.115866224051558 ], [ 174.344222147924427, -39.115150793368123 ], [ 174.343706862041557, -39.114757063266147 ], [ 174.343232753051382, -39.114372690838515 ], [ 174.343173070831966, -39.114321345576599 ], [ 174.342728991784469, -39.113915791021519 ], [ 174.342494268811578, -39.113688110431497 ], [ 174.342392463587714, -39.113675615453836 ], [ 174.338952008367841, -39.112807109358052 ], [ 174.338742471589057, -39.112724094569693 ], [ 174.338247266166832, -39.112444257179874 ], [ 174.33757195980337, -39.112665540899847 ], [ 174.337500268770583, -39.112688811718648 ], [ 174.33749093599323, -39.112691812495989 ], [ 174.337419045835986, -39.112714707482361 ], [ 174.336956146613858, -39.112860714373852 ], [ 174.336927988958365, -39.112906993917534 ], [ 174.336927550524081, -39.11290771444034 ], [ 174.336598671102848, -39.113448032220518 ], [ 174.336201312674518, -39.11411669112843 ], [ 174.336204238372829, -39.114487575368166 ], [ 174.336168891071878, -39.114668629303438 ], [ 174.33530413134693, -39.116786105559036 ], [ 174.335286986516564, -39.116981686371368 ], [ 174.335277185700079, -39.117057281003397 ], [ 174.335177545049504, -39.117636870225517 ], [ 174.335060769358392, -39.118181142559891 ], [ 174.335160665252914, -39.118981347760354 ], [ 174.335179943928551, -39.119002711314302 ], [ 174.335283393323465, -39.119167164098748 ], [ 174.336347289175308, -39.121859997055914 ], [ 174.336380442049148, -39.122041302945448 ], [ 174.336324030857469, -39.124858433815461 ], [ 174.336283633163418, -39.125038845999583 ], [ 174.335112299204695, -39.127704507953347 ], [ 174.335002296959033, -39.127866364953185 ], [ 174.334693575643456, -39.128186686466634 ], [ 174.334112681385704, -39.129909587997766 ], [ 174.334359319137832, -39.129967399726567 ], [ 174.334571103874083, -39.130046959364712 ], [ 174.337543449923771, -39.13165283108129 ], [ 174.337713313398524, -39.13177946516074 ], [ 174.339903188046662, -39.134022072894027 ], [ 174.340014502834379, -39.134183389090332 ], [ 174.341207503154095, -39.136843260699173 ], [ 174.341249367650505, -39.137023470998116 ], [ 174.341328602688208, -39.139840269074661 ], [ 174.341296910271524, -39.14002173416683 ], [ 174.340967870974879, -39.140873376121647 ], [ 174.341172475711915, -39.141134001218383 ], [ 174.341192588741677, -39.141159717546586 ], [ 174.34119519625267, -39.141163064064536 ], [ 174.341215198776695, -39.141188832627762 ], [ 174.342436213522944, -39.142767739696872 ], [ 174.342450107493676, -39.142785753196712 ], [ 174.342451910199856, -39.142788096589953 ], [ 174.342465750170021, -39.142806135293789 ], [ 174.34343248044533, -39.144069469039174 ], [ 174.343693455484356, -39.144391778323914 ], [ 174.343768578113668, -39.144485832756985 ], [ 174.343778247138175, -39.14449810613489 ], [ 174.343851878730817, -39.144592872901327 ], [ 174.344685625939235, -39.145680970971668 ], [ 174.345209329240305, -39.146339601282222 ], [ 174.345254627772789, -39.146397049181516 ], [ 174.345260480606754, -39.146404534465525 ], [ 174.345305225673201, -39.146462244781858 ], [ 174.346187451824193, -39.147609766616078 ], [ 174.345889233686535, -39.146246276123101 ], [ 174.345878720467226, -39.146155712304108 ], [ 174.345832648226917, -39.145456618110167 ], [ 174.345826591845309, -39.14507618833359 ], [ 174.345826332771907, -39.145058515653957 ], [ 174.345826301987614, -39.145056218182148 ], [ 174.345826087456402, -39.14503854514156 ] ], [ [ 174.392936892798673, -39.157784884995358 ], [ 174.393364213039632, -39.157797092928099 ], [ 174.393419708039374, -39.157799478596303 ], [ 174.393846157104463, -39.157823973257322 ], [ 174.395122667545508, -39.157915783169528 ], [ 174.395186383936931, -39.157920503896413 ], [ 174.395194664825283, -39.157921135425518 ], [ 174.39525834671656, -39.157926130530974 ], [ 174.39562207623112, -39.157955451860381 ], [ 174.393054659673908, -39.15607990550437 ], [ 174.392910415125414, -39.155935240849118 ], [ 174.391165833633011, -39.153466737224541 ], [ 174.391086073869189, -39.15329444779681 ], [ 174.390654489175489, -39.151536442952889 ], [ 174.3902758229938, -39.150936811835344 ], [ 174.390263648974184, -39.150906158306746 ], [ 174.389699133987193, -39.151761100647917 ], [ 174.389608934257723, -39.151879885510176 ], [ 174.38884567459732, -39.152761661151871 ], [ 174.388242793221366, -39.153376428078168 ], [ 174.387158881057047, -39.154332831029748 ], [ 174.387007396516083, -39.154448788903615 ], [ 174.385617298640426, -39.15535736901019 ], [ 174.385598543810914, -39.155367789387114 ], [ 174.385423307077133, -39.155449808291038 ], [ 174.387451598484944, -39.155769287928813 ], [ 174.387672017831619, -39.155833233914109 ], [ 174.390823736064419, -39.157217880522431 ], [ 174.391007996508876, -39.157331723022956 ], [ 174.391518754406263, -39.157764682888455 ], [ 174.391846282498648, -39.157769428574689 ], [ 174.392936892798673, -39.157784884995358 ] ], [ [ 174.417877820379971, -39.153064531926589 ], [ 174.418030759847369, -39.153000225301128 ], [ 174.418050721509843, -39.152991982210239 ], [ 174.418204884545048, -39.152929472050886 ], [ 174.419161795682157, -39.152548544833643 ], [ 174.420837615836518, -39.152005931210674 ], [ 174.420948272756874, -39.151977801996253 ], [ 174.42105892251837, -39.151949655842039 ], [ 174.422823026011741, -39.151617542347495 ], [ 174.424228919455658, -39.151442330719256 ], [ 174.424338157522357, -39.151432367681494 ], [ 174.42223929464879, -39.15019343054712 ], [ 174.422076398374031, -39.150061318654139 ], [ 174.420009570807196, -39.147748576578643 ], [ 174.419907086845228, -39.147583734161181 ], [ 174.41885935457924, -39.144886860476475 ], [ 174.418827308839525, -39.144705426011228 ], [ 174.418721861018213, -39.143294669082096 ], [ 174.418728699648995, -39.143033667167131 ], [ 174.418727514273826, -39.143008169242435 ], [ 174.418652145678351, -39.142554757099767 ], [ 174.418641295796306, -39.142477657123614 ], [ 174.418590728868139, -39.142386544284378 ], [ 174.417357371719277, -39.142684910167375 ], [ 174.417175876218607, -39.14271690949429 ], [ 174.415389245859387, -39.142918798776641 ], [ 174.415359428774593, -39.143015830427828 ], [ 174.415315285142782, -39.143154606900055 ], [ 174.415309362923068, -39.143172611231158 ], [ 174.415262395477129, -39.143310824467044 ], [ 174.415142789576322, -39.143651822891684 ], [ 174.415152967216841, -39.14369843736818 ], [ 174.415161539557971, -39.143738238890414 ], [ 174.41516263906891, -39.143743415006654 ], [ 174.415170982280898, -39.143783246041814 ], [ 174.415294956503885, -39.144383565257542 ], [ 174.415384029776618, -39.144915508822884 ], [ 174.415392955286876, -39.144984868580188 ], [ 174.415448517417872, -39.145712492545705 ], [ 174.415449125345248, -39.145737521869655 ], [ 174.415415494025638, -39.146614853246597 ], [ 174.415406517635091, -39.146703605782847 ], [ 174.415177693568666, -39.147911611807757 ], [ 174.415158656365776, -39.14797972450112 ], [ 174.414983345041151, -39.148503881928242 ], [ 174.415087326230463, -39.149332558067428 ], [ 174.415092491596653, -39.149505468834064 ], [ 174.415005345881013, -39.150837849362574 ], [ 174.414926408412583, -39.151326893367646 ], [ 174.414559493659652, -39.152710854578253 ], [ 174.414494013341738, -39.152886756902404 ], [ 174.41356674158888, -39.154423529057759 ], [ 174.413591996136319, -39.154414928707332 ], [ 174.414344267147641, -39.154182796573352 ], [ 174.416615439638122, -39.15355256748019 ], [ 174.416783203256642, -39.153507139705034 ], [ 174.416805069463379, -39.1535013648027 ], [ 174.416936133086892, -39.153467622016159 ], [ 174.417877820379971, -39.153064531926589 ] ], [ [ 174.321105879754413, -39.092678744939377 ], [ 174.319583098891485, -39.091911529553428 ], [ 174.319522735903718, -39.091875585315087 ], [ 174.319067384224326, -39.091589935151774 ], [ 174.317814122299097, -39.090762150670301 ], [ 174.317804391601783, -39.09075571627708 ], [ 174.317044617953883, -39.090251880580119 ], [ 174.316594851857019, -39.089937449402591 ], [ 174.316537793376597, -39.089895410294055 ], [ 174.316109736700042, -39.089563086042304 ], [ 174.315367472054561, -39.088955864231359 ], [ 174.314985467599598, -39.088651505571178 ], [ 174.315476190729356, -39.089297896482179 ], [ 174.315950787621233, -39.089922118843901 ], [ 174.316268450140171, -39.090368280431569 ], [ 174.316307605736768, -39.090427146198124 ], [ 174.316592336836834, -39.090886611872172 ], [ 174.317353792715778, -39.092209797653808 ], [ 174.317463069006124, -39.092405884523536 ], [ 174.317476884717706, -39.092431503612552 ], [ 174.318046095537028, -39.093773166207079 ], [ 174.318093717930964, -39.093924313167463 ], [ 174.318386604072089, -39.095318846432988 ], [ 174.318389584985709, -39.09534653859069 ], [ 174.31840927017771, -39.095559767291263 ], [ 174.31844891068792, -39.096074438908026 ], [ 174.318449204698538, -39.096078269638383 ], [ 174.318508299187812, -39.096855301654607 ], [ 174.318512974533178, -39.096920819371995 ], [ 174.318513542497072, -39.09692933828768 ], [ 174.31851760505765, -39.096994880811749 ], [ 174.318555629231696, -39.097658500245565 ], [ 174.31858472373213, -39.097733309546662 ], [ 174.319051811274221, -39.098039111061489 ], [ 174.319368098400844, -39.097776969554531 ], [ 174.319489912761355, -39.097686721254526 ], [ 174.319926816332838, -39.097397562967608 ], [ 174.320430969344727, -39.09695424169815 ], [ 174.320577358035848, -39.096842040568944 ], [ 174.321779458158488, -39.096039194175042 ], [ 174.321780047165731, -39.096038852412633 ], [ 174.321965602468282, -39.09590223481581 ], [ 174.322584616153279, -39.095477993151107 ], [ 174.322667507771428, -39.095425146781494 ], [ 174.324156780313075, -39.094618908005636 ], [ 174.324267856330636, -39.094568350393011 ], [ 174.32590061441303, -39.093953558159896 ], [ 174.326000402269727, -39.093923255642494 ], [ 174.326173655360321, -39.093882518603067 ], [ 174.326124955736333, -39.093814446167194 ], [ 174.324885693387955, -39.093714982024181 ], [ 174.324728632464257, -39.093692560996985 ], [ 174.322976098935129, -39.093329649997457 ], [ 174.322904434570432, -39.093310003180818 ], [ 174.321246357324071, -39.092737894119317 ], [ 174.321105879754413, -39.092678744939377 ] ], [ [ 174.298766486617552, -39.077237591704034 ], [ 174.298746966340218, -39.077225736379219 ], [ 174.297744611714933, -39.076615617106341 ], [ 174.296538138787497, -39.075949637724513 ], [ 174.294795493427443, -39.074999440874734 ], [ 174.294753303289866, -39.074972356258485 ], [ 174.294706444390528, -39.074950425130886 ], [ 174.293610017902751, -39.074341210168576 ], [ 174.293601432255599, -39.07444079005802 ], [ 174.293954778109367, -39.074866604296695 ], [ 174.294421452128603, -39.075420584823235 ], [ 174.294919300517307, -39.076001786072581 ], [ 174.295804585662637, -39.077234921083928 ], [ 174.295902879725844, -39.077401257958712 ], [ 174.296249566108884, -39.07836060842142 ], [ 174.297223712012936, -39.07847326223613 ], [ 174.297421313474132, -39.078508647181948 ], [ 174.299150943184856, -39.078932116825065 ], [ 174.299181138912786, -39.078941596067679 ], [ 174.299412400107343, -39.079016475217294 ], [ 174.300062050890062, -39.079233283870046 ], [ 174.300984378814235, -39.079579540342316 ], [ 174.301101490683948, -39.079628601190436 ], [ 174.302626173372943, -39.080393176217498 ], [ 174.302707932542404, -39.080441643909957 ], [ 174.302802440119081, -39.080507402287473 ], [ 174.302344805263601, -39.080098598687151 ], [ 174.302288901268014, -39.080039938987227 ], [ 174.301876959201309, -39.079578239010104 ], [ 174.301108153370848, -39.078656420083995 ], [ 174.301095970729932, -39.078649044364369 ], [ 174.30109343438329, -39.078647505392667 ], [ 174.301073940270896, -39.078635650869352 ], [ 174.30011114923829, -39.078048868390603 ], [ 174.298788579223668, -39.077250953502293 ], [ 174.298769026370991, -39.077239130777272 ], [ 174.298766486617552, -39.077237591704034 ] ], [ [ 174.30464777963553, -39.081898538177278 ], [ 174.304826789153338, -39.08205787666779 ], [ 174.305310507420131, -39.082529016010959 ], [ 174.306625922506754, -39.08294510189301 ], [ 174.30570657888083, -39.082500595604969 ], [ 174.305105613796997, -39.082189355434188 ], [ 174.305029185103791, -39.082147033098117 ], [ 174.30464777963553, -39.081898538177278 ] ], [ [ 174.310263175322234, -39.08472823768826 ], [ 174.309632090764893, -39.084160511044715 ], [ 174.308598830108707, -39.083798955356542 ], [ 174.308344702811951, -39.083701979927774 ], [ 174.308591020490383, -39.083817732631267 ], [ 174.308628285205288, -39.083838516482068 ], [ 174.308911807886915, -39.084001800457472 ], [ 174.309827340490273, -39.084546079153498 ], [ 174.309956769888288, -39.084604308416587 ], [ 174.310312979430336, -39.084773549523142 ], [ 174.310263175322234, -39.08472823768826 ] ], [ [ 174.338814213049346, -39.06311044665734 ], [ 174.33932092549108, -39.062284582384521 ], [ 174.339340241803882, -39.062258565196423 ], [ 174.340368521261325, -39.061094863886026 ], [ 174.34049250190057, -39.060975765576913 ], [ 174.341523499240537, -39.060108539027418 ], [ 174.341974233100757, -39.059776111860266 ], [ 174.342016790937976, -39.059749329447897 ], [ 174.342056590329264, -39.059701462057625 ], [ 174.343158770010035, -39.058579651285498 ], [ 174.343315799410078, -39.058443450400276 ], [ 174.346122249997137, -39.056668460017278 ], [ 174.346325567817303, -39.056576752442155 ], [ 174.349698053890194, -39.055564697426988 ], [ 174.349927762815668, -39.055526457276088 ], [ 174.353536267997583, -39.0553763726328 ], [ 174.353769890924525, -39.055395341981971 ], [ 174.35726132687418, -39.056121918130074 ], [ 174.357476003916332, -39.056196241149905 ], [ 174.360508720668889, -39.057728386269105 ], [ 174.360683443501301, -39.057850790496182 ], [ 174.36123712067041, -39.058382747533543 ], [ 174.361153518362016, -39.057636859830609 ], [ 174.361169927170209, -39.057454167374907 ], [ 174.361293883904324, -39.05703573796621 ], [ 174.361293129736993, -39.057022289196915 ], [ 174.361292820999608, -39.057016449610458 ], [ 174.361290589910396, -39.056971525091669 ], [ 174.361265002733461, -39.056420752424607 ], [ 174.36125743354529, -39.056092806692597 ], [ 174.361257445485137, -39.056050173915899 ], [ 174.361365133691123, -39.054986272735526 ], [ 174.360676396352545, -39.053898423336705 ], [ 174.360596563551496, -39.05374615082664 ], [ 174.360044531636191, -39.052400174733258 ], [ 174.360038999101533, -39.052381830883071 ], [ 174.359763818062135, -39.050985091135139 ], [ 174.359748243918688, -39.050821036055389 ], [ 174.359742717105632, -39.049552477966635 ], [ 174.359789384769357, -39.049010918566587 ], [ 174.359795848346408, -39.048940086538927 ], [ 174.359796735155157, -39.048930881101583 ], [ 174.359803914789353, -39.048860091016202 ], [ 174.359860859412265, -39.04832544874224 ], [ 174.35991688484819, -39.047737452037282 ], [ 174.359970249164007, -39.047313411439646 ], [ 174.359978854470029, -39.047258444942713 ], [ 174.360057879318845, -39.046836847104942 ], [ 174.360218767964255, -39.046100645577901 ], [ 174.360489521070178, -39.045165465336268 ], [ 174.360532905496029, -39.045045695222463 ], [ 174.360781902641321, -39.044476123258541 ], [ 174.360751557132886, -39.044187181590949 ], [ 174.360607795314223, -39.042971195577934 ], [ 174.359953332468137, -39.042317287856221 ], [ 174.359679273206893, -39.042025241912356 ], [ 174.358571453331905, -39.04244160192647 ], [ 174.358129454954252, -39.042624883122734 ], [ 174.358089198310182, -39.042641496674655 ], [ 174.358083959505251, -39.042643648378139 ], [ 174.358043619150266, -39.042660137956851 ], [ 174.357118656823218, -39.043036409356731 ], [ 174.356170753508906, -39.04342694986245 ], [ 174.35612631951858, -39.0434451603494 ], [ 174.356120536527527, -39.043447517910103 ], [ 174.356076001424839, -39.04346557758776 ], [ 174.35520626302403, -39.043816394130772 ], [ 174.354956854888684, -39.043918957835302 ], [ 174.354082618684657, -39.046324094314137 ], [ 174.35398401186248, -39.046490309738616 ], [ 174.351972596629878, -39.048830909176985 ], [ 174.351812938213868, -39.04896522490327 ], [ 174.348972267196018, -39.05070651775371 ], [ 174.348767185378733, -39.050795782526677 ], [ 174.345375361604283, -39.051767268536274 ], [ 174.345144936303058, -39.051802741697593 ], [ 174.341534083812974, -39.05190929436629 ], [ 174.341300879167221, -39.051887502521659 ], [ 174.340187834887928, -39.051641356495459 ], [ 174.340220839888701, -39.052419913961913 ], [ 174.340191781263513, -39.052601645074908 ], [ 174.339189258760001, -39.055308550180833 ], [ 174.339089592656023, -39.055474383899785 ], [ 174.338194149720351, -39.0567029784958 ], [ 174.337623771129046, -39.057359604213396 ], [ 174.337076644275953, -39.05799773504161 ], [ 174.337031412613044, -39.058050091350466 ], [ 174.337025501967418, -39.058056881517295 ], [ 174.335893153025978, -39.05916026621211 ], [ 174.335739576735193, -39.059287930094619 ], [ 174.334399739551401, -39.060239605494601 ], [ 174.334391426490981, -39.060244639074611 ], [ 174.334327305763452, -39.060283184163382 ], [ 174.33372469241985, -39.06064281255685 ], [ 174.333428366407503, -39.060813873908167 ], [ 174.333389398538571, -39.060835626868005 ], [ 174.33308621889384, -39.060999226419092 ], [ 174.332406153231631, -39.061353811733191 ], [ 174.331451376244871, -39.061801237121159 ], [ 174.331323949603018, -39.061854605770748 ], [ 174.331316412076575, -39.061857190841806 ], [ 174.331727828037742, -39.062222145409535 ], [ 174.331853390639566, -39.062376924662608 ], [ 174.333283588598675, -39.064964410858536 ], [ 174.333309317156022, -39.065043029594491 ], [ 174.33437308843159, -39.064490260301731 ], [ 174.334586534401666, -39.064413774808045 ], [ 174.338065971016732, -39.063651979586851 ], [ 174.338115647329545, -39.06364743834736 ], [ 174.338318040145708, -39.063466615249858 ], [ 174.33839645970275, -39.063406762585885 ], [ 174.338814213049346, -39.06311044665734 ] ], [ [ 174.386936623998139, -39.054384660539597 ], [ 174.387591217388206, -39.054401882002601 ], [ 174.387298319331933, -39.053988344303278 ], [ 174.387262884176153, -39.053926358232104 ], [ 174.386896510584592, -39.053136886822671 ], [ 174.386943432067397, -39.054087913435822 ], [ 174.386943144788944, -39.05409349776096 ], [ 174.386900871691751, -39.054370037456671 ], [ 174.386936623998139, -39.054384660539597 ] ], [ [ 174.38626024307564, -39.050614350079286 ], [ 174.38625694709836, -39.050537011537415 ], [ 174.386235419852056, -39.050561750209852 ], [ 174.38626024307564, -39.050614350079286 ] ], [ [ 174.393738637128052, -39.036317717434663 ], [ 174.391355102836599, -39.036048435842325 ], [ 174.391130830725018, -39.035994146938606 ], [ 174.387890559838468, -39.034748212335238 ], [ 174.387698783785765, -39.03464252441713 ], [ 174.38511091512737, -39.032676577002391 ], [ 174.384970410149919, -39.032529838923388 ], [ 174.384235188687654, -39.031440037029881 ], [ 174.384207519479446, -39.031444008414688 ], [ 174.383761664217474, -39.031500991281604 ], [ 174.383165137665799, -39.031567908826283 ], [ 174.382500131335803, -39.032250929704887 ], [ 174.382330616538979, -39.032377661191163 ], [ 174.381664043921546, -39.032738820539798 ], [ 174.383642489812019, -39.034899034825102 ], [ 174.383747410259616, -39.035062879543958 ], [ 174.384836146411686, -39.037749466960925 ], [ 174.384871017734326, -39.03793057900004 ], [ 174.384864247065565, -39.038587849416913 ], [ 174.385662373389692, -39.039270897048524 ], [ 174.385806443162579, -39.039415525320912 ], [ 174.387549353278587, -39.041883574436596 ], [ 174.38762907132363, -39.042055842904972 ], [ 174.388283236271633, -39.04471908746023 ], [ 174.389013795884438, -39.043835404109949 ], [ 174.389413728474665, -39.041331450674711 ], [ 174.389478853057312, -39.041155490655221 ], [ 174.391011401417671, -39.038603958328906 ], [ 174.391143054254513, -39.03845230238916 ], [ 174.393611474482839, -39.036394931456464 ], [ 174.393738637128052, -39.036317717434663 ] ], [ [ 174.27634558904677, -39.100385244855602 ], [ 174.276119676469392, -39.100238915975105 ], [ 174.276228692438366, -39.100503270353684 ], [ 174.276236310481181, -39.100523403191218 ], [ 174.27634558904677, -39.100385244855602 ] ], [ [ 174.291373218513115, -39.204554293778799 ], [ 174.290972676265739, -39.204317012383733 ], [ 174.290925719157372, -39.204391736500774 ], [ 174.290913275867098, -39.20441013101928 ], [ 174.290815943250948, -39.204550966030617 ], [ 174.290541178225766, -39.2049402069729 ], [ 174.291035509607639, -39.204811516776047 ], [ 174.291092536858599, -39.204804091439975 ], [ 174.291373218513115, -39.204554293778799 ] ], [ [ 173.994055310146194, -39.534834133949424 ], [ 173.994149631891844, -39.534912136915864 ], [ 173.994124338862349, -39.534802406109812 ], [ 173.994101635677254, -39.534634118735859 ], [ 173.994048477792319, -39.533329773866342 ], [ 173.994076279334365, -39.532804867906108 ], [ 173.994099546157486, -39.532495620058654 ], [ 173.994100609445269, -39.532484720584556 ], [ 173.99398892997101, -39.532205005050209 ], [ 173.993514358848074, -39.532512050941776 ], [ 173.993311430684855, -39.532606019831256 ], [ 173.992817074167874, -39.532759745944752 ], [ 173.992816480361114, -39.532981140185527 ], [ 173.992815433139896, -39.533595011836375 ], [ 173.992815409928795, -39.533604683561698 ], [ 173.992815406039199, -39.533605940884478 ], [ 173.992815369410181, -39.533615612586502 ], [ 173.992814473263792, -39.533815599944838 ], [ 173.992845674657701, -39.533841469063908 ], [ 173.993377345281289, -39.53427772776773 ], [ 173.993377389740573, -39.534277764248358 ], [ 173.994022141608013, -39.534806811187678 ], [ 173.994037729885804, -39.534819626987392 ], [ 173.994039754256676, -39.534821294573788 ], [ 173.994055310146194, -39.534834133949424 ] ], [ [ 173.996818068316145, -39.470810826973789 ], [ 173.995427651151658, -39.468208295397226 ], [ 173.995372532697729, -39.468030255353518 ], [ 173.995087834624314, -39.465222083479667 ], [ 173.995106396316174, -39.465039555740368 ], [ 173.995955145925848, -39.462300630111436 ], [ 173.99604556178403, -39.462131480861927 ], [ 173.99794455574758, -39.459729877398537 ], [ 173.998097969045176, -39.459590661397471 ], [ 174.000861263133459, -39.457761415426425 ], [ 174.001062655717277, -39.457665756560722 ], [ 174.002565729005624, -39.457183178168187 ], [ 174.00276548637251, -39.45662939379104 ], [ 174.002863890399112, -39.456462946976217 ], [ 174.004709454958515, -39.454311300186738 ], [ 174.004716735654597, -39.454301430101225 ], [ 174.004718457312094, -39.454299102329344 ], [ 174.004731727299628, -39.454281208164467 ], [ 174.00510470062892, -39.453779592247329 ], [ 174.005162623815949, -39.453702573809828 ], [ 174.005170217580087, -39.45369259055812 ], [ 174.005229121532977, -39.453616020507305 ], [ 174.00552678354336, -39.453233401526255 ], [ 174.005543493327764, -39.453211110453893 ], [ 174.005679920857148, -39.450816511685979 ], [ 174.005727122157538, -39.45063711049275 ], [ 174.007001217202202, -39.447999132887702 ], [ 174.007117607834346, -39.447839818644695 ], [ 174.009319906391568, -39.445695306796551 ], [ 174.008944262514774, -39.445692497728601 ], [ 174.008933470357533, -39.445692413169439 ], [ 174.008178643825858, -39.445685805044114 ], [ 174.007448159348542, -39.445690249765953 ], [ 174.007412317290743, -39.445690424842788 ], [ 174.007407657791617, -39.445690442026461 ], [ 174.007371815247296, -39.4456905313139 ], [ 174.006483260697991, -39.445691678020857 ], [ 174.006413306217752, -39.445691604639713 ], [ 174.006404212255177, -39.445691573859108 ], [ 174.006334259619308, -39.445691173692346 ], [ 174.005644949485855, -39.445685618280969 ], [ 174.005130905664942, -39.445684658690197 ], [ 174.004538494088848, -39.445684886807932 ], [ 174.00452222116985, -39.445684884191003 ], [ 174.004520105691483, -39.445684882701372 ], [ 174.00450383278968, -39.445684862401002 ], [ 174.003942555413772, -39.445683855893364 ], [ 174.003397797250813, -39.445687007476373 ], [ 174.003314059331672, -39.445687257595381 ], [ 174.003303173392908, -39.44568725967396 ], [ 174.003219435331658, -39.445687041533269 ], [ 174.002523064501759, -39.445683278321532 ], [ 174.001829886355466, -39.445686139473011 ], [ 174.00180578601919, -39.445686219483584 ], [ 174.001802652963164, -39.445686227363801 ], [ 174.001778552437571, -39.44568626858721 ], [ 174.001118445024787, -39.44568686462852 ], [ 174.001118444551565, -39.445686548583559 ], [ 174.001094289097665, -39.445686913179777 ], [ 174.000873798417729, -39.445686777417478 ], [ 174.000873295705048, -39.445791259492765 ], [ 174.000873263401019, -39.445797416492582 ], [ 174.000869685539357, -39.44635916000513 ], [ 174.000868274968241, -39.446909449218836 ], [ 174.000733636032265, -39.448258681708538 ], [ 174.000699276928941, -39.448432074205343 ], [ 174.000305309201565, -39.449750417770851 ], [ 174.000149965342757, -39.450135795343314 ], [ 174.000095630593535, -39.450267050166865 ], [ 174.00008839898922, -39.45028407036947 ], [ 173.999384215269629, -39.451587102556196 ], [ 173.999286602301481, -39.451734145891848 ], [ 173.998328125982937, -39.452935723460953 ], [ 173.998314463359748, -39.452950177879735 ], [ 173.998208268067884, -39.453060741892322 ], [ 173.997814390762869, -39.453464331543977 ], [ 173.997731768899001, -39.453547968446742 ], [ 173.997720946358243, -39.453558792152648 ], [ 173.997637067594894, -39.4536416738013 ], [ 173.997204432441691, -39.454064049832432 ], [ 173.996765026986537, -39.454499334552779 ], [ 173.996759574899556, -39.454504731285517 ], [ 173.996321887031485, -39.454937108622723 ], [ 173.995936159854296, -39.455321092825706 ], [ 173.995542196818207, -39.455723942078713 ], [ 173.995383212150529, -39.455882795010531 ], [ 173.995362249239662, -39.455903264408015 ], [ 173.995198727582959, -39.456059325276705 ], [ 173.994865111578662, -39.456370550445008 ], [ 173.994558233630954, -39.45667222466404 ], [ 173.994534726362531, -39.456695255816413 ], [ 173.994531664126384, -39.45669824599296 ], [ 173.994508060069336, -39.456721217556826 ], [ 173.994113004350424, -39.457104400218263 ], [ 173.993711877917349, -39.457494952036463 ], [ 173.993303379927738, -39.45789809195697 ], [ 173.993264734011547, -39.457936020621545 ], [ 173.99325969300196, -39.457940940858002 ], [ 173.993220784924688, -39.457978708138654 ], [ 173.992846269411501, -39.458340245432858 ], [ 173.992526710023782, -39.458661009332452 ], [ 173.992432917046841, -39.458753890930772 ], [ 173.992420622430387, -39.458765903098865 ], [ 173.992362095889831, -39.458822321984734 ], [ 173.992346866625752, -39.45884778163073 ], [ 173.99208663480141, -39.459290669022614 ], [ 173.992050032876165, -39.459352343666261 ], [ 173.992045235693354, -39.459360347348522 ], [ 173.99200803480602, -39.459421806278101 ], [ 173.991740356289057, -39.459859728370141 ], [ 173.991721459902521, -39.459890492040174 ], [ 173.991718993617155, -39.459894487699451 ], [ 173.991699947151915, -39.459925195710312 ], [ 173.99148132534097, -39.460275969207991 ], [ 173.991305430616734, -39.460569520290932 ], [ 173.991075943428854, -39.460963873499402 ], [ 173.990997603995964, -39.461095648313133 ], [ 173.990987242437399, -39.461112714312357 ], [ 173.990906173272805, -39.461243493330677 ], [ 173.990717169524345, -39.461542198064194 ], [ 173.990548928298693, -39.461838338922959 ], [ 173.990479657257993, -39.461957902870708 ], [ 173.990470506527714, -39.46197339454794 ], [ 173.990398997099248, -39.462092164094393 ], [ 173.990129366048535, -39.462531612954614 ], [ 173.989881654621428, -39.462942467980227 ], [ 173.989619624033452, -39.463378183260623 ], [ 173.989338293156237, -39.463850451333471 ], [ 173.989315332325475, -39.463888758813781 ], [ 173.989312332360669, -39.463893733330977 ], [ 173.989289139886353, -39.463931956884288 ], [ 173.989007257878285, -39.464393707461639 ], [ 173.98874965346991, -39.464824921204176 ], [ 173.988614616772963, -39.465043215629315 ], [ 173.988596572920272, -39.465071405834777 ], [ 173.987660890233826, -39.46628380414748 ], [ 173.987547364823257, -39.466407677308744 ], [ 173.986378471869784, -39.467491680869792 ], [ 173.98635007073031, -39.467514168804861 ], [ 173.986128598939388, -39.467684875811841 ], [ 173.985705279819854, -39.468002501235084 ], [ 173.98535859462973, -39.468252221991577 ], [ 173.985312690975235, -39.468283960632228 ], [ 173.984953166113655, -39.46852252661445 ], [ 173.984501506240292, -39.468810076243336 ], [ 173.984092645927518, -39.469076669457515 ], [ 173.984057312128527, -39.46909961569051 ], [ 173.984052711113662, -39.469102591624448 ], [ 173.984017260068924, -39.469125428990388 ], [ 173.983982041436718, -39.469148025182918 ], [ 173.983806001174287, -39.469293973241875 ], [ 173.983759709589748, -39.469332128547649 ], [ 173.983753673116013, -39.46933707512725 ], [ 173.983707095873172, -39.469375021045927 ], [ 173.983329451059205, -39.469680894882636 ], [ 173.982949436411559, -39.469992279392521 ], [ 173.982502772046104, -39.470358372524238 ], [ 173.982018476321684, -39.470759259432121 ], [ 173.981999817390573, -39.470774668366978 ], [ 173.981997388699568, -39.470776669318681 ], [ 173.981978683153443, -39.470792044256143 ], [ 173.981478235825449, -39.471202414905044 ], [ 173.981028422556705, -39.47157126547534 ], [ 173.9805637199633, -39.471958940771778 ], [ 173.980562285133573, -39.471960137544905 ], [ 173.980100271771107, -39.472345315011466 ], [ 173.979636701509861, -39.472733464555503 ], [ 173.979601466167765, -39.472762835513436 ], [ 173.979596874620597, -39.472766645811546 ], [ 173.979561470775622, -39.472795894824301 ], [ 173.979090439288683, -39.473183302809694 ], [ 173.979077157538057, -39.473194208310083 ], [ 173.979075429388558, -39.473195624908975 ], [ 173.979062124224299, -39.473206513237677 ], [ 173.978641349527265, -39.473550279176095 ], [ 173.978641026823254, -39.473550542807452 ], [ 173.978373022548311, -39.473769463853742 ], [ 173.978486007115407, -39.473769631212001 ], [ 173.979137960125144, -39.473765758548268 ], [ 173.979195007797301, -39.473765528072263 ], [ 173.979202424046008, -39.473765512221547 ], [ 173.979259472507522, -39.473765498840542 ], [ 173.980048384875857, -39.4737668122348 ], [ 173.980109586774887, -39.473767038851072 ], [ 173.980117542865969, -39.473767084551874 ], [ 173.980178742368793, -39.473767561024978 ], [ 173.980839426844994, -39.473774051795353 ], [ 173.980876058220673, -39.473774456337459 ], [ 173.98088082018171, -39.47377451474653 ], [ 173.980917449745107, -39.473775008805454 ], [ 173.981436725325494, -39.473782646341462 ], [ 173.982791071604538, -39.473784765434502 ], [ 173.983747085949574, -39.473780269307511 ], [ 173.983777940516859, -39.473780155825537 ], [ 173.983781951626838, -39.473780145200713 ], [ 173.983812806443467, -39.473780095223852 ], [ 173.984590691572834, -39.473779633178943 ], [ 173.984592721781382, -39.473779632101895 ], [ 173.98532349541469, -39.473779368340047 ], [ 173.985438530931134, -39.473779767854026 ], [ 173.985453484851149, -39.473779877166656 ], [ 173.985568509644395, -39.473781159385602 ], [ 173.986109912156508, -39.473789271202207 ], [ 173.986914838400907, -39.473791648466026 ], [ 173.986923453877893, -39.473791676324048 ], [ 173.987535287380041, -39.473794100041047 ], [ 173.988185924806885, -39.47379346807373 ], [ 173.988220815109997, -39.473793474688939 ], [ 173.98822535083761, -39.473793480827091 ], [ 173.988260240959903, -39.473793568644922 ], [ 173.989037714315799, -39.473796427694886 ], [ 173.989092496141154, -39.473796729064951 ], [ 173.989099617621719, -39.473796781255253 ], [ 173.989154397036287, -39.473797282812967 ], [ 173.989911188259299, -39.473805592535605 ], [ 173.990514966260037, -39.473803426598394 ], [ 173.990515102464911, -39.473803426257398 ], [ 173.992910965528864, -39.472605667315968 ], [ 173.99312707488528, -39.472531708001206 ], [ 173.996640529513968, -39.471810921030887 ], [ 173.996875547424651, -39.471792331406782 ], [ 173.997899300994277, -39.471836307021185 ], [ 173.996941479959105, -39.470966950231123 ], [ 173.996818068316145, -39.470810826973789 ] ], [ [ 173.943137084305533, -39.47566650419175 ], [ 173.943154001860933, -39.47565213504074 ], [ 173.943598104871768, -39.475275744570027 ], [ 173.943704681450129, -39.475186631880611 ], [ 173.943718636621469, -39.475175120205932 ], [ 173.943826754986759, -39.475087130206475 ], [ 173.944102492853034, -39.474865735808457 ], [ 173.944396927987015, -39.47460916057701 ], [ 173.94465207960269, -39.474393953687084 ], [ 173.944685826316515, -39.474366401317383 ], [ 173.944933005872429, -39.474171042319838 ], [ 173.945027442175217, -39.47407861621118 ], [ 173.94550338215376, -39.473681318932513 ], [ 173.945545329897044, -39.473646487470418 ], [ 173.945550798522731, -39.473641970594009 ], [ 173.945592983482499, -39.473607311649644 ], [ 173.946040100896482, -39.473241901124155 ], [ 173.946212842372375, -39.473099346156737 ], [ 173.946270752358743, -39.473000568794987 ], [ 173.946308310917715, -39.472941041174678 ], [ 173.946613959380272, -39.472489479582464 ], [ 173.94684050042278, -39.472176654741958 ], [ 173.94761079668109, -39.471250684455818 ], [ 173.947720044365582, -39.471135498478468 ], [ 173.948630480983184, -39.47028937570223 ], [ 173.949046891794922, -39.469947301413399 ], [ 173.949459001752643, -39.469607972044678 ], [ 173.949488204305425, -39.46958401463057 ], [ 173.949492007977312, -39.469580905563106 ], [ 173.94952132345361, -39.469557031170076 ], [ 173.949896982015616, -39.46925221353353 ], [ 173.950296138953178, -39.468922227980734 ], [ 173.950334464690997, -39.468890695991426 ], [ 173.950339459730202, -39.468886606145766 ], [ 173.950377980749607, -39.468855217432626 ], [ 173.950891049966032, -39.468439149922752 ], [ 173.950891092157008, -39.468439115708357 ], [ 173.951212603422618, -39.468178390594161 ], [ 173.951379385685044, -39.468033016285858 ], [ 173.951507019035034, -39.467923583984501 ], [ 173.951523760596018, -39.46790946408705 ], [ 173.951653689722633, -39.467801667194252 ], [ 173.95198065159272, -39.467534814683013 ], [ 173.952297351927541, -39.467275836378306 ], [ 173.952609278863719, -39.467012158992048 ], [ 173.952695582042793, -39.466940000454422 ], [ 173.952706867241943, -39.466930667638721 ], [ 173.952794182511099, -39.466859244395657 ], [ 173.953102849601095, -39.46660950292182 ], [ 173.95350281615643, -39.466274139134093 ], [ 173.953546048397016, -39.466238087701903 ], [ 173.953551685070579, -39.466233412957699 ], [ 173.953595170884938, -39.466197545247972 ], [ 173.953999889825695, -39.465865547980108 ], [ 173.955926291098478, -39.463905149051854 ], [ 173.956097045883496, -39.463778643478065 ], [ 173.95736215678329, -39.463099482199993 ], [ 173.957539020083772, -39.46295563483158 ], [ 173.95790803994376, -39.462645781352286 ], [ 173.957950503496704, -39.462610317561506 ], [ 173.957956039697166, -39.462605718799338 ], [ 173.957998748459204, -39.462570432402799 ], [ 173.958082028895063, -39.462501994624787 ], [ 173.955566952114907, -39.462488165572829 ], [ 173.955527765780005, -39.462527429231734 ], [ 173.955355790368316, -39.462652934832889 ], [ 173.955326347070837, -39.462668488109351 ], [ 173.955111220758852, -39.463089720104072 ], [ 173.954990993141365, -39.463247317867761 ], [ 173.954605573311198, -39.463608479934628 ], [ 173.954449517974837, -39.46392595786395 ], [ 173.954331923617843, -39.464084745439038 ], [ 173.95342989860805, -39.464952549918898 ], [ 173.953398566964324, -39.464992966300947 ], [ 173.953393790725698, -39.464999085003008 ], [ 173.953356864877236, -39.465046064930618 ], [ 173.95294144551022, -39.465570972159988 ], [ 173.952934928605686, -39.465579196816492 ], [ 173.9525309104786, -39.466087529452004 ], [ 173.951828342337564, -39.466874488688049 ], [ 173.951730260094536, -39.466972746774893 ], [ 173.950923870261988, -39.467697449683541 ], [ 173.950538792164878, -39.468008435019577 ], [ 173.950134418475272, -39.468351007819777 ], [ 173.950126184315906, -39.468357976145491 ], [ 173.950125113263567, -39.468358881590802 ], [ 173.950116869694995, -39.468365843193006 ], [ 173.949763628952581, -39.468663835088329 ], [ 173.947713027924436, -39.47069293943985 ], [ 173.947540060587869, -39.470817638888327 ], [ 173.946807182977039, -39.471199736342719 ], [ 173.945523545378848, -39.472251251839189 ], [ 173.945454057787202, -39.472292703678058 ], [ 173.945433172584984, -39.472310548298672 ], [ 173.945428863449422, -39.472314213416894 ], [ 173.945344389418239, -39.472446651694 ], [ 173.9452078618352, -39.47259606750044 ], [ 173.943302245288635, -39.474109179814533 ], [ 173.943301522877675, -39.474109784099284 ], [ 173.943239055487311, -39.474161625832167 ], [ 173.942825845648429, -39.47450184932913 ], [ 173.942404398402005, -39.474858262322023 ], [ 173.942388762933405, -39.474871458566447 ], [ 173.942386728120596, -39.474873172509774 ], [ 173.942371058777042, -39.474886344624153 ], [ 173.941886602371909, -39.475292777180385 ], [ 173.941882225308802, -39.475296447248923 ], [ 173.94145034902624, -39.475658050144581 ], [ 173.941027484802788, -39.476020311367705 ], [ 173.940974042284097, -39.476065781185909 ], [ 173.940967068778832, -39.476071673799744 ], [ 173.940913226601197, -39.476116859578809 ], [ 173.940464481122291, -39.476490883830799 ], [ 173.940049851386988, -39.476840722522113 ], [ 173.940019717059442, -39.476866050341911 ], [ 173.940015791480391, -39.476869337137117 ], [ 173.939985532284282, -39.476894575397289 ], [ 173.939546009491124, -39.477259760999225 ], [ 173.939183780783111, -39.477562599632826 ], [ 173.938813253017884, -39.4778808922376 ], [ 173.93877207082096, -39.477916081395271 ], [ 173.938766701595, -39.477920645006677 ], [ 173.938725280315708, -39.477955665255017 ], [ 173.93838920406165, -39.478238303399884 ], [ 173.93803695554837, -39.478548520697281 ], [ 173.937845934676488, -39.478712640075479 ], [ 173.937820767724645, -39.478733736150211 ], [ 173.937624604721208, -39.47889417175886 ], [ 173.937211882871736, -39.479223527284304 ], [ 173.936848094507496, -39.479526397213128 ], [ 173.936408791402897, -39.479896685048772 ], [ 173.935962823639102, -39.480276205956194 ], [ 173.935497813934745, -39.480674768662134 ], [ 173.935429760436904, -39.480732590004287 ], [ 173.935420871482989, -39.480740076835637 ], [ 173.93535217184359, -39.48079743751385 ], [ 173.934834989765221, -39.48122550698389 ], [ 173.934514941292832, -39.481491445870695 ], [ 173.934302231956792, -39.481684298529004 ], [ 173.934098957891763, -39.481863722512479 ], [ 173.934072137738951, -39.481886771982808 ], [ 173.933862794066869, -39.482061955223692 ], [ 173.933514717535616, -39.482345591386625 ], [ 173.933162785400327, -39.482640606742507 ], [ 173.932750324947165, -39.482987201754796 ], [ 173.932742303641561, -39.482993935215113 ], [ 173.932741260295728, -39.482994810154587 ], [ 173.932733230126871, -39.483001537301355 ], [ 173.932300045127533, -39.483364058023049 ], [ 173.931823292670913, -39.483770757771119 ], [ 173.931759218102854, -39.48382497048209 ], [ 173.931750851408282, -39.483831991661027 ], [ 173.931714063952228, -39.483862611232091 ], [ 173.931930206011543, -39.483997856852895 ], [ 173.93249050547908, -39.484334692275972 ], [ 173.932536995900875, -39.48436278738658 ], [ 173.932543027660415, -39.484366451608764 ], [ 173.932589333539255, -39.484394729147169 ], [ 173.933001269222416, -39.484647599020533 ], [ 173.933155779766736, -39.484460708642231 ], [ 173.933180026792144, -39.484431504355555 ], [ 173.93318318834136, -39.484427712522695 ], [ 173.933207580534571, -39.484398580919141 ], [ 173.933582924366164, -39.483952191606384 ], [ 173.933624694259095, -39.483902869086364 ], [ 173.933630151393146, -39.483896471012635 ], [ 173.933672337409064, -39.483847361628989 ], [ 173.934003133455434, -39.483464995776089 ], [ 173.934585685859616, -39.482849697939535 ], [ 173.934665651818392, -39.482772337657288 ], [ 173.935313344769725, -39.482197476933251 ], [ 173.935656662084881, -39.481917642015198 ], [ 173.936023475554094, -39.481610999060123 ], [ 173.936028453141233, -39.481606840541033 ], [ 173.936475490509821, -39.481233960566435 ], [ 173.936492589735536, -39.481219728683513 ], [ 173.936494815208874, -39.48121788040207 ], [ 173.936511954034756, -39.481203677185761 ], [ 173.936931523170301, -39.480856722748641 ], [ 173.937285206034801, -39.480557120580976 ], [ 173.937323325153216, -39.48052498668784 ], [ 173.93732829367454, -39.48052081861433 ], [ 173.937366613345773, -39.480488828299457 ], [ 173.937728290846167, -39.480188351962788 ], [ 173.938056852632002, -39.479912303330565 ], [ 173.938123834680511, -39.479855296483109 ], [ 173.93829428298136, -39.479532562178861 ], [ 173.93841687572592, -39.479376051886454 ], [ 173.940765677184913, -39.477226460812332 ], [ 173.940944669142254, -39.477106964071432 ], [ 173.942089169276301, -39.476558223133971 ], [ 173.942149919027997, -39.476504075326062 ], [ 173.942170506765677, -39.476486101043093 ], [ 173.942330705649937, -39.47634909749442 ], [ 173.94272421899592, -39.476019425376158 ], [ 173.943118010136601, -39.475682771486525 ], [ 173.943134887627508, -39.47566837402178 ], [ 173.943137084305533, -39.47566650419175 ] ], [ [ 173.904958154306485, -39.47810125995391 ], [ 173.904992797809882, -39.478072127369245 ], [ 173.904997312194098, -39.478068347829947 ], [ 173.905032120755379, -39.478039333656071 ], [ 173.905466225904462, -39.477679081333939 ], [ 173.905879804409921, -39.477325768231623 ], [ 173.905899882875815, -39.477308659614096 ], [ 173.905902496756823, -39.477306438095916 ], [ 173.905922631844732, -39.477289369510586 ], [ 173.90617918770505, -39.477072445259473 ], [ 173.906393151438692, -39.476872656682879 ], [ 173.906526407982341, -39.476750453715503 ], [ 173.906543912076046, -39.476734687862177 ], [ 173.906679949280885, -39.476614339236512 ], [ 173.907175675080282, -39.476183562073651 ], [ 173.907241973601657, -39.476126441754118 ], [ 173.907250633128427, -39.476119044745573 ], [ 173.907317558095627, -39.476062364933242 ], [ 173.907789310571815, -39.475666233677636 ], [ 173.907791077532352, -39.475664750275065 ], [ 173.908273485954822, -39.475259986493747 ], [ 173.908298201651149, -39.475239313679438 ], [ 173.908301420110291, -39.475236630117436 ], [ 173.908326219169766, -39.475216017362335 ], [ 173.908760709673146, -39.474856001247524 ], [ 173.909156497929274, -39.47452347059216 ], [ 173.909228210406297, -39.474463764215656 ], [ 173.909237578199054, -39.474456035273839 ], [ 173.909309985610292, -39.474396834852548 ], [ 173.909700290976872, -39.474080599709986 ], [ 173.910122660338743, -39.473733280958875 ], [ 173.910459173403183, -39.473451830518584 ], [ 173.910847234937933, -39.473108407622966 ], [ 173.910995736687568, -39.47297950408057 ], [ 173.911015247601057, -39.472962891737893 ], [ 173.911166913750918, -39.472836220773317 ], [ 173.911595337680438, -39.472485216489261 ], [ 173.912003205561064, -39.472137182034359 ], [ 173.912026189323285, -39.472117627590784 ], [ 173.912029182022906, -39.472115088920681 ], [ 173.912052239793184, -39.472095586900963 ], [ 173.912557166277367, -39.471669778916613 ], [ 173.91306076617812, -39.471244867052462 ], [ 173.913104044720853, -39.471208551118281 ], [ 173.913109687609563, -39.471203842053953 ], [ 173.913153222739169, -39.471167710844391 ], [ 173.913577276919824, -39.470817703106711 ], [ 173.914025838891405, -39.470435128699542 ], [ 173.914063249306423, -39.470403374118561 ], [ 173.914068125350752, -39.470399255046928 ], [ 173.914105731001911, -39.470367639295077 ], [ 173.914570517649992, -39.469978748994571 ], [ 173.914979548153639, -39.469635104310612 ], [ 173.91498496466798, -39.469630556718755 ], [ 173.915406172026536, -39.469277536784155 ], [ 173.915462125446425, -39.469230972552388 ], [ 173.915469426895442, -39.469224939199179 ], [ 173.915525803460412, -39.469178682612103 ], [ 173.915707961567193, -39.469030276654109 ], [ 173.915881558640137, -39.468872919278098 ], [ 173.916047102565699, -39.468726109594982 ], [ 173.916068887329146, -39.468707207166794 ], [ 173.916238493609484, -39.468563210256264 ], [ 173.916749586253786, -39.468138610435972 ], [ 173.916758342409167, -39.468131343970249 ], [ 173.91721803927382, -39.467750922686477 ], [ 173.91762570751618, -39.467401578773881 ], [ 173.917639602197028, -39.467389693187364 ], [ 173.917641410278151, -39.467388149310501 ], [ 173.917655332229856, -39.467376282945217 ], [ 173.918136038565223, -39.466967282160127 ], [ 173.918154738393099, -39.46695140969026 ], [ 173.918157172544511, -39.466949348521275 ], [ 173.918175921200088, -39.466933510699057 ], [ 173.918661050412339, -39.46652467760358 ], [ 173.918685341466869, -39.466504269860273 ], [ 173.918688504574561, -39.46650162063321 ], [ 173.91871287671529, -39.466481271037317 ], [ 173.91919186692607, -39.466082567910512 ], [ 173.91927609279827, -39.466013198564745 ], [ 173.91928710339397, -39.466004225695912 ], [ 173.91937227103972, -39.465935551113766 ], [ 173.919372309850786, -39.46593552014815 ], [ 173.919664545067633, -39.465702357573619 ], [ 173.919909820037446, -39.465486394566938 ], [ 173.919998386865217, -39.465409307166347 ], [ 173.9200099742784, -39.465399337289149 ], [ 173.920099675345284, -39.465323041962762 ], [ 173.920487649868477, -39.464996823306201 ], [ 173.920870442238112, -39.464668062148284 ], [ 173.920923209833603, -39.464623048983995 ], [ 173.920930095038671, -39.464617215297359 ], [ 173.920983253674962, -39.464572479436278 ], [ 173.921415357597283, -39.464211293480354 ], [ 173.92142762075315, -39.464201058838626 ], [ 173.92142921629366, -39.46419972929457 ], [ 173.921441499914891, -39.464189509412421 ], [ 173.921861826257356, -39.463840341795631 ], [ 173.922269958764133, -39.46349605347195 ], [ 173.922293964577108, -39.463475864610118 ], [ 173.922297090487575, -39.463473243752389 ], [ 173.922321175604623, -39.463453111726004 ], [ 173.922738062701598, -39.463105709578173 ], [ 173.923151616460245, -39.462751496368327 ], [ 173.923196249463956, -39.462713486059165 ], [ 173.923202069900498, -39.462708557596123 ], [ 173.923246982074289, -39.462670745396792 ], [ 173.923718839245737, -39.462275747194077 ], [ 173.92418247115549, -39.461886862282171 ], [ 173.924643064031301, -39.461497421862731 ], [ 173.924695622684851, -39.461453278630906 ], [ 173.924702479926992, -39.461447557742233 ], [ 173.92475541730613, -39.461403687301917 ], [ 173.925158398945143, -39.461071949700816 ], [ 173.92551677852407, -39.460767450957043 ], [ 173.925624782552035, -39.460676936792844 ], [ 173.925638926339758, -39.460665245020145 ], [ 173.925748519045897, -39.460575885756583 ], [ 173.925951634135515, -39.460412524532828 ], [ 173.926094715375456, -39.460285414722321 ], [ 173.926196810077812, -39.460195921539416 ], [ 173.926210181362961, -39.460184356190673 ], [ 173.926313798739869, -39.460095920929909 ], [ 173.926680931801542, -39.459786724981051 ], [ 173.927145497678708, -39.459395240084902 ], [ 173.927587013706386, -39.459016359974768 ], [ 173.92768778175531, -39.458930995878383 ], [ 173.927700973037361, -39.458919964252672 ], [ 173.927803147789177, -39.458835611029002 ], [ 173.928204442951113, -39.458508545257729 ], [ 173.928577541817162, -39.45818842098204 ], [ 173.928622524533353, -39.458150047587516 ], [ 173.928628390765823, -39.458145072139551 ], [ 173.928673657779342, -39.458106900180802 ], [ 173.929159324070838, -39.457699711987111 ], [ 173.929503941175795, -39.457407037187927 ], [ 173.929529072601724, -39.45738576210168 ], [ 173.929532486832557, -39.457382881053533 ], [ 173.929558944919364, -39.457360629955907 ], [ 173.929951166674897, -39.457031881700665 ], [ 173.930436626484351, -39.456624545482121 ], [ 173.930925171779393, -39.456214135524256 ], [ 173.931400301833321, -39.455812946016707 ], [ 173.931402841536567, -39.4558108022146 ], [ 173.931892469256724, -39.455397838066098 ], [ 173.932127911137144, -39.455198419664406 ], [ 173.932231911545273, -39.455067056082221 ], [ 173.9325477561664, -39.454656947986422 ], [ 173.932604393701126, -39.454584188809697 ], [ 173.932611813991855, -39.454574757263863 ], [ 173.932669334775341, -39.454502415734993 ], [ 173.933013205301762, -39.454074474803953 ], [ 173.933334086615304, -39.453663909026119 ], [ 173.933381470476689, -39.453603812827168 ], [ 173.93338766969822, -39.453596019119288 ], [ 173.933435658475162, -39.453536212119623 ], [ 173.933787927614276, -39.453100990716599 ], [ 173.933792664499322, -39.453095143260278 ], [ 173.934072592650836, -39.452750329742344 ], [ 173.934002652001453, -39.452818543108805 ], [ 173.93398069074766, -39.452839895397219 ], [ 173.933977830359453, -39.452842667831391 ], [ 173.933955785640933, -39.452863968376263 ], [ 173.933443131053366, -39.453357775764665 ], [ 173.933379654785199, -39.453417857077689 ], [ 173.933092539978958, -39.453838125300109 ], [ 173.933085915379564, -39.453846215670104 ], [ 173.931991574971875, -39.454975842530288 ], [ 173.931843447637561, -39.45510605926868 ], [ 173.93060761842878, -39.456041836694524 ], [ 173.929985032149943, -39.456447685500883 ], [ 173.929905714925781, -39.456498925012156 ], [ 173.929895365686633, -39.456505550481076 ], [ 173.929815463847149, -39.45655624126023 ], [ 173.929250261944162, -39.456911568731016 ], [ 173.928673892440798, -39.457283745150306 ], [ 173.928136923395897, -39.45763289427736 ], [ 173.928099960615015, -39.457656827033318 ], [ 173.928095147150486, -39.457659930554016 ], [ 173.928058056631016, -39.457683744270327 ], [ 173.927421180585725, -39.458090918810171 ], [ 173.927411567660499, -39.458097057874454 ], [ 173.927410317429434, -39.45809785543242 ], [ 173.927400696030531, -39.458103986490613 ], [ 173.926827386509018, -39.45846891470962 ], [ 173.926822558940188, -39.458471985906783 ], [ 173.926327451575645, -39.458786520832625 ], [ 173.926295738357624, -39.458806595215364 ], [ 173.926291609716486, -39.458809199243142 ], [ 173.926259805378464, -39.458829186826229 ], [ 173.925832861845379, -39.45909653402294 ], [ 173.925396748358963, -39.45937613029507 ], [ 173.924602438629876, -39.45984236916874 ], [ 173.924496016813237, -39.459899438003482 ], [ 173.923653068227253, -39.460311180855221 ], [ 173.922920406921236, -39.46063587702676 ], [ 173.922841351155114, -39.460670594636866 ], [ 173.922831051281975, -39.460675076690961 ], [ 173.922751647462292, -39.460709313758976 ], [ 173.922059308265403, -39.461005087556778 ], [ 173.92137100075351, -39.461307151890793 ], [ 173.921226895731223, -39.46136934841369 ], [ 173.921208088940602, -39.461377330430956 ], [ 173.921062858725037, -39.461437934172281 ], [ 173.920519546900294, -39.461660810033472 ], [ 173.91996293306056, -39.461900465610405 ], [ 173.919307296954628, -39.462182921171824 ], [ 173.919299665295512, -39.462186206071372 ], [ 173.918709006246218, -39.462439868887465 ], [ 173.918698055984578, -39.462448546690503 ], [ 173.918652073292975, -39.462484781576705 ], [ 173.918646078432317, -39.462489478993454 ], [ 173.918599832498415, -39.462525512057091 ], [ 173.918069416218174, -39.462936461362432 ], [ 173.917610235068679, -39.46329336550977 ], [ 173.917166082179648, -39.463652769010139 ], [ 173.917079936123002, -39.463721736907146 ], [ 173.917068675773947, -39.463730656193491 ], [ 173.91698158569082, -39.463798908085927 ], [ 173.916421169323968, -39.464233439283412 ], [ 173.91514712591578, -39.465087376101032 ], [ 173.914972011706453, -39.465188519158126 ], [ 173.913429601005276, -39.465941138737854 ], [ 173.913413640166112, -39.465947631325356 ], [ 173.911859135395474, -39.466463813195389 ], [ 173.911554606012174, -39.466949568060286 ], [ 173.911239299454365, -39.467456380469088 ], [ 173.910648768550544, -39.468289928486833 ], [ 173.91056483914798, -39.46839484901755 ], [ 173.909864147722686, -39.469175462332323 ], [ 173.909446975891655, -39.469591481352445 ], [ 173.909380361425463, -39.469657278054576 ], [ 173.909371650460685, -39.469665800261922 ], [ 173.909304250083522, -39.469731114441295 ], [ 173.909139035587572, -39.469889698661433 ], [ 173.908976407056997, -39.470059170624388 ], [ 173.908896041868246, -39.470141918914415 ], [ 173.908885514889789, -39.470152629254748 ], [ 173.908803926563564, -39.470234655430268 ], [ 173.908363963924671, -39.470671751765188 ], [ 173.908345195420566, -39.470690347499989 ], [ 173.908342751428478, -39.470692762461688 ], [ 173.908323920054187, -39.470711319983927 ], [ 173.907941028397971, -39.471087624090217 ], [ 173.907581629310698, -39.471451213818419 ], [ 173.906839209385197, -39.472129966250499 ], [ 173.906737309900905, -39.472214295951872 ], [ 173.905912045429346, -39.472832922947454 ], [ 173.905456481246915, -39.473142142976776 ], [ 173.904858599147445, -39.473556189013763 ], [ 173.904830516401489, -39.473575573440158 ], [ 173.904826860390017, -39.473578088828326 ], [ 173.904798696805756, -39.473597402681456 ], [ 173.904184759619483, -39.474017049076551 ], [ 173.904155647538204, -39.474036881112404 ], [ 173.904151857427138, -39.474039454375841 ], [ 173.904122660107504, -39.474059211008203 ], [ 173.903580334315933, -39.474424943265568 ], [ 173.903568094251511, -39.474433185985504 ], [ 173.903566502076018, -39.474434256679558 ], [ 173.903554247132803, -39.474442486175676 ], [ 173.902767766411444, -39.474969875985586 ], [ 173.902449008527128, -39.475194717747925 ], [ 173.902298966701778, -39.475298723898256 ], [ 173.902279311538621, -39.475312112692862 ], [ 173.902126966239791, -39.475414087995006 ], [ 173.901829616721272, -39.475609662806129 ], [ 173.90198448062398, -39.475700508574917 ], [ 173.902148221044001, -39.475832481201408 ], [ 173.904226531273395, -39.478143217420843 ], [ 173.904329644152, -39.478307942716377 ], [ 173.904424872098161, -39.478551172650867 ], [ 173.904504515643083, -39.478484420990192 ], [ 173.904958154306485, -39.47810125995391 ] ], [ [ 173.965934802683989, -39.425727443457738 ], [ 173.965944914005064, -39.425138506827565 ], [ 173.965943327417591, -39.424582101092007 ], [ 173.965943304492129, -39.424553451146053 ], [ 173.965943309152721, -39.424549726658775 ], [ 173.965943403779477, -39.424521076800389 ], [ 173.965946861379024, -39.423875288231031 ], [ 173.965991453588344, -39.423123401312012 ], [ 173.966002503835739, -39.423026014567704 ], [ 173.966052948957952, -39.422725797136856 ], [ 173.965974836642658, -39.422826083767205 ], [ 173.965611238383502, -39.423318268836148 ], [ 173.964876991899956, -39.424190870513208 ], [ 173.964773408370917, -39.42429965164105 ], [ 173.963914061491749, -39.425100604844189 ], [ 173.963348474940233, -39.425569646337024 ], [ 173.964341705435572, -39.42610237342965 ], [ 173.964512478521016, -39.426228791271363 ], [ 173.964616401173174, -39.426334462009926 ], [ 173.965194447883448, -39.426258914078012 ], [ 173.965247150011152, -39.426242231221984 ], [ 173.965476989569112, -39.426200411029228 ], [ 173.965935329950923, -39.426174283859737 ], [ 173.965933816367453, -39.425895478900486 ], [ 173.965933833754008, -39.425816587448367 ], [ 173.965933893951814, -39.425806331764072 ], [ 173.965934802683989, -39.425727443457738 ] ], [ [ 173.972577681347502, -39.445629400603259 ], [ 173.972565124163339, -39.445629350555386 ], [ 173.972468532505104, -39.44562865402365 ], [ 173.971769778888074, -39.44562135917591 ], [ 173.971034464480852, -39.445619321588651 ], [ 173.971016404692961, -39.445619260596644 ], [ 173.971014056932262, -39.445619251251941 ], [ 173.970995997325076, -39.445619168479411 ], [ 173.970433128189626, -39.445616247890811 ], [ 173.970396751789707, -39.445646689991115 ], [ 173.969892408824279, -39.446075174542521 ], [ 173.969842412642379, -39.446117379809074 ], [ 173.969835890678866, -39.446122850398929 ], [ 173.969785548960857, -39.446164808053041 ], [ 173.969242462455014, -39.446614563777757 ], [ 173.969241039863562, -39.446615741673135 ], [ 173.968774433147985, -39.447001908492275 ], [ 173.968321068693399, -39.447388360351304 ], [ 173.968276586823038, -39.447426061268438 ], [ 173.968270786284904, -39.447430949624625 ], [ 173.968226029107001, -39.44746845418716 ], [ 173.967683643909481, -39.447920365322389 ], [ 173.967657645163456, -39.447941955930261 ], [ 173.967654259395999, -39.447944758402564 ], [ 173.967628169411626, -39.447966282753363 ], [ 173.967536534323614, -39.448041633871163 ], [ 173.968095954710748, -39.448647420562885 ], [ 173.968201701074832, -39.44881113077809 ], [ 173.969300390224674, -39.451496048105163 ], [ 173.969335713557939, -39.451677080209123 ], [ 173.969335252729849, -39.451728508860292 ], [ 173.969406938611399, -39.45161354723038 ], [ 173.969614713746807, -39.451273799790982 ], [ 173.969853768248612, -39.450867170022562 ], [ 173.969870161142126, -39.450839410458656 ], [ 173.969872300103845, -39.450835804526413 ], [ 173.96988881431389, -39.45080808820957 ], [ 173.97018285744636, -39.450316772014588 ], [ 173.970211460106725, -39.450269341172522 ], [ 173.97021520154459, -39.450263183597031 ], [ 173.970244159466006, -39.450215882508516 ], [ 173.97052212923569, -39.449765218784471 ], [ 173.970842801067022, -39.449283184233707 ], [ 173.970886883755441, -39.449221549579356 ], [ 173.971244406960579, -39.448755358558024 ], [ 173.971499460060187, -39.448444493088978 ], [ 173.971774857510979, -39.448124162466236 ], [ 173.971811790707818, -39.448083131764797 ], [ 173.97210459624776, -39.4477722207805 ], [ 173.972523344806888, -39.447346970294866 ], [ 173.972637159525817, -39.447233282683307 ], [ 173.972652106818344, -39.447218595911131 ], [ 173.972735241804713, -39.447137866525445 ], [ 173.972735389431278, -39.44713772484512 ], [ 173.972768410876625, -39.447106179321459 ], [ 173.97304972567153, -39.44683867234572 ], [ 173.973341984341175, -39.446545388120335 ], [ 173.973409759267611, -39.446478037750367 ], [ 173.973418623373846, -39.446469314803657 ], [ 173.973487219312148, -39.446402465992868 ], [ 173.973893674378644, -39.446010193921452 ], [ 173.9742768158209, -39.445632174317382 ], [ 173.974209588165905, -39.445632173772147 ], [ 173.97416599277534, -39.44563210994756 ], [ 173.974160325413521, -39.445632093400697 ], [ 173.974116730622086, -39.445631902657965 ], [ 173.973395386318288, -39.445627694230701 ], [ 173.972674277137429, -39.445629474038661 ], [ 173.972577681347502, -39.445629400603259 ] ], [ [ 173.790067011020653, -39.317502006171239 ], [ 173.790064460487315, -39.317482083373278 ], [ 173.789990224509779, -39.316895583000395 ], [ 173.789917991636258, -39.316332515558244 ], [ 173.789914269675847, -39.316303009740039 ], [ 173.789913793953559, -39.316299173375356 ], [ 173.789910197109549, -39.316269658198507 ], [ 173.789904607912348, -39.316222974825806 ], [ 173.789519564930401, -39.31620133356364 ], [ 173.789035769285334, -39.3161871495791 ], [ 173.788872358158017, -39.316181460877637 ], [ 173.788851122491309, -39.316180604915481 ], [ 173.788176212105554, -39.316138012059582 ], [ 173.788109864535727, -39.316132304920131 ], [ 173.787389442664789, -39.316029446185908 ], [ 173.78722257223032, -39.316043077189832 ], [ 173.787072144217404, -39.316046143194143 ], [ 173.785913486378234, -39.316024720415221 ], [ 173.785007990488452, -39.315972693760827 ], [ 173.784990014259677, -39.315971649917245 ], [ 173.784987677490648, -39.315971512805874 ], [ 173.784969703426924, -39.31597044724392 ], [ 173.784354364025489, -39.315933592272614 ], [ 173.783721937509199, -39.315900461848663 ], [ 173.783603334112883, -39.315893773297084 ], [ 173.783587921821493, -39.315892842353904 ], [ 173.78346941304423, -39.315885208702738 ], [ 173.783187093175059, -39.315865889445909 ], [ 173.783097698494686, -39.315862963003951 ], [ 173.784027759338613, -39.316991479294643 ], [ 173.784122217853991, -39.317159208941412 ], [ 173.784718109426905, -39.318493855308709 ], [ 173.784760968575483, -39.318621413806397 ], [ 173.787546172179049, -39.318546344124194 ], [ 173.787780103016104, -39.318568692621923 ], [ 173.788251766320457, -39.318673826059083 ], [ 173.788902485773548, -39.318643290901207 ], [ 173.78924439289537, -39.318616331451743 ], [ 173.789722938682218, -39.318568251982974 ], [ 173.790195817740738, -39.318519715791936 ], [ 173.790136192811133, -39.318024958611616 ], [ 173.790069953867061, -39.317524514189572 ], [ 173.790067346297349, -39.31750459584547 ], [ 173.790067011020653, -39.317502006171239 ] ], [ [ 174.0588347094006, -39.455303003554704 ], [ 174.059902140763683, -39.455932907939619 ], [ 174.060065385912253, -39.456065236677951 ], [ 174.062135181990016, -39.45838054752933 ], [ 174.06223769692366, -39.458545504092534 ], [ 174.063283340816525, -39.461243303860009 ], [ 174.063315084570348, -39.461424743698956 ], [ 174.063234100648032, -39.464240978212096 ], [ 174.063191956922026, -39.464421141340651 ], [ 174.061992132642985, -39.467080130312617 ], [ 174.061880218283875, -39.467241379545101 ], [ 174.059678895310896, -39.469482804980359 ], [ 174.059508160565116, -39.469609352978409 ], [ 174.05943581700069, -39.469648207750765 ], [ 174.060070702364698, -39.47155907238816 ], [ 174.06009310225997, -39.471741347648084 ], [ 174.059916228174188, -39.473945137533434 ], [ 174.060854717516577, -39.473629335612671 ], [ 174.061083476099412, -39.473583583325592 ], [ 174.064701573758811, -39.473314992935798 ], [ 174.064937378718383, -39.473326258294499 ], [ 174.068485536795635, -39.473937211499376 ], [ 174.068546151171688, -39.473955739948117 ], [ 174.068783268742379, -39.473959689918942 ], [ 174.069260517680021, -39.473958009641237 ], [ 174.069275517632605, -39.47395796430348 ], [ 174.069277467630741, -39.473957959385096 ], [ 174.069292467649575, -39.473957929055366 ], [ 174.069911669409294, -39.473956985165536 ], [ 174.067936933289587, -39.472342356712495 ], [ 174.067803234114962, -39.472191397812793 ], [ 174.066240474480509, -39.469648153222529 ], [ 174.066173514999377, -39.469472561290402 ], [ 174.065701307963593, -39.466679503288567 ], [ 174.065707634656718, -39.466496468119409 ], [ 174.066372065837669, -39.463727009491734 ], [ 174.066451050223577, -39.463554447310649 ], [ 174.068033909021949, -39.461297852133576 ], [ 174.067377809911733, -39.46031035445457 ], [ 174.06730384097142, -39.460136462651505 ], [ 174.06671977629631, -39.4573561444547 ], [ 174.066718750011432, -39.457173044980486 ], [ 174.067271578628606, -39.454388893406588 ], [ 174.067343586242174, -39.454214509000572 ], [ 174.0689790617607, -39.4516990350456 ], [ 174.069117047424641, -39.451550433336941 ], [ 174.070754071901405, -39.450270114048351 ], [ 174.071131015083466, -39.449368756548679 ], [ 174.070861364749788, -39.448720009130049 ], [ 174.070844317891584, -39.44863523742108 ], [ 174.070311822866415, -39.447746826324 ], [ 174.070247027252606, -39.447570750889817 ], [ 174.069809027131839, -39.444774344057024 ], [ 174.069816472378108, -39.444615098311679 ], [ 174.069160678811102, -39.444675211825121 ], [ 174.069114693367368, -39.444679354903322 ], [ 174.069108713899482, -39.44467988426068 ], [ 174.069062707529895, -39.444683885141785 ], [ 174.068408492583359, -39.444739752429498 ], [ 174.067870846722229, -39.444792457541389 ], [ 174.067711430376875, -39.444807217181335 ], [ 174.067690690131371, -39.444809024752708 ], [ 174.067531025780823, -39.444822073902991 ], [ 174.067060054873508, -39.444858013859196 ], [ 174.066545928634838, -39.444904871890074 ], [ 174.066450452741861, -39.44491326306045 ], [ 174.066438035266856, -39.444914314073912 ], [ 174.066342473083921, -39.444922092341443 ], [ 174.06566306052764, -39.444975188203237 ], [ 174.064971625998538, -39.445031113289872 ], [ 174.064595707004798, -39.44506492238105 ], [ 174.06397603313323, -39.445124539507496 ], [ 174.063831076604231, -39.445137768238183 ], [ 174.06381221905815, -39.445139396072527 ], [ 174.063667059496623, -39.445151210947202 ], [ 174.062972643085374, -39.44520430982945 ], [ 174.062112741802707, -39.445271953155611 ], [ 174.06133726255996, -39.445337804989066 ], [ 174.061308790528017, -39.445340195120501 ], [ 174.061305088677244, -39.445340502297732 ], [ 174.061276609159307, -39.445342837969768 ], [ 174.061225098074971, -39.445347012704453 ], [ 174.061965023250337, -39.44701353141361 ], [ 174.062006015274619, -39.447193853082929 ], [ 174.062069153918657, -39.450010365901427 ], [ 174.062036267179508, -39.450191682985015 ], [ 174.060973642662304, -39.452885464129821 ], [ 174.060870087611846, -39.453050026742758 ], [ 174.0588347094006, -39.455303003554704 ] ], [ [ 174.031545318786698, -39.457771632231626 ], [ 174.03154341027053, -39.457647183360969 ], [ 174.031543306418342, -39.45763100445118 ], [ 174.031543617204306, -39.457506547017218 ], [ 174.031546817258942, -39.457226167451388 ], [ 174.031335596458717, -39.457544523339237 ], [ 174.031324918300669, -39.457560577948072 ], [ 174.031323527441231, -39.457562663964346 ], [ 174.031312807761793, -39.45757870191364 ], [ 174.03094588225494, -39.458126316445835 ], [ 174.030432501216808, -39.458816087257333 ], [ 174.030360780740153, -39.458903296126621 ], [ 174.029770769412664, -39.459555199826141 ], [ 174.029327609433125, -39.460001471938256 ], [ 174.028787530497823, -39.460559863041077 ], [ 174.028752432033144, -39.460595961988467 ], [ 174.028747854061606, -39.460600645941724 ], [ 174.028712522194269, -39.460636607813584 ], [ 174.028298875727415, -39.461055440830663 ], [ 174.028266837508539, -39.461088002485582 ], [ 174.028230312191795, -39.461134116302141 ], [ 174.028045694086302, -39.461372454622143 ], [ 174.027908966110232, -39.461548966430769 ], [ 174.027590630523918, -39.461965380649602 ], [ 174.027283939744592, -39.462377639621515 ], [ 174.027274867061578, -39.462389813212354 ], [ 174.027273686018646, -39.462391395065097 ], [ 174.027264588810709, -39.462403557670228 ], [ 174.026866711976169, -39.462934542232688 ], [ 174.026818937542856, -39.462997705929318 ], [ 174.026812683888721, -39.463005897497212 ], [ 174.026764248258388, -39.463068757921498 ], [ 174.026618452915216, -39.463256236375621 ], [ 174.026664191506114, -39.463447327955826 ], [ 174.026743453093957, -39.463809327795445 ], [ 174.026837880663408, -39.464333587143265 ], [ 174.026847562068667, -39.464401961551708 ], [ 174.0269036466469, -39.465814086679323 ], [ 174.026896572276542, -39.465928798171106 ], [ 174.026666960269409, -39.467330337430226 ], [ 174.026648907920475, -39.467397684206333 ], [ 174.026490385454082, -39.467912570718596 ], [ 174.026384503583216, -39.468216592255423 ], [ 174.026272258813833, -39.468509893681293 ], [ 174.027059435156445, -39.469488043744981 ], [ 174.027151564535444, -39.469656642898933 ], [ 174.028027997943155, -39.472390390587698 ], [ 174.028048400635015, -39.472572803473213 ], [ 174.027929260742781, -39.473878309079929 ], [ 174.028395904825572, -39.473878673187585 ], [ 174.028948237392598, -39.473876191049044 ], [ 174.029161779660313, -39.473876751824264 ], [ 174.029189536948252, -39.473877022423068 ], [ 174.029403029889892, -39.473880624706801 ], [ 174.029679241089468, -39.473887253553308 ], [ 174.029889322815023, -39.473887956153249 ], [ 174.030117672209997, -39.473888719416728 ], [ 174.030854191043261, -39.473889836642726 ], [ 174.031575329320106, -39.473888313985668 ], [ 174.03159745985792, -39.47388828352392 ], [ 174.031600336828404, -39.473888281687366 ], [ 174.031622467375371, -39.473888283894532 ], [ 174.031629176979521, -39.473888289515919 ], [ 174.031623062266107, -39.47339921686568 ], [ 174.031622806608084, -39.473375561378482 ], [ 174.031622778585387, -39.473372486136476 ], [ 174.031622603125101, -39.473348830208252 ], [ 174.031619048598998, -39.472727655253266 ], [ 174.031618955749593, -39.472705006789873 ], [ 174.031618948457407, -39.47270206248249 ], [ 174.031618929119446, -39.472679413909354 ], [ 174.031619395050143, -39.472073338714509 ], [ 174.031617687647895, -39.471484751071003 ], [ 174.031613248644959, -39.470892575508039 ], [ 174.031606982328952, -39.470260684684121 ], [ 174.031606755445324, -39.470230686306735 ], [ 174.030389287834083, -39.468633664182725 ], [ 174.030302414217999, -39.468463397257381 ], [ 174.029511078354233, -39.465714103619135 ], [ 174.029496343294227, -39.465531362876177 ], [ 174.029839827873616, -39.462727090806247 ], [ 174.029898664538365, -39.462549764277711 ], [ 174.031343210434471, -39.459965000141629 ], [ 174.03146985162644, -39.459810443773648 ], [ 174.031565625843939, -39.459726298893386 ], [ 174.031561341397321, -39.459314541834232 ], [ 174.031554594002415, -39.458774764290894 ], [ 174.03155410537957, -39.458715641397404 ], [ 174.031554074414231, -39.458707955342362 ], [ 174.031554086646537, -39.458648831235159 ], [ 174.031556022900958, -39.458212967155397 ], [ 174.031545318786698, -39.457771632231626 ] ], [ [ 174.078996397440818, -39.524805535070712 ], [ 174.079003402737413, -39.524215927400874 ], [ 174.079003479292822, -39.524209713810407 ], [ 174.079010708949596, -39.523672351225883 ], [ 174.079011067329219, -39.523375866477068 ], [ 174.079008656373645, -39.523023551622416 ], [ 174.079008515621581, -39.522993555648036 ], [ 174.079008505711215, -39.522989656158487 ], [ 174.079008493995957, -39.522959659986071 ], [ 174.079009217149746, -39.522548810738463 ], [ 174.079002199094759, -39.522160954977331 ], [ 174.079001059299884, -39.522039470677043 ], [ 174.079001048706118, -39.522023677662489 ], [ 174.079002025515905, -39.521902192508087 ], [ 174.079009971058355, -39.521427897604909 ], [ 174.079011770239674, -39.521012411982113 ], [ 174.079008392866484, -39.520595466935347 ], [ 174.079008218800112, -39.520566603845722 ], [ 174.079008203937065, -39.520562851625563 ], [ 174.079008149341206, -39.520533988250968 ], [ 174.079008248237869, -39.519977826391134 ], [ 174.079007587225334, -39.519422431169154 ], [ 174.079007765320085, -39.51936360571802 ], [ 174.079007820727497, -39.519355958549518 ], [ 174.079008495054353, -39.519297135254469 ], [ 174.079011434641103, -39.519109683611426 ], [ 174.078791298604472, -39.518775467576823 ], [ 174.078738907529328, -39.519236672121245 ], [ 174.07873732417869, -39.519250488504902 ], [ 174.078737116556795, -39.519252284510912 ], [ 174.078735505724694, -39.519266098988979 ], [ 174.078679119453966, -39.519745539708062 ], [ 174.078677454894034, -39.519759571435209 ], [ 174.078677236658336, -39.519761395427416 ], [ 174.078675543745703, -39.519775425118695 ], [ 174.078635175224491, -39.520107167289865 ], [ 174.078606766415533, -39.520455318615568 ], [ 174.078595253215127, -39.520582173385662 ], [ 174.07859360620111, -39.520598655496798 ], [ 174.078579780719735, -39.520725371666828 ], [ 174.078522978684418, -39.521205538698396 ], [ 174.078461215620024, -39.521774300373345 ], [ 174.078460108069777, -39.521784430942901 ], [ 174.078459963128154, -39.521785747853677 ], [ 174.0784588408074, -39.52179587744989 ], [ 174.078400645717608, -39.522317658114261 ], [ 174.078355218336355, -39.522778392513537 ], [ 174.078350485801508, -39.522824809223906 ], [ 174.078349850429191, -39.522830842123831 ], [ 174.078344808005227, -39.522877239258321 ], [ 174.078288585111466, -39.523379032768304 ], [ 174.07824027880153, -39.523858375824936 ], [ 174.078239301773976, -39.523868004197496 ], [ 174.078239173893508, -39.523869255832921 ], [ 174.078238183529663, -39.523878883390132 ], [ 174.078184639147111, -39.524395892651427 ], [ 174.078184426140837, -39.524397946449213 ], [ 174.078127630217153, -39.524943569847785 ], [ 174.078126519516388, -39.524954161852754 ], [ 174.078126374075993, -39.524955538747172 ], [ 174.078125247232151, -39.524966129733322 ], [ 174.078067981196938, -39.525500503134751 ], [ 174.078067304379601, -39.525506792348978 ], [ 174.078003622960267, -39.526092225819617 ], [ 174.078260850656619, -39.525825066994848 ], [ 174.078631800847631, -39.52543849700843 ], [ 174.078996544596237, -39.525053674648497 ], [ 174.078995955804118, -39.524928770426676 ], [ 174.078995923106277, -39.524870912936578 ], [ 174.078995950060659, -39.524863391529884 ], [ 174.078996397440818, -39.524805535070712 ] ], [ [ 174.103141190961139, -39.496346348585028 ], [ 174.103141211170936, -39.496352444438642 ], [ 174.103141209025921, -39.496399335934008 ], [ 174.103139034847231, -39.497037460609974 ], [ 174.103137992628547, -39.497136591893053 ], [ 174.103137765572313, -39.497149477991286 ], [ 174.103135314616139, -39.497248594373069 ], [ 174.103109725773095, -39.498052311938181 ], [ 174.103083221773232, -39.499007707308863 ], [ 174.103074843572472, -39.499206977127194 ], [ 174.103073384340234, -39.499232869685336 ], [ 174.103059312797001, -39.499431946914093 ], [ 174.10303811966935, -39.499681194884424 ], [ 174.10334022678478, -39.499897687250552 ], [ 174.103486489101357, -39.500041517703067 ], [ 174.105262228545428, -39.502499745678413 ], [ 174.105343969307569, -39.502671550948754 ], [ 174.106052328037521, -39.505434566022686 ], [ 174.106061538581571, -39.505617530652728 ], [ 174.105633045101058, -39.508414885472554 ], [ 174.105568814593227, -39.508591099547168 ], [ 174.104296064069729, -39.510727924130322 ], [ 174.104272254016422, -39.511153075669377 ], [ 174.104225190952576, -39.511332513377049 ], [ 174.103794045315539, -39.512226484542644 ], [ 174.103794048518438, -39.512243757366278 ], [ 174.103794036918572, -39.512248514782129 ], [ 174.103793851673146, -39.512285110148554 ], [ 174.103790703816912, -39.51269466812127 ], [ 174.103790781620432, -39.513132402576083 ], [ 174.103790728679996, -39.513160842670061 ], [ 174.103790714259077, -39.513164539864633 ], [ 174.103790545338995, -39.513192979687055 ], [ 174.103787336709644, -39.513595120621247 ], [ 174.103791319208, -39.513981926906908 ], [ 174.103791661068129, -39.51407339809203 ], [ 174.103791627525055, -39.514085289214023 ], [ 174.103790769616097, -39.514176758367313 ], [ 174.103784035130502, -39.514599291718071 ], [ 174.103783430269459, -39.51497619983278 ], [ 174.103783418249549, -39.514982135787037 ], [ 174.103781953284027, -39.515453561435713 ], [ 174.103781931413721, -39.51545972547585 ], [ 174.103779692066894, -39.515939020359085 ], [ 174.103779661638526, -39.515944987800445 ], [ 174.10377692188186, -39.516387802086626 ], [ 174.103779840017552, -39.516904308021857 ], [ 174.103779948027864, -39.51695046770925 ], [ 174.103779942208973, -39.516956468457003 ], [ 174.103779744676814, -39.517002627965844 ], [ 174.103777157257582, -39.517343561321503 ], [ 174.103779930885651, -39.51774353216107 ], [ 174.103780097880644, -39.517794938727057 ], [ 174.103780094957813, -39.517801621574115 ], [ 174.103779882995951, -39.517853028039895 ], [ 174.103776447867233, -39.518292896001554 ], [ 174.103777958310218, -39.518797934904107 ], [ 174.103777856877144, -39.518861795510539 ], [ 174.103777805677851, -39.518870097248701 ], [ 174.103777119429026, -39.518933955690862 ], [ 174.103768984252781, -39.519464759753021 ], [ 174.103769753789464, -39.519962588962798 ], [ 174.103769760062875, -39.519967976808225 ], [ 174.103769856884497, -39.520503251848922 ], [ 174.103773512972509, -39.520935617567751 ], [ 174.103773744757177, -39.520978956082594 ], [ 174.103773757381163, -39.520984590113024 ], [ 174.10377371981096, -39.521027928989554 ], [ 174.103771701581593, -39.521535696804058 ], [ 174.103771394976832, -39.521579001415752 ], [ 174.103771337637653, -39.521584630908471 ], [ 174.10377076210068, -39.521627933877006 ], [ 174.103764350378498, -39.522018969146124 ], [ 174.103770479389937, -39.522351158785384 ], [ 174.103771412834647, -39.522420373510798 ], [ 174.103771489521705, -39.522429371653367 ], [ 174.103771735876762, -39.522498589890461 ], [ 174.103771100191722, -39.522951217494033 ], [ 174.103773621758506, -39.523301486624703 ], [ 174.103773767334047, -39.523329558244356 ], [ 174.103773778913109, -39.523333207568975 ], [ 174.10377381147643, -39.52336127940498 ], [ 174.103773494243995, -39.523733143971057 ], [ 174.103773327046611, -39.523775846943309 ], [ 174.103773288312226, -39.523781398258549 ], [ 174.10377285959629, -39.523824100136181 ], [ 174.103767895613174, -39.524202962776535 ], [ 174.107072827057948, -39.524160670455238 ], [ 174.107306926382961, -39.524186318763007 ], [ 174.10913181952273, -39.524619794015358 ], [ 174.109251548798056, -39.524597648902265 ], [ 174.109283164019359, -39.524591837486476 ], [ 174.109287275354717, -39.524591086450954 ], [ 174.109318911446451, -39.524585343474143 ], [ 174.110048490345349, -39.524453731256983 ], [ 174.110064874830186, -39.524450785198091 ], [ 174.110067005170265, -39.524450403403655 ], [ 174.11008339514791, -39.524447475701919 ], [ 174.110864076706463, -39.524308482014106 ], [ 174.111550618149295, -39.524183243230759 ], [ 174.112276554447988, -39.524049462478445 ], [ 174.11230862684144, -39.524043589016465 ], [ 174.11231279764047, -39.524042830044174 ], [ 174.112344891385618, -39.524037027009292 ], [ 174.113067368736836, -39.523907225553963 ], [ 174.113791079511913, -39.52377671059034 ], [ 174.114391000212436, -39.523664999015857 ], [ 174.114514321468846, -39.523538972323131 ], [ 174.116955428015785, -39.521723148502232 ], [ 174.11653607402053, -39.521493381562664 ], [ 174.116366804411967, -39.521365549544718 ], [ 174.114192028105975, -39.519107589669012 ], [ 174.114082057000672, -39.518945501406094 ], [ 174.112914737800992, -39.516277546288144 ], [ 174.112874824334, -39.516097070834114 ], [ 174.112829111864102, -39.513280307192552 ], [ 174.112863154184112, -39.513099111602187 ], [ 174.11394338236272, -39.510409260100737 ], [ 174.114048039439268, -39.510245079727817 ], [ 174.115782029662853, -39.508346518264077 ], [ 174.115847708002065, -39.508005015313344 ], [ 174.115979028915717, -39.507417964881441 ], [ 174.115908071551729, -39.507255946807575 ], [ 174.115772997018041, -39.506926922123611 ], [ 174.115756502357044, -39.506883903875128 ], [ 174.115637812797274, -39.506551109367798 ], [ 174.115460170766255, -39.506013022997564 ], [ 174.115281516579415, -39.505376862910737 ], [ 174.115262179271298, -39.505293620150475 ], [ 174.115143335833551, -39.504649122447049 ], [ 174.11505110430565, -39.503975830865429 ], [ 174.114995026187927, -39.503376327908967 ], [ 174.11499110036749, -39.5032982909498 ], [ 174.114986780771432, -39.502697225300345 ], [ 174.115003561925448, -39.502230007415925 ], [ 174.115007694139734, -39.502094261833768 ], [ 174.114892808559205, -39.5016316026189 ], [ 174.114854259763632, -39.501468254312087 ], [ 174.114849501615311, -39.501446985038136 ], [ 174.11481484811921, -39.501283113746823 ], [ 174.11474474239796, -39.5009312864333 ], [ 174.114654867677729, -39.50055640660424 ], [ 174.114642413727012, -39.500503582287351 ], [ 174.114640821161601, -39.500496711446885 ], [ 174.114628774105455, -39.500443830525924 ], [ 174.114517584177804, -39.49994710602023 ], [ 174.114378270244742, -39.499410843382321 ], [ 174.114338399032874, -39.499249797013533 ], [ 174.114333462292763, -39.499228826154997 ], [ 174.114297383647056, -39.49906724393189 ], [ 174.114171724968685, -39.498472252631288 ], [ 174.114050012821991, -39.497673414478434 ], [ 174.114040203584864, -39.497569225697553 ], [ 174.114011003255996, -39.496765159551231 ], [ 174.114022303482074, -39.496236383583771 ], [ 174.114048120824634, -39.495767404764216 ], [ 174.114053525311135, -39.495706546700156 ], [ 174.114110853691727, -39.495239247590938 ], [ 174.11419977295958, -39.494671879761611 ], [ 174.11420275734892, -39.494653003666436 ], [ 174.114203148663762, -39.494650550094327 ], [ 174.114206184502336, -39.494631678926218 ], [ 174.114287912015442, -39.494127980148853 ], [ 174.114374634064291, -39.493555422349061 ], [ 174.114381651475554, -39.49351008481608 ], [ 174.114382583021751, -39.493504192766878 ], [ 174.114389897090007, -39.493458883388968 ], [ 174.114430097810384, -39.493214871871196 ], [ 174.114185521560529, -39.493214705086636 ], [ 174.113424395670165, -39.493216950341683 ], [ 174.113415470702392, -39.493216974019603 ], [ 174.112668309009109, -39.493218388328451 ], [ 174.112648449304061, -39.493218412651864 ], [ 174.112645867537594, -39.493218414104362 ], [ 174.112626007758848, -39.493218412127341 ], [ 174.112041010169605, -39.493217965064034 ], [ 174.111355164466772, -39.49322001712207 ], [ 174.110686781197415, -39.493224858442453 ], [ 174.11047940261335, -39.493224926034088 ], [ 174.110452445444906, -39.493224748422847 ], [ 174.110245098369745, -39.493221948350943 ], [ 174.109455597501011, -39.493205822527187 ], [ 174.108935063523234, -39.493203383267755 ], [ 174.108304346049152, -39.493210092834225 ], [ 174.108203414811811, -39.49321082655409 ], [ 174.108190293464304, -39.493210877779198 ], [ 174.10808935781796, -39.493210932137856 ], [ 174.107363461779926, -39.493208877921148 ], [ 174.10663841488477, -39.493208032746708 ], [ 174.106615292314331, -39.493207987894884 ], [ 174.106612286388298, -39.493207979746714 ], [ 174.106589163942601, -39.493207899242279 ], [ 174.105828652427448, -39.49320466259072 ], [ 174.105706720225839, -39.493203647499165 ], [ 174.105690870370864, -39.493203451096278 ], [ 174.105568958651361, -39.493201444605141 ], [ 174.104933886470178, -39.493188407063428 ], [ 174.104405730616321, -39.493187784057191 ], [ 174.103769220371959, -39.493192593281371 ], [ 174.103744531926225, -39.493228617472873 ], [ 174.103742855570516, -39.493231062622101 ], [ 174.103456575576502, -39.493648235803875 ], [ 174.10329671696968, -39.493885068942831 ], [ 174.103212747634871, -39.494025982118991 ], [ 174.103148128550572, -39.494136557115858 ], [ 174.103145393762247, -39.494371726096659 ], [ 174.103145317729201, -39.494378023038102 ], [ 174.103139621905171, -39.494808802037475 ], [ 174.103135704659195, -39.4952734966514 ], [ 174.103135329907929, -39.49574674966906 ], [ 174.103140877896209, -39.496299457717072 ], [ 174.103141190961139, -39.496346348585028 ] ], [ [ 173.844934337765665, -39.388372538855634 ], [ 173.844945686364582, -39.38836728145175 ], [ 173.845033211589708, -39.388327136670434 ], [ 173.845079433470715, -39.388306147777186 ], [ 173.845466208618063, -39.387980019446751 ], [ 173.845651166812075, -39.3878663555708 ], [ 173.848814106207811, -39.386484577201017 ], [ 173.849035268745382, -39.386420820931349 ], [ 173.849069655989297, -39.386415450195642 ], [ 173.84972665545456, -39.386106844684619 ], [ 173.850371629048624, -39.385800562001563 ], [ 173.850452855194163, -39.385762342981486 ], [ 173.850463440621866, -39.385757408134388 ], [ 173.850484214093882, -39.385747813288589 ], [ 173.850640217838759, -39.385603112824377 ], [ 173.850818048917716, -39.385482799419648 ], [ 173.85389329712649, -39.383986683733191 ], [ 173.854110327140575, -39.383914896105196 ], [ 173.85460155817691, -39.383819243115198 ], [ 173.854609148754832, -39.383815691429888 ], [ 173.855293318987663, -39.383496934040373 ], [ 173.855947634501263, -39.383188179817346 ], [ 173.855972695648745, -39.383176387616707 ], [ 173.855975956086468, -39.383174857826788 ], [ 173.856001055519016, -39.383163114797874 ], [ 173.856671130806177, -39.382850504529046 ], [ 173.857304667227538, -39.382547550492554 ], [ 173.857354932295095, -39.382523650243549 ], [ 173.857361476882005, -39.382520556113604 ], [ 173.857411897766838, -39.382496854363531 ], [ 173.858008800229186, -39.38221786699706 ], [ 173.858679033670768, -39.381897862066879 ], [ 173.85874751370352, -39.381865418485191 ], [ 173.85875643479099, -39.381861224757586 ], [ 173.858825202257719, -39.381829149453011 ], [ 173.859373770924009, -39.381575277084764 ], [ 173.85986737019573, -39.381344263988431 ], [ 173.859898110126807, -39.381329927280923 ], [ 173.859902110018623, -39.381328068307155 ], [ 173.859932906884836, -39.381313805418259 ], [ 173.860437407838447, -39.381080974885101 ], [ 173.860836838964843, -39.380884204274786 ], [ 173.860973552679525, -39.380817884656466 ], [ 173.860991401784133, -39.380809359353655 ], [ 173.861129289680832, -39.380744520465974 ], [ 173.861745727244028, -39.380459176059063 ], [ 173.861913497363531, -39.380380808771356 ], [ 173.862649865379694, -39.379951331248989 ], [ 173.862006837386161, -39.379438798891698 ], [ 173.861733772749773, -39.379537413895335 ], [ 173.861695192413407, -39.379551280090276 ], [ 173.861690172727947, -39.379553075555904 ], [ 173.861651527134057, -39.379566831909074 ], [ 173.860897091270971, -39.379834080882041 ], [ 173.860107901296658, -39.380114686185088 ], [ 173.860088822062551, -39.380121453731988 ], [ 173.860086340736473, -39.38012233177254 ], [ 173.860067245723229, -39.380129072541749 ], [ 173.859398752065658, -39.38036449007371 ], [ 173.85865822041373, -39.380628591481781 ], [ 173.858649790867076, -39.380631594610158 ], [ 173.858044359506749, -39.380846706690868 ], [ 173.85745090204091, -39.381061284569739 ], [ 173.857370261955793, -39.381090150444216 ], [ 173.857359760386174, -39.381093871808673 ], [ 173.857278837862282, -39.381122257694862 ], [ 173.856719740122344, -39.38131637834887 ], [ 173.85620653860471, -39.381503807405942 ], [ 173.856189849943746, -39.381509889737757 ], [ 173.856187679607388, -39.381510679102938 ], [ 173.856170978477934, -39.381516740850884 ], [ 173.855557870837117, -39.38173880786524 ], [ 173.855533320729336, -39.381747672728601 ], [ 173.855530127485792, -39.381748822268413 ], [ 173.855505550769863, -39.381757642632955 ], [ 173.854839788891979, -39.381995844212419 ], [ 173.854784965921738, -39.382015325052954 ], [ 173.85477783050024, -39.382017843169415 ], [ 173.854722877755023, -39.382037102582025 ], [ 173.854221721619268, -39.382211526715935 ], [ 173.853697605404079, -39.382402369259381 ], [ 173.853601549320217, -39.382436930889163 ], [ 173.853589035861802, -39.382441379579284 ], [ 173.853492577201649, -39.382475259335465 ], [ 173.852962411395623, -39.38265921311519 ], [ 173.852532397053153, -39.382813096327304 ], [ 173.8520887110366, -39.382978903838669 ], [ 173.851451080108347, -39.383221489606214 ], [ 173.851219749442862, -39.383307051481317 ], [ 173.851189521784846, -39.383317915385149 ], [ 173.850955811569293, -39.383399490487697 ], [ 173.850227354834942, -39.383646279283475 ], [ 173.849643563556697, -39.383856126393233 ], [ 173.848963267422249, -39.384100718995029 ], [ 173.848936551522968, -39.384110292349099 ], [ 173.848933076428324, -39.384111533463972 ], [ 173.848906329333232, -39.384121054184995 ], [ 173.848262858515085, -39.384349331042785 ], [ 173.847664668034923, -39.384564459311939 ], [ 173.846995295702271, -39.384806478283167 ], [ 173.846388527159462, -39.385026113671238 ], [ 173.845760144876266, -39.385255502304403 ], [ 173.845632624447177, -39.385301322650726 ], [ 173.845616000898048, -39.385307201153076 ], [ 173.845487774419354, -39.385351819303821 ], [ 173.844863736207799, -39.385565445827204 ], [ 173.844329123647071, -39.385751544389286 ], [ 173.84369329402432, -39.385978530335493 ], [ 173.843466016512536, -39.386057383557365 ], [ 173.843436332069842, -39.386067387264276 ], [ 173.843206925859164, -39.38614243722165 ], [ 173.842517552776826, -39.386361230965825 ], [ 173.842546613495642, -39.386451860545158 ], [ 173.842798523266595, -39.387225959308701 ], [ 173.842806888754467, -39.387251826862148 ], [ 173.842807969846945, -39.387255190886748 ], [ 173.842816236551215, -39.387281077557901 ], [ 173.843052852610043, -39.38802674763248 ], [ 173.843254482432144, -39.388658351775327 ], [ 173.843394814705675, -39.389091996891317 ], [ 173.84349176927509, -39.389046505032532 ], [ 173.843524134338764, -39.389031374848386 ], [ 173.843528345911579, -39.389029413245908 ], [ 173.843560774276057, -39.389014364930446 ], [ 173.844230066618195, -39.388704924705358 ], [ 173.844847269160823, -39.388413277211527 ], [ 173.844934337765665, -39.388372538855634 ] ], [ [ 174.800703158768016, -39.08310328391854 ], [ 174.800689629109229, -39.083104770930959 ], [ 174.799117076747166, -39.083276856343986 ], [ 174.798596066159149, -39.083585245469749 ], [ 174.798476238495795, -39.083645235758745 ], [ 174.796878211622101, -39.084313447371308 ], [ 174.796792786540948, -39.084342692090075 ], [ 174.796170236028104, -39.084538067760931 ], [ 174.795995331358824, -39.084745256867315 ], [ 174.795492016392757, -39.085390702419694 ], [ 174.795342419090815, -39.085577364498974 ], [ 174.795322593925277, -39.085601441775516 ], [ 174.795167188671371, -39.085785199327454 ], [ 174.794546993312053, -39.086499387548692 ], [ 174.794400069155103, -39.086741433951602 ], [ 174.794012284968517, -39.087387596345366 ], [ 174.793984597093129, -39.087433396103144 ], [ 174.793980976224077, -39.08743934214003 ], [ 174.793952958421556, -39.087485019872709 ], [ 174.793593918843584, -39.088066156951463 ], [ 174.793147152521243, -39.088822418244547 ], [ 174.792599215276255, -39.089637518482249 ], [ 174.792521232016071, -39.089740372909596 ], [ 174.791869426045594, -39.090507647890924 ], [ 174.791523014804454, -39.090873356930878 ], [ 174.791691029978523, -39.090855710343796 ], [ 174.791700317316952, -39.090855308761391 ], [ 174.791771770647699, -39.090852391969392 ], [ 174.792863798677757, -39.090810449831181 ], [ 174.794093854394191, -39.090814264878567 ], [ 174.794253275159178, -39.090821380186441 ], [ 174.794910924387409, -39.090878214020179 ], [ 174.795109903878341, -39.090846651701838 ], [ 174.796265998726767, -39.090593788463202 ], [ 174.796460184482982, -39.090561944137214 ], [ 174.797974765139486, -39.090394183177494 ], [ 174.79988891770256, -39.090282128212408 ], [ 174.801019215133266, -39.09025916664546 ], [ 174.801165989417029, -39.09026178234425 ], [ 174.801243673404969, -39.090266136309417 ], [ 174.801417442331484, -39.09010514293859 ], [ 174.801595020234572, -39.089985135144588 ], [ 174.804663897344511, -39.0884946027019 ], [ 174.804880362462143, -39.088423226348368 ], [ 174.808389982351343, -39.087744590317008 ], [ 174.808624152106404, -39.087728829898367 ], [ 174.809861070368555, -39.087797314413542 ], [ 174.810216452092249, -39.087766996229306 ], [ 174.810275406262349, -39.087765594664447 ], [ 174.810729171532643, -39.087761752014892 ], [ 174.812082335683527, -39.087770987352641 ], [ 174.813003581156636, -39.0878059484983 ], [ 174.813122919998193, -39.087814206902415 ], [ 174.814911271099618, -39.088049278730701 ], [ 174.814965813165372, -39.088059934370563 ], [ 174.814151408647859, -39.086862336697692 ], [ 174.814108651987311, -39.086785415421019 ], [ 174.813806969279852, -39.086184525906241 ], [ 174.813749914905856, -39.086057670432773 ], [ 174.812717299836947, -39.085334912674682 ], [ 174.812562536042918, -39.085219824830411 ], [ 174.812113174548699, -39.085228572891644 ], [ 174.812078768407218, -39.08522713508642 ], [ 174.81028103681777, -39.085040941569339 ], [ 174.810084539883519, -39.085008193267299 ], [ 174.808594745282448, -39.084677141579213 ], [ 174.806223874669968, -39.084013423392868 ], [ 174.805455627148092, -39.083804142678034 ], [ 174.804709238144113, -39.08357790138389 ], [ 174.804613631162084, -39.083545906357088 ], [ 174.803889143864524, -39.083279916625294 ], [ 174.803468428690053, -39.083111330291239 ], [ 174.803205173907827, -39.083082479829898 ], [ 174.803029753101526, -39.083054850377536 ], [ 174.802570915345797, -39.082960059529583 ], [ 174.801829796803105, -39.082977871478221 ], [ 174.800718444909222, -39.083101590311912 ], [ 174.800704917478811, -39.083103089796246 ], [ 174.800703158768016, -39.08310328391854 ] ], [ [ 174.790183605383334, -39.044965575609069 ], [ 174.789761171933918, -39.044928840172659 ], [ 174.788715271630423, -39.044822653119972 ], [ 174.788556505771993, -39.044805659028818 ], [ 174.788535886863031, -39.044803338237848 ], [ 174.788377438741634, -39.044784627853147 ], [ 174.786606749730282, -39.044565711339693 ], [ 174.786010631087322, -39.044479440872621 ], [ 174.785933566499239, -39.044466647691401 ], [ 174.784522656072767, -39.044140359803635 ], [ 174.782302433063364, -39.044284537816381 ], [ 174.78206818145847, -39.044270993268782 ], [ 174.778550517668009, -39.043625488430152 ], [ 174.778333104504952, -39.043556150815746 ], [ 174.776521698600817, -39.042699191600789 ], [ 174.775835043318438, -39.042770875137187 ], [ 174.775384815900054, -39.042799198607369 ], [ 174.775207858874296, -39.042868408878519 ], [ 174.775344576130522, -39.042937140835939 ], [ 174.776707808480012, -39.043739639514385 ], [ 174.778213912135811, -39.044771004295214 ], [ 174.778516324905894, -39.044985598188433 ], [ 174.778554993291692, -39.045014029137285 ], [ 174.77884747876621, -39.045236834484072 ], [ 174.779613065082799, -39.045841038470797 ], [ 174.779656287536255, -39.045875331972077 ], [ 174.779661891158383, -39.045879801789795 ], [ 174.779704878276362, -39.045914274714924 ], [ 174.78034535316479, -39.046430639471609 ], [ 174.78058030215567, -39.046625778310997 ], [ 174.78061035555487, -39.046651494580544 ], [ 174.781722360616982, -39.047767637246139 ], [ 174.781827199125019, -39.047891883845224 ], [ 174.782701635902555, -39.049129925525818 ], [ 174.782720029046146, -39.049161624773859 ], [ 174.782821750029711, -39.049344104972903 ], [ 174.783427825704308, -39.049598107019214 ], [ 174.783614801161804, -39.049708997397659 ], [ 174.784966999761878, -39.050650256094052 ], [ 174.785005929769426, -39.050681971767418 ], [ 174.785049594448992, -39.050679458818863 ], [ 174.786264334867724, -39.050659502957316 ], [ 174.786421989148494, -39.050663381767372 ], [ 174.787290293364833, -39.050720492458304 ], [ 174.787843861901166, -39.05025960612862 ], [ 174.787844390377785, -39.050259166158021 ], [ 174.78896993324085, -39.049322264314242 ], [ 174.789087606981695, -39.049225750578749 ], [ 174.78910302265345, -39.049213292646861 ], [ 174.789222513093392, -39.0491181458897 ], [ 174.789842395793102, -39.048631790050813 ], [ 174.789947142225571, -39.048544155716606 ], [ 174.790357567465719, -39.048175437422493 ], [ 174.791725316117294, -39.046906673539254 ], [ 174.79174070535359, -39.046892427601428 ], [ 174.791742708407554, -39.046890577244262 ], [ 174.791758135385805, -39.046876356148822 ], [ 174.792527602698584, -39.046168511408915 ], [ 174.7928703234723, -39.045843354086486 ], [ 174.792929799286327, -39.045781904620902 ], [ 174.793272715024528, -39.04539100257373 ], [ 174.793343598478145, -39.045311126950828 ], [ 174.793352884847593, -39.045300782164041 ], [ 174.793424868615801, -39.045221507220326 ], [ 174.793655901431151, -39.044969958802149 ], [ 174.793619919218315, -39.044973515037157 ], [ 174.79180946956987, -39.045040651753617 ], [ 174.791772246930378, -39.045039750714729 ], [ 174.791486029232431, -39.045030050028906 ], [ 174.790662496967713, -39.044994150229854 ], [ 174.790238615836074, -39.044969561669355 ], [ 174.790183605383334, -39.044965575609069 ] ] ], [ [ [ 174.080067638335521, -39.307375620319803 ], [ 174.079849894426275, -39.305972915868317 ], [ 174.079781012891772, -39.304683454818999 ], [ 174.079848395590687, -39.303271556625617 ], [ 174.079875579650491, -39.303089672010501 ], [ 174.080852027100036, -39.300376720951647 ], [ 174.080950217003306, -39.300210263663395 ], [ 174.082957772396583, -39.297864494741802 ], [ 174.083117350999117, -39.29772975589421 ], [ 174.085959453225655, -39.295980737994618 ], [ 174.086164799544207, -39.295890903235588 ], [ 174.089563282231268, -39.294909791573005 ], [ 174.089794300653978, -39.294873651728928 ], [ 174.093416606347233, -39.294756453390121 ], [ 174.093650691777697, -39.294777545036794 ], [ 174.097142383098429, -39.295535732949226 ], [ 174.097356630418744, -39.295611992625417 ], [ 174.1003760317505, -39.297171382224313 ], [ 174.10054947457661, -39.297295347984118 ], [ 174.102801073579712, -39.299503346644606 ], [ 174.102916734444875, -39.299662887384642 ], [ 174.104180090636049, -39.302303411674416 ], [ 174.1042266427377, -39.302482913263603 ], [ 174.104444870297897, -39.303885590535657 ], [ 174.104514206144813, -39.305175053978708 ], [ 174.104447314740668, -39.306586984488447 ], [ 174.104420192110865, -39.306768877076799 ], [ 174.103444539550452, -39.30948205415261 ], [ 174.103346387507173, -39.309648531715581 ], [ 174.101339130501401, -39.311994661456566 ], [ 174.101179551206883, -39.312129425126138 ], [ 174.09833712628938, -39.313878800669933 ], [ 174.098131740150478, -39.313968655306873 ], [ 174.094732422006302, -39.314949984678456 ], [ 174.094501338766719, -39.314986131854319 ], [ 174.090877986143198, -39.315103324676933 ], [ 174.090643834446865, -39.315082225007806 ], [ 174.087151265657241, -39.314323810361117 ], [ 174.086936974709602, -39.314247530367325 ], [ 174.08391718229791, -39.312687779363408 ], [ 174.083743734029497, -39.312563788749287 ], [ 174.081492363985717, -39.31035543204797 ], [ 174.081376737040074, -39.310195871411423 ], [ 174.080114130709973, -39.307555129243859 ], [ 174.080067638335521, -39.307375620319803 ] ] ] ] } }
]
}
