{
"type": "FeatureCollection",
"name": "PowerCo_Priority1_2026 - Captured_Area_New",
"crs": { "type": "name", "properties": { "name": "urn:ogc:def:crs:OGC:1.3:CRS84" } },
"xy_coordinate_resolution": 1e-15,
"features": [
{ "type": "Feature", "properties": { "Tasking_1": "Non_Priority", "ID": 1, "Area": 867.37848174652618, "Project": "PGRM3365", "layer": "Dissolved", "path": "MultiPolygon?crs=EPSG:32760&field=Tasking_1:string(100,0)&field=ID:long(10,0)&field=Area:double(10,3)&uid={84b310d5-9874-40d1-8f72-76aa82d4b5eb}", "SN_No": "AiDash Inc", "Company_Name": "SN14592", "Description": "NI Powerco Network (BOP/Coromandel) 2026/27 orthos", "Percentage_Coverage": 28.54 }, "geometry": { "type": "MultiPolygon", "coordinates": [ [ [ [ 175.9329031348434, -39.471589981178766 ], [ 175.932979898122028, -39.471901723613641 ], [ 175.937233358230372, -39.471250747062186 ], [ 175.937286395876157, -39.471267001203714 ], [ 175.940417825739956, -39.472700794838943 ], [ 175.940600056597674, -39.472817519482639 ], [ 175.941910676002323, -39.473800895763674 ], [ 175.943998838211286, -39.475634663981765 ], [ 175.94408751913744, -39.475713455065453 ], [ 175.944098970598986, -39.475723749396622 ], [ 175.944186466004311, -39.475803332639586 ], [ 175.944700834014441, -39.476276718371437 ], [ 175.944766666149462, -39.476337850950586 ], [ 175.944775178854627, -39.476345827335308 ], [ 175.944840311414112, -39.476407408367393 ], [ 175.945181644264778, -39.476733051214723 ], [ 175.947375000604666, -39.478775131935009 ], [ 175.948351623397883, -39.47968300494076 ], [ 175.948365302184698, -39.479695744383726 ], [ 175.94836707845883, -39.479697401775795 ], [ 175.948380726965837, -39.479710160672312 ], [ 175.949563555337392, -39.480817940675045 ], [ 175.950563958540613, -39.481630662265005 ], [ 175.951604337103106, -39.482469097532061 ], [ 175.95166969449599, -39.48252219885569 ], [ 175.951678154546414, -39.482529128723243 ], [ 175.951742951775572, -39.482582640746962 ], [ 175.952538978368096, -39.483245408719483 ], [ 175.95404140908667, -39.484465545479843 ], [ 175.954087153444419, -39.484502907116401 ], [ 175.95409308225112, -39.484507777258308 ], [ 175.954138550304549, -39.484545340881738 ], [ 175.95512646089108, -39.485366182249713 ], [ 175.956729641898448, -39.486667758609947 ], [ 175.956803640798313, -39.48672839427477 ], [ 175.956813213345555, -39.48673631126119 ], [ 175.956886484403583, -39.48679747538781 ], [ 175.957939736695806, -39.487684884176851 ], [ 175.95800686112841, -39.487741926753067 ], [ 175.958015546153916, -39.487749371115079 ], [ 175.958082037498315, -39.487806857185078 ], [ 175.959447922080415, -39.488997950977719 ], [ 175.960615239085371, -39.490006792449634 ], [ 175.960620209982437, -39.490011091141376 ], [ 175.963220148871784, -39.492263044579765 ], [ 175.964482984135145, -39.493338575016331 ], [ 175.964512411634274, -39.493363732312758 ], [ 175.964516229243969, -39.493367008334026 ], [ 175.96454553420142, -39.493392251364746 ], [ 175.965089933676694, -39.493862968409687 ], [ 175.965539720519132, -39.494248455563749 ], [ 175.966606531017902, -39.49531305989467 ], [ 175.9667311192988, -39.495458698008214 ], [ 175.967616810523452, -39.496694789388251 ], [ 175.967621422363806, -39.496702616485827 ], [ 175.968246652966911, -39.498030831221406 ], [ 175.968307062027208, -39.498199169136683 ], [ 175.968577329172263, -39.499252053201936 ], [ 175.969591493844888, -39.499475825021584 ], [ 175.970530041183451, -39.499679461610334 ], [ 175.970557450848474, -39.499685436597815 ], [ 175.970561012873844, -39.499686216724307 ], [ 175.970588403598896, -39.499692243682958 ], [ 175.971174106325407, -39.4998217183728 ], [ 175.971213792876682, -39.499830550363711 ], [ 175.971218949481653, -39.499831705613616 ], [ 175.972926850413955, -39.500329786021275 ], [ 175.973136173976968, -39.50040584554629 ], [ 175.973482807489717, -39.500558568750257 ], [ 175.973576200345491, -39.500522668677739 ], [ 175.975501740725377, -39.499779682726462 ], [ 175.976921594057671, -39.499230431995713 ], [ 175.976927419653634, -39.499228179947245 ], [ 175.978621877712271, -39.498574290744166 ], [ 175.97863291064607, -39.498570038610929 ], [ 175.979140183842901, -39.498375190228437 ], [ 175.980703237305391, -39.497769700243168 ], [ 175.982215596053635, -39.497183182800988 ], [ 175.982219738875159, -39.497181576894953 ], [ 175.982303082159035, -39.497149310423545 ], [ 175.982595774105818, -39.496995713162548 ], [ 175.982609385718945, -39.496988580964519 ], [ 175.982611156074995, -39.496987654746725 ], [ 175.982624780708591, -39.496980537440088 ], [ 175.983239237933532, -39.496660039909337 ], [ 175.984118092299354, -39.496190759792057 ], [ 175.984157780158768, -39.496169661163343 ], [ 175.984162946883828, -39.496166926624404 ], [ 175.984202747101506, -39.496145955423188 ], [ 175.985055133247045, -39.495698812848119 ], [ 175.985069609310244, -39.495691231209506 ], [ 175.985071492150212, -39.495690246693727 ], [ 175.985085982855082, -39.495682681935733 ], [ 175.985639554729374, -39.495394159779302 ], [ 175.986441126036596, -39.494972790549745 ], [ 175.98644277345258, -39.494971924684059 ], [ 175.987697832482098, -39.494312574932046 ], [ 175.989159918608067, -39.493541141914619 ], [ 175.989176449228694, -39.493532435845935 ], [ 175.989178599462406, -39.493531305488915 ], [ 175.989195149360796, -39.493522621449365 ], [ 175.989884235441707, -39.493161710031444 ], [ 175.990722106031171, -39.492269090269183 ], [ 175.990866995049544, -39.492137776098787 ], [ 175.992157848895118, -39.491138540661709 ], [ 175.992168245695382, -39.491131666909446 ], [ 175.992248529516417, -39.491079071991031 ], [ 175.992636537121768, -39.490827203324038 ], [ 175.992872007275963, -39.490678364006769 ], [ 175.992902939376108, -39.490659328058385 ], [ 175.993143347692268, -39.490515306620885 ], [ 175.993620054574762, -39.490237357712829 ], [ 175.99485322707659, -39.489609144195448 ], [ 175.995019567565407, -39.489535671142249 ], [ 175.99634548121486, -39.489033528941924 ], [ 175.998052245592248, -39.488488165213937 ], [ 175.998419720222302, -39.488356902232937 ], [ 175.998589422212206, -39.488297555466801 ], [ 175.998611561749073, -39.488289977716363 ], [ 175.998782468023393, -39.488232743704827 ], [ 176.000090591043062, -39.487804258939796 ], [ 176.001111857935285, -39.487455699708562 ], [ 176.001213895836088, -39.487421324138765 ], [ 176.00122718804613, -39.487416904587086 ], [ 176.00132964568553, -39.48738328705366 ], [ 176.00200018289226, -39.487166198783214 ], [ 176.00300577883803, -39.486834910459955 ], [ 176.003055525465555, -39.486818626976323 ], [ 176.003061998834596, -39.486816521770145 ], [ 176.003111842499692, -39.486800417466689 ], [ 176.005140595120992, -39.486149191600241 ], [ 176.006157558338259, -39.485804358584389 ], [ 176.006415563794718, -39.485719726905728 ], [ 176.006449270641042, -39.485709039445304 ], [ 176.006709832067429, -39.485629248650042 ], [ 176.00706461463858, -39.48552441518973 ], [ 176.007983645196788, -39.485216779137417 ], [ 176.008014636671703, -39.485206446201865 ], [ 176.008018668068587, -39.485205107452138 ], [ 176.008049698084193, -39.485194844237895 ], [ 176.00944090751338, -39.484736536267171 ], [ 176.009489028222731, -39.484720782201343 ], [ 176.00949528981937, -39.484718745071071 ], [ 176.011227767826512, -39.484275394472306 ], [ 176.011450903051667, -39.484233000623185 ], [ 176.013251538599832, -39.484005088863327 ], [ 176.013258306024539, -39.48400465058748 ], [ 176.01508278027282, -39.483997790973227 ], [ 176.015311900544305, -39.484010895621701 ], [ 176.017115307229204, -39.484225253774078 ], [ 176.017121918301513, -39.484226457240574 ], [ 176.017172745877758, -39.484235803188653 ], [ 176.017532685006472, -39.484302648684256 ], [ 176.019301442705455, -39.484534465091684 ], [ 176.020099963266887, -39.484566867077824 ], [ 176.020921623196585, -39.484566658087857 ], [ 176.021072991503814, -39.484514788238002 ], [ 176.021248308290012, -39.484174449637671 ], [ 176.021275769141823, -39.484124531757786 ], [ 176.022120698031102, -39.482871471937706 ], [ 176.022209427239829, -39.482761809400557 ], [ 176.022970092917319, -39.481967734916708 ], [ 176.02197758867834, -39.480315337257956 ], [ 176.020230406223703, -39.477435149780234 ], [ 176.020163739849352, -39.477323265642838 ], [ 176.020155201995067, -39.477308675450004 ], [ 176.020090516762082, -39.477196095083812 ], [ 176.019557505743336, -39.476251069402657 ], [ 176.019154907312981, -39.475430446826067 ], [ 176.019109393079361, -39.47532204519009 ], [ 176.018682770683512, -39.473947443821693 ], [ 176.01866865082485, -39.473878541732425 ], [ 176.01852475177887, -39.472469140696504 ], [ 176.018524689362579, -39.4723551444837 ], [ 176.018579398403972, -39.471478232292 ], [ 176.018622103049552, -39.471138281861123 ], [ 176.018687154666253, -39.470375906788369 ], [ 176.018686854507649, -39.470371702355486 ], [ 176.018676435040533, -39.470227454176324 ], [ 176.018388780214025, -39.469660559974521 ], [ 176.016728692417473, -39.46900153769527 ], [ 176.015421289600965, -39.468482556116385 ], [ 176.014305443926702, -39.468040014687453 ], [ 176.013305038494138, -39.467648870573932 ], [ 176.013288447475958, -39.467642370711417 ], [ 176.013286291515442, -39.467641524392327 ], [ 176.013269713909636, -39.467635003961036 ], [ 176.012351307251123, -39.467273047549796 ], [ 176.010464735517047, -39.466530843582149 ], [ 176.010446489720977, -39.466523649534849 ], [ 176.010444118832169, -39.466522712690399 ], [ 176.010425889415643, -39.466515493746329 ], [ 176.006743727436969, -39.465054079030793 ], [ 176.006722327311934, -39.465045563333732 ], [ 176.006719546779522, -39.465044454063744 ], [ 176.005148872161783, -39.464289771365777 ], [ 176.005074300071158, -39.464247227413608 ], [ 176.004999501532723, -39.464204923018897 ], [ 176.00359801979684, -39.463271306177617 ], [ 176.003595817722783, -39.46326958513901 ], [ 176.003578896376325, -39.463256332799581 ], [ 176.003246759519158, -39.462995671806794 ], [ 176.00227390747645, -39.462270315098714 ], [ 176.001066982232857, -39.461394662374239 ], [ 176.000931146366327, -39.461294502836942 ], [ 176.000913624343951, -39.461281372545251 ], [ 176.000779890635812, -39.461179527597487 ], [ 175.999229220104837, -39.459979377423373 ], [ 175.996190722895562, -39.457674122367457 ], [ 175.995659133548457, -39.457285786317058 ], [ 175.994505400911521, -39.457494635841527 ], [ 175.994405433722562, -39.457506361222386 ], [ 175.99430550864858, -39.457518300449571 ], [ 175.992470706314094, -39.457623297211484 ], [ 175.992468620340418, -39.457623288230472 ], [ 175.990635436457723, -39.457502499282036 ], [ 175.990535688713891, -39.457489700390163 ], [ 175.99043589579756, -39.457477114969485 ], [ 175.98864906687993, -39.457137388665139 ], [ 175.988647086624013, -39.4571368803662 ], [ 175.988631857357262, -39.457132962218857 ], [ 175.985830239284553, -39.456410462979512 ], [ 175.985793096645381, -39.456400829930786 ], [ 175.985788270838469, -39.456399571330124 ], [ 175.985751170294378, -39.456389841291703 ], [ 175.985427378944649, -39.456304451114612 ], [ 175.985289119819669, -39.456274422278 ], [ 175.983577010693438, -39.455787351793759 ], [ 175.983362197333292, -39.455710924835621 ], [ 175.980335405960034, -39.454148781803319 ], [ 175.980161581492041, -39.454024631005034 ], [ 175.977905778973906, -39.451813798240593 ], [ 175.977789959146776, -39.451654079874437 ], [ 175.976525924571916, -39.449011020933384 ], [ 175.976479441717032, -39.448831372298194 ], [ 175.97633079976228, -39.446014841825132 ], [ 175.976358195387888, -39.4458328494309 ], [ 175.977339356295488, -39.44311855161726 ], [ 175.977437939802314, -39.442952029218439 ], [ 175.97945274223386, -39.440605628991385 ], [ 175.979612857697788, -39.440470874208366 ], [ 175.982464026901738, -39.438722003357022 ], [ 175.982670000507795, -39.438632203402932 ], [ 175.986078478714802, -39.437652001796842 ], [ 175.986310153245739, -39.437615943966804 ], [ 175.98994240258051, -39.437500326961931 ], [ 175.990177108668746, -39.437521539597036 ], [ 175.991642699106791, -39.437745482592611 ], [ 175.993074138442637, -39.437068156069856 ], [ 175.993292613830761, -39.43699835413269 ], [ 175.99682900077363, -39.436345362725909 ], [ 175.997064597158385, -39.436331320632235 ], [ 176.000688127390276, -39.436557564901896 ], [ 176.000917792073693, -39.43660065676734 ], [ 176.004273907085206, -39.43768400069699 ], [ 176.004475167003505, -39.437780010105442 ], [ 176.007235443929318, -39.439614447766928 ], [ 176.007388602374988, -39.439753979847865 ], [ 176.007728577020515, -39.44018581639348 ], [ 176.008577750186049, -39.440667595308412 ], [ 176.009869863725385, -39.441388881765619 ], [ 176.010559917507067, -39.441805518635896 ], [ 176.010646871136657, -39.441862220202147 ], [ 176.011294565608154, -39.442317915378204 ], [ 176.012061969963781, -39.442900124878058 ], [ 176.013250893872822, -39.4437685053962 ], [ 176.013330582382224, -39.443827262303955 ], [ 176.013340895052096, -39.44383493853271 ], [ 176.013419863002383, -39.443894277452401 ], [ 176.016586315691768, -39.446296150462146 ], [ 176.016627757747273, -39.446327741789489 ], [ 176.016633131937652, -39.446331859080047 ], [ 176.016674369733352, -39.446363610684443 ], [ 176.018127551060417, -39.447488089662357 ], [ 176.019250332101336, -39.448302544636064 ], [ 176.019308043409836, -39.448344694243616 ], [ 176.019315521688725, -39.448350193468904 ], [ 176.019372860824518, -39.448392647327402 ], [ 176.019699446314462, -39.448636106356609 ], [ 176.021687879800538, -39.449425219072907 ], [ 176.023558739777428, -39.450161190029206 ], [ 176.02356304794003, -39.450162885611199 ], [ 176.024471517715796, -39.450520900114718 ], [ 176.025485947447407, -39.45091749971796 ], [ 176.025515856692806, -39.450929234756636 ], [ 176.02551974205042, -39.450930764655709 ], [ 176.025549607537357, -39.450942566525903 ], [ 176.026699149666655, -39.451398439823464 ], [ 176.026701388108933, -39.451399327738244 ], [ 176.02801289618472, -39.451919901867598 ], [ 176.02801315811854, -39.451920005837458 ], [ 176.029802483699143, -39.452630281128741 ], [ 176.029815493544533, -39.452635453262111 ], [ 176.029817184279295, -39.452636126464242 ], [ 176.029830185738433, -39.452641311286271 ], [ 176.030782731094064, -39.453021756245761 ], [ 176.032437120667566, -39.453673582632391 ], [ 176.032449668855037, -39.453678533875809 ], [ 176.032451299612319, -39.453679178301698 ], [ 176.032463839998258, -39.453684141302666 ], [ 176.033838438934794, -39.454228956092635 ], [ 176.0343354973744, -39.454437932763355 ], [ 176.034399224726513, -39.454466301739963 ], [ 176.035904643344367, -39.455264352816258 ], [ 176.036031944908359, -39.455343882994782 ], [ 176.037357829116047, -39.456314657114639 ], [ 176.037407132367491, -39.456356902885219 ], [ 176.038520833480561, -39.457476504101436 ], [ 176.038610209144736, -39.457582635827784 ], [ 176.039484300924869, -39.458823502043295 ], [ 176.039514353598946, -39.458875490386085 ], [ 176.039732975951182, -39.459279761117344 ], [ 176.040302181740373, -39.460408556781708 ], [ 176.04030245034167, -39.460409089486788 ], [ 176.040758454862754, -39.461313666730177 ], [ 176.041259128644526, -39.462299719599116 ], [ 176.041259159075821, -39.462299779531833 ], [ 176.041982755652953, -39.46372486832891 ], [ 176.042438707036126, -39.464622241746191 ], [ 176.042440049421629, -39.464624884910478 ], [ 176.042973451641984, -39.465979516510771 ], [ 176.042998218323731, -39.466066359511245 ], [ 176.043023047580647, -39.466153191775845 ], [ 176.043277006912831, -39.467555766707569 ], [ 176.043277032513004, -39.467556092903571 ], [ 176.043349787250463, -39.468487399162363 ], [ 176.043351262859119, -39.468506628486537 ], [ 176.043351451240255, -39.468509128454912 ], [ 176.043352873802974, -39.468528360182404 ], [ 176.043400796544319, -39.469188575781345 ], [ 176.043717270539986, -39.469031250025026 ], [ 176.044592188993107, -39.468622448148039 ], [ 176.044604783648651, -39.468616571678169 ], [ 176.044606421571245, -39.468615808542062 ], [ 176.044619025724813, -39.468609944456389 ], [ 176.045145200327738, -39.468365490124121 ], [ 176.045620881518062, -39.468041707615235 ], [ 176.045733389693709, -39.467972198965448 ], [ 176.046631743913309, -39.46746951812181 ], [ 176.047613844452087, -39.466973369939311 ], [ 176.047665310446064, -39.466947519040694 ], [ 176.04767201241296, -39.466944172125423 ], [ 176.04772365360202, -39.466918532019989 ], [ 176.048765906117126, -39.466404039925379 ], [ 176.049298183471507, -39.466156512799536 ], [ 176.049368437987937, -39.466125788532331 ], [ 176.049916999476466, -39.465900634546358 ], [ 176.050706242928044, -39.465597316367138 ], [ 176.050866018237286, -39.465537086032654 ], [ 176.050886864992577, -39.465529379564586 ], [ 176.052589751037175, -39.465022749164859 ], [ 176.052794509121782, -39.46497573976432 ], [ 176.054578659938244, -39.464681798515336 ], [ 176.054601558375339, -39.464679461739181 ], [ 176.054777877388972, -39.464662529825148 ], [ 176.056715925048024, -39.464488046896562 ], [ 176.056774107442266, -39.464482923300238 ], [ 176.056781673268517, -39.464482272002037 ], [ 176.056839888201381, -39.464477375626039 ], [ 176.060577177897272, -39.464170355498077 ], [ 176.061027960766893, -39.464140179197884 ], [ 176.061086638801726, -39.464137141531012 ], [ 176.061538595022768, -39.464120584490978 ], [ 176.062444682115967, -39.464101075150431 ], [ 176.062935281519771, -39.464098537366603 ], [ 176.062999040023016, -39.464099250492374 ], [ 176.064435585830267, -39.464203060902264 ], [ 176.064474137413157, -39.464184608251131 ], [ 176.064676918385459, -39.464089745645573 ], [ 176.064703439218846, -39.464077622927583 ], [ 176.064908671074846, -39.46398598217489 ], [ 176.065299047250505, -39.463815750683779 ], [ 176.066509262429719, -39.463226716746746 ], [ 176.06930595165008, -39.46050166371765 ], [ 176.069517550419022, -39.460301445096931 ], [ 176.069545534737841, -39.460275728257443 ], [ 176.069764463945347, -39.460080303179474 ], [ 176.069894625897575, -39.459967431129648 ], [ 176.070311904981708, -39.459565673508173 ], [ 176.07104706431636, -39.458839947111173 ], [ 176.071059864081377, -39.458827334544409 ], [ 176.071061529933161, -39.458825696060266 ], [ 176.071074358657626, -39.458813101178613 ], [ 176.071684216743137, -39.458215447747527 ], [ 176.072718115917638, -39.457201486970156 ], [ 176.073551726029336, -39.456383365743413 ], [ 176.073558882415284, -39.456376349284298 ], [ 176.07439924999349, -39.455554537337903 ], [ 176.074403068037697, -39.455550805563924 ], [ 176.075236156581241, -39.454737654343191 ], [ 176.075560223444825, -39.454418162472777 ], [ 176.075568262667645, -39.454410245807651 ], [ 176.07556930850626, -39.454409217096625 ], [ 176.075577359108109, -39.454401307437927 ], [ 176.077671929422905, -39.452345690639795 ], [ 176.077691574947863, -39.452326463570181 ], [ 176.077694133249111, -39.452323966750662 ], [ 176.077713846204631, -39.452304781212248 ], [ 176.078883034822098, -39.451170021795349 ], [ 176.079280688591467, -39.450777161939513 ], [ 176.079303682110833, -39.450754520087962 ], [ 176.079306677330408, -39.450751580361121 ], [ 176.079329764111804, -39.450728995646053 ], [ 176.080124998520461, -39.449953593874191 ], [ 176.080685186562448, -39.449401864861734 ], [ 176.08136946411318, -39.448726352354335 ], [ 176.081396817950008, -39.448699453953921 ], [ 176.081400382507752, -39.448695962414462 ], [ 176.081427868020967, -39.448669144823214 ], [ 176.082037623992363, -39.44807651569382 ], [ 176.082794104914285, -39.447335527290406 ], [ 176.083481473253585, -39.446658186701342 ], [ 176.083494696237182, -39.446645181064461 ], [ 176.083496417227849, -39.446643491557275 ], [ 176.083509671023876, -39.446630504775825 ], [ 176.084637910600577, -39.445527056961701 ], [ 176.084646396135867, -39.445518767714738 ], [ 176.084647500068428, -39.445517690617912 ], [ 176.084655998111003, -39.445509409144528 ], [ 176.085254982548946, -39.444926386079715 ], [ 176.085664261381254, -39.444523611217569 ], [ 176.086278500693425, -39.44391760651957 ], [ 176.086287165472555, -39.443909068402938 ], [ 176.086288292754148, -39.443907958976901 ], [ 176.086296970768274, -39.443899429000673 ], [ 176.087052097818059, -39.443158092638427 ], [ 176.087071820601921, -39.443138784085413 ], [ 176.087074388982842, -39.443136276695604 ], [ 176.087094179751858, -39.443117010020792 ], [ 176.087648511236637, -39.442578863488578 ], [ 176.088200834922105, -39.442032738901013 ], [ 176.088236130004788, -39.441998015360014 ], [ 176.088240732619596, -39.441993510054068 ], [ 176.08827624699569, -39.441958921195642 ], [ 176.088909511141367, -39.441345248411437 ], [ 176.088998354541985, -39.441260216181703 ], [ 176.089009990319425, -39.441249216778999 ], [ 176.089100158879432, -39.441165027427488 ], [ 176.089686520503392, -39.440624257408189 ], [ 176.090001897872838, -39.440345265884702 ], [ 176.090043842163624, -39.440309666647032 ], [ 176.090373761567463, -39.440040977548456 ], [ 176.09110027012639, -39.439473173459184 ], [ 176.091237798225478, -39.43936746306548 ], [ 176.09125582328133, -39.439353837169229 ], [ 176.091395603733929, -39.43924991838729 ], [ 176.092122117824061, -39.438718727270789 ], [ 176.092704701732544, -39.438289736972777 ], [ 176.09351958172121, -39.437689619568665 ], [ 176.095630242870129, -39.436132859122871 ], [ 176.09642880136758, -39.435542937705279 ], [ 176.096434173786776, -39.435538971372047 ], [ 176.097989738411059, -39.434392374875976 ], [ 176.098792082692199, -39.4338005653861 ], [ 176.099290121750698, -39.433430205710941 ], [ 176.099303879969511, -39.43341999129354 ], [ 176.09930566994106, -39.433418664556115 ], [ 176.099319449746162, -39.43340846762856 ], [ 176.100117659398137, -39.432818760567933 ], [ 176.100122259084486, -39.432815364168064 ], [ 176.10066867393266, -39.432412450700951 ], [ 176.101602592648561, -39.431722993930123 ], [ 176.101624113128366, -39.431707146965792 ], [ 176.101626914178581, -39.431705089634001 ], [ 176.101648486779368, -39.431689285339964 ], [ 176.102317000015432, -39.431200772049522 ], [ 176.102963041503813, -39.430725791795112 ], [ 176.10376613868263, -39.430132999839763 ], [ 176.103799861205886, -39.430108207300094 ], [ 176.103804253425125, -39.430104991081279 ], [ 176.103838103505382, -39.430080303331394 ], [ 176.105433959667153, -39.428921027540021 ], [ 176.106083482478454, -39.428433255252443 ], [ 176.10622293306028, -39.428205028184834 ], [ 176.107198617688482, -39.426595950554457 ], [ 176.107201542721498, -39.426591130180157 ], [ 176.107658614675245, -39.425839349283521 ], [ 176.10766044524766, -39.425836339798636 ], [ 176.108068530978244, -39.425166251938229 ], [ 176.108070942830579, -39.425162294031637 ], [ 176.108465164428651, -39.42451639557644 ], [ 176.108466975577414, -39.424513429519884 ], [ 176.108934961732388, -39.423747934194402 ], [ 176.109398734412764, -39.422981628326454 ], [ 176.109410471998757, -39.422962293353031 ], [ 176.109412001725815, -39.422959781213343 ], [ 176.109423798402389, -39.422940467883905 ], [ 176.109898087334443, -39.422166333882409 ], [ 176.110367561018563, -39.421395651110295 ], [ 176.11084622504427, -39.42060691449101 ], [ 176.110855818275326, -39.420591146290462 ], [ 176.110857067951741, -39.420589097361066 ], [ 176.110866700511139, -39.420573343570929 ], [ 176.111308911813381, -39.419851914030808 ], [ 176.111737564501766, -39.419130265909082 ], [ 176.111763343053838, -39.419087165876235 ], [ 176.111766713286471, -39.419081569763534 ], [ 176.111792784466445, -39.419038575754641 ], [ 176.11238771677165, -39.418064135321679 ], [ 176.112388103819626, -39.418063501428186 ], [ 176.112778302004301, -39.417424606058553 ], [ 176.113662966168334, -39.415969964665905 ], [ 176.113669271681829, -39.415959613396815 ], [ 176.113670092501025, -39.415958268135114 ], [ 176.113676414975345, -39.415947923070291 ], [ 176.114444483143444, -39.414693215921943 ], [ 176.114856098183026, -39.414010460684224 ], [ 176.115285707849097, -39.413293452867229 ], [ 176.115306109466218, -39.413259586648998 ], [ 176.115308773437079, -39.413255188327369 ], [ 176.115329355987228, -39.413221388058531 ], [ 176.115798777036332, -39.412454626504257 ], [ 176.116265415665254, -39.41169051981614 ], [ 176.11672051955955, -39.410942499021594 ], [ 176.117184622170498, -39.410173231027336 ], [ 176.117187688043657, -39.410168153222081 ], [ 176.117669535475159, -39.409371734997258 ], [ 176.117671133669575, -39.409369094505742 ], [ 176.118140638790976, -39.40859421338687 ], [ 176.118148247382351, -39.408581680896219 ], [ 176.118149238112693, -39.408580052263616 ], [ 176.118156871526622, -39.408567528868303 ], [ 176.119168346092863, -39.406911352331726 ], [ 176.119169581907272, -39.406909329410261 ], [ 176.119326430774123, -39.40665279041383 ], [ 176.119463829640182, -39.405310690080114 ], [ 176.119463842866082, -39.405310625607846 ], [ 176.11989079752729, -39.403935609712576 ], [ 176.119927165959865, -39.403849007544885 ], [ 176.119963521851844, -39.403762402231287 ], [ 176.12066236361801, -39.402456096142508 ], [ 176.120662401875165, -39.402456037995918 ], [ 176.121485263332971, -39.401416028172932 ], [ 176.121503383614026, -39.401327696243364 ], [ 176.121576534657294, -39.401153473039052 ], [ 176.123228470678441, -39.398642688049705 ], [ 176.123367426403746, -39.398494527224301 ], [ 176.12593839820002, -39.396502626728108 ], [ 176.1261295539542, -39.396395027914011 ], [ 176.126909122411888, -39.396087365636767 ], [ 176.127800547213297, -39.395437685863236 ], [ 176.128417757111976, -39.395018673763104 ], [ 176.128500371306899, -39.394966466838454 ], [ 176.129154149143915, -39.394582295273707 ], [ 176.129528162006721, -39.394378229575871 ], [ 176.129809281002906, -39.39420116783343 ], [ 176.130640514572434, -39.393676850916144 ], [ 176.131495187873156, -39.393135390746991 ], [ 176.131504338385014, -39.393129599568013 ], [ 176.131505528446297, -39.393128847183014 ], [ 176.131514686569744, -39.39312306320835 ], [ 176.132397485395529, -39.392566086844354 ], [ 176.133259286180788, -39.392021149539559 ], [ 176.13399802203881, -39.391552287061607 ], [ 176.135494566633071, -39.390745737546354 ], [ 176.13569848672131, -39.390653337724068 ], [ 176.139083629862597, -39.389630063281622 ], [ 176.139314361659302, -39.389591074771985 ], [ 176.14294129523995, -39.389429465433757 ], [ 176.143176261513361, -39.389447703332451 ], [ 176.146690095032938, -39.390163573941869 ], [ 176.146906304620558, -39.390237253792023 ], [ 176.149963200308264, -39.39176055758562 ], [ 176.150139495226853, -39.391882469749191 ], [ 176.152440279186976, -39.39406414447479 ], [ 176.1525594033875, -39.394222358847522 ], [ 176.153878829295479, -39.396848899186857 ], [ 176.153929117450161, -39.397027931660951 ], [ 176.154137926489398, -39.399842268684026 ], [ 176.154114447637937, -39.400024595688059 ], [ 176.153192061027397, -39.402751247122943 ], [ 176.153097104462944, -39.402919020425202 ], [ 176.151133690976138, -39.40529105499256 ], [ 176.150976545584058, -39.405427849112748 ], [ 176.149660964117572, -39.406406298436437 ], [ 176.148913504098857, -39.406880761165674 ], [ 176.148904302500284, -39.406886595949217 ], [ 176.148020458292905, -39.407445550737748 ], [ 176.148014995291561, -39.407449003422478 ], [ 176.147131898159728, -39.40800624336029 ], [ 176.146276727403006, -39.408548090509413 ], [ 176.14626716944494, -39.408554139909093 ], [ 176.14626592637174, -39.408554925819274 ], [ 176.146256360126557, -39.408560967345345 ], [ 176.145411471483925, -39.409093967813867 ], [ 176.145407864854093, -39.40909624211838 ], [ 176.145215612001806, -39.409217348207633 ], [ 176.145005179311823, -39.409614239319872 ], [ 176.144882263055052, -39.4097707099301 ], [ 176.144130735677464, -39.410456738088818 ], [ 176.143787379798482, -39.411339458061548 ], [ 176.143750532149028, -39.411412806068313 ], [ 176.14344261677644, -39.411969624169615 ], [ 176.142692611565678, -39.413209078990569 ], [ 176.142164939405063, -39.414082881497542 ], [ 176.142153682655589, -39.414101466762325 ], [ 176.142152215730391, -39.414103881549813 ], [ 176.142140904400492, -39.414122446861867 ], [ 176.14152645589752, -39.415127958317854 ], [ 176.140524688059514, -39.416769090452533 ], [ 176.140066381010229, -39.417525884343824 ], [ 176.13959184234534, -39.41831062983497 ], [ 176.139122337183977, -39.41908926132303 ], [ 176.139114362770641, -39.419102458167153 ], [ 176.139113324308909, -39.419104173104635 ], [ 176.139105322387877, -39.419117359914168 ], [ 176.138638062676705, -39.419885759814981 ], [ 176.138634025399654, -39.41989239205337 ], [ 176.138157668796282, -39.420672821025967 ], [ 176.138155001255512, -39.420677188261202 ], [ 176.137702894006566, -39.421416053211715 ], [ 176.137288957364973, -39.422107268572034 ], [ 176.137283197366997, -39.422116872062276 ], [ 176.137282447621402, -39.422118120174019 ], [ 176.137276673071398, -39.422127718403154 ], [ 176.136843679653197, -39.422846311931281 ], [ 176.136829184810551, -39.42287027537246 ], [ 176.136827294584293, -39.422873388466471 ], [ 176.136812709022649, -39.422897318779107 ], [ 176.136036103728088, -39.424166627864942 ], [ 176.13515423128112, -39.425617433083872 ], [ 176.135149699079108, -39.425624880313727 ], [ 176.134752064307861, -39.42627629619016 ], [ 176.134185644508534, -39.427204517238522 ], [ 176.133753247368929, -39.427932857807555 ], [ 176.133723749864174, -39.427982151658227 ], [ 176.133719890301563, -39.427988550831714 ], [ 176.133690009920485, -39.428037705803916 ], [ 176.133226222882058, -39.428794725274734 ], [ 176.132754140466744, -39.429573022453575 ], [ 176.132750101645854, -39.42957967400433 ], [ 176.132717183305346, -39.429633741485524 ], [ 176.134681491045882, -39.431270502903182 ], [ 176.134813428341033, -39.431422508735693 ], [ 176.135290385137182, -39.432217697631614 ], [ 176.135868281185964, -39.432511920739003 ], [ 176.137353013498625, -39.433250483767374 ], [ 176.138203047443596, -39.433671176560829 ], [ 176.138309771873764, -39.433724634104749 ], [ 176.138323596649798, -39.433731642193905 ], [ 176.138429561082376, -39.433786001406737 ], [ 176.138490814892975, -39.433817798936282 ], [ 176.139490514516154, -39.433852501101569 ], [ 176.140269898828052, -39.433877541482723 ], [ 176.140320305433619, -39.433879245809599 ], [ 176.140326857643572, -39.433879478402524 ], [ 176.14037725426823, -39.433881352428507 ], [ 176.141841802303418, -39.433938274655908 ], [ 176.142862194379489, -39.433969465085241 ], [ 176.142900571148942, -39.433970687245157 ], [ 176.142905559776779, -39.433970852519096 ], [ 176.142943931127718, -39.433972173035322 ], [ 176.144019878242887, -39.434010577528021 ], [ 176.144033555284949, -39.434011071909936 ], [ 176.144035333254493, -39.434011136991955 ], [ 176.144049009589878, -39.434011643871955 ], [ 176.145740769101224, -39.434075107119973 ], [ 176.146739155840947, -39.43410267472072 ], [ 176.146824917537685, -39.434105288360726 ], [ 176.146836064788346, -39.434105660056417 ], [ 176.146921799256376, -39.43410876481169 ], [ 176.147960850404445, -39.434149370545093 ], [ 176.149085626801622, -39.43418299254197 ], [ 176.149116624833169, -39.434183951125306 ], [ 176.149120654355613, -39.434184079912043 ], [ 176.149151648976925, -39.434185102663008 ], [ 176.150247123239581, -39.43422238165536 ], [ 176.151208897774893, -39.434254181539089 ], [ 176.151228726437608, -39.434254850222416 ], [ 176.151231304072127, -39.434254938858416 ], [ 176.151251131325353, -39.434255633805726 ], [ 176.152872229944848, -39.434313517919485 ], [ 176.154004150774909, -39.434349848021668 ], [ 176.154021743687679, -39.434350422951759 ], [ 176.154024030690891, -39.43435049903627 ], [ 176.154041622442804, -39.434351094637208 ], [ 176.155653155850331, -39.434406593492511 ], [ 176.157182677666611, -39.434456345696546 ], [ 176.157218609638193, -39.43445755745087 ], [ 176.157223280466468, -39.434457720583886 ], [ 176.157259207391576, -39.434459018568091 ], [ 176.158492883994597, -39.434505066591399 ], [ 176.159455838166423, -39.43453863033627 ], [ 176.160408625860356, -39.434571434098146 ], [ 176.160442666506498, -39.434572644734317 ], [ 176.160447091482865, -39.434572807148044 ], [ 176.160481127396167, -39.434574095184232 ], [ 176.161535776940809, -39.434615204009219 ], [ 176.162638061886383, -39.434652884830626 ], [ 176.162650255404628, -39.434653306574894 ], [ 176.162651840531169, -39.434653362047399 ], [ 176.162664033575055, -39.434653793726483 ], [ 176.163643821161969, -39.434688877568306 ], [ 176.163657092861712, -39.434689358635936 ], [ 176.163658818131125, -39.43468942193936 ], [ 176.163672089037561, -39.434689914770317 ], [ 176.164780776185609, -39.434731574503509 ], [ 176.165784051297265, -39.434764196354507 ], [ 176.165797123147115, -39.434764626974726 ], [ 176.166914521755587, -39.434802674859554 ], [ 176.167999567823415, -39.43483778355688 ], [ 176.169057863071117, -39.43486975247145 ], [ 176.169143600650926, -39.43487258793342 ], [ 176.16915474463076, -39.434872988451211 ], [ 176.169240452895195, -39.434876314801777 ], [ 176.170199462220694, -39.434916283414196 ], [ 176.171100860675921, -39.434944203350113 ], [ 176.171127528771109, -39.434945053052537 ], [ 176.171130995454121, -39.434945166600976 ], [ 176.171157660943436, -39.434946063797391 ], [ 176.17287657461759, -39.435005419937241 ], [ 176.174179730242685, -39.435049266789612 ], [ 176.174508720393277, -39.435063960997546 ], [ 176.174551445596023, -39.435066341045378 ], [ 176.174879766292719, -39.435088262960662 ], [ 176.175027056153198, -39.435099730991958 ], [ 176.176379324438216, -39.435158265235899 ], [ 176.177362779414551, -39.43520041084372 ], [ 176.17851319735928, -39.435238000668356 ], [ 176.178530461500998, -39.43523857465884 ], [ 176.178532705765207, -39.435238650571442 ], [ 176.178549968765282, -39.435239244467247 ], [ 176.179353511995345, -39.435267350035964 ], [ 176.179371034210845, -39.435267973126436 ], [ 176.179373312020232, -39.4352680554613 ], [ 176.179390833025593, -39.435268699060956 ], [ 176.179894987258876, -39.435287512801239 ], [ 176.181248867385676, -39.435329008848505 ], [ 176.181265692412239, -39.43532953390028 ], [ 176.181267879599147, -39.435329603385732 ], [ 176.181284703601705, -39.435330147340963 ], [ 176.183321171708883, -39.43539711887891 ], [ 176.184090852139121, -39.435412176047734 ], [ 176.184231447202222, -39.435415586399451 ], [ 176.184249720430842, -39.435416115505085 ], [ 176.184390251965169, -39.435420845240152 ], [ 176.185052293151216, -39.435446238847291 ], [ 176.188154563549119, -39.434626038151343 ], [ 176.188315810595384, -39.434529974846143 ], [ 176.190856839516101, -39.433136942256553 ], [ 176.19107248742327, -39.433021521395929 ], [ 176.191100736198138, -39.433006763679202 ], [ 176.192688080072088, -39.432311238534297 ], [ 176.192871730504379, -39.432244923789504 ], [ 176.194579808871367, -39.4317504972501 ], [ 176.19461255488855, -39.431743230204141 ], [ 176.194865259970811, -39.431689532286079 ], [ 176.196834529500563, -39.431289512745018 ], [ 176.196911967530639, -39.431274002585702 ], [ 176.196922043302123, -39.431272013154803 ], [ 176.196999617141671, -39.431256916684774 ], [ 176.198072151166002, -39.431051227685444 ], [ 176.198093600096541, -39.431047130902883 ], [ 176.19809638910678, -39.431046600377108 ], [ 176.19811784802576, -39.431042535224705 ], [ 176.200287413697936, -39.4306332067816 ], [ 176.200791117790288, -39.430547303163308 ], [ 176.200856886515737, -39.430537267825187 ], [ 176.201365009097998, -39.430468781607395 ], [ 176.202288045644252, -39.430360674513295 ], [ 176.205785442305171, -39.429918959727182 ], [ 176.206448860865322, -39.429824246297358 ], [ 176.206621132575179, -39.429800689559279 ], [ 176.206643556347331, -39.429797758080802 ], [ 176.206816265752451, -39.429776215149097 ], [ 176.21304005892631, -39.429036941105061 ], [ 176.214400931764487, -39.42886236272566 ], [ 176.214456146284022, -39.428855385093968 ], [ 176.214463326945463, -39.428854491406888 ], [ 176.214518584140592, -39.428847720006466 ], [ 176.215791446208357, -39.428694166593104 ], [ 176.216567176854852, -39.42817649242869 ], [ 176.217201273698322, -39.427782400686162 ], [ 176.217285913740454, -39.42773346542667 ], [ 176.218216955444177, -39.427247595359496 ], [ 176.218251421329484, -39.427231427324557 ], [ 176.219139215825322, -39.426854894625365 ], [ 176.219221101943276, -39.426823676787038 ], [ 176.220620419474045, -39.426375444065286 ], [ 176.220720412347703, -39.426349185085037 ], [ 176.221799452783102, -39.426110189662175 ], [ 176.221838673042498, -39.426103071626379 ], [ 176.222833025257955, -39.425957700800495 ], [ 176.222923340788128, -39.425947632460243 ], [ 176.224432750672179, -39.425856644479886 ], [ 176.224538311676724, -39.425855631266217 ], [ 176.225350671282769, -39.425869870670375 ], [ 176.226623345164256, -39.425926750476577 ], [ 176.226624967029409, -39.425926434017114 ], [ 176.226643322325401, -39.425922864842164 ], [ 176.226645709003179, -39.425922402355937 ], [ 176.226664071826917, -39.4259188563585 ], [ 176.228603192616021, -39.425545679827039 ], [ 176.23048651736201, -39.425176941760718 ], [ 176.23100272549658, -39.42507428338137 ], [ 176.231101979873586, -39.425054905330093 ], [ 176.231114896997013, -39.425052430306636 ], [ 176.231214367596777, -39.425033731073974 ], [ 176.231745653061438, -39.424935774077099 ], [ 176.23304625989951, -39.424683800833343 ], [ 176.233798975964902, -39.424537925365783 ], [ 176.23532897218098, -39.422926662475078 ], [ 176.235497103754568, -39.42279793342324 ], [ 176.238451276358262, -39.421155661586475 ], [ 176.238662459583225, -39.421073523177235 ], [ 176.242126260295464, -39.420219560964561 ], [ 176.242359828679326, -39.42019205070784 ], [ 176.242938678682208, -39.420194910661181 ], [ 176.244425159324322, -39.417938669271528 ], [ 176.244564239714947, -39.417790553604277 ], [ 176.247137093847556, -39.415799499721956 ], [ 176.247328366625595, -39.415691964454084 ], [ 176.250568385822731, -39.414414960533129 ], [ 176.250793130845636, -39.414358528645948 ], [ 176.254383243341408, -39.413920534225383 ], [ 176.254619468515926, -39.413920727672611 ], [ 176.258208382753196, -39.414364601516304 ], [ 176.2584329739054, -39.414421401456941 ], [ 176.26166951437682, -39.415703712032027 ], [ 176.261860494319848, -39.415811560638467 ], [ 176.26442792652432, -39.417806830653312 ], [ 176.264566603528834, -39.417955174331219 ], [ 176.266213607359958, -39.420468146459378 ], [ 176.26628640379181, -39.420642467617398 ], [ 176.266851675219669, -39.423427197180082 ], [ 176.266851457742632, -39.423610434044569 ], [ 176.266706751425886, -39.425019845962751 ], [ 176.266622603350811, -39.425429446576231 ], [ 176.266544192944963, -39.425813586438025 ], [ 176.266539312383202, -39.425837292091046 ], [ 176.266538672617571, -39.425840373165251 ], [ 176.266533710631336, -39.425864068653524 ], [ 176.266438894192788, -39.426313071266009 ], [ 176.266338595264955, -39.426797055711248 ], [ 176.266336681680343, -39.426806259100985 ], [ 176.266336432116248, -39.426807455441754 ], [ 176.266334506253401, -39.426816657294317 ], [ 176.266158011881799, -39.427657194185741 ], [ 176.265991312801162, -39.428301824727484 ], [ 176.265965730721405, -39.428384902357251 ], [ 176.265404430857387, -39.429730097331806 ], [ 176.265356020992812, -39.429821039835467 ], [ 176.264530253828383, -39.431081571802295 ], [ 176.264472816738561, -39.431154451764932 ], [ 176.263402905070365, -39.432299276549848 ], [ 176.263320621523405, -39.432374165292266 ], [ 176.262032904336252, -39.433375086704721 ], [ 176.261949232667149, -39.433430633519876 ], [ 176.261285483796598, -39.433839692560653 ], [ 176.259832208707792, -39.434670059893385 ], [ 176.259819987281361, -39.434677033225157 ], [ 176.25981839773371, -39.43467793895303 ], [ 176.259806164580624, -39.434684899896361 ], [ 176.257808158721588, -39.435820219072198 ], [ 176.257789255710094, -39.435830937229667 ], [ 176.257786796507332, -39.435832328669825 ], [ 176.257767865630285, -39.435843017283815 ], [ 176.257053373441124, -39.436245570326136 ], [ 176.256595731175679, -39.436509188189319 ], [ 176.256711890422963, -39.436785983807205 ], [ 176.256734921976573, -39.436841474774461 ], [ 176.2567378859558, -39.436848696034623 ], [ 176.256760454081842, -39.436904301377631 ], [ 176.257169431827208, -39.437923462456666 ], [ 176.257175733720857, -39.437939217176961 ], [ 176.257176550549104, -39.437941265871068 ], [ 176.257182815243851, -39.437957029521719 ], [ 176.257890089751072, -39.439742479895408 ], [ 176.258371836746932, -39.440933791814487 ], [ 176.258376757570772, -39.440945990601364 ], [ 176.258377395826926, -39.440947576794464 ], [ 176.258382294328811, -39.440959780978275 ], [ 176.258639707392319, -39.44160270343464 ], [ 176.258644374651283, -39.441614388412049 ], [ 176.258644980064247, -39.441615907776097 ], [ 176.258649626850797, -39.441627597629733 ], [ 176.259014414032009, -39.442547492809922 ], [ 176.259350769795844, -39.443386697407291 ], [ 176.259356908449917, -39.44340206147627 ], [ 176.259357704174988, -39.443404059355302 ], [ 176.259363807445311, -39.443419431886618 ], [ 176.259758712466919, -39.444417245260126 ], [ 176.259760451292806, -39.444421642665297 ], [ 176.260000474958929, -39.445030056515876 ], [ 176.260774664825504, -39.446969063476402 ], [ 176.260919797792582, -39.447364223213029 ], [ 176.260937145084284, -39.447415900696328 ], [ 176.261256580614798, -39.448807907509888 ], [ 176.261272947354456, -39.448937592150912 ], [ 176.261307586444644, -39.450351203148578 ], [ 176.261303487613134, -39.450404507484819 ], [ 176.261259896035341, -39.450813983338747 ], [ 176.261151640781804, -39.451609203681016 ], [ 176.261052887300792, -39.452393081174492 ], [ 176.261048528077566, -39.452427018991358 ], [ 176.261047950609537, -39.452431430060322 ], [ 176.261043425709261, -39.452465354843127 ], [ 176.260810989071103, -39.454176311290368 ], [ 176.260587127726808, -39.4559577767536 ], [ 176.260584278854282, -39.456590210812848 ], [ 176.260523689738164, -39.45747807787852 ], [ 176.260508494834909, -39.45759291870791 ], [ 176.260335314712819, -39.458471833499509 ], [ 176.260265343188792, -39.458738137779079 ], [ 176.260620254018733, -39.460014198604256 ], [ 176.261062586098205, -39.460563110956898 ], [ 176.261485866972833, -39.461062186516472 ], [ 176.261559774425393, -39.461150445722915 ], [ 176.261569295652976, -39.461161962512307 ], [ 176.261641868623315, -39.461250884682073 ], [ 176.263838445377928, -39.46397728258809 ], [ 176.264270708657108, -39.464484102984031 ], [ 176.26451292137088, -39.464780474052453 ], [ 176.264543429706805, -39.464819462726894 ], [ 176.265364105868002, -39.466082145635369 ], [ 176.265431515844881, -39.466209935052106 ], [ 176.265987275817196, -39.467556578603705 ], [ 176.266000748725844, -39.467600966340854 ], [ 176.266277891483924, -39.468998415828274 ], [ 176.266291057360291, -39.469136096636696 ], [ 176.266282741883543, -39.470549944078044 ], [ 176.266277858475775, -39.47059538626953 ], [ 176.266231511323952, -39.470944374635835 ], [ 176.266169028612353, -39.471339217120615 ], [ 176.266124743807325, -39.471674102571484 ], [ 176.266047074840628, -39.472328791444021 ], [ 176.26603941524462, -39.472390989154498 ], [ 176.26603838333574, -39.472399072083846 ], [ 176.266030167410008, -39.472461227132293 ], [ 176.265928543707901, -39.473204588862458 ], [ 176.265805363491069, -39.474110784467747 ], [ 176.265803764089583, -39.474122477332436 ], [ 176.265803554887611, -39.474123997299401 ], [ 176.265801935796901, -39.47413568854202 ], [ 176.265686046797526, -39.474967382231327 ], [ 176.265685480890824, -39.474971435013309 ], [ 176.265661039679173, -39.47514553866371 ], [ 176.265652090996724, -39.475403488978543 ], [ 176.265614223810189, -39.47649997623256 ], [ 176.265589390767929, -39.477286607623881 ], [ 176.265586744115353, -39.477358656406011 ], [ 176.265586351714262, -39.477368021531277 ], [ 176.265582961426077, -39.477440051599402 ], [ 176.265546197573372, -39.478143838084598 ], [ 176.26544375397819, -39.481285969339183 ], [ 176.265423828561296, -39.482110447391619 ], [ 176.265422606754527, -39.482155092943387 ], [ 176.265422429360569, -39.482160896524469 ], [ 176.265420922029392, -39.482205536835203 ], [ 176.265359067340313, -39.483878755429345 ], [ 176.265336789890625, -39.484690685645404 ], [ 176.265336387280058, -39.484704836090835 ], [ 176.265336333076107, -39.484706675616025 ], [ 176.265335901779594, -39.484720825558085 ], [ 176.265287771727117, -39.486248981438806 ], [ 176.265285621123695, -39.486309049469284 ], [ 176.265285307943287, -39.486316857503915 ], [ 176.265282640385777, -39.486376913083021 ], [ 176.265246207277642, -39.487124598326986 ], [ 176.265182199140384, -39.489383424396571 ], [ 176.265149734443725, -39.490586587324799 ], [ 176.265146545335995, -39.490681062926228 ], [ 176.265146047632328, -39.490693342731788 ], [ 176.265141579759046, -39.490787787215929 ], [ 176.265123967857249, -39.491113412603731 ], [ 176.265066337962224, -39.491707890161237 ], [ 176.265055556285745, -39.491784895722844 ], [ 176.264947313784461, -39.492375119071063 ], [ 176.264783836107398, -39.493094695726363 ], [ 176.264584460978739, -39.494005003620863 ], [ 176.264572835791625, -39.494057152250178 ], [ 176.264571298833005, -39.494063928074674 ], [ 176.26455927850256, -39.494116022899256 ], [ 176.264351994838847, -39.494999372834805 ], [ 176.264079580130471, -39.496206511614602 ], [ 176.26406762269562, -39.496258595343946 ], [ 176.264066042585682, -39.496265362634887 ], [ 176.264053690636814, -39.496317391073831 ], [ 176.263970606709819, -39.496661668374834 ], [ 176.263314733547475, -39.499580569677988 ], [ 176.263186839936964, -39.500069267822354 ], [ 176.263167958065253, -39.500132393633635 ], [ 176.262617738325702, -39.501480460417362 ], [ 176.26256010134864, -39.501590714958994 ], [ 176.261744415684944, -39.502855496991444 ], [ 176.261701275693412, -39.502911012262665 ], [ 176.261354167913368, -39.503330935843287 ], [ 176.261003693946435, -39.503730152307526 ], [ 176.26093803664682, -39.503804144785903 ], [ 176.260929439531679, -39.503813730620649 ], [ 176.260862833520974, -39.503887212521896 ], [ 176.260597995321888, -39.504176314923157 ], [ 176.260091370400232, -39.504742216837172 ], [ 176.258474942305583, -39.506573172627611 ], [ 176.257448179153954, -39.507744823228833 ], [ 176.257433851611381, -39.507761133740928 ], [ 176.25743198603584, -39.507763252525251 ], [ 176.257417612416191, -39.507779538695118 ], [ 176.256872068996557, -39.50839621478179 ], [ 176.256862164215732, -39.508407392862203 ], [ 176.256860875182241, -39.508408845262565 ], [ 176.256850948678448, -39.508420011802961 ], [ 176.25638252733745, -39.508946096274492 ], [ 176.255539445458396, -39.509897708224607 ], [ 176.255537497730728, -39.509899905958115 ], [ 176.254079788040627, -39.511543345176648 ], [ 176.253810818029649, -39.511834040066013 ], [ 176.253774897445822, -39.511871278032551 ], [ 176.253491243063309, -39.512153474899172 ], [ 176.252019511243134, -39.513559129672117 ], [ 176.251976470125186, -39.513599992181774 ], [ 176.25197085475304, -39.513605291578116 ], [ 176.25192750552975, -39.513645958242876 ], [ 176.250850271937026, -39.514650506810447 ], [ 176.250227501396097, -39.515272010988681 ], [ 176.250069757231586, -39.515425936560767 ], [ 176.25004897114772, -39.515445771278735 ], [ 176.249886929403345, -39.515596995207751 ], [ 176.24912509334041, -39.516292386116014 ], [ 176.249047140444333, -39.516362801175376 ], [ 176.249036945991179, -39.516371914484992 ], [ 176.247737044472672, -39.517364531678282 ], [ 176.247567836400862, -39.51747486244907 ], [ 176.246083416922119, -39.518297737931832 ], [ 176.246070084852363, -39.518303964863833 ], [ 176.245967212055177, -39.518351455427833 ], [ 176.245458115388317, -39.518583732042096 ], [ 176.24381740206465, -39.519203541725346 ], [ 176.243597283114013, -39.519270697935575 ], [ 176.240043817415739, -39.519880793171808 ], [ 176.239807674742593, -39.519891972616897 ], [ 176.236184714369443, -39.519621623566003 ], [ 176.235955672452548, -39.519575731581597 ], [ 176.232617995749735, -39.518451413504721 ], [ 176.232418482835158, -39.518352944111804 ], [ 176.229692899467949, -39.516484753404207 ], [ 176.229542449067822, -39.516343348717058 ], [ 176.227695773456986, -39.513914210492686 ], [ 176.227609110823295, -39.513743715641496 ], [ 176.226822038660885, -39.510991457267515 ], [ 176.226807640095785, -39.51080856382066 ], [ 176.227157087282137, -39.508002616996421 ], [ 176.227216353033526, -39.50782522817844 ], [ 176.228667975606214, -39.50524024689301 ], [ 176.228795096310108, -39.505085724963479 ], [ 176.231045434484571, -39.503115879769112 ], [ 176.231405616885894, -39.502756524619883 ], [ 176.231524992676896, -39.502639436290139 ], [ 176.231540673117706, -39.502624315380878 ], [ 176.231662534875937, -39.502508774334636 ], [ 176.232824619913032, -39.501425371985647 ], [ 176.233940852963599, -39.500359534062078 ], [ 176.235116573295244, -39.499034435319714 ], [ 176.235966189311512, -39.498075758944559 ], [ 176.235973920957463, -39.49806704564071 ], [ 176.235974926930197, -39.498065913366922 ], [ 176.23598267178815, -39.49805720707424 ], [ 176.236448841327189, -39.497533820468618 ], [ 176.236968603554118, -39.496946478141865 ], [ 176.237992349834656, -39.495778653967022 ], [ 176.238003669743421, -39.495765764673543 ], [ 176.238005143201235, -39.495764090052937 ], [ 176.23801649187422, -39.495751215952382 ], [ 176.239378390573108, -39.494209081389464 ], [ 176.239581004511365, -39.493308735643261 ], [ 176.2395936976435, -39.493253353153996 ], [ 176.239595376738492, -39.493246157491185 ], [ 176.239608515836721, -39.493190837475474 ], [ 176.239692562250241, -39.492843073826087 ], [ 176.239960054563113, -39.491659574572331 ], [ 176.239966893187358, -39.491629614841422 ], [ 176.239967790692447, -39.491625721250237 ], [ 176.239974759838873, -39.491595779578667 ], [ 176.240176801265818, -39.490736046638879 ], [ 176.240370674302653, -39.489852267342705 ], [ 176.240376718235012, -39.489824969454105 ], [ 176.240377510983279, -39.489821421672822 ], [ 176.240383663177766, -39.489794138310849 ], [ 176.24039885236985, -39.489727383468583 ], [ 176.24041943132849, -39.488974601917548 ], [ 176.240419579453089, -39.488969257316171 ], [ 176.240486839314002, -39.486624957294353 ], [ 176.240489241480105, -39.486553859322179 ], [ 176.24048960083374, -39.48654461768475 ], [ 176.24049272718463, -39.486473536619776 ], [ 176.24053000108006, -39.48571412093812 ], [ 176.240576154724749, -39.484265028092437 ], [ 176.240599285004549, -39.483432769396572 ], [ 176.240600288111352, -39.483399525600056 ], [ 176.240600428806033, -39.483395204107694 ], [ 176.2406015902327, -39.483361963406011 ], [ 176.240663584318526, -39.481700902428031 ], [ 176.240683404656124, -39.480892628853915 ], [ 176.24068418860719, -39.480863191031766 ], [ 176.240684298589485, -39.480859364253988 ], [ 176.24068520667376, -39.480829928572142 ], [ 176.240784589412698, -39.477814470539677 ], [ 176.239988947499626, -39.47687790793946 ], [ 176.239891426958849, -39.476710985521493 ], [ 176.238927995054468, -39.473992671397831 ], [ 176.238901809976426, -39.473810563999692 ], [ 176.239069420768175, -39.47099456305012 ], [ 176.239117125310202, -39.470815097302996 ], [ 176.239497785920548, -39.470031878499576 ], [ 176.239299263732192, -39.469792336236146 ], [ 176.239294864059076, -39.469787023410731 ], [ 176.238564698543712, -39.468903564515713 ], [ 176.238430781169455, -39.468737585976314 ], [ 176.238413676418787, -39.468715864726548 ], [ 176.23758844780798, -39.467454959828423 ], [ 176.237510749067724, -39.467308825258868 ], [ 176.236950195229895, -39.465963382154207 ], [ 176.236942588598708, -39.465938627150983 ], [ 176.236886745226627, -39.465747711314442 ], [ 176.235856633755475, -39.462039428330861 ], [ 176.235727366111774, -39.461669407024203 ], [ 176.235653473217724, -39.461446660827391 ], [ 176.235644345480296, -39.461417613507599 ], [ 176.235353058579676, -39.460021901368279 ], [ 176.23533685390467, -39.459868768943359 ], [ 176.235330823077248, -39.458454917935775 ], [ 176.235333721855966, -39.458425105866084 ], [ 176.235359796024369, -39.458196002874494 ], [ 176.235434125735878, -39.457626080536755 ], [ 176.235506453265316, -39.457060212076122 ], [ 176.2355803004601, -39.456602300452779 ], [ 176.235591860074408, -39.456543001492008 ], [ 176.235695852895191, -39.456088621384865 ], [ 176.235832254072022, -39.455570192198671 ], [ 176.235832893303495, -39.455438624680603 ], [ 176.235847672571651, -39.455017057610199 ], [ 176.235851246773308, -39.454962318750553 ], [ 176.235891455059971, -39.454541749510923 ], [ 176.236177022544041, -39.452275596354788 ], [ 176.236181532178335, -39.452240517670347 ], [ 176.236182129935287, -39.452235958347991 ], [ 176.236186816561883, -39.452200893611305 ], [ 176.236381179012938, -39.450773901916385 ], [ 176.236346722558039, -39.450687527765524 ], [ 176.236340960620595, -39.450673040769843 ], [ 176.236340213613175, -39.450671156973371 ], [ 176.236334483128246, -39.450656662484768 ], [ 176.236091731055694, -39.450040799471324 ], [ 176.235705249555366, -39.449063431638024 ], [ 176.23537019782151, -39.448226772233667 ], [ 176.235365040362893, -39.448213859156574 ], [ 176.235364371518529, -39.448212180068708 ], [ 176.235359239063428, -39.448199261025202 ], [ 176.2349942175031, -39.447277986549508 ], [ 176.234747181274884, -39.446660458481134 ], [ 176.23426027601235, -39.445455380178998 ], [ 176.234250207685704, -39.445430333100539 ], [ 176.234248904920804, -39.445427075510011 ], [ 176.234238930710177, -39.445402005811225 ], [ 176.233809727131842, -39.444317603170958 ], [ 176.232644635840899, -39.444541816203341 ], [ 176.231720260399925, -39.444722176553498 ], [ 176.231702787822456, -39.444725574488608 ], [ 176.231700515946898, -39.444726014854758 ], [ 176.231683036592841, -39.444729391783461 ], [ 176.23088038056909, -39.444883945754093 ], [ 176.229598641401196, -39.445469878220528 ], [ 176.229378789719874, -39.445537103014146 ], [ 176.227821988980708, -39.445805195218426 ], [ 176.226337679008225, -39.446456093153884 ], [ 176.226293856805256, -39.446471930587229 ], [ 176.224585657635231, -39.44696687014973 ], [ 176.224404489034129, -39.447007122172842 ], [ 176.222985872121143, -39.447249086537951 ], [ 176.2218846417897, -39.447381615451214 ], [ 176.218382050919416, -39.447804184000653 ], [ 176.21700692080384, -39.447980587450296 ], [ 176.216938631511283, -39.447989185410798 ], [ 176.216929749689456, -39.447990282645648 ], [ 176.216861395569993, -39.447998565221233 ], [ 176.210747332582116, -39.448724797595872 ], [ 176.210141707343297, -39.448811258065867 ], [ 176.210023933296327, -39.448827585879215 ], [ 176.210008608979308, -39.448829647329511 ], [ 176.209890624304137, -39.44884503413568 ], [ 176.208258330196884, -39.44905120179309 ], [ 176.208025858838084, -39.44970238457924 ], [ 176.207952543959721, -39.449858797421108 ], [ 176.207277760823018, -39.451030751618546 ], [ 176.20679777576882, -39.451726500392404 ], [ 176.205814126173692, -39.452917069836381 ], [ 176.205671420870658, -39.453063136265726 ], [ 176.203049457589088, -39.455016356777747 ], [ 176.202855504247822, -39.455121082211342 ], [ 176.199583162678437, -39.456350493956172 ], [ 176.19935695011003, -39.456403623861107 ], [ 176.19575463816318, -39.45678884217886 ], [ 176.195518317361831, -39.456785173949271 ], [ 176.1919387899149, -39.456288477825609 ], [ 176.191715502809188, -39.456228370768983 ], [ 176.188509279819726, -39.454898400263254 ], [ 176.188320890462279, -39.454787740338915 ], [ 176.188049042652096, -39.454568347600599 ], [ 176.187997693436898, -39.454572223069924 ], [ 176.187967785819666, -39.454574247947996 ], [ 176.187737527547057, -39.45458805164148 ], [ 176.186512819470295, -39.454651981131953 ], [ 176.185835619523573, -39.454671973885752 ], [ 176.185747560645495, -39.45467258156534 ], [ 176.185070008937629, -39.454661937729526 ], [ 176.183316763031257, -39.454594694975697 ], [ 176.182590596861729, -39.454580486239337 ], [ 176.182491002489058, -39.454578205944813 ], [ 176.182478057099161, -39.45457786648273 ], [ 176.182378491628072, -39.454574924283818 ], [ 176.180253366665767, -39.454505032404114 ], [ 176.178864031530424, -39.454462445376656 ], [ 176.178814262843332, -39.454460836702516 ], [ 176.178807793520406, -39.454460616826019 ], [ 176.178758034162598, -39.454458842784625 ], [ 176.178219417756281, -39.454438741674672 ], [ 176.177452711331966, -39.454411922413328 ], [ 176.176239462667269, -39.454372275693913 ], [ 176.176163504812166, -39.454369600120721 ], [ 176.17615363186593, -39.454369227256016 ], [ 176.176077698240931, -39.454366166449304 ], [ 176.17500977200433, -39.454320398241151 ], [ 176.175006221341675, -39.45432024563685 ], [ 176.173373305844535, -39.45424955719804 ], [ 176.173116448443096, -39.454236222103738 ], [ 176.173083085848702, -39.454234202044105 ], [ 176.172826672584449, -39.454216459299332 ], [ 176.172755898820498, -39.454210948823523 ], [ 176.171796278459482, -39.454178656617792 ], [ 176.171788919745808, -39.454178407171696 ], [ 176.170084494389869, -39.454119548269496 ], [ 176.169126158119923, -39.454089861569713 ], [ 176.169046263157497, -39.454087172821389 ], [ 176.169035878486255, -39.454086795583045 ], [ 176.168956009276712, -39.454083680664354 ], [ 176.168002979798757, -39.454043959322618 ], [ 176.16701870982277, -39.454014223315276 ], [ 176.167002713784257, -39.454013731432717 ], [ 176.167000634352291, -39.454013666377463 ], [ 176.166984639129652, -39.454013157409776 ], [ 176.165868825900361, -39.453977050045047 ], [ 176.165856210247881, -39.453976636422979 ], [ 176.165854570250048, -39.453976581961321 ], [ 176.165841955166798, -39.453976157711892 ], [ 176.164734709517489, -39.453938448147888 ], [ 176.163703287025044, -39.453904907916538 ], [ 176.163665546520463, -39.453903632845105 ], [ 176.163660640618247, -39.453903460904115 ], [ 176.163622905704159, -39.453902090729734 ], [ 176.162487867939063, -39.45385943790415 ], [ 176.161534939901486, -39.453825313129009 ], [ 176.160407275964388, -39.453786761289351 ], [ 176.160371534320603, -39.453785496462459 ], [ 176.160366888242379, -39.453785326490006 ], [ 176.160331151759493, -39.453783976356348 ], [ 176.159274413240297, -39.453742783441633 ], [ 176.158354308930967, -39.453711102163361 ], [ 176.158350784178907, -39.453710980374041 ], [ 176.157361544108056, -39.4536764978807 ], [ 176.157343157970359, -39.453675845589345 ], [ 176.157340767861314, -39.453675759324128 ], [ 176.15732238309073, -39.453675084458176 ], [ 176.156107060347438, -39.453629718342107 ], [ 176.154600302201089, -39.453580701927478 ], [ 176.154586125382593, -39.453580233926651 ], [ 176.154584282448411, -39.45358017221438 ], [ 176.154570106433823, -39.453579690795578 ], [ 176.152961775104245, -39.45352429783533 ], [ 176.15181964402754, -39.453487636505251 ], [ 176.151792750727793, -39.45348674893409 ], [ 176.1517892547744, -39.453486630410865 ], [ 176.151762364175852, -39.453485694547332 ], [ 176.150133306415597, -39.453427521901368 ], [ 176.14918477358583, -39.453396156983509 ], [ 176.149176689333672, -39.453395887473235 ], [ 176.14809915883626, -39.453359217929609 ], [ 176.146934048096512, -39.453324386341997 ], [ 176.146865465245526, -39.453322178395936 ], [ 176.146856550647442, -39.453321870951378 ], [ 176.146787985835857, -39.453319348981324 ], [ 176.145766956637317, -39.453279445313143 ], [ 176.1447809355505, -39.453252215561434 ], [ 176.144707014210724, -39.4532499911899 ], [ 176.144697405720791, -39.453249678311174 ], [ 176.144623504139332, -39.453247089164002 ], [ 176.142867156634736, -39.453181198629458 ], [ 176.141846359699571, -39.453144759796686 ], [ 176.140800605228748, -39.453112790577961 ], [ 176.140738670337868, -39.453110768639775 ], [ 176.140730619762309, -39.453110489140769 ], [ 176.140668699645289, -39.453108211094417 ], [ 176.13919149630874, -39.453050793457734 ], [ 176.138445095151695, -39.453026810350778 ], [ 176.138425840723016, -39.453026179212969 ], [ 176.138423337730558, -39.453026095555813 ], [ 176.138404084583186, -39.453025439660323 ], [ 176.136565385504298, -39.452961601944068 ], [ 176.136552006320727, -39.452961131337418 ], [ 176.136550267077808, -39.452961069381722 ], [ 176.136536888678137, -39.452960586823821 ], [ 176.13499766958887, -39.45290436793897 ], [ 176.133976929387359, -39.452867117363212 ], [ 176.132730657413219, -39.452769231568411 ], [ 176.132569996229307, -39.452749783399156 ], [ 176.130795751863673, -39.452422721236204 ], [ 176.130724969244284, -39.452405022682541 ], [ 176.129038590148213, -39.451866787443805 ], [ 176.128893549353904, -39.451809797651634 ], [ 176.127808377258617, -39.451324727698157 ], [ 176.126406640786143, -39.45061747018574 ], [ 176.125727639163784, -39.450284003050264 ], [ 176.125603553307656, -39.450222203150553 ], [ 176.125587488564292, -39.450214090124803 ], [ 176.125464424523216, -39.450151074244786 ], [ 176.1247717717944, -39.449791477058277 ], [ 176.124023739655456, -39.449421228966372 ], [ 176.124012507537685, -39.44941566238667 ], [ 176.124011047902911, -39.449414938084473 ], [ 176.123999824101418, -39.449409361553442 ], [ 176.12244778118739, -39.448637238209564 ], [ 176.122396070839926, -39.448611362136845 ], [ 176.122389360033026, -39.448607984468318 ], [ 176.122337827197526, -39.448581896409834 ], [ 176.121443531995737, -39.448126537073257 ], [ 176.120379866500343, -39.44758772689331 ], [ 176.11946480735125, -39.447128892623795 ], [ 176.119453447567025, -39.447123189175826 ], [ 176.119451971350486, -39.447122447060025 ], [ 176.119440620110993, -39.447116733341666 ], [ 176.118522426962528, -39.446653958789966 ], [ 176.117776419812714, -39.446281104418397 ], [ 176.117732959885245, -39.44631319334583 ], [ 176.117730228141397, -39.446315209698945 ], [ 176.117187216517522, -39.446715681609689 ], [ 176.116408009169703, -39.447291449254628 ], [ 176.115906472379834, -39.447664474681865 ], [ 176.11588943386991, -39.447677121497982 ], [ 176.115887216713105, -39.447678763839555 ], [ 176.115870145118095, -39.44769138381686 ], [ 176.115048126786377, -39.448297809215894 ], [ 176.115046582152701, -39.448298948512296 ], [ 176.113497980477149, -39.449440606952983 ], [ 176.112701048562172, -39.45002942806039 ], [ 176.11269742295309, -39.450032105702235 ], [ 176.110576784466446, -39.451596494794565 ], [ 176.110573285306742, -39.451599074962964 ], [ 176.109751763167793, -39.452204188540847 ], [ 176.109751525720725, -39.45220436343115 ], [ 176.109152642328723, -39.452645431423697 ], [ 176.109137748216853, -39.452656381203433 ], [ 176.109135810361238, -39.452657803348565 ], [ 176.109120891310198, -39.452668732724447 ], [ 176.108528524736812, -39.45310191635879 ], [ 176.108306396784826, -39.453275554213597 ], [ 176.108144909044171, -39.453424521243157 ], [ 176.107643542275355, -39.453910503365449 ], [ 176.107094698366183, -39.454453332174573 ], [ 176.107062641440166, -39.454484892268297 ], [ 176.10705846226071, -39.454488987857516 ], [ 176.107026224117959, -39.454520436828489 ], [ 176.106458624387301, -39.455071608850425 ], [ 176.105733784908523, -39.455783399697467 ], [ 176.105124176007052, -39.45638499684835 ], [ 176.105119239823352, -39.456389864703795 ], [ 176.104680524139837, -39.45682172634811 ], [ 176.104661291766689, -39.456840606065562 ], [ 176.10465878733612, -39.456843057835798 ], [ 176.104639490008367, -39.456861897660431 ], [ 176.10402903084676, -39.457456245962909 ], [ 176.102924057819109, -39.458537224204129 ], [ 176.102239715040724, -39.459211763218903 ], [ 176.102229276694914, -39.459222036540865 ], [ 176.102227918459278, -39.45922337130942 ], [ 176.102217460872197, -39.45923363288825 ], [ 176.10143536658768, -39.459999912974695 ], [ 176.101421699677559, -39.460013277323519 ], [ 176.101419920861076, -39.460015013382048 ], [ 176.101406221363732, -39.460028357625966 ], [ 176.100811253357762, -39.460606766096319 ], [ 176.10015183094103, -39.461257915818273 ], [ 176.100147296959278, -39.46126238999306 ], [ 176.099560220255569, -39.461840758180998 ], [ 176.099542680610256, -39.461857994135094 ], [ 176.09954039693767, -39.461860232652327 ], [ 176.099522803158521, -39.46187743542491 ], [ 176.098733511376224, -39.46264724594451 ], [ 176.098327368569102, -39.463048599675439 ], [ 176.098296331052637, -39.463079135075802 ], [ 176.098292285144765, -39.463083097911301 ], [ 176.098261077924718, -39.463113529211142 ], [ 176.097079697795323, -39.464260422064413 ], [ 176.09501479274013, -39.46628746321538 ], [ 176.094680732630167, -39.466616895159419 ], [ 176.094663259728236, -39.466634082872211 ], [ 176.094660984753972, -39.466636315132554 ], [ 176.094643458051706, -39.466653469886161 ], [ 176.093798734317346, -39.467478193987205 ], [ 176.092975137113768, -39.468283813414018 ], [ 176.092147073091098, -39.469096707415723 ], [ 176.092145721179236, -39.469098034287519 ], [ 176.091108121465567, -39.470115894577283 ], [ 176.091106711876336, -39.470117277048928 ], [ 176.090508012181687, -39.470704151370576 ], [ 176.089740047773972, -39.471462464205928 ], [ 176.089696224106632, -39.471505466557886 ], [ 176.089690505144233, -39.471511043383479 ], [ 176.08964634477465, -39.471553838348271 ], [ 176.088981647490954, -39.472193974615642 ], [ 176.088790674052149, -39.472373109185071 ], [ 176.088765464127931, -39.472396144680083 ], [ 176.088568592574461, -39.472571402330992 ], [ 176.088462679916461, -39.472663267280822 ], [ 176.085127199976796, -39.475914105361113 ], [ 176.085108953968614, -39.475931841366787 ], [ 176.085106578246723, -39.475934144728619 ], [ 176.085088274687422, -39.475951845058837 ], [ 176.084530367288409, -39.476489970272013 ], [ 176.084475823861311, -39.476542179298079 ], [ 176.084468700660409, -39.476548945890301 ], [ 176.08320809372492, -39.477570940606924 ], [ 176.083040114769091, -39.477687295787888 ], [ 176.081588691200295, -39.478543860787525 ], [ 176.081579218059915, -39.478548590068883 ], [ 176.081506172709879, -39.478584758608307 ], [ 176.080567547522406, -39.479045703558469 ], [ 176.080548061399952, -39.479055251787557 ], [ 176.08054552661838, -39.479056491109318 ], [ 176.080526016101658, -39.479066009368736 ], [ 176.079865099700697, -39.479387727140335 ], [ 176.079895176584216, -39.479679200932345 ], [ 176.079895307767487, -39.479760083039316 ], [ 176.079868563332752, -39.480382280082189 ], [ 176.079805921529413, -39.481096603615462 ], [ 176.079798378582637, -39.481177263929752 ], [ 176.07979733729087, -39.481187746148983 ], [ 176.079788860363749, -39.481268350745673 ], [ 176.079672298292252, -39.482318451769991 ], [ 176.079603604847193, -39.482981276357457 ], [ 176.079587087020201, -39.483126018457632 ], [ 176.079584744038726, -39.483144820289205 ], [ 176.079565215990385, -39.48328933713578 ], [ 176.079502047166415, -39.483723018886622 ], [ 176.079166663049733, -39.486889714938819 ], [ 176.079083799775248, -39.487752986293572 ], [ 176.079038775961493, -39.488300072798957 ], [ 176.079027719619859, -39.48842149674784 ], [ 176.079026144747218, -39.488437273617492 ], [ 176.079012972275109, -39.48855857073994 ], [ 176.078937365159618, -39.489202676801462 ], [ 176.078853257035547, -39.490004626998363 ], [ 176.078852275816217, -39.490013923739653 ], [ 176.078738883203528, -39.491071110617867 ], [ 176.078738419886548, -39.491075417626355 ], [ 176.078596528647694, -39.492384738837792 ], [ 176.078596401678851, -39.492385909524415 ], [ 176.07849835789267, -39.493288087550724 ], [ 176.078360773560291, -39.494578758990968 ], [ 176.078349653505398, -39.494676572918095 ], [ 176.078348118507705, -39.494689282247649 ], [ 176.078335623211245, -39.494786996467525 ], [ 176.078249328373545, -39.495426295085707 ], [ 176.077982735025472, -39.497926858666055 ], [ 176.077879999688918, -39.499013350764024 ], [ 176.077875331507101, -39.499060985468937 ], [ 176.077874703456956, -39.499067176690509 ], [ 176.077869709328553, -39.499114791548379 ], [ 176.077738458781909, -39.500326334813614 ], [ 176.077697509697657, -39.500736550563992 ], [ 176.077696231894578, -39.500749234629616 ], [ 176.07769606427749, -39.500750883466296 ], [ 176.077694763356021, -39.500763566118657 ], [ 176.077541335356642, -39.502246041272265 ], [ 176.077539557307773, -39.502263019522047 ], [ 176.077539323468329, -39.502265226523221 ], [ 176.077537503987344, -39.502282202137906 ], [ 176.07725981040565, -39.504843592477798 ], [ 176.077204653567463, -39.505379449956436 ], [ 176.077202442071808, -39.505400619854598 ], [ 176.077202150390349, -39.505403371674817 ], [ 176.077199874478936, -39.505424537472535 ], [ 176.077148955141752, -39.505891426708736 ], [ 176.077148115127699, -39.505899090422837 ], [ 176.07703814351089, -39.506889605987048 ], [ 176.076971372885424, -39.507542151896011 ], [ 176.076970502231376, -39.507550610761619 ], [ 176.076830304058063, -39.50889235801224 ], [ 176.076828023578003, -39.50891386172043 ], [ 176.076827722794832, -39.508916656923375 ], [ 176.076825375841594, -39.508938156337123 ], [ 176.076814609012331, -39.509035399439284 ], [ 176.078174553596796, -39.510392192577335 ], [ 176.078231286747837, -39.51044926226956 ], [ 176.078238623661747, -39.510456704044771 ], [ 176.078294766109479, -39.510514123202391 ], [ 176.078727480066107, -39.510960368206334 ], [ 176.079332732454475, -39.511564840180078 ], [ 176.081626782043543, -39.513846285631594 ], [ 176.081676126199426, -39.513895709083279 ], [ 176.081682512107335, -39.513902151280242 ], [ 176.081731412688441, -39.513951838550888 ], [ 176.082568429725001, -39.514808451006758 ], [ 176.083984505929322, -39.516221436589099 ], [ 176.084147526642255, -39.515773699836643 ], [ 176.084779266769004, -39.514447262172304 ], [ 176.084878298829636, -39.514280861885815 ], [ 176.086900071961281, -39.511936963244338 ], [ 176.087060633905651, -39.511802407549986 ], [ 176.089918401188555, -39.510057085456864 ], [ 176.090124775507888, -39.509967542071266 ], [ 176.093538833619675, -39.508991588888016 ], [ 176.093770823900371, -39.508955819983612 ], [ 176.09740708927157, -39.508844735101356 ], [ 176.097641995273193, -39.508866240732644 ], [ 176.101144665195761, -39.509630895287401 ], [ 176.101359501631748, -39.509707571260158 ], [ 176.104385829159668, -39.511273144991449 ], [ 176.104559572241186, -39.511397488482174 ], [ 176.106813371302849, -39.513610782422688 ], [ 176.106929014441505, -39.513770625355995 ], [ 176.107848306519173, -39.515699055706115 ], [ 176.108487417996884, -39.516513897617813 ], [ 176.108577104617666, -39.516683449079864 ], [ 176.109413104447043, -39.519426995940556 ], [ 176.109430758252273, -39.519609714752264 ], [ 176.1091312182661, -39.5224190697311 ], [ 176.109075102019489, -39.522597070525023 ], [ 176.107669204859661, -39.525197223983874 ], [ 176.107544803468471, -39.525353081079253 ], [ 176.10517007088913, -39.527489472405627 ], [ 176.104989557614829, -39.527607926212731 ], [ 176.103008259430197, -39.528539929579765 ], [ 176.102800174697933, -39.528743725846248 ], [ 176.102304522325767, -39.529197547757107 ], [ 176.102237645600525, -39.529254835278635 ], [ 176.101704425237131, -39.529682359677501 ], [ 176.101013952362678, -39.530200600164612 ], [ 176.100261099329373, -39.530766935791078 ], [ 176.09957082190644, -39.531292122485475 ], [ 176.099553067216135, -39.531305601859735 ], [ 176.099550756691087, -39.531307352266069 ], [ 176.099532964842211, -39.531320802220051 ], [ 176.09945154657072, -39.531382219770677 ], [ 176.098797291465132, -39.53200099515368 ], [ 176.098196080719646, -39.532526420392657 ], [ 176.098114607477783, -39.532592265763789 ], [ 176.097462383711587, -39.533079845944535 ], [ 176.094495302951657, -39.535131028479789 ], [ 176.093669255266462, -39.535778382353222 ], [ 176.093668603960054, -39.535778892719236 ], [ 176.092699083529141, -39.536538445374255 ], [ 176.091611668205076, -39.537392641104255 ], [ 176.091580072146684, -39.537417364601616 ], [ 176.091575956660165, -39.537420572505077 ], [ 176.091544237541456, -39.537445201368541 ], [ 176.090486297540906, -39.538263477221349 ], [ 176.087215067691034, -39.540855849480188 ], [ 176.087154083360588, -39.540903815635772 ], [ 176.087146125420105, -39.540910028218953 ], [ 176.087084679897032, -39.540957640265837 ], [ 176.086533059942639, -39.541381886200703 ], [ 176.086073787080863, -39.541736746912477 ], [ 176.08539393699337, -39.542268045958046 ], [ 176.085354253915085, -39.54229890814829 ], [ 176.085349082618876, -39.542302910556074 ], [ 176.08530920729342, -39.542333623870199 ], [ 176.084631883603805, -39.542852799453009 ], [ 176.083935522940124, -39.543387028433692 ], [ 176.083050104590939, -39.544078457516143 ], [ 176.08303237361784, -39.544092273639521 ], [ 176.083030066085456, -39.544094067804863 ], [ 176.083012296560099, -39.544107854225082 ], [ 176.082085031461673, -39.54482570445554 ], [ 176.0820841387727, -39.544826395453534 ], [ 176.081367985700751, -39.545380583330797 ], [ 176.080948840997394, -39.545708022259632 ], [ 176.080822579695962, -39.545805160385839 ], [ 176.080806041924063, -39.545817690410203 ], [ 176.080677875965279, -39.545913321887568 ], [ 176.080063137807002, -39.546365035866501 ], [ 176.079735729954081, -39.546607025701711 ], [ 176.078319970476997, -39.54750003859693 ], [ 176.078125323296518, -39.547604269145594 ], [ 176.074843540888708, -39.548825352868207 ], [ 176.07461680997676, -39.548877908346995 ], [ 176.071008186593787, -39.549253997768076 ], [ 176.070771573762073, -39.549249731825064 ], [ 176.067189483023867, -39.548744000035882 ], [ 176.066966158825238, -39.54868333052498 ], [ 176.063761371773381, -39.547345302653667 ], [ 176.063573203874682, -39.547234170627476 ], [ 176.061059502976349, -39.545194868107835 ], [ 176.060924912870945, -39.545044155387387 ], [ 176.059348347929188, -39.54250325310332 ], [ 176.059280506832096, -39.542327715773133 ], [ 176.05879531329046, -39.53953397595096 ], [ 176.058800854149922, -39.539350798680147 ], [ 176.059454389758287, -39.536577704649901 ], [ 176.059532760962242, -39.53640481783021 ], [ 176.061260922174768, -39.533923798767503 ], [ 176.061404445073094, -39.533778123467968 ], [ 176.062622338972915, -39.532724817985638 ], [ 176.06296283817079, -39.532473195733274 ], [ 176.062975146285993, -39.532464113518998 ], [ 176.062976747455309, -39.532462933735857 ], [ 176.062989072713918, -39.532453865440182 ], [ 176.063479422867374, -39.53209361533002 ], [ 176.063785821622872, -39.531854299012181 ], [ 176.063805289472811, -39.531839129388764 ], [ 176.063807823310185, -39.531837159667283 ], [ 176.06382733757377, -39.531822025883272 ], [ 176.064562662424805, -39.531253108410517 ], [ 176.065470135823148, -39.530550711285123 ], [ 176.066310824037316, -39.529894336428562 ], [ 176.065888692517774, -39.529464577797768 ], [ 176.062946430861444, -39.52652798313963 ], [ 176.062903071276196, -39.526484430887947 ], [ 176.062897456898469, -39.526478755824421 ], [ 176.062854441441999, -39.526434999406796 ], [ 176.062023741762857, -39.525584604327946 ], [ 176.059775059778786, -39.523347643578539 ], [ 176.059767852280288, -39.523340465881532 ], [ 176.059766915915958, -39.523339532417104 ], [ 176.059759717809243, -39.52333234912313 ], [ 176.059088185561052, -39.522661491761539 ], [ 176.059033353598494, -39.522606274670188 ], [ 176.059026261385071, -39.522599075213037 ], [ 176.058971982371474, -39.522543531425605 ], [ 176.058541283163265, -39.522099233501493 ], [ 176.055367730077705, -39.518932022939744 ], [ 176.055040635303726, -39.518606067744479 ], [ 176.054706776017213, -39.518290019668868 ], [ 176.054127812691348, -39.517693083742202 ], [ 176.054056825080636, -39.517613201883677 ], [ 176.053143070188241, -39.516389289515899 ], [ 176.053094746084611, -39.516310953739833 ], [ 176.052439466861074, -39.514991391674002 ], [ 176.052403828237971, -39.51489842878123 ], [ 176.052167972808263, -39.514174524027823 ], [ 176.051973630321328, -39.513453258591554 ], [ 176.051746202301075, -39.512112321745427 ], [ 176.051733647322607, -39.511937267945719 ], [ 176.051767916453542, -39.510585069575811 ], [ 176.051844667447142, -39.509959507327892 ], [ 176.051901613627166, -39.509458749191005 ], [ 176.052139346484097, -39.507318511495647 ], [ 176.052275997531638, -39.506015158820873 ], [ 176.05234546841308, -39.505338560947671 ], [ 176.052348622494804, -39.505308479570999 ], [ 176.052349040978896, -39.505304569535205 ], [ 176.052352325114128, -39.505274496514751 ], [ 176.052464654150526, -39.504265988329266 ], [ 176.052512480738727, -39.503828873470248 ], [ 176.052567582924581, -39.503295378856123 ], [ 176.05256956763597, -39.503276414760165 ], [ 176.052569829008206, -39.503273949641759 ], [ 176.052571865407913, -39.503254988839345 ], [ 176.052850686665295, -39.500691553182349 ], [ 176.053001354203502, -39.499240705170358 ], [ 176.05304423375074, -39.498812666180363 ], [ 176.053047244098337, -39.498783240497403 ], [ 176.053047643530533, -39.498779415665581 ], [ 176.053050778293482, -39.498749997782284 ], [ 176.053180347990775, -39.497557859148863 ], [ 176.053282867401066, -39.496477688479828 ], [ 176.053286953210119, -39.496435963629914 ], [ 176.053287500619859, -39.496430540384203 ], [ 176.053291836499142, -39.496388830684779 ], [ 176.053575202937907, -39.49373971611498 ], [ 176.053586355974829, -39.493641921320368 ], [ 176.053587895221284, -39.493629214494561 ], [ 176.05360042289729, -39.49353151966114 ], [ 176.053686938126475, -39.492892259187435 ], [ 176.053814645820438, -39.491698194431798 ], [ 176.053815518569081, -39.491690078076296 ], [ 176.053915258404885, -39.490775232805845 ], [ 176.054056633596872, -39.48947492042501 ], [ 176.054168136483156, -39.488438808203604 ], [ 176.054256443826745, -39.487599644704865 ], [ 176.054261122647659, -39.487556464531608 ], [ 176.054261748311035, -39.487550852274858 ], [ 176.0542666950804, -39.487507690036651 ], [ 176.054302496711983, -39.487203607712758 ], [ 176.053996190467558, -39.487384883570655 ], [ 176.05397760468648, -39.487395859915189 ], [ 176.053975186687836, -39.487397284956209 ], [ 176.053956572489511, -39.487408232319801 ], [ 176.053147026702874, -39.487883342598735 ], [ 176.052023474193987, -39.488550701841355 ], [ 176.051824099257402, -39.488666515919526 ], [ 176.051797975260286, -39.488681354822027 ], [ 176.051595442554117, -39.488793831545678 ], [ 176.05045624100498, -39.489412266801494 ], [ 176.049895841961728, -39.489739121016044 ], [ 176.049855194424879, -39.489770153477224 ], [ 176.049754763977802, -39.489843470130211 ], [ 176.049347424375696, -39.490196749207499 ], [ 176.049311754425219, -39.490261736660905 ], [ 176.049186303381845, -39.490417056699144 ], [ 176.04679753467201, -39.492543212081252 ], [ 176.046616268838534, -39.492660888655379 ], [ 176.04656390350226, -39.492685227694025 ], [ 176.046235207747628, -39.493014341071891 ], [ 176.046063005302898, -39.493139924553446 ], [ 176.043501492825612, -39.494492005960261 ], [ 176.043487111456955, -39.494577125854306 ], [ 176.043420111518259, -39.494752847155553 ], [ 176.041856133606757, -39.497298024483278 ], [ 176.041722318545311, -39.49744910212425 ], [ 176.039219585617133, -39.499495219355211 ], [ 176.039032050997008, -39.49960686146558 ], [ 176.035835542632924, -39.500953576584607 ], [ 176.035612648166762, -39.501014851470117 ], [ 176.032947292886405, -39.501398905131225 ], [ 176.032290216975355, -39.501653828948292 ], [ 176.031470521867107, -39.501935884215257 ], [ 176.031461436157457, -39.50193900698936 ], [ 176.030150033042247, -39.502388404960932 ], [ 176.029860751370961, -39.502483932626333 ], [ 176.02982293486923, -39.502495955064589 ], [ 176.029530424229165, -39.502585387979416 ], [ 176.028325532154895, -39.502939255721522 ], [ 176.027986192813813, -39.503034276921845 ], [ 176.027941841926321, -39.503046096562876 ], [ 176.027598859959568, -39.503132915983272 ], [ 176.026951302789485, -39.503288259250517 ], [ 176.026532217925393, -39.503388794021305 ], [ 176.026344496091042, -39.503432486730539 ], [ 176.026320032185254, -39.503438007052729 ], [ 176.024533194079851, -39.50372565892431 ], [ 176.024323558347305, -39.503746286382963 ], [ 176.02250062596903, -39.503813823990811 ], [ 176.022475157295219, -39.503813216871343 ], [ 176.022279295246705, -39.503807267566259 ], [ 176.020932438544548, -39.503757538802525 ], [ 176.019781863986623, -39.503757825911705 ], [ 176.01947580640649, -39.503754780207949 ], [ 176.019436032539488, -39.503753978723893 ], [ 176.019130184502501, -39.503744693904395 ], [ 176.018383856306485, -39.503714409538006 ], [ 176.017712438296599, -39.50475129520207 ], [ 176.01757461856738, -39.504900203237021 ], [ 176.016758544046127, -39.505540376724895 ], [ 176.016099901590962, -39.507392481654854 ], [ 176.016002181187815, -39.507559340933497 ], [ 176.013998819977587, -39.509912601651344 ], [ 176.01383930919468, -39.510047899233207 ], [ 176.010995068737657, -39.511806369615158 ], [ 176.010789380913366, -39.511896858098197 ], [ 176.007382708661027, -39.512888354725433 ], [ 176.007150982813357, -39.51292517348849 ], [ 176.003515454902242, -39.513052607651886 ], [ 176.00328038252465, -39.513032151332538 ], [ 175.999772010006609, -39.512283045795236 ], [ 175.999556610597608, -39.512207317699335 ], [ 175.99864988204456, -39.511743983749703 ], [ 175.998135535885012, -39.512013822342517 ], [ 175.997243213403578, -39.51249033944277 ], [ 175.997190935764365, -39.51251809382412 ], [ 175.997184127028049, -39.512521687523908 ], [ 175.997131654877478, -39.512549220831382 ], [ 175.996475650462969, -39.51289142121896 ], [ 175.995519826626378, -39.513393054648368 ], [ 175.994870779672169, -39.513710001415326 ], [ 175.994784741456982, -39.513749005089238 ], [ 175.99411012379403, -39.514032114693812 ], [ 175.993302222529962, -39.514344907764361 ], [ 175.991791082538583, -39.514930980937841 ], [ 175.991788534688794, -39.514931968760095 ], [ 175.990201836171281, -39.515546648117031 ], [ 175.990184276187875, -39.515553436246343 ], [ 175.990181992431047, -39.51555431721048 ], [ 175.990164417693904, -39.515561082375577 ], [ 175.989658500208179, -39.515755414940621 ], [ 175.987984770005056, -39.516401335023104 ], [ 175.986564662394272, -39.516950710492182 ], [ 175.98655885044036, -39.516952957271251 ], [ 175.984614018960855, -39.51770342404339 ], [ 175.984605207788917, -39.5177068204042 ], [ 175.983347357847151, -39.5181903525419 ], [ 175.980955802367987, -39.519116849949825 ], [ 175.979473093339578, -39.519699809671856 ], [ 175.979448121368989, -39.519709598460437 ], [ 175.979444873038517, -39.519710867976848 ], [ 175.979419870693988, -39.519720610209703 ], [ 175.978398017397922, -39.520117578877404 ], [ 175.978388484480405, -39.520121277974773 ], [ 175.977893001737243, -39.520312982507043 ], [ 175.977563201852121, -39.520446866686754 ], [ 175.977103633521637, -39.52093194369224 ], [ 175.976180658360079, -39.521789245250957 ], [ 175.976052233382376, -39.521894520809219 ], [ 175.974999439534145, -39.522656842060236 ], [ 175.974367082492677, -39.523060875154449 ], [ 175.974337502874107, -39.523079711034775 ], [ 175.974333652329136, -39.523082154790394 ], [ 175.974303992794404, -39.523100915150657 ], [ 175.973349993373404, -39.523702308471492 ], [ 175.972501827680077, -39.524238174684143 ], [ 175.971921488020286, -39.524606743879744 ], [ 175.971919968314836, -39.524607708859747 ], [ 175.970792488300134, -39.525323306600669 ], [ 175.969623370472533, -39.526065522051432 ], [ 175.968769904408134, -39.526609877364649 ], [ 175.967724607916011, -39.527278178335692 ], [ 175.967690444300985, -39.527299935718688 ], [ 175.967685996102688, -39.527302757629244 ], [ 175.967651725897468, -39.527324414254615 ], [ 175.966519408933067, -39.528037181746988 ], [ 175.965046395923821, -39.528826731978441 ], [ 175.964845862812581, -39.528917380646767 ], [ 175.963233753986373, -39.529522423407023 ], [ 175.9626252893367, -39.529707469121732 ], [ 175.960836654252432, -39.530253566213354 ], [ 175.960050751503843, -39.530493742550064 ], [ 175.960047031247228, -39.530494878900264 ], [ 175.958188689336907, -39.531061759624954 ], [ 175.958178272511475, -39.53106493270586 ], [ 175.957635062478261, -39.531229806064459 ], [ 175.956584743273055, -39.531550337392957 ], [ 175.955873348773082, -39.531771236847518 ], [ 175.955842725045585, -39.531780706892206 ], [ 175.955838741715979, -39.531781933626185 ], [ 175.955808083449909, -39.531791336411807 ], [ 175.954105880651241, -39.532311219747633 ], [ 175.953254984908853, -39.532576892919323 ], [ 175.95295555014448, -39.532662968250044 ], [ 175.951926526155432, -39.533668157561031 ], [ 175.951752338658565, -39.533792166800275 ], [ 175.948720026405226, -39.535351854488162 ], [ 175.948504867254286, -39.53542810775641 ], [ 175.94499843592871, -39.536185774985356 ], [ 175.944763372566626, -39.536206805482998 ], [ 175.942091115903736, -39.536119721089143 ], [ 175.941941834831539, -39.536163424546949 ], [ 175.940834307053848, -39.536503519995691 ], [ 175.940832051378749, -39.536504222097264 ], [ 175.938838715582222, -39.538439096492205 ], [ 175.938664027364013, -39.538562692037054 ], [ 175.935625365892435, -39.54011518277737 ], [ 175.935409892236521, -39.540190925657292 ], [ 175.93516767463683, -39.540242646180886 ], [ 175.932367299673444, -39.541656296846043 ], [ 175.932151286506809, -39.541731120763188 ], [ 175.929347304637986, -39.542316972185745 ], [ 175.930192342556126, -39.542953854359553 ], [ 175.931396848834169, -39.544016423811193 ], [ 175.931538518304677, -39.544163189280383 ], [ 175.933235057937509, -39.546657282564432 ], [ 175.933311222300432, -39.546830757906839 ], [ 175.933929311136751, -39.549608661945648 ], [ 175.933932507458621, -39.549791868244043 ], [ 175.933411509113512, -39.552581678666606 ], [ 175.933341415259264, -39.552756682382622 ], [ 175.931732194268676, -39.555285296019903 ], [ 175.931595663970143, -39.555434964463949 ], [ 175.929055658172729, -39.557454819102219 ], [ 175.928866053020641, -39.557564498304529 ], [ 175.92564389453878, -39.558877822562494 ], [ 175.925419777185141, -39.558936772997015 ], [ 175.923718921812053, -39.559163418433336 ], [ 175.923216929774355, -39.559382817311906 ], [ 175.923844065698972, -39.559810622262354 ], [ 175.925115387386768, -39.560825684140234 ], [ 175.925266310114381, -39.560966835104111 ], [ 175.927120804635592, -39.563392785410898 ], [ 175.927207997207944, -39.56356312577131 ], [ 175.928003285893965, -39.566313900799791 ], [ 175.928018206435468, -39.566496758789398 ], [ 175.927676312325417, -39.569303114756671 ], [ 175.927617491099369, -39.569480591282392 ], [ 175.926171743126645, -39.57206781055536 ], [ 175.926044929920721, -39.572222531162566 ], [ 175.923636753183615, -39.574337318086556 ], [ 175.923454357554874, -39.574454134384538 ], [ 175.9203194658825, -39.575889425132097 ], [ 175.920099343878519, -39.575956898869421 ], [ 175.916544672391439, -39.576572150828397 ], [ 175.916308377954351, -39.576583674870385 ], [ 175.912682011344145, -39.576318641656044 ], [ 175.912452683836591, -39.576273087630121 ], [ 175.909109734236409, -39.575153724541238 ], [ 175.908909829876535, -39.575055553411829 ], [ 175.907448922751456, -39.574206724845396 ], [ 175.906395300510383, -39.573487865441614 ], [ 175.906284024248464, -39.573410956795428 ], [ 175.906269641727164, -39.573400887341514 ], [ 175.906159648431355, -39.573322881313338 ], [ 175.906007850139446, -39.573213834093764 ], [ 175.905128192802295, -39.572641505342922 ], [ 175.905007071884938, -39.572561599574996 ], [ 175.904991418672381, -39.572551129006165 ], [ 175.904871720935546, -39.572469949101595 ], [ 175.904470960609046, -39.572194377182434 ], [ 175.903168500035235, -39.571324904685781 ], [ 175.903112048386049, -39.571286973582552 ], [ 175.903104730210543, -39.571282024351625 ], [ 175.903048594544259, -39.57124381344093 ], [ 175.902746701897172, -39.571036983039114 ], [ 175.901737877374472, -39.570361208130841 ], [ 175.901737703074957, -39.570361091369712 ], [ 175.900993430305164, -39.569862481066338 ], [ 175.900881574651635, -39.569786571598726 ], [ 175.900867115500148, -39.569776631854282 ], [ 175.900756522669838, -39.569699622177332 ], [ 175.898754145777332, -39.568287226339848 ], [ 175.898744523493747, -39.568280431317916 ], [ 175.898743273240427, -39.568279547426748 ], [ 175.898733660857431, -39.568272744123419 ], [ 175.898138216211493, -39.567850831733161 ], [ 175.896373402533186, -39.566618470656508 ], [ 175.896328394879333, -39.566586875791927 ], [ 175.896322557777893, -39.566582756667259 ], [ 175.896277763871325, -39.566550980383383 ], [ 175.89538333487701, -39.565913140450199 ], [ 175.894744956168097, -39.565475008290221 ], [ 175.894089943264305, -39.565579686330565 ], [ 175.893853474737028, -39.565588208880158 ], [ 175.890233804128769, -39.565277172994598 ], [ 175.890005510461236, -39.565228713762835 ], [ 175.886687282859867, -39.564067063459007 ], [ 175.886489518909059, -39.563966367892668 ], [ 175.883797636715741, -39.562067855400819 ], [ 175.883649764507169, -39.561924783588942 ], [ 175.883207460117205, -39.561323580701739 ], [ 175.882043374447136, -39.562210840593679 ], [ 175.882034885932569, -39.562217303750543 ], [ 175.882033781872252, -39.562218143522564 ], [ 175.882025284843394, -39.562224599935227 ], [ 175.881553544458853, -39.562582679376021 ], [ 175.881155765445186, -39.562900191170158 ], [ 175.880004487633869, -39.563704283716419 ], [ 175.879846507642071, -39.563800651721358 ], [ 175.878567324992872, -39.564479142470994 ], [ 175.878162177307104, -39.564664611543165 ], [ 175.876952467836361, -39.565258308491835 ], [ 175.876944160214805, -39.565262381840746 ], [ 175.876023696971714, -39.565712618822587 ], [ 175.875051914247564, -39.566138873178645 ], [ 175.874922441376839, -39.566189472164091 ], [ 175.87390233464393, -39.56654166331397 ], [ 175.873137689449749, -39.566772279756947 ], [ 175.872877338160407, -39.566854384632563 ], [ 175.872800654492835, -39.566989429160557 ], [ 175.872787825610033, -39.567011938050577 ], [ 175.872786152695738, -39.56701486243859 ], [ 175.872773244435308, -39.567037344133404 ], [ 175.872375152810861, -39.567728130071671 ], [ 175.872175741448331, -39.568078768316802 ], [ 175.872466460135598, -39.568649236949128 ], [ 175.872635557375304, -39.568958934482218 ], [ 175.872825691186762, -39.569352722300678 ], [ 175.872949876495539, -39.56962296412587 ], [ 175.872965294088743, -39.569658285515303 ], [ 175.873078302479882, -39.569931449692696 ], [ 175.873252022132675, -39.570375584636857 ], [ 175.87337561809602, -39.570715446097935 ], [ 175.873390561103889, -39.570759854724599 ], [ 175.873579485574453, -39.571422799817213 ], [ 175.87358925285406, -39.571464484162419 ], [ 175.873656890532089, -39.571786184894535 ], [ 175.87366044953481, -39.571805285799698 ], [ 175.875235527810219, -39.572301440665527 ], [ 175.875438145699377, -39.572396209020319 ], [ 175.878222334614435, -39.574213584727914 ], [ 175.878377205401023, -39.574352167118683 ], [ 175.88029959562374, -39.57674638487147 ], [ 175.880391557972899, -39.576915219375145 ], [ 175.881263907790355, -39.579651963916753 ], [ 175.881283953194583, -39.579834526280692 ], [ 175.881020744863179, -39.58264592929951 ], [ 175.880966901973494, -39.582824349516244 ], [ 175.879593760919676, -39.585435201545891 ], [ 175.879471292015097, -39.585592012913892 ], [ 175.877122531633148, -39.587746706462831 ], [ 175.876977171587072, -39.587843972099463 ], [ 175.878208887777589, -39.587779230914776 ], [ 175.878444744996699, -39.587795560305899 ], [ 175.881977889351418, -39.588482829320654 ], [ 175.882195687523193, -39.588554745243897 ], [ 175.885281550994108, -39.590053044122513 ], [ 175.885459976809642, -39.590173509596035 ], [ 175.887796552649917, -39.592336223844924 ], [ 175.887918141636618, -39.592493450398685 ], [ 175.889276681979169, -39.595108931220395 ], [ 175.889329527627439, -39.595287531486306 ], [ 175.889576945410084, -39.598099793301728 ], [ 175.889555866394204, -39.598282286066791 ], [ 175.888667802411135, -39.601016050444883 ], [ 175.888574852990246, -39.601184571288812 ], [ 175.886638113896879, -39.603572211059202 ], [ 175.886482386306966, -39.603710261336481 ], [ 175.886262253460643, -39.603876967607661 ], [ 175.886586220060366, -39.604115631822147 ], [ 175.886658552161549, -39.604172684832832 ], [ 175.887195579785924, -39.604626252787945 ], [ 175.889085325432177, -39.606335923856342 ], [ 175.889092958328234, -39.606342836143988 ], [ 175.88925606774805, -39.606490926536473 ], [ 175.889442960412595, -39.6066513515376 ], [ 175.889694258153412, -39.606874312617038 ], [ 175.889726303121421, -39.606903704485205 ], [ 175.889968004877574, -39.607132926014287 ], [ 175.890898217773184, -39.608045266943954 ], [ 175.891955651433449, -39.60901896933256 ], [ 175.89228936001939, -39.609315949727637 ], [ 175.892631517940686, -39.609634982113221 ], [ 175.892674741984308, -39.609677225576021 ], [ 175.892997569311177, -39.610008092675969 ], [ 175.893131662332195, -39.610152307786258 ], [ 175.893318695089448, -39.610334994665891 ], [ 175.893553593248527, -39.610559145339813 ], [ 175.894011513328905, -39.610961430304172 ], [ 175.894119917204193, -39.611058036917747 ], [ 175.894133893753548, -39.611070672517791 ], [ 175.894139425123512, -39.611075745661118 ], [ 175.894602799597919, -39.611041929162724 ], [ 175.894681443435871, -39.611036397611755 ], [ 175.894691670168044, -39.611035705319779 ], [ 175.894770360671856, -39.611030586225304 ], [ 175.895052174772843, -39.611012996688316 ], [ 175.895216579468638, -39.611002491659761 ], [ 175.895783861652319, -39.610815017179775 ], [ 175.896352957359198, -39.610650070711287 ], [ 175.896893479164646, -39.610485881758983 ], [ 175.896966236555897, -39.610463998097394 ], [ 175.896975707231945, -39.610461177765664 ], [ 175.897048652549358, -39.610439671708001 ], [ 175.897734079975208, -39.610239620217932 ], [ 175.897765074768984, -39.610230612739294 ], [ 175.897769106237234, -39.610229446197856 ], [ 175.897800134031996, -39.610220506885099 ], [ 175.898427863610152, -39.610040436983297 ], [ 175.898483810974824, -39.610024513618598 ], [ 175.898491090930975, -39.610022457989118 ], [ 175.898547142892085, -39.610006756284847 ], [ 175.899217909459054, -39.609820353821441 ], [ 175.899867592864751, -39.609637880465435 ], [ 175.899906855040683, -39.609626914498016 ], [ 175.899911962410272, -39.609625495999786 ], [ 175.899951275151125, -39.609614638917307 ], [ 175.900510585786463, -39.609461044586766 ], [ 175.901019010096263, -39.609316067270214 ], [ 175.901672224283573, -39.609146597376927 ], [ 175.901757909655458, -39.609126527065492 ], [ 175.902422932238665, -39.608987222870127 ], [ 175.903819103213579, -39.608728773527524 ], [ 175.904890707635559, -39.60849926070879 ], [ 175.905020703184363, -39.608472042785365 ], [ 175.905037628479164, -39.608468580131358 ], [ 175.905168022083274, -39.608442526454489 ], [ 175.905841334969949, -39.608311197615599 ], [ 175.906052858407662, -39.608271561384541 ], [ 175.90608041627209, -39.608266607806499 ], [ 175.906292859988611, -39.608230035143023 ], [ 175.906809199850272, -39.608145052599049 ], [ 175.906817017682584, -39.608143768010265 ], [ 175.907434142043627, -39.60804279848503 ], [ 175.907599361707724, -39.608016731264144 ], [ 175.907620870841527, -39.608013462941408 ], [ 175.907786560932863, -39.607989248273398 ], [ 175.908443797296627, -39.607897000554885 ], [ 175.909074672202536, -39.607805941243548 ], [ 175.90912596231999, -39.607798629838761 ], [ 175.909132632752488, -39.607797690906047 ], [ 175.909183964673673, -39.607790557192217 ], [ 175.909905917367638, -39.607691513314201 ], [ 175.909950566052117, -39.607685457148989 ], [ 175.909956372341014, -39.607684678585507 ], [ 175.910001051177204, -39.607678756851548 ], [ 175.910330190940556, -39.607635641890113 ], [ 175.910484647471463, -39.607610274573403 ], [ 175.910501707499435, -39.607607483011257 ], [ 175.910503925651284, -39.607607121392611 ], [ 175.910520991036663, -39.607604349590844 ], [ 175.9114305660772, -39.607457160012224 ], [ 175.912292868479568, -39.607316633488288 ], [ 175.91280858046693, -39.607241927978265 ], [ 175.912875871658116, -39.607233388745563 ], [ 175.913395408905558, -39.607176721429092 ], [ 175.914027346537523, -39.607118986967279 ], [ 175.914741030083263, -39.607070939506535 ], [ 175.914833969361638, -39.607066904885343 ], [ 175.916661196678291, -39.607098663255968 ], [ 175.916804940049559, -39.607109930974673 ], [ 175.918603260168055, -39.607362371172918 ], [ 175.918693263969686, -39.607380746302248 ], [ 175.919200028486841, -39.607497211841483 ], [ 175.920144371811546, -39.607080480876256 ], [ 175.920358686376886, -39.607002454112241 ], [ 175.923857967355076, -39.606215735165044 ], [ 175.924092960110016, -39.606192747294138 ], [ 175.927735251299111, -39.606280851542643 ], [ 175.927967928544632, -39.606315152017025 ], [ 175.931396837910512, -39.607269460486229 ], [ 175.931604432147282, -39.607357693157596 ], [ 175.934484421449667, -39.609084827344432 ], [ 175.93464661674804, -39.60921835844514 ], [ 175.936695805389263, -39.611549307171828 ], [ 175.93679672420501, -39.611715069279853 ], [ 175.93770468461733, -39.614129756296904 ], [ 175.93885340228627, -39.614660814270415 ], [ 175.939404448485533, -39.61403541664567 ], [ 175.93956683352576, -39.613902015259484 ], [ 175.942449332184822, -39.612177182011507 ], [ 175.942657058940284, -39.612089115076586 ], [ 175.946087487714379, -39.611137543164155 ], [ 175.946320227572301, -39.611103428361886 ], [ 175.949962902818015, -39.611018231417958 ], [ 175.950197882277422, -39.611041406959899 ], [ 175.953696374721545, -39.611830923264485 ], [ 175.953910601301828, -39.611909121576261 ], [ 175.956922571940709, -39.613496098376658 ], [ 175.957095081431191, -39.613621667678864 ], [ 175.959325747083568, -39.615850811550025 ], [ 175.959439653459384, -39.616011463793072 ], [ 175.960670623283676, -39.618664622403806 ], [ 175.96071477147089, -39.618844634753081 ], [ 175.960809829155181, -39.619516992824948 ], [ 175.963121586436102, -39.621218724949976 ], [ 175.963265531290347, -39.621364251362372 ], [ 175.963846212792902, -39.622194289006217 ], [ 175.964347414855126, -39.622440224407292 ], [ 175.964347833792772, -39.622440429984202 ], [ 175.965123987961363, -39.622821337685181 ], [ 175.965527878380158, -39.622927692224366 ], [ 175.966066923634969, -39.623063456322726 ], [ 175.966734993430634, -39.623230758883317 ], [ 175.966771926907199, -39.623240060514561 ], [ 175.966776725639164, -39.623241275911987 ], [ 175.966813618808459, -39.623250672702895 ], [ 175.968045117140377, -39.623566091328001 ], [ 175.969187855126023, -39.623849199646067 ], [ 175.971394878426906, -39.623668059260375 ], [ 175.971631492531714, -39.623677459977564 ], [ 175.97249772106332, -39.623819122289113 ], [ 175.973534290625878, -39.623693620233261 ], [ 175.973687181218281, -39.623684525618302 ], [ 175.97420880189938, -39.623685238510234 ], [ 175.97419109832714, -39.622774422309256 ], [ 175.974190966000691, -39.622767436463377 ], [ 175.974184659258697, -39.622410506911486 ], [ 175.974183574402531, -39.622282602836378 ], [ 175.974183585995888, -39.622265975370063 ], [ 175.974184849207262, -39.622138072271134 ], [ 175.974197149996257, -39.621492567937985 ], [ 175.974197664782082, -39.621467854192851 ], [ 175.974197737402619, -39.621464641482952 ], [ 175.974198339856116, -39.621439928922015 ], [ 175.974212267141297, -39.620907388245591 ], [ 175.974219655844536, -39.620720652345085 ], [ 175.974220941703152, -39.620696386988463 ], [ 175.974233335425794, -39.620509809709482 ], [ 175.974259084836746, -39.62018744178431 ], [ 175.974258335027628, -39.620108083112974 ], [ 175.974388439350292, -39.618697908253466 ], [ 175.974423788872627, -39.618516737093685 ], [ 175.97552466868089, -39.615829593493594 ], [ 175.975630670187712, -39.615665736409696 ], [ 175.977751192025664, -39.613373181173451 ], [ 175.977917463908454, -39.613242674726841 ], [ 175.980850012937623, -39.611569067444862 ], [ 175.981060279365181, -39.611484682966811 ], [ 175.984517841186857, -39.610593796932974 ], [ 175.984751525287976, -39.610563791732574 ], [ 175.986694703693303, -39.610552613917278 ], [ 175.986269961732035, -39.609790281418817 ], [ 175.985480874723862, -39.608378367158096 ], [ 175.98544412634655, -39.60831188047905 ], [ 175.985439393979476, -39.60830322252081 ], [ 175.985403336708885, -39.608236509842015 ], [ 175.985137204432533, -39.607738504952572 ], [ 175.983833171338375, -39.605408752895634 ], [ 175.98380506097277, -39.60535810544436 ], [ 175.983801432698499, -39.605351512690142 ], [ 175.98377372345999, -39.605300733153371 ], [ 175.983560898600501, -39.604907356541467 ], [ 175.98313769043466, -39.604128298617724 ], [ 175.983122545669488, -39.604100287137932 ], [ 175.983120584788736, -39.604096643089512 ], [ 175.983105562157732, -39.604068592286303 ], [ 175.982700579236365, -39.603308765894091 ], [ 175.982695505175684, -39.60329923037969 ], [ 175.982694846465876, -39.603297990472512 ], [ 175.982689786529136, -39.603288450491817 ], [ 175.982341494455596, -39.602630703951064 ], [ 175.981819184433903, -39.601669789958166 ], [ 175.981801987353379, -39.60163798113188 ], [ 175.981799761970507, -39.601633842690312 ], [ 175.981782722391756, -39.601601983184679 ], [ 175.98125328171011, -39.60060666669721 ], [ 175.981233589819681, -39.600569410273152 ], [ 175.98123104387335, -39.600564562538175 ], [ 175.981211567358542, -39.600527238424142 ], [ 175.981027372987626, -39.600171968431958 ], [ 175.980860741564214, -39.599867850832133 ], [ 175.980835355162611, -39.599821153124402 ], [ 175.980832077020835, -39.599815075292014 ], [ 175.980807030472022, -39.599768267885935 ], [ 175.980543277662662, -39.599271410002096 ], [ 175.978597446827905, -39.598526738988312 ], [ 175.978404205080608, -39.59842080454527 ], [ 175.97579749400893, -39.596451292396523 ], [ 175.975656035410566, -39.596304343143778 ], [ 175.973963747343305, -39.593808024277507 ], [ 175.973887916039502, -39.59363444799574 ], [ 175.973275621696786, -39.590855722858237 ], [ 175.973272833114493, -39.590672512459307 ], [ 175.973800334157318, -39.587883398182804 ], [ 175.973870851986533, -39.587708487540404 ], [ 175.974550138781836, -39.586396050236523 ], [ 175.974655574799044, -39.586231160114934 ], [ 175.974757124357382, -39.586092388229311 ], [ 175.974911449222446, -39.585200487652898 ], [ 175.974932626052038, -39.585124220143662 ], [ 175.975120800217411, -39.584541748888512 ], [ 175.975527413659307, -39.583440456885477 ], [ 175.975908874809477, -39.582398011612888 ], [ 175.97592749208755, -39.582347692087716 ], [ 175.975929936867317, -39.582341156044329 ], [ 175.975948931585435, -39.582290921055737 ], [ 175.976148807953933, -39.581767948196863 ], [ 175.976345212222668, -39.581232640881112 ], [ 175.976612256357441, -39.580483986630014 ], [ 175.976621737972977, -39.580457561619539 ], [ 175.976622977336149, -39.58045412782775 ], [ 175.976632562846476, -39.580427725272294 ], [ 175.976846403497092, -39.579842136243258 ], [ 175.97712145932951, -39.579064244809345 ], [ 175.977394034441772, -39.578287119215531 ], [ 175.977405575114489, -39.578254458651209 ], [ 175.977407085705664, -39.578250214974702 ], [ 175.977418784897708, -39.578217588208538 ], [ 175.977514098342567, -39.577953701985862 ], [ 175.977668145937002, -39.577290812008265 ], [ 175.977884077987142, -39.576544841491959 ], [ 175.977917409912834, -39.576448960579768 ], [ 175.978528957377051, -39.575116752887148 ], [ 175.978573466633264, -39.575039595577827 ], [ 175.979446753802961, -39.573797816751004 ], [ 175.979516736682626, -39.573714598401132 ], [ 175.980090184714072, -39.57309214592253 ], [ 175.980466448080819, -39.572718348596879 ], [ 175.981476461435619, -39.57183980633134 ], [ 175.981616812395288, -39.571732698809583 ], [ 175.982766044683558, -39.570963431687289 ], [ 175.983522758289524, -39.570520260283978 ], [ 175.985061415601677, -39.569758214227939 ], [ 175.985270219469299, -39.569671864976428 ], [ 175.988711506081046, -39.568748638295062 ], [ 175.988944562986234, -39.568716445333408 ], [ 175.992586015826618, -39.568661309033871 ], [ 175.99282052128018, -39.568686422519406 ], [ 175.996305830530588, -39.56950477341703 ], [ 175.996518838378876, -39.569584736142104 ], [ 175.999506953614798, -39.571196499788371 ], [ 175.999677618781647, -39.571323487298713 ], [ 176.001876089108009, -39.573570944228919 ], [ 176.001987705911517, -39.573732529646414 ], [ 176.003181289268156, -39.57639573452208 ], [ 176.003222926605787, -39.576576103621193 ], [ 176.00325041486812, -39.577655870538067 ], [ 176.005337700573278, -39.578144279477833 ], [ 176.005550829445042, -39.578224091712443 ], [ 176.00793118058138, -39.579505387199568 ], [ 176.008323090515432, -39.579335662056579 ], [ 176.01029935216107, -39.578475989429968 ], [ 176.010311847410236, -39.578470561655763 ], [ 176.010313472357097, -39.578469856816987 ], [ 176.01032597629046, -39.578464440918374 ], [ 176.011720904596132, -39.577861106028692 ], [ 176.012982119783146, -39.577314168030831 ], [ 176.014321806525743, -39.57672718408201 ], [ 176.014534923934463, -39.576637279414847 ], [ 176.016521480172401, -39.57537304271488 ], [ 176.016725622408359, -39.575280233119713 ], [ 176.020116182721807, -39.57425012785442 ], [ 176.02034738794066, -39.574210672039939 ], [ 176.021002389953253, -39.574180239017622 ], [ 176.022226571388615, -39.573759814015062 ], [ 176.022437517022468, -39.57370144322698 ], [ 176.024200655893509, -39.57333134849236 ], [ 176.024213316550686, -39.573329501377003 ], [ 176.02602954872313, -39.573177386994324 ], [ 176.026253475631222, -39.573172312458631 ], [ 176.028078096644236, -39.573241919463314 ], [ 176.028090875261825, -39.573243190086338 ], [ 176.029878974687051, -39.573532808695361 ], [ 176.030093972104453, -39.573581527054628 ], [ 176.031801539476277, -39.574084025810414 ], [ 176.031813185680278, -39.5740882898492 ], [ 176.033398185749007, -39.574791303235912 ], [ 176.033583215539039, -39.574889047496278 ], [ 176.035006633027308, -39.575775268736628 ], [ 176.035016007120049, -39.575782108950385 ], [ 176.03624279234225, -39.576829725227505 ], [ 176.036379745565881, -39.576966930660738 ], [ 176.037331750678788, -39.578083023649548 ], [ 176.037417293560139, -39.578201604143736 ], [ 176.038179931459524, -39.579486324908984 ], [ 176.038261584621722, -39.57965831104751 ], [ 176.038967454863354, -39.582423740188112 ], [ 176.038976433499869, -39.582606833952156 ], [ 176.038543380672081, -39.585405700251734 ], [ 176.038478796636099, -39.585581979304237 ], [ 176.036949074372217, -39.58814029582701 ], [ 176.036817241781762, -39.58829250278967 ], [ 176.03434050026982, -39.590359801454817 ], [ 176.034154320425614, -39.590473033927076 ], [ 176.032756296169168, -39.591076792036382 ], [ 176.032190152794527, -39.591440138726689 ], [ 176.031986472812378, -39.591533617049777 ], [ 176.030986095079072, -39.591841240846293 ], [ 176.030972991898921, -39.591846899197144 ], [ 176.030903171311707, -39.591866740026063 ], [ 176.030171834805941, -39.592091623675429 ], [ 176.030040608925219, -39.592138894212411 ], [ 176.02927693776104, -39.59242673442202 ], [ 176.029270705381236, -39.592429081725754 ], [ 176.028124739903348, -39.592859847113196 ], [ 176.028099532801832, -39.59286929320514 ], [ 176.028096253972592, -39.592870518146675 ], [ 176.028071017547234, -39.592879917308849 ], [ 176.026848701189749, -39.593333752400653 ], [ 176.026195518986896, -39.593578442148221 ], [ 176.025179546706767, -39.594023616881927 ], [ 176.025157305538926, -39.594033337354389 ], [ 176.02515441240115, -39.594034598559531 ], [ 176.02513214375702, -39.594044281243143 ], [ 176.02384102019974, -39.594604225126837 ], [ 176.02383469125553, -39.594606967874057 ], [ 176.022441279270254, -39.595209686907857 ], [ 176.020467835650635, -39.59606818841614 ], [ 176.020457059400712, -39.596072870481649 ], [ 176.019509319019022, -39.596483337275536 ], [ 176.018750248634746, -39.596815160963367 ], [ 176.018723335805248, -39.596826889216537 ], [ 176.018719834530231, -39.596828410296361 ], [ 176.018692881590482, -39.596840083271289 ], [ 176.016956451386051, -39.597589749393656 ], [ 176.016776359646201, -39.597665895564354 ], [ 176.016752836766443, -39.597675634192356 ], [ 176.016571038053684, -39.597749313064917 ], [ 176.016026258681848, -39.597965385943077 ], [ 176.015971799656853, -39.59798684609661 ], [ 176.015964710568767, -39.597989621523858 ], [ 176.015910106700119, -39.598010860250902 ], [ 176.014886665704267, -39.598406331548588 ], [ 176.012604577519568, -39.599332392661232 ], [ 176.012501311769427, -39.599373788456283 ], [ 176.012487852813138, -39.599379117912775 ], [ 176.012384057698057, -39.599419713755623 ], [ 176.011731135528549, -39.599671919449392 ], [ 176.010775184985874, -39.600055519413729 ], [ 176.010725597125656, -39.600075301033662 ], [ 176.010719142775599, -39.600077860683193 ], [ 176.01066943294262, -39.600097458286896 ], [ 176.008381544862658, -39.600994066179467 ], [ 176.009043713008793, -39.602178181644334 ], [ 176.009046666770359, -39.602183468155872 ], [ 176.009938712978112, -39.603783553467608 ], [ 176.009948654241583, -39.603801438063407 ], [ 176.009949943357498, -39.603803764138171 ], [ 176.009959834646281, -39.603821665308288 ], [ 176.011630309814109, -39.606853794738939 ], [ 176.012101411853052, -39.607696302659122 ], [ 176.012615016784935, -39.607701151003418 ], [ 176.013450070958072, -39.607705553786481 ], [ 176.013478581391496, -39.607705730992734 ], [ 176.0134822877028, -39.607705757537794 ], [ 176.013510797443331, -39.607705988716837 ], [ 176.015674292855607, -39.607725560031874 ], [ 176.015686756921696, -39.607725677758239 ], [ 176.016469852152511, -39.607733897483349 ], [ 176.017197143726861, -39.607555387287157 ], [ 176.018305069846633, -39.607329182413991 ], [ 176.018450619041602, -39.607305319596591 ], [ 176.019581912713363, -39.60716440398221 ], [ 176.021560613901158, -39.606994630379639 ], [ 176.021638761595966, -39.60698813094362 ], [ 176.021648924364513, -39.606987312536567 ], [ 176.021727126955341, -39.606981221094593 ], [ 176.022319053751687, -39.606936672324437 ], [ 176.023446355443951, -39.606843602866363 ], [ 176.026492812594, -39.606588170098426 ], [ 176.026505831694237, -39.606587083976443 ], [ 176.027752500895105, -39.606484468652283 ], [ 176.029026063067874, -39.606375786035237 ], [ 176.029950633488198, -39.606296161802931 ], [ 176.033738599135347, -39.60592039207495 ], [ 176.035564099309852, -39.605851087959017 ], [ 176.035800864495314, -39.60585649014196 ], [ 176.039381781394013, -39.606379291156244 ], [ 176.039604805660616, -39.60644101660921 ], [ 176.042801723763318, -39.607794089322645 ], [ 176.042989183024304, -39.607906098264962 ], [ 176.045489240016309, -39.609957040870249 ], [ 176.045622786657958, -39.610108372546343 ], [ 176.047181249057189, -39.612656478277884 ], [ 176.047247807087984, -39.612832322551697 ], [ 176.047385128045136, -39.613659389343447 ], [ 176.047451107618258, -39.613714841574037 ], [ 176.047895652398779, -39.614111004296348 ], [ 176.047951457020105, -39.61416376232944 ], [ 176.048365444807501, -39.614579261772981 ], [ 176.048768657403571, -39.61500927361508 ], [ 176.049122794229049, -39.615364600040756 ], [ 176.049556484743306, -39.615791213836893 ], [ 176.04960093198963, -39.615835215377565 ], [ 176.049606687162196, -39.615840949370131 ], [ 176.049650781031602, -39.615885163100003 ], [ 176.051128813992449, -39.617376706284979 ], [ 176.051791221650404, -39.61803804949384 ], [ 176.052303603662409, -39.618544701425662 ], [ 176.053150548183424, -39.6195036315602 ], [ 176.053249828788324, -39.619633250646153 ], [ 176.054055251080484, -39.620902417466148 ], [ 176.054070942218118, -39.620933002228291 ], [ 176.054609748627428, -39.622283981402973 ], [ 176.054652382960057, -39.622430982643138 ], [ 176.054885913729805, -39.623578140306321 ], [ 176.05490226720832, -39.623715728428124 ], [ 176.055007902152369, -39.623871751299632 ], [ 176.056172731275581, -39.626542794407818 ], [ 176.056212393920191, -39.626723433779489 ], [ 176.056252884039139, -39.629542100749397 ], [ 176.056218418607244, -39.629723376757227 ], [ 176.055130464844467, -39.632413756344292 ], [ 176.055025236193643, -39.632577923301788 ], [ 176.052915220032077, -39.634876630238267 ], [ 176.05274952316006, -39.63500761544676 ], [ 176.049823943043066, -39.636689584704619 ], [ 176.049613997450848, -39.636774562865838 ], [ 176.046159272361336, -39.637675100295567 ], [ 176.045925634401527, -39.637705750299169 ], [ 176.042280050837235, -39.637736673641044 ], [ 176.042045599446197, -39.637709994184789 ], [ 176.040263026638655, -39.637395011108687 ], [ 176.039555549127016, -39.637223861687851 ], [ 176.038093016446254, -39.636784452745971 ], [ 176.03790871337435, -39.636717712400156 ], [ 176.036318790771617, -39.636019460336989 ], [ 176.036290789067152, -39.636004803234925 ], [ 176.034861750706909, -39.635122823257795 ], [ 176.03471315072332, -39.635015310497813 ], [ 176.033642266113588, -39.634128643276654 ], [ 176.032958734084247, -39.633480152888694 ], [ 176.032063152174345, -39.632504757957207 ], [ 176.031958103967554, -39.632372551936989 ], [ 176.031237557865751, -39.631314009356949 ], [ 176.030868196740386, -39.630671102119564 ], [ 176.030328097261417, -39.629528759807549 ], [ 176.030271139177472, -39.629377275396777 ], [ 176.029900024256307, -39.627992935156286 ], [ 176.029895845892923, -39.627967399638237 ], [ 176.029865488099404, -39.627471704487341 ], [ 176.029577202214625, -39.62718804220178 ], [ 176.029542776251816, -39.627154000440477 ], [ 176.02953831462932, -39.627149566735952 ], [ 176.029504100245731, -39.627115397658287 ], [ 176.029002947852661, -39.626612416595918 ], [ 176.028899970892894, -39.626507484944419 ], [ 176.028886713578487, -39.62649376887677 ], [ 176.028785731853702, -39.626387684104806 ], [ 176.028700633264066, -39.626296902115797 ], [ 176.028536711169636, -39.626159101055329 ], [ 176.028119237997259, -39.625813029704339 ], [ 176.028035105300972, -39.625761809763141 ], [ 176.026110176454722, -39.625923190769996 ], [ 176.026099571288, -39.625924076041031 ], [ 176.024895028948407, -39.626023521090588 ], [ 176.024840977366296, -39.626027884496708 ], [ 176.024833948988999, -39.62602843906155 ], [ 176.024779871689901, -39.62603260742226 ], [ 176.024213514905142, -39.62607523016522 ], [ 176.023536857886967, -39.62613328877918 ], [ 176.022102432909918, -39.62648855420715 ], [ 176.022043099577218, -39.626503113860203 ], [ 176.022035379758563, -39.626504990665104 ], [ 176.02025365322487, -39.626821863822023 ], [ 176.020027196353823, -39.626847883134772 ], [ 176.019209170456435, -39.626891572857105 ], [ 176.019575905737497, -39.627737661279653 ], [ 176.019615135939944, -39.627918355976199 ], [ 176.019648872699435, -39.630737057540294 ], [ 176.019613972581652, -39.630918282661959 ], [ 176.018519561955486, -39.63360708111847 ], [ 176.018413938936732, -39.633771095943196 ], [ 176.017816518610033, -39.634540769628408 ], [ 176.016998107438468, -39.635974502621387 ], [ 176.016869686026808, -39.636128487654688 ], [ 176.01443891373205, -39.638229323986586 ], [ 176.014255225073185, -39.638345084607565 ], [ 176.011203451138243, -39.639717361441321 ], [ 176.0135555833144, -39.640136005403569 ], [ 176.013775368145588, -39.64020453306172 ], [ 176.0169017968812, -39.641654736961918 ], [ 176.017083444662745, -39.641772415318918 ], [ 176.019477374098102, -39.643898522862884 ], [ 176.019603105360687, -39.644053836257726 ], [ 176.021030179276693, -39.646647782514812 ], [ 176.021087682371217, -39.646825530934493 ], [ 176.02140810905027, -39.649633440097794 ], [ 176.021391746898416, -39.649816225859581 ], [ 176.020574020989187, -39.652563247963478 ], [ 176.020485386039127, -39.652733178120563 ], [ 176.018609425891782, -39.655150390296541 ], [ 176.018457187750016, -39.6552908283535 ], [ 176.015706560740796, -39.65714156848901 ], [ 176.015505620054199, -39.657238763870673 ], [ 176.012950828917354, -39.658078480330722 ], [ 176.012636278161182, -39.65835334746221 ], [ 176.011606815597617, -39.659257698332041 ], [ 176.011596188161775, -39.659267021060444 ], [ 176.011594805514932, -39.659268232277562 ], [ 176.011584161461371, -39.659277543658881 ], [ 176.010260675495061, -39.660433689441433 ], [ 176.008887061644998, -39.661639147618899 ], [ 176.008865807056281, -39.661657748079428 ], [ 176.008863039655552, -39.661660163193076 ], [ 176.008841718849339, -39.661678718326996 ], [ 176.007386215105072, -39.662941877079135 ], [ 176.00738405031953, -39.662943755218464 ], [ 176.006743523356732, -39.663499063463895 ], [ 176.006593795858237, -39.663629880137563 ], [ 176.005722010942122, -39.665565521918914 ], [ 176.005610009288091, -39.665727006917685 ], [ 176.004769929596165, -39.666582585443813 ], [ 176.004766460949782, -39.666658966051685 ], [ 176.004741861202888, -39.667291003506357 ], [ 176.004741638814494, -39.667296658920307 ], [ 176.004723596064707, -39.667743729954019 ], [ 176.004586643806817, -39.668867785911644 ], [ 176.004557085328628, -39.669012479025831 ], [ 176.004130907801908, -39.670387335676949 ], [ 176.004116094741761, -39.670422626773544 ], [ 176.003416836757367, -39.671729030148128 ], [ 176.00333086258459, -39.671859581465604 ], [ 176.002587926858638, -39.672831733723612 ], [ 176.002235853013161, -39.673232714336386 ], [ 176.002178528645118, -39.673297393654728 ], [ 176.002171029272375, -39.673305776749949 ], [ 176.002112978674745, -39.673370068126907 ], [ 176.001507787812642, -39.674034136247762 ], [ 176.001280013832059, -39.674288268641213 ], [ 176.000123533231516, -39.675383734855565 ], [ 175.999959698869787, -39.675516180738285 ], [ 175.997057629226163, -39.67722399168845 ], [ 175.99684883982124, -39.677310827230222 ], [ 175.99340574046272, -39.678241969276947 ], [ 175.993172439033515, -39.678274691505287 ], [ 175.989525456791483, -39.678337985615322 ], [ 175.989290489283206, -39.678313390310429 ], [ 175.985796757932576, -39.677502640178744 ], [ 175.98558313354215, -39.677423135960979 ], [ 175.982584760882332, -39.675817734792027 ], [ 175.98241339634086, -39.675691106943724 ], [ 175.980854235763502, -39.6741084044194 ], [ 175.98076972944483, -39.674153394047373 ], [ 175.980503284561991, -39.67429851367158 ], [ 175.980198236963133, -39.674464656812177 ], [ 175.98013982534232, -39.674496264154627 ], [ 175.980132215698177, -39.674500355091325 ], [ 175.980073555886179, -39.674531685234612 ], [ 175.979228139373731, -39.674980268819994 ], [ 175.977905715437686, -39.675687811218573 ], [ 175.977007147245956, -39.676174577857125 ], [ 175.976984547671776, -39.676186789398031 ], [ 175.976981607302378, -39.676188374210241 ], [ 175.976958970424562, -39.676200544395655 ], [ 175.975455202184122, -39.677006952665387 ], [ 175.975443656165368, -39.677013136204614 ], [ 175.975442154555338, -39.677013939366283 ], [ 175.975430598881076, -39.677020112160463 ], [ 175.97498374145195, -39.677258504800157 ], [ 175.972490896175742, -39.678598596597112 ], [ 175.972461430944492, -39.678614383841854 ], [ 175.972457596389688, -39.678616431626544 ], [ 175.972428068470208, -39.67863214876197 ], [ 175.972048145008415, -39.678833708404284 ], [ 175.969660976958721, -39.680115213274206 ], [ 175.969648118618835, -39.680122105879214 ], [ 175.969646446258963, -39.680123001049523 ], [ 175.969633575985256, -39.680129880295361 ], [ 175.968976106553981, -39.680480794441301 ], [ 175.96894864912008, -39.680966560214785 ], [ 175.968901371128908, -39.68114610161593 ], [ 175.967623700473922, -39.683786343151837 ], [ 175.967506924945866, -39.683945806959201 ], [ 175.965235715657514, -39.686151720170429 ], [ 175.965060868729012, -39.686275493843411 ], [ 175.963618887855347, -39.687145804821697 ], [ 175.963380670540801, -39.687267604460502 ], [ 175.963367244887849, -39.687274458633091 ], [ 175.963365498760538, -39.687275348743206 ], [ 175.961749138439416, -39.687964059941343 ], [ 175.961656705304364, -39.687996359216292 ], [ 175.961564387816708, -39.688028855394322 ], [ 175.959829319114817, -39.688515551931516 ], [ 175.959827302380461, -39.688515981525534 ], [ 175.959209560931299, -39.688607667623195 ], [ 175.959005691370464, -39.688759894815561 ], [ 175.958940783815109, -39.688807987761997 ], [ 175.958932314747756, -39.688814214611128 ], [ 175.95886692895931, -39.688861919343722 ], [ 175.957846428132967, -39.689600721254706 ], [ 175.957843342250499, -39.689602954471681 ], [ 175.957814958948944, -39.689623476099236 ], [ 175.957825823772907, -39.689804645125101 ], [ 175.960886082704008, -39.691132783084178 ], [ 175.960886026929529, -39.691132859793271 ], [ 175.960900556383081, -39.691139055075745 ], [ 175.963023167110066, -39.692063020329073 ], [ 175.963042037175853, -39.692071251975932 ], [ 175.963044488996985, -39.692072323850311 ], [ 175.963063339255967, -39.692080582578498 ], [ 175.96520987397534, -39.693023032997139 ], [ 175.967066348867917, -39.693829736475301 ], [ 175.967091165047719, -39.693840550498827 ], [ 175.967094388925233, -39.693841959364448 ], [ 175.967119170860627, -39.693852820196653 ], [ 175.968255733452565, -39.694352335013903 ], [ 175.969011770382707, -39.694673840520274 ], [ 175.969241967500807, -39.694299657761434 ], [ 175.970370964081752, -39.692724331563475 ], [ 175.970558314209313, -39.692472570175418 ], [ 175.970583345981652, -39.692440152879087 ], [ 175.971641252203312, -39.691286596890976 ], [ 175.97176213318113, -39.691174576876136 ], [ 175.973040555354004, -39.690163061575959 ], [ 175.973077326588225, -39.690138205964992 ], [ 175.974544788363033, -39.689293632270399 ], [ 175.974704551732771, -39.689215949478204 ], [ 175.976324922275751, -39.68855910544891 ], [ 175.976369833834383, -39.688544243840028 ], [ 175.976717691793823, -39.688434225433753 ], [ 175.977127970496696, -39.688310389609406 ], [ 175.977811265805201, -39.688099110047943 ], [ 175.977814202679895, -39.688098202287044 ], [ 175.978561264929994, -39.687867520543293 ], [ 175.978700092217849, -39.687825445460447 ], [ 175.978718184283224, -39.687820065067363 ], [ 175.978857696465383, -39.687779364871233 ], [ 175.979101167415536, -39.687709707043474 ], [ 175.980183360242194, -39.687295278990241 ], [ 175.98040969421038, -39.68724059176175 ], [ 175.980962402751572, -39.687177788876475 ], [ 175.984437849184985, -39.686197679604994 ], [ 175.984559322621976, -39.68616400790922 ], [ 175.984575145027719, -39.686159698228359 ], [ 175.984697093219069, -39.686127067141015 ], [ 175.986661986174965, -39.685610666727335 ], [ 175.988582820062334, -39.68509587393374 ], [ 175.989521572812464, -39.68484184685483 ], [ 175.990894405141631, -39.684466059691061 ], [ 175.990910780097693, -39.684461587831983 ], [ 175.990912909403107, -39.684461007714738 ], [ 175.990929292992604, -39.684456554693327 ], [ 175.991625263811073, -39.684267838673499 ], [ 175.99168247489888, -39.684252454209663 ], [ 175.991689919011151, -39.684250469167637 ], [ 175.991747232727874, -39.684235314523029 ], [ 175.99291942548254, -39.683927986460191 ], [ 175.996322542363487, -39.683000308265896 ], [ 176.000006107067094, -39.681940968865518 ], [ 176.003148134032983, -39.681028269596396 ], [ 176.003308891631377, -39.680842494831886 ], [ 176.003469904800454, -39.680707990006901 ], [ 176.003866764853228, -39.6804664005058 ], [ 176.004869247375524, -39.679331446365907 ], [ 176.005031907346734, -39.679198132270514 ], [ 176.006976266493837, -39.678037459032424 ], [ 176.007060331572973, -39.677959894900845 ], [ 176.007088422203992, -39.677934074879772 ], [ 176.007092082103611, -39.67793072357054 ], [ 176.007120297620929, -39.677904984988103 ], [ 176.007713037645999, -39.677366321160648 ], [ 176.008312276127185, -39.676817028115018 ], [ 176.008315049365962, -39.676814486931605 ], [ 176.0089655650022, -39.676218965794014 ], [ 176.009548796766779, -39.675684579196535 ], [ 176.009611439399322, -39.675627662725368 ], [ 176.00961962249778, -39.675620289802502 ], [ 176.009682873687183, -39.675563776690652 ], [ 176.010331348292283, -39.674989208619301 ], [ 176.010497991571839, -39.674825695015095 ], [ 176.010644575420059, -39.674684794927416 ], [ 176.010656055018984, -39.674673984346491 ], [ 176.010683915291622, -39.674647848033189 ], [ 176.011396334024539, -39.67398205728113 ], [ 176.011416672095208, -39.673963102886425 ], [ 176.011419320396016, -39.673960641611252 ], [ 176.011439725414135, -39.673941730234255 ], [ 176.012158203413946, -39.673277682598211 ], [ 176.01285896332061, -39.672626728840193 ], [ 176.013558429208217, -39.671972855427327 ], [ 176.013575060123088, -39.671957343686948 ], [ 176.013577225054433, -39.671955329032251 ], [ 176.013593900775646, -39.67193984608538 ], [ 176.013637088380591, -39.671899838590036 ], [ 176.014026953870712, -39.671414088381098 ], [ 176.014109046866281, -39.671321951097944 ], [ 176.014784422064992, -39.670636558796261 ], [ 176.015372083661845, -39.670095889312336 ], [ 176.015997461660589, -39.669517252519313 ], [ 176.01600698459049, -39.66950845263068 ], [ 176.01600822351503, -39.669507309252886 ], [ 176.016017760962598, -39.669498518714008 ], [ 176.016267731666545, -39.66926842063986 ], [ 176.01817407549629, -39.667254292961047 ], [ 176.018342250641382, -39.667125151285113 ], [ 176.0212997894495, -39.665475578408568 ], [ 176.021511361323803, -39.665392915168276 ], [ 176.024983607277733, -39.664530304041335 ], [ 176.025217871390822, -39.664502208096501 ], [ 176.027041907896347, -39.664395679859183 ], [ 176.027252628926732, -39.66439618572214 ], [ 176.027459759868236, -39.66438509821802 ], [ 176.028206739985023, -39.664337044041027 ], [ 176.028239970431855, -39.664334943149441 ], [ 176.028244290888665, -39.664334674807932 ], [ 176.028277529007994, -39.664332647368717 ], [ 176.029127949791672, -39.664281716312338 ], [ 176.029819029917519, -39.664239195828515 ], [ 176.031648261961323, -39.664237901280153 ], [ 176.031884615577667, -39.66425210740843 ], [ 176.035431856261283, -39.664907546882986 ], [ 176.035650968023702, -39.664977499157253 ], [ 176.038762656731734, -39.66644795116386 ], [ 176.038943084946084, -39.666566804756201 ], [ 176.041314690503469, -39.66870838013223 ], [ 176.041438774930867, -39.668864504352094 ], [ 176.042838124011723, -39.671467623958527 ], [ 176.042893714065741, -39.671645739399409 ], [ 176.043183727092554, -39.67445562888377 ], [ 176.043165372877667, -39.674638301886333 ], [ 176.042317521074239, -39.677379916581238 ], [ 176.04222701004889, -39.677549265179586 ], [ 176.040324161609874, -39.679954210744292 ], [ 176.040170347124615, -39.680093655328399 ], [ 176.037398703440488, -39.681926469972581 ], [ 176.037196640595141, -39.68202235720458 ], [ 176.033843220300867, -39.683098545106596 ], [ 176.0333970936735, -39.683553811125378 ], [ 176.032683750123113, -39.684214799598237 ], [ 176.031989783879993, -39.684863693927291 ], [ 176.031978280574918, -39.684874433042701 ], [ 176.031976783750054, -39.684875828231021 ], [ 176.031965258980534, -39.684886553551181 ], [ 176.031242444572825, -39.685558160907654 ], [ 176.031233217386557, -39.685566723512743 ], [ 176.031232016959024, -39.685567836080423 ], [ 176.031222776029182, -39.685576389900824 ], [ 176.030516264763918, -39.686229538560042 ], [ 176.029915817749526, -39.686790827339273 ], [ 176.029652023640949, -39.687049735341056 ], [ 176.029468454767823, -39.687225331316149 ], [ 176.029444224408564, -39.687247924243422 ], [ 176.029255018519876, -39.687419911755519 ], [ 176.028469752494061, -39.688115845489762 ], [ 176.027951283878309, -39.688591007715537 ], [ 176.027949520885272, -39.688592623055534 ], [ 176.027300895228706, -39.689186557837822 ], [ 176.026687309382027, -39.68974913907217 ], [ 176.026671326987099, -39.689763761209569 ], [ 176.026669246664085, -39.689765660380395 ], [ 176.02665322409004, -39.6897802562561 ], [ 176.026073549563193, -39.690307173564513 ], [ 176.025503821576933, -39.690832967070101 ], [ 176.025490213598545, -39.690845502396499 ], [ 176.025488442645951, -39.690847130747812 ], [ 176.025474805200076, -39.690859646979739 ], [ 176.024893040567406, -39.691392592642828 ], [ 176.024314749779251, -39.691927023862469 ], [ 176.024287634047653, -39.691951990857056 ], [ 176.024284101413798, -39.691955231629564 ], [ 176.024256868932184, -39.691980122673499 ], [ 176.023690296148345, -39.69249608038497 ], [ 176.023115549094371, -39.693025706552753 ], [ 176.02311042820557, -39.693030422143423 ], [ 176.022521821954854, -39.693571480186797 ], [ 176.022503386025988, -39.693588384429539 ], [ 176.022500985869385, -39.693590579705607 ], [ 176.022482496311994, -39.693607448940732 ], [ 176.022050685031473, -39.694000436889993 ], [ 176.02153000338302, -39.69452101080261 ], [ 176.02063856169832, -39.695312359121822 ], [ 176.020515325893371, -39.695409681903854 ], [ 176.019136898020491, -39.696339616172295 ], [ 176.019087541826963, -39.69636796372049 ], [ 176.017537737309709, -39.697119847836817 ], [ 176.017381596101472, -39.697182983875386 ], [ 176.017135715198947, -39.697268711823924 ], [ 176.020106252821591, -39.699022228845052 ], [ 176.020145358216752, -39.699045413058755 ], [ 176.020150433652816, -39.699048435291601 ], [ 176.020189411889675, -39.699071746968031 ], [ 176.021260539047887, -39.699715145016725 ], [ 176.02220159660601, -39.700345476358748 ], [ 176.022317930279456, -39.700432224205365 ], [ 176.023166621582106, -39.701136475869099 ], [ 176.025767673616713, -39.70354023313952 ], [ 176.025785085893574, -39.703556362074018 ], [ 176.025787346323568, -39.703558460870475 ], [ 176.025804709892924, -39.703574621112381 ], [ 176.028467748485497, -39.706058872911015 ], [ 176.028487225614015, -39.706077090113141 ], [ 176.028489753617606, -39.706079460910054 ], [ 176.028509168852196, -39.706097717506623 ], [ 176.030149842378961, -39.707644565457819 ], [ 176.030618661292721, -39.70806480786937 ], [ 176.031701015151839, -39.709204911414993 ], [ 176.031825848087294, -39.709360712304225 ], [ 176.033237291341436, -39.711960173634736 ], [ 176.033293685778403, -39.712138142689128 ], [ 176.033596050213106, -39.714947241821193 ], [ 176.033578477527925, -39.715129959733694 ], [ 176.032742025178322, -39.71787372972198 ], [ 176.032652196298983, -39.718043310152218 ], [ 176.030758678815403, -39.720453145950458 ], [ 176.030605380262415, -39.720592986607095 ], [ 176.027840084693082, -39.722432947813978 ], [ 176.027638320999699, -39.722529356586726 ], [ 176.02427195694753, -39.723619281610013 ], [ 176.024041482447615, -39.723662818198498 ], [ 176.020403674284267, -39.723895980124951 ], [ 176.020167057779076, -39.723882381320863 ], [ 176.016614040043464, -39.723235949411986 ], [ 176.016394452418126, -39.723166547001782 ], [ 176.013274145386134, -39.721703824289463 ], [ 176.013093087960556, -39.721585414444966 ], [ 176.011793188887253, -39.720589916431869 ], [ 176.011223651240329, -39.720079263986413 ], [ 176.01112973891361, -39.719993994789697 ], [ 176.011117619971003, -39.719982851647437 ], [ 176.011025087026155, -39.71989668788737 ], [ 176.009307395486559, -39.718276799985283 ], [ 176.006683830040146, -39.715828731022256 ], [ 176.00495657571318, -39.714232104027325 ], [ 176.000837690829286, -39.711800341361638 ], [ 176.000769932027168, -39.711760029537587 ], [ 176.000761148382111, -39.711754764126852 ], [ 176.000693774183844, -39.711714069632151 ], [ 175.999566502131785, -39.711028017611575 ], [ 175.999173274924459, -39.710799014546325 ], [ 175.99911036008217, -39.710762115922535 ], [ 175.999102202281108, -39.710757297763948 ], [ 175.999039612492084, -39.710720070870963 ], [ 175.99809334211028, -39.710153290447415 ], [ 175.996832969441812, -39.709277987469783 ], [ 175.996680663569492, -39.709155627937292 ], [ 175.995597868696194, -39.7081484784526 ], [ 175.994600155269296, -39.707069653862149 ], [ 175.994590311794497, -39.707058993563805 ], [ 175.994589033446573, -39.707057607006526 ], [ 175.994579210030878, -39.707046935654311 ], [ 175.9924907138641, -39.704774577461627 ], [ 175.99217924666948, -39.70444333657872 ], [ 175.99091269207014, -39.704800528236376 ], [ 175.990727979957086, -39.705216547923008 ], [ 175.990643029383961, -39.705370802779626 ], [ 175.989796630246872, -39.70662430518184 ], [ 175.98978579965825, -39.706637669688021 ], [ 175.988695913983207, -39.707773458939492 ], [ 175.988553399577029, -39.707899884675548 ], [ 175.987366547078693, -39.70881147564468 ], [ 175.986637414047266, -39.709296297370386 ], [ 175.98662512413955, -39.709304457713408 ], [ 175.98662352549573, -39.709305517701601 ], [ 175.986611220883077, -39.709313664868979 ], [ 175.986020958923575, -39.709703937931131 ], [ 175.985393561393181, -39.710136948560958 ], [ 175.984966274462863, -39.710431953559997 ], [ 175.984743468255829, -39.710604020781844 ], [ 175.984636117105879, -39.710685859560655 ], [ 175.984622072962196, -39.710696428462747 ], [ 175.983214856917698, -39.711600536120919 ], [ 175.983036970763948, -39.711697650896511 ], [ 175.981463919373624, -39.712420582865931 ], [ 175.981446333236391, -39.712427282097579 ], [ 175.980810377284058, -39.712623275713902 ], [ 175.980748055989039, -39.712669033938298 ], [ 175.980552668398559, -39.712772946100579 ], [ 175.977259846575919, -39.713988686861491 ], [ 175.977032438635035, -39.71404087469319 ], [ 175.973414279952038, -39.714411134183642 ], [ 175.973177119837572, -39.714406487331161 ], [ 175.972877263868071, -39.714363760832441 ], [ 175.972653558529998, -39.714414377344212 ], [ 175.96903356892588, -39.714773901571576 ], [ 175.968796432621815, -39.714768551291698 ], [ 175.967359727465549, -39.714559418871012 ], [ 175.967220736922968, -39.714559576047222 ], [ 175.96539563437031, -39.714450704034313 ], [ 175.965367888334072, -39.71444734179309 ], [ 175.963587323372565, -39.714119282146299 ], [ 175.963388028324118, -39.714069513147138 ], [ 175.961695862453922, -39.713530344545312 ], [ 175.961670820586534, -39.713520524325453 ], [ 175.9614790968607, -39.713443606279746 ], [ 175.960990858922827, -39.713243271180922 ], [ 175.960848519223646, -39.713183884259962 ], [ 175.960830085286034, -39.713176065222399 ], [ 175.960688825947557, -39.713115159259125 ], [ 175.959473763092802, -39.712582687366535 ], [ 175.959427072281272, -39.712562115854126 ], [ 175.959421010488398, -39.712559430769538 ], [ 175.959374442948246, -39.712538693288181 ], [ 175.958147842787071, -39.71198953964533 ], [ 175.958128229929031, -39.711980739030473 ], [ 175.958125681698363, -39.711979593035878 ], [ 175.958106091007465, -39.711970762964611 ], [ 175.957024779240982, -39.711482287867739 ], [ 175.95619754423177, -39.711130476561145 ], [ 175.95612601233185, -39.711099801625515 ], [ 175.956116731411356, -39.711095788742199 ], [ 175.956045479919311, -39.711064727011561 ], [ 175.955922344254532, -39.711010605804042 ], [ 175.956137066082732, -39.711316987448392 ], [ 175.956215964608504, -39.711489775913421 ], [ 175.95687644673913, -39.714261984651024 ], [ 175.956882352175057, -39.714445146568956 ], [ 175.956401291261699, -39.717239303983114 ], [ 175.956333616214266, -39.717414910244592 ], [ 175.954757965376984, -39.719957488782462 ], [ 175.954623326622112, -39.720108347773177 ], [ 175.95210723429193, -39.722150418746843 ], [ 175.951918808033213, -39.722261759964795 ], [ 175.948708562194241, -39.723603376992898 ], [ 175.948484795499951, -39.723664298176708 ], [ 175.944894717114579, -39.724174090060579 ], [ 175.944657521200298, -39.724178625681162 ], [ 175.942829383780037, -39.724102613082664 ], [ 175.941523909278374, -39.723968407793997 ], [ 175.941379896208645, -39.723958073521544 ], [ 175.94123503108608, -39.72394697357678 ], [ 175.941216211014904, -39.723945439901996 ], [ 175.941071536583877, -39.723932944850425 ], [ 175.940344485037485, -39.723866600034007 ], [ 175.939668475443824, -39.723804981013451 ], [ 175.937756669592261, -39.723633586612586 ], [ 175.937171666456948, -39.723584486933348 ], [ 175.937161589068324, -39.723583637729867 ], [ 175.935827472003893, -39.723470052449315 ], [ 175.935770372496222, -39.723465080663885 ], [ 175.935762951666078, -39.723464420218171 ], [ 175.935705884556029, -39.723459231300062 ], [ 175.934878656966106, -39.723382415741852 ], [ 175.934860600311623, -39.72338072792386 ], [ 175.934858253170063, -39.723380507094561 ], [ 175.934840199954408, -39.723378797538871 ], [ 175.933355510687136, -39.723237287283446 ], [ 175.931813131074733, -39.723103599100128 ], [ 175.931807627868153, -39.72310344722446 ], [ 175.930399197352642, -39.722998265217427 ], [ 175.930217846969043, -39.722976082367566 ], [ 175.928437697590027, -39.722646015301656 ], [ 175.928386181736897, -39.722633087865283 ], [ 175.926694839291315, -39.722092015731612 ], [ 175.926531247516778, -39.722027638539139 ], [ 175.924970373200296, -39.721288887811312 ], [ 175.924926554000507, -39.721264298722339 ], [ 175.923534587529701, -39.720346067754754 ], [ 175.923404772012475, -39.720245800196622 ], [ 175.922215993345986, -39.719170704763037 ], [ 175.922184160751414, -39.719136861755942 ], [ 175.921227835807287, -39.717931382062716 ], [ 175.921144503666483, -39.717805041784118 ], [ 175.920444173898716, -39.716498866377222 ], [ 175.920427443210286, -39.716459083006455 ], [ 175.920000337937381, -39.715084379393645 ], [ 175.919971641951946, -39.714944335634499 ], [ 175.919828262386488, -39.713534956426976 ], [ 175.919828269573031, -39.713493127420918 ], [ 175.919972127485096, -39.712083777124434 ], [ 175.920000869707167, -39.711943739102011 ], [ 175.920270130868886, -39.711004447365426 ], [ 175.920270111795816, -39.711004392815916 ], [ 175.920244853635751, -39.710822216822741 ], [ 175.920428715225654, -39.708007064589594 ], [ 175.920477579426318, -39.707827776399462 ], [ 175.921093190980201, -39.706581771174569 ], [ 175.921038569130047, -39.706282406237435 ], [ 175.920931093167127, -39.70542089732497 ], [ 175.9208696307563, -39.704939425538079 ], [ 175.920821740064895, -39.704397213149178 ], [ 175.920818271157714, -39.704326644680592 ], [ 175.920892536186756, -39.702914083574832 ], [ 175.920909942819577, -39.702801750856388 ], [ 175.921015545707576, -39.702394464444893 ], [ 175.918309522654283, -39.703386644692578 ], [ 175.918081967114347, -39.703438348786456 ], [ 175.916099263698442, -39.703637007390789 ], [ 175.916013803977734, -39.703672481928514 ], [ 175.915857686266264, -39.703727938657003 ], [ 175.914258620375733, -39.704189728996361 ], [ 175.914210711067852, -39.704200551745387 ], [ 175.91372070081357, -39.704302361174378 ], [ 175.913705119271469, -39.70430531933691 ], [ 175.912281056930681, -39.704504258590092 ], [ 175.91211039145341, -39.704519731298134 ], [ 175.910404828658699, -39.704577179215448 ], [ 175.910354934250336, -39.704576035058544 ], [ 175.909848175853398, -39.704555883523327 ], [ 175.909832173479373, -39.704554977193837 ], [ 175.908533403360337, -39.704418433491952 ], [ 175.907745913065696, -39.70489039220643 ], [ 175.907538067526559, -39.704978679236426 ], [ 175.904104677490636, -39.705933788592574 ], [ 175.903871678852028, -39.705968136714503 ], [ 175.900224189010061, -39.706056874823197 ], [ 175.899988853536883, -39.706033920611119 ], [ 175.896484447462768, -39.705247599707491 ], [ 175.896269820426056, -39.70516959108955 ], [ 175.893251652319435, -39.703585212435492 ], [ 175.893078748726481, -39.703459788264922 ], [ 175.891637825055227, -39.702024778225251 ], [ 175.889952530430776, -39.701453684210776 ], [ 175.889776308206251, -39.701380633835115 ], [ 175.889781441108028, -39.701373245530689 ], [ 175.888358393599049, -39.700689533803391 ], [ 175.887881494108115, -39.700418118522379 ], [ 175.887825578845707, -39.700386096206408 ], [ 175.887818326011029, -39.700381916584718 ], [ 175.887762659201542, -39.700349637028452 ], [ 175.887191423379278, -39.70001632740896 ], [ 175.886977452104276, -39.699888438356858 ], [ 175.886949889250332, -39.69987156578788 ], [ 175.88673981662285, -39.699739876863241 ], [ 175.885841715691356, -39.699163397956916 ], [ 175.885746469913812, -39.699101593764659 ], [ 175.885734143792632, -39.6990935084361 ], [ 175.88543007116516, -39.698859956204629 ], [ 175.885337880857008, -39.698824907396613 ], [ 175.885190857274296, -39.698757461081435 ], [ 175.884097911490613, -39.698189214568046 ], [ 175.882456578505042, -39.697227464054549 ], [ 175.880945695424685, -39.697540938824105 ], [ 175.880709834651839, -39.697560195634743 ], [ 175.877065896796466, -39.6974142441263 ], [ 175.876833879519154, -39.697376247308355 ], [ 175.873426760043543, -39.696367467873458 ], [ 175.873221306183723, -39.696275938384822 ], [ 175.87038462150511, -39.694503115084125 ], [ 175.870225846840242, -39.694367015616237 ], [ 175.868237298500418, -39.692003738144905 ], [ 175.868140743863904, -39.691836394588734 ], [ 175.867194924844313, -39.689114045698844 ], [ 175.867170035316747, -39.688931841366127 ], [ 175.867359404869347, -39.686116928909975 ], [ 175.867408607659826, -39.685937699843585 ], [ 175.868714488182178, -39.683305759448032 ], [ 175.868832958532494, -39.683147048272573 ], [ 175.869868603477556, -39.68198160387945 ], [ 175.870312525483484, -39.68155762358132 ], [ 175.868154591366505, -39.680813237466218 ], [ 175.867955860745525, -39.680713293832653 ], [ 175.865247481013427, -39.678825034958628 ], [ 175.865098457216561, -39.678682527775614 ], [ 175.863277931790748, -39.676239952396507 ], [ 175.863193200180405, -39.67606883471047 ], [ 175.862438661352513, -39.6733110849338 ], [ 175.862426508997743, -39.673128109211504 ], [ 175.862811685606005, -39.670325152857998 ], [ 175.862873292782069, -39.670148230269838 ], [ 175.864360343055807, -39.66757442689326 ], [ 175.864489671256223, -39.667420873955464 ], [ 175.866932939731555, -39.665328123729367 ], [ 175.867117325800535, -39.665212967969012 ], [ 175.870239900975093, -39.663822869667847 ], [ 175.870054948481908, -39.66361597467813 ], [ 175.869952366763897, -39.66345080003623 ], [ 175.868907999024231, -39.660750122161403 ], [ 175.868876483024195, -39.660568531493155 ], [ 175.868963020727278, -39.657750598532807 ], [ 175.86900564642707, -39.657570368007271 ], [ 175.8702144773155, -39.65491101429668 ], [ 175.870327063571864, -39.654749784752347 ], [ 175.870408033109129, -39.654667801009239 ], [ 175.869305307557312, -39.654676828960163 ], [ 175.867940195696178, -39.654626049061285 ], [ 175.867763841300075, -39.654611440397915 ], [ 175.865966235077906, -39.654350961869589 ], [ 175.86590810247597, -39.654338822167354 ], [ 175.864794914784255, -39.654032108537599 ], [ 175.864642920142416, -39.65425359890579 ], [ 175.864175561211454, -39.654957572644406 ], [ 175.863463351877073, -39.656036757519402 ], [ 175.863425379156013, -39.65609379259994 ], [ 175.863420408612342, -39.65610119348208 ], [ 175.863381911430309, -39.656158018126597 ], [ 175.862813730400859, -39.656989466426005 ], [ 175.862646873521271, -39.657225060414611 ], [ 175.862624596294097, -39.657255430914184 ], [ 175.86244872658034, -39.657487075365758 ], [ 175.861584304473439, -39.658587691269098 ], [ 175.860992987170164, -39.659370030111546 ], [ 175.860844456909945, -39.659561073371016 ], [ 175.86082475343764, -39.659585720583095 ], [ 175.86067015334396, -39.659773865193273 ], [ 175.860064322188009, -39.660491367421066 ], [ 175.860025325681988, -39.660537245422894 ], [ 175.860020232671729, -39.660543197569439 ], [ 175.859980875173534, -39.660588891052939 ], [ 175.859344986802398, -39.66132228445889 ], [ 175.859294698309895, -39.661439261410138 ], [ 175.858885729545619, -39.662399107492796 ], [ 175.85835871403458, -39.663667847447002 ], [ 175.858345579304, -39.663699269453282 ], [ 175.858343862108086, -39.663703351881516 ], [ 175.858330578439848, -39.663734736463923 ], [ 175.858044388051525, -39.664406725068432 ], [ 175.857867576255728, -39.664823023120462 ], [ 175.857778618076878, -39.665024412239632 ], [ 175.857766655049176, -39.665050483617172 ], [ 175.857021876161184, -39.666341712078207 ], [ 175.856925575018607, -39.666478635505996 ], [ 175.855928570254349, -39.667663912948164 ], [ 175.855906767091511, -39.667685850817882 ], [ 175.854682081855174, -39.668735986067219 ], [ 175.854535737611656, -39.668843205893452 ], [ 175.853113522866579, -39.669732332849726 ], [ 175.853084013476433, -39.669747989255711 ], [ 175.851499296272351, -39.670454209437146 ], [ 175.851317234691123, -39.670521227222864 ], [ 175.849609042767241, -39.671027143179437 ], [ 175.849574716264442, -39.671034985069412 ], [ 175.849309744068535, -39.671092896843845 ], [ 175.848728909893083, -39.6712141337917 ], [ 175.847011889480541, -39.67146759768017 ], [ 175.846786743119964, -39.671487464720421 ], [ 175.845901128247704, -39.671511528270791 ], [ 175.844582819791981, -39.672361860176167 ], [ 175.843912617273787, -39.672763108987802 ], [ 175.843823152859869, -39.672812755540043 ], [ 175.842677628335309, -39.67337341101863 ], [ 175.842619812723854, -39.673398190442931 ], [ 175.842169693504445, -39.673581300912367 ], [ 175.839216041681254, -39.67471990692443 ], [ 175.836416441341697, -39.675805847406991 ], [ 175.836363583495057, -39.675826220142483 ], [ 175.83635670333453, -39.675828855128309 ], [ 175.836303712557481, -39.675849020636456 ], [ 175.835968183250657, -39.675975889562778 ], [ 175.834103745795062, -39.676683702204627 ], [ 175.832308732233713, -39.677373857487268 ], [ 175.832287775707584, -39.677381866475045 ], [ 175.83195096083864, -39.677572317523143 ], [ 175.831865404433984, -39.677620236342683 ], [ 175.83185424578943, -39.677626426710724 ], [ 175.831768130739675, -39.677673744322014 ], [ 175.831305703112378, -39.677925401891144 ], [ 175.830638551056325, -39.678262702909727 ], [ 175.830549983133835, -39.678304210447344 ], [ 175.829854552014211, -39.678605486759274 ], [ 175.829037060401049, -39.678931765372305 ], [ 175.82890827136336, -39.678982388356893 ], [ 175.828891476643832, -39.678988888917495 ], [ 175.828761885383045, -39.679038274556845 ], [ 175.82820498107273, -39.679247196437011 ], [ 175.827314625561939, -39.679584234100929 ], [ 175.827272047828671, -39.679600268557316 ], [ 175.827266507266387, -39.679602344339024 ], [ 175.827223845579937, -39.679618244985669 ], [ 175.825987459780094, -39.680076664678253 ], [ 175.825541980479727, -39.680224872238718 ], [ 175.825502230895012, -39.680699246760035 ], [ 175.825495488584949, -39.680735379203952 ], [ 175.825438016968889, -39.681012696339138 ], [ 175.824762385783231, -39.683976031575085 ], [ 175.824574445573347, -39.684648776200561 ], [ 175.824545728328218, -39.684735384840145 ], [ 175.823953966784273, -39.6860731095951 ], [ 175.823905514609152, -39.686159742529739 ], [ 175.823050159284691, -39.687409467057158 ], [ 175.822988204365032, -39.687484979335686 ], [ 175.822482885496356, -39.688051767139925 ], [ 175.822203486214704, -39.688340855179945 ], [ 175.822068345865205, -39.68848472942237 ], [ 175.820929107574983, -39.689913257021765 ], [ 175.820774656563287, -39.690052285119485 ], [ 175.820016246074005, -39.690550258053143 ], [ 175.819929913984964, -39.690628502312734 ], [ 175.819914071586737, -39.69064462298325 ], [ 175.819274881631799, -39.691291392253881 ], [ 175.819262402067636, -39.691303996608326 ], [ 175.819260777856044, -39.69130563407041 ], [ 175.819248269549632, -39.691318221440248 ], [ 175.818986924610073, -39.691580737949309 ], [ 175.818625121997655, -39.692166910436605 ], [ 175.81849081687875, -39.692317912697014 ], [ 175.816885330124563, -39.693625174309553 ], [ 175.81695850729605, -39.693681419172691 ], [ 175.816851794316904, -39.693764280557758 ], [ 175.816310925908226, -39.694092863129676 ], [ 175.815979538837041, -39.694362679384852 ], [ 175.815791397093591, -39.694474223461896 ], [ 175.815750664844501, -39.694433220891916 ], [ 175.814628563094743, -39.695114877590782 ], [ 175.814425733550763, -39.695209827176008 ], [ 175.811047840781754, -39.696275447717859 ], [ 175.810816951875665, -39.696317322823496 ], [ 175.808781769636795, -39.696433095194877 ], [ 175.808784033118741, -39.696452812342464 ], [ 175.808753474841552, -39.696454905820353 ], [ 175.808569787092097, -39.696445151852203 ], [ 175.807178078859778, -39.696524296512081 ], [ 175.806941740037274, -39.696508996651218 ], [ 175.805840522587033, -39.696300191177173 ], [ 175.805113351050267, -39.696261557668691 ], [ 175.804882202636747, -39.696220547508858 ], [ 175.804041815790157, -39.695959107371458 ], [ 175.803398225800663, -39.695837057621624 ], [ 175.803236678276789, -39.69578461621154 ], [ 175.803272030757967, -39.695719624073178 ], [ 175.801497673499057, -39.695167588602722 ], [ 175.801294251321821, -39.695073399851225 ], [ 175.798496718513974, -39.693263940228334 ], [ 175.798340939188023, -39.693125795942152 ], [ 175.796404266921854, -39.690737011823344 ], [ 175.796311377754137, -39.690568438034418 ], [ 175.79542507657564, -39.687834208052131 ], [ 175.795404163611551, -39.687651708405156 ], [ 175.795532058950101, -39.686217192483397 ], [ 175.79403296074716, -39.685874584813121 ], [ 175.79117695810703, -39.684422966170999 ], [ 175.790245452194966, -39.683559169212984 ], [ 175.789465375070364, -39.682991559934194 ], [ 175.789211867237299, -39.682964773903073 ], [ 175.785506227904847, -39.681400173631509 ], [ 175.783427700671922, -39.679518261967374 ], [ 175.782978023629425, -39.679958981828776 ], [ 175.782812210278195, -39.680077407138938 ], [ 175.782811970714874, -39.680077206871033 ], [ 175.782778998253917, -39.68010107952707 ], [ 175.782772130467578, -39.680105948210922 ], [ 175.779809604774613, -39.681629145148818 ], [ 175.779811985796101, -39.681632961493804 ], [ 175.779776399997445, -39.681646216727771 ], [ 175.779770672692706, -39.681649161306325 ], [ 175.779629392457906, -39.68169947592785 ], [ 175.779625858953608, -39.68169355229243 ], [ 175.778035979781777, -39.682170619210353 ], [ 175.778027360889467, -39.682172618397082 ], [ 175.776173424783366, -39.682478308902233 ], [ 175.775947083688749, -39.682500969008174 ], [ 175.775101088003623, -39.682490400676478 ], [ 175.774092038800745, -39.685166368460479 ], [ 175.773990910821254, -39.68533208451025 ], [ 175.771937987391368, -39.687662106799991 ], [ 175.771775520468253, -39.687795563796143 ], [ 175.768891005454435, -39.689521336303855 ], [ 175.76868310259627, -39.689609466984727 ], [ 175.767014775155786, -39.690190140725285 ], [ 175.766841751222614, -39.690238138841188 ], [ 175.765650592434554, -39.690658828200135 ], [ 175.765569405503356, -39.69068174017616 ], [ 175.763806682597846, -39.691061101165936 ], [ 175.763658106925163, -39.691083549264796 ], [ 175.762487315398374, -39.691187646293841 ], [ 175.762391180686819, -39.691237577252593 ], [ 175.762263753809009, -39.691302827800293 ], [ 175.762247117039578, -39.691311226108752 ], [ 175.760641459344328, -39.69198925444676 ], [ 175.760443010849997, -39.692058027333964 ], [ 175.758719800929157, -39.69253362724433 ], [ 175.758700618673231, -39.692537642112697 ], [ 175.758552800743871, -39.692567778366417 ], [ 175.757933345599639, -39.692690717252567 ], [ 175.757135885745583, -39.692860165572249 ], [ 175.756954001667737, -39.692899574212881 ], [ 175.755750572391861, -39.693417135788138 ], [ 175.755478169779963, -39.693537062605294 ], [ 175.754252073752127, -39.694076858909085 ], [ 175.753550349854805, -39.69436182731247 ], [ 175.753457601707765, -39.694396436021933 ], [ 175.75273243135814, -39.694643909156007 ], [ 175.751213400446005, -39.695115284049358 ], [ 175.751183814448581, -39.695124428457305 ], [ 175.751179966170525, -39.695125613168834 ], [ 175.751150347889904, -39.69513469509198 ], [ 175.750272738869768, -39.695402722227364 ], [ 175.749658310207479, -39.695621671291867 ], [ 175.749633885154623, -39.695630348597057 ], [ 175.749630708219229, -39.695631473817187 ], [ 175.749606257342435, -39.695640107590954 ], [ 175.749005696637255, -39.695851521269894 ], [ 175.748854922866968, -39.695903604163185 ], [ 175.748835261180801, -39.695910267365626 ], [ 175.748683547475423, -39.695960695277833 ], [ 175.747474865721955, -39.696354625294049 ], [ 175.746651839741276, -39.69663040392178 ], [ 175.74738482735998, -39.697229672145809 ], [ 175.747464789664207, -39.697301373421716 ], [ 175.747509048829073, -39.697344468125834 ], [ 175.748073158823871, -39.697675373416772 ], [ 175.748178394091696, -39.69773783590454 ], [ 175.748192014439581, -39.697746015888534 ], [ 175.749544211829885, -39.698698579258334 ], [ 175.749694717740084, -39.69882265649089 ], [ 175.750837407770348, -39.699926883753321 ], [ 175.750847090020642, -39.6999379145335 ], [ 175.75092094396075, -39.700023094021574 ], [ 175.75113077526234, -39.700268105444565 ], [ 175.7512912065188, -39.700460709424803 ], [ 175.751311647294187, -39.700485948648364 ], [ 175.751465689493017, -39.700681640424314 ], [ 175.75170249110613, -39.70099126369194 ], [ 175.752002637683972, -39.701367892278917 ], [ 175.752064887074425, -39.701446908980593 ], [ 175.752072911025664, -39.701457212968563 ], [ 175.75213410703779, -39.701536719159556 ], [ 175.752484380334437, -39.701997156659466 ], [ 175.752753222408074, -39.702312808969346 ], [ 175.752851234957205, -39.702429848444346 ], [ 175.752863823470108, -39.702445138799028 ], [ 175.752959480348068, -39.702563335552043 ], [ 175.753542805676204, -39.70329666220821 ], [ 175.753569807814358, -39.703330776970233 ], [ 175.753573305335124, -39.703335217883868 ], [ 175.753600111208925, -39.703369424869955 ], [ 175.754610008042562, -39.704664605384011 ], [ 175.754906951382992, -39.70504284262141 ], [ 175.754931498481227, -39.705074253828251 ], [ 175.754934678827425, -39.705078342287273 ], [ 175.754959060131995, -39.705109830450155 ], [ 175.755192888328452, -39.705413215800448 ], [ 175.755309938404736, -39.705465145794513 ], [ 175.756312415790831, -39.705964208397809 ], [ 175.757777637302326, -39.706778412547713 ], [ 175.75836745826598, -39.707128738503052 ], [ 175.758442177730586, -39.707176122373269 ], [ 175.759001887065011, -39.707554779195 ], [ 175.759776670035905, -39.708113644844573 ], [ 175.760321255748266, -39.70848280441453 ], [ 175.760411831848899, -39.708544848480422 ], [ 175.760423552243253, -39.708552961184395 ], [ 175.760513289901837, -39.708615727949457 ], [ 175.761063534471248, -39.709004624361704 ], [ 175.762261246861556, -39.709838111523695 ], [ 175.762310395104095, -39.709872509098652 ], [ 175.76231676786756, -39.709876994775939 ], [ 175.762365662139757, -39.709911607621109 ], [ 175.762837123829854, -39.71024726817658 ], [ 175.763099286347227, -39.710423943922564 ], [ 175.763361901517868, -39.710609595005238 ], [ 175.764205078013987, -39.710968372428013 ], [ 175.764205203276418, -39.71096842572863 ], [ 175.766361978156766, -39.711886160910183 ], [ 175.766437396582546, -39.711918532645235 ], [ 175.766447180696616, -39.711922768915343 ], [ 175.766522287103157, -39.711955570566786 ], [ 175.766894679020709, -39.712119613060381 ], [ 175.768144615623584, -39.712642961719027 ], [ 175.768177008403143, -39.712656575512256 ], [ 175.768181215834176, -39.712658350442048 ], [ 175.768213552762887, -39.712672043261243 ], [ 175.76864177469011, -39.712854049667961 ], [ 175.768930693955582, -39.712981022620191 ], [ 175.768967991830124, -39.712997961888419 ], [ 175.770468607944849, -39.713808215343796 ], [ 175.770618693440127, -39.713903628088715 ], [ 175.771935030502476, -39.714883784070786 ], [ 175.771963730257823, -39.714908791707266 ], [ 175.772749193025248, -39.715712446816056 ], [ 175.774382327579247, -39.716301487900097 ], [ 175.775109535555629, -39.716556687064433 ], [ 175.778863605227457, -39.717873175202044 ], [ 175.778899833899374, -39.717885936788093 ], [ 175.778904539946751, -39.717887601995812 ], [ 175.778940712002822, -39.717900458989945 ], [ 175.781245176743425, -39.718723208518767 ], [ 175.781818354746321, -39.718904603938036 ], [ 175.782189067589144, -39.719027747966727 ], [ 175.782236887445151, -39.71904439543836 ], [ 175.782601864738439, -39.719177366377572 ], [ 175.784693486298124, -39.719973809537066 ], [ 175.785486932225751, -39.720237244287581 ], [ 175.786542509502965, -39.720322251556858 ], [ 175.786578482449471, -39.720325191885969 ], [ 175.786583158154002, -39.720325579726023 ], [ 175.786619119123458, -39.720328606166682 ], [ 175.788173583317388, -39.720461301026255 ], [ 175.789971750665359, -39.720726364279678 ], [ 175.790200584541282, -39.720774728132653 ], [ 175.793527095318581, -39.721934870269124 ], [ 175.793725384813342, -39.72203546857331 ], [ 175.796424991161473, -39.723932567090792 ], [ 175.796573329856841, -39.724075555908094 ], [ 175.798381786100492, -39.726523963751603 ], [ 175.798465651357361, -39.726695349785771 ], [ 175.799205858492996, -39.729455445308353 ], [ 175.799217033871855, -39.729638454350763 ], [ 175.798816403749413, -39.732440079742283 ], [ 175.798753786011474, -39.732616797788225 ], [ 175.797251396982574, -39.735185696516851 ], [ 175.797121107640265, -39.73533882323737 ], [ 175.794663932065731, -39.73742349149056 ], [ 175.794478721203944, -39.737538034447859 ], [ 175.791307273929334, -39.738934356158346 ], [ 175.791085273494502, -39.738999099641063 ], [ 175.787510072669846, -39.739570347504809 ], [ 175.78727302074293, -39.739578951718343 ], [ 175.785442798764421, -39.739534328202055 ], [ 175.783926215585979, -39.739404860814616 ], [ 175.780984235795216, -39.739167900841096 ], [ 175.780974097368869, -39.739167080705798 ], [ 175.779164939489505, -39.738907608330251 ], [ 175.779059623305301, -39.738885750974163 ], [ 175.778954263532398, -39.73886401925985 ], [ 175.777219505403366, -39.738390251971005 ], [ 175.777218434085228, -39.738389883660645 ], [ 175.776424806605377, -39.738116472435614 ], [ 175.774579086547561, -39.737503637890079 ], [ 175.774301779367221, -39.737408241084943 ], [ 175.77426594453263, -39.737395479527812 ], [ 175.773991946583692, -39.737294544693199 ], [ 175.771995613151262, -39.736534340515803 ], [ 175.771566685436142, -39.736398587420311 ], [ 175.77132971869014, -39.736321221200519 ], [ 175.771299060403948, -39.736310902592429 ], [ 175.771064361220084, -39.736229521000155 ], [ 175.76854920508427, -39.735331496509851 ], [ 175.764831685178933, -39.73402774340137 ], [ 175.764830267133476, -39.734027245966736 ], [ 175.764041497941264, -39.733750425602693 ], [ 175.76398632609741, -39.733730928832266 ], [ 175.763979162343759, -39.733728379869198 ], [ 175.763924122593409, -39.733708661823485 ], [ 175.760414741325945, -39.732442773455816 ], [ 175.76023911787621, -39.732378036252634 ], [ 175.760216379336299, -39.732369473979745 ], [ 175.760042179099912, -39.732302483909969 ], [ 175.758123284718721, -39.731549046357152 ], [ 175.757978293270241, -39.731491125518033 ], [ 175.757959513542374, -39.731483494356787 ], [ 175.757815586102879, -39.731424012716431 ], [ 175.756070577640884, -39.730690649860563 ], [ 175.754653935331874, -39.729988499035166 ], [ 175.754479238379531, -39.729887461994757 ], [ 175.753104524951453, -39.728953787106157 ], [ 175.753091129874633, -39.728943138050475 ], [ 175.751922540734625, -39.727854895639119 ], [ 175.751796839661637, -39.727717117878107 ], [ 175.751657791137887, -39.72753861734585 ], [ 175.751177043696316, -39.72733403451749 ], [ 175.750307739598696, -39.726965760218214 ], [ 175.750290557470549, -39.726958466520436 ], [ 175.750288324827267, -39.726957516890799 ], [ 175.750271158596945, -39.726950200901726 ], [ 175.749839343238818, -39.726765800658107 ], [ 175.74855845385494, -39.726131217477857 ], [ 175.748399601406135, -39.726040703519885 ], [ 175.747236607949219, -39.725282765593136 ], [ 175.7467596125135, -39.724928263691332 ], [ 175.746566730273059, -39.72478154549588 ], [ 175.746541945607191, -39.724762250021598 ], [ 175.746353525295149, -39.724612114774324 ], [ 175.746312065344057, -39.724578302548579 ], [ 175.746252165967348, -39.724537369000998 ], [ 175.746236765834567, -39.724526699446564 ], [ 175.746119028432474, -39.724444001909312 ], [ 175.74557487646004, -39.724056520691157 ], [ 175.744394073306154, -39.723234657162223 ], [ 175.744360767011983, -39.723211384943873 ], [ 175.744356444752924, -39.723208353129159 ], [ 175.744323254753908, -39.723184982044458 ], [ 175.743832837312254, -39.722838308963205 ], [ 175.74324091351906, -39.722436991822576 ], [ 175.743106421071673, -39.722344376363893 ], [ 175.743089058534053, -39.722332232790926 ], [ 175.742956435018471, -39.722238024052075 ], [ 175.742741544890379, -39.722082993539303 ], [ 175.741863396109579, -39.721780796464415 ], [ 175.741782326322408, -39.721752611064979 ], [ 175.741771805487815, -39.721748916000898 ], [ 175.741691016281521, -39.721720254261243 ], [ 175.741254549479464, -39.721563848604077 ], [ 175.73987807110268, -39.720980635949417 ], [ 175.739706532642145, -39.720895883006918 ], [ 175.73824669248512, -39.720042918157077 ], [ 175.738221300414097, -39.720025501173758 ], [ 175.736952258771765, -39.719006667472989 ], [ 175.736823039582191, -39.718885124747246 ], [ 175.736408389290091, -39.718436667837636 ], [ 175.736236449241204, -39.719113966648109 ], [ 175.736231683466372, -39.719132635130102 ], [ 175.736231060597277, -39.719135061525137 ], [ 175.736226243770602, -39.719153722197127 ], [ 175.735837299054651, -39.720652225539155 ], [ 175.735781833245341, -39.720909304780371 ], [ 175.735763204012244, -39.720993202301514 ], [ 175.735760715539158, -39.721004099900192 ], [ 175.735741060568728, -39.72108785774298 ], [ 175.735496730974035, -39.722101705111612 ], [ 175.735394520931351, -39.722934804770254 ], [ 175.735384902078437, -39.723009858383897 ], [ 175.735383598759341, -39.723019611140629 ], [ 175.735373166548186, -39.723094599938172 ], [ 175.735126580695834, -39.72479981680668 ], [ 175.735053066626762, -39.725469844411464 ], [ 175.735040344520883, -39.725578036721224 ], [ 175.735038580881991, -39.72559209350986 ], [ 175.735024170079129, -39.725700159486401 ], [ 175.734973428078973, -39.726059397151531 ], [ 175.734831308206964, -39.727114843151256 ], [ 175.734749522843657, -39.72784164431372 ], [ 175.734737305202941, -39.727943507508897 ], [ 175.734735619589316, -39.727956742334115 ], [ 175.734721904710341, -39.728058491834354 ], [ 175.73451845331914, -39.729488918230722 ], [ 175.735011236769736, -39.729937405056951 ], [ 175.735150072633417, -39.730085978577165 ], [ 175.736796680585854, -39.732601566584883 ], [ 175.736869267294168, -39.732775993775626 ], [ 175.737428560058561, -39.735561329631565 ], [ 175.737427784615846, -39.735744538299699 ], [ 175.736844878360159, -39.738526988203539 ], [ 175.736770807331396, -39.738701044437192 ], [ 175.735102626958195, -39.741208223571746 ], [ 175.734962503521274, -39.741356087300787 ], [ 175.732372261672197, -39.743342530088661 ], [ 175.732179799437688, -39.743449723937907 ], [ 175.728921050879052, -39.7447209292678 ], [ 175.728695092520297, -39.744776957018921 ], [ 175.725086912991742, -39.745208448102325 ], [ 175.724849584598246, -39.745207823412535 ], [ 175.724679805275144, -39.745186606471542 ], [ 175.723997404800627, -39.745603522385252 ], [ 175.72397681871405, -39.745616070394014 ], [ 175.723974140150858, -39.745617699311197 ], [ 175.723953517573079, -39.745630211566613 ], [ 175.72154352456181, -39.747088980781101 ], [ 175.720952352612784, -39.747424187707182 ], [ 175.720873802565251, -39.747465857892117 ], [ 175.719287784486539, -39.748172627079235 ], [ 175.719158952533689, -39.748220054678434 ], [ 175.717449202860507, -39.748726573889783 ], [ 175.717357813401065, -39.748747464401838 ], [ 175.716648270470074, -39.748891096104614 ], [ 175.716060032961963, -39.748995034623768 ], [ 175.715543771424251, -39.749076829617977 ], [ 175.715476380609431, -39.749086287948543 ], [ 175.714955860521144, -39.749150005714519 ], [ 175.714595976594239, -39.749187649497784 ], [ 175.714480222104015, -39.749199302378997 ], [ 175.714465164579224, -39.749200759115439 ], [ 175.714349264844145, -39.749211517563857 ], [ 175.713456381391609, -39.749290901180238 ], [ 175.712930459825685, -39.749328370094652 ], [ 175.712861982248427, -39.749332044524344 ], [ 175.712334402774133, -39.749351105291922 ], [ 175.71178545425721, -39.749361334174402 ], [ 175.709956803449217, -39.749284443746355 ], [ 175.709721555688617, -39.749260154375762 ], [ 175.706222691688652, -39.74845398505267 ], [ 175.706008688524975, -39.748374763078189 ], [ 175.703003937502842, -39.746773358694746 ], [ 175.702832132756583, -39.746646961791392 ], [ 175.700615668296649, -39.744407130539635 ], [ 175.700502879665493, -39.744245934886706 ], [ 175.699291624442225, -39.741586978810986 ], [ 175.699248887173241, -39.74140676626115 ], [ 175.699161294480831, -39.738588994670543 ], [ 175.699192783186476, -39.738407406804853 ], [ 175.700237285025707, -39.735706643108799 ], [ 175.700339908410115, -39.735541453928541 ], [ 175.702414144416252, -39.73322203602217 ], [ 175.702577851294507, -39.733089412520847 ], [ 175.705478733238152, -39.731378329658313 ], [ 175.705687498588759, -39.731291250381787 ], [ 175.708717885032968, -39.730468184452405 ], [ 175.70957758945201, -39.729943005218409 ], [ 175.709567651192117, -39.729756675291938 ], [ 175.709567559536481, -39.729662122513773 ], [ 175.709604941123388, -39.728934771376551 ], [ 175.709624613791959, -39.728745474741729 ], [ 175.709642450845848, -39.72859061220413 ], [ 175.709644994456823, -39.728570497021877 ], [ 175.709666289870427, -39.728415895215903 ], [ 175.709749632247309, -39.727856754522968 ], [ 175.710004489056928, -39.726069398203535 ], [ 175.71008341398587, -39.725370233234401 ], [ 175.71009240797099, -39.725294276333734 ], [ 175.710093631299259, -39.72528440593549 ], [ 175.710103457748431, -39.725208510555312 ], [ 175.710260102601779, -39.724048266902024 ], [ 175.710263186618306, -39.724025699283708 ], [ 175.710263592324822, -39.72402276588776 ], [ 175.710266749946044, -39.72400020433745 ], [ 175.710304732912107, -39.723731973483282 ], [ 175.710379835210773, -39.723049688309878 ], [ 175.710394053355941, -39.722929986921805 ], [ 175.710396036064253, -39.722914435955602 ], [ 175.710412321120657, -39.722794891709597 ], [ 175.710666377817375, -39.72104233109966 ], [ 175.710811691875961, -39.719861320254701 ], [ 175.710872714278594, -39.719460791136655 ], [ 175.710882151950955, -39.719408885519705 ], [ 175.71096632436965, -39.719010866666899 ], [ 175.711291470303365, -39.717663646335723 ], [ 175.71136116655012, -39.717341136241409 ], [ 175.711394126945862, -39.717195941472077 ], [ 175.711398611454086, -39.717177094486011 ], [ 175.711434643485774, -39.717032335622498 ], [ 175.711858936101891, -39.71539985333267 ], [ 175.712185814254923, -39.714113991728588 ], [ 175.712191058115593, -39.714093489025373 ], [ 175.71219174381929, -39.71409082428827 ], [ 175.712197049246129, -39.714070331036126 ], [ 175.712371278787316, -39.7134013649111 ], [ 175.712385030240455, -39.713349357680791 ], [ 175.712386843701751, -39.71334260086676 ], [ 175.712400991652657, -39.713290657112239 ], [ 175.712519349690439, -39.712862373419696 ], [ 175.712589648481753, -39.712595252246807 ], [ 175.712762713557595, -39.71190474369854 ], [ 175.712801635405071, -39.711756159611241 ], [ 175.712806905288431, -39.711736877924011 ], [ 175.712849058562568, -39.711588820668368 ], [ 175.712916495985894, -39.711361106573349 ], [ 175.712935618000643, -39.711297595821662 ], [ 175.712938142513735, -39.711289346480044 ], [ 175.712957859161378, -39.71122594428342 ], [ 175.713172724528135, -39.710545848556734 ], [ 175.713228003151386, -39.710377907473813 ], [ 175.713235460530825, -39.710356130526087 ], [ 175.713294910812493, -39.710189041641755 ], [ 175.713640678603383, -39.70925256594731 ], [ 175.713810069574635, -39.708784439444123 ], [ 175.714018189625563, -39.708148714874483 ], [ 175.714073380253069, -39.707986496411188 ], [ 175.714080808544423, -39.707965461420066 ], [ 175.714139899313551, -39.707804064633201 ], [ 175.714878850944132, -39.705855144207746 ], [ 175.714904304988352, -39.70578895084693 ], [ 175.714907656657203, -39.705780355630914 ], [ 175.714933766748942, -39.705714314898991 ], [ 175.715089471492405, -39.705325821613847 ], [ 175.71510549670208, -39.705286161377671 ], [ 175.715107595358546, -39.705281009284704 ], [ 175.715123857171363, -39.70524140655219 ], [ 175.715367954494724, -39.70465166762088 ], [ 175.715579585584351, -39.704109561622488 ], [ 175.715769622841464, -39.703608563788805 ], [ 175.715808942181269, -39.703507118144167 ], [ 175.715814153851682, -39.703493953869213 ], [ 175.71585501405454, -39.703392872205946 ], [ 175.7160058624697, -39.703027261156571 ], [ 175.716030567109101, -39.702896949125822 ], [ 175.716037258057554, -39.702862130236518 ], [ 175.716038139325292, -39.702857605110616 ], [ 175.716045006341659, -39.702822806678689 ], [ 175.716148635409411, -39.702304464229776 ], [ 175.716315615995995, -39.701397028992382 ], [ 175.716572503490056, -39.69999633407221 ], [ 175.71657721739291, -39.699970892015813 ], [ 175.716577836306271, -39.699967585230546 ], [ 175.71698099317274, -39.698588650965341 ], [ 175.717049965208361, -39.698416812227755 ], [ 175.717073959222631, -39.698370298105644 ], [ 175.716325631089177, -39.697043167433264 ], [ 175.715498875094141, -39.695873051727638 ], [ 175.715401935522578, -39.695705845993587 ], [ 175.714449867504896, -39.692984885839053 ], [ 175.714424560544785, -39.692802721996415 ], [ 175.714607493146985, -39.68998765129021 ], [ 175.714656286868234, -39.689808361413519 ], [ 175.715956172528877, -39.687174731191178 ], [ 175.716074282209661, -39.687015863852295 ], [ 175.718363775227402, -39.684821434432088 ], [ 175.718539634942886, -39.68469853752427 ], [ 175.721594596589227, -39.683158061560157 ], [ 175.721810993091395, -39.683083161564831 ], [ 175.725332442227597, -39.682347382945331 ], [ 175.72556819946621, -39.682327809041453 ], [ 175.727119955289908, -39.682387841376766 ], [ 175.728229056193015, -39.681203114661642 ], [ 175.728396366304509, -39.681073293325923 ], [ 175.731342959351196, -39.679411720612755 ], [ 175.731553990819862, -39.679328196258581 ], [ 175.731562833292941, -39.679325960068397 ], [ 175.732062471367783, -39.678366188334977 ], [ 175.732184277051545, -39.678209001866755 ], [ 175.732519457089381, -39.677899378586559 ], [ 175.73246705502288, -39.677894098354422 ], [ 175.732239636842337, -39.677842279336062 ], [ 175.7289454264629, -39.676631902270138 ], [ 175.728749870776625, -39.676528310018767 ], [ 175.727132471626675, -39.675345064295556 ], [ 175.726911980267829, -39.675319914270396 ], [ 175.726339033514677, -39.676727934906737 ], [ 175.726233406890827, -39.676891960181834 ], [ 175.724117454047786, -39.679187900179045 ], [ 175.72395139289435, -39.679318671792423 ], [ 175.721020679199881, -39.680996916712097 ], [ 175.720810438755251, -39.681081630266931 ], [ 175.717351886948137, -39.681977850659152 ], [ 175.717118052503764, -39.682008210970366 ], [ 175.713470324639019, -39.682034647707717 ], [ 175.713235794409485, -39.682007681875206 ], [ 175.709756097345178, -39.681161748416756 ], [ 175.709543837641291, -39.681080097224232 ], [ 175.706572902925245, -39.679444632318337 ], [ 175.706403696665859, -39.679316291283783 ], [ 175.705984022121697, -39.678943660515117 ], [ 175.705845388160611, -39.680301362494781 ], [ 175.705655495502782, -39.681226571437946 ], [ 175.705264886224739, -39.68251195018663 ], [ 175.705198573559699, -39.682675284513451 ], [ 175.704515653738753, -39.683986779660763 ], [ 175.704508647545225, -39.683997676642917 ], [ 175.704335994573256, -39.684220421562522 ], [ 175.704511334534146, -39.685018895907469 ], [ 175.704511338927261, -39.685018915913425 ], [ 175.704665289270366, -39.68571999859973 ], [ 175.704813794251663, -39.6863626683772 ], [ 175.704917387079689, -39.686906325098235 ], [ 175.704928053169482, -39.686977251912296 ], [ 175.704995973742484, -39.688389941230952 ], [ 175.704989953925889, -39.688502188989609 ], [ 175.704770995555066, -39.689905694193392 ], [ 175.704752770567296, -39.689975696072253 ], [ 175.704591310122396, -39.690510867059245 ], [ 175.704232178895552, -39.691555929706524 ], [ 175.704025403228826, -39.69215764260521 ], [ 175.703799368746985, -39.692882464850918 ], [ 175.703777615476156, -39.692951038758743 ], [ 175.703774742374748, -39.692959944668829 ], [ 175.703752294084779, -39.693028384762229 ], [ 175.703582397199881, -39.693537965233766 ], [ 175.703631724143378, -39.693792353584982 ], [ 175.703629735339604, -39.693975556644212 ], [ 175.703028757001874, -39.696755664375914 ], [ 175.702953578897791, -39.696929425478153 ], [ 175.702559034651301, -39.697515384695173 ], [ 175.703960724981414, -39.697895320458478 ], [ 175.704177665002476, -39.697969354946714 ], [ 175.707243532628468, -39.699497604835344 ], [ 175.707420249098817, -39.699619797448435 ], [ 175.70972487179003, -39.701805049290378 ], [ 175.709844067305482, -39.701963442517936 ], [ 175.711161820945478, -39.704591841218658 ], [ 175.711211823034574, -39.704770933446362 ], [ 175.711413609812155, -39.70758522781788 ], [ 175.711389515343654, -39.70776748958054 ], [ 175.710455441544809, -39.710492200583985 ], [ 175.710359599955666, -39.710659789963053 ], [ 175.708380977310384, -39.713028175086649 ], [ 175.708222764102089, -39.713164684531748 ], [ 175.70539321815275, -39.714944859401832 ], [ 175.705231372956348, -39.715017507558194 ], [ 175.704266057718826, -39.715869299752065 ], [ 175.704261614524285, -39.715873218093712 ], [ 175.70321823687928, -39.71679196213541 ], [ 175.70260333411639, -39.717341437856071 ], [ 175.702591936901939, -39.71735160691285 ], [ 175.702590453988478, -39.717352928033876 ], [ 175.702579037149832, -39.717363083916041 ], [ 175.701427212890934, -39.718386127488685 ], [ 175.700874443107978, -39.719824231679524 ], [ 175.700772184959163, -39.719989547714569 ], [ 175.698703073194594, -39.722311486018015 ], [ 175.69853965788397, -39.722444305045748 ], [ 175.695642509848398, -39.724158773389618 ], [ 175.695433933323557, -39.724246090591613 ], [ 175.692922826843585, -39.724931328137991 ], [ 175.695009276408854, -39.726534676630664 ], [ 175.695149202396408, -39.726682633286188 ], [ 175.696814321177584, -39.729190886355873 ], [ 175.696888194557829, -39.729364988613121 ], [ 175.697468079278281, -39.732147784697631 ], [ 175.697468661165772, -39.732330992200268 ], [ 175.696906412773131, -39.73511594663848 ], [ 175.696833636867296, -39.735290325624796 ], [ 175.695184157644292, -39.737804808954472 ], [ 175.695045140287505, -39.737953287789416 ], [ 175.692469811028957, -39.739951119753577 ], [ 175.692278157464784, -39.740059160861016 ], [ 175.689029071652811, -39.741344725475606 ], [ 175.688803545300573, -39.741401749689174 ], [ 175.685198831583477, -39.741849164238047 ], [ 175.684961516186206, -39.741849587644239 ], [ 175.681354165069251, -39.741415041280689 ], [ 175.68112830005856, -39.741358822570795 ], [ 175.679434978218694, -39.74082079502633 ], [ 175.678071003662694, -39.740287231554049 ], [ 175.677950744025338, -39.740507867435298 ], [ 175.677911792179543, -39.740578487536588 ], [ 175.677906677866105, -39.740587651328468 ], [ 175.677866947965725, -39.740658012640559 ], [ 175.677632622804566, -39.741068217773908 ], [ 175.676888554635099, -39.742567763701324 ], [ 175.676881267952098, -39.742582410251238 ], [ 175.676880318536092, -39.742584313664246 ], [ 175.676872998819675, -39.742598950391368 ], [ 175.676000653925428, -39.744338757822682 ], [ 175.675824859906385, -39.74466968123248 ], [ 175.675800909518671, -39.744712334155885 ], [ 175.675608235966791, -39.745037609538343 ], [ 175.67486870515549, -39.746223252251383 ], [ 175.674669777478073, -39.746497509343115 ], [ 175.676256420621797, -39.746498958843063 ], [ 175.676314135645583, -39.746499121329762 ], [ 175.676321638486684, -39.746499156772643 ], [ 175.67637935178729, -39.746499539561214 ], [ 175.677257313548694, -39.746507035229335 ], [ 175.677982209183057, -39.746510062692188 ], [ 175.678029680133847, -39.746501218141766 ], [ 175.678043298311223, -39.746498732118042 ], [ 175.678148167736992, -39.746479981758036 ], [ 175.679271940629263, -39.746283258736639 ], [ 175.679770675176627, -39.745815606355336 ], [ 175.679948322373662, -39.745694121026915 ], [ 175.683026386195479, -39.74417812313969 ], [ 175.683243961558361, -39.744104954542543 ], [ 175.686778135408389, -39.743397315996198 ], [ 175.687014347654838, -39.743379623876969 ], [ 175.690658807731239, -39.743549588941349 ], [ 175.690890543969232, -39.743589104593354 ], [ 175.694288685935788, -39.744620044748679 ], [ 175.694493270599565, -39.744712901744684 ], [ 175.697312562759663, -39.746503940020503 ], [ 175.697469974048602, -39.746641052059836 ], [ 175.699434468875182, -39.749016922833476 ], [ 175.699529296957394, -39.749184871955272 ], [ 175.699823222250245, -39.750059037497408 ], [ 175.700397713921006, -39.750700912060232 ], [ 175.700500416150192, -39.750866079957447 ], [ 175.701546065514322, -39.753566625865687 ], [ 175.70157762267678, -39.753748207004669 ], [ 175.70149096233348, -39.756565990477526 ], [ 175.701448276322964, -39.75674621122468 ], [ 175.700237647182405, -39.759405403099528 ], [ 175.700124887724854, -39.759566620788391 ], [ 175.697908685412926, -39.761806885071984 ], [ 175.697736885220792, -39.761933315525653 ], [ 175.694732012428801, -39.763535306548462 ], [ 175.694517989142611, -39.763614570315994 ], [ 175.691018636944705, -39.764421424061098 ], [ 175.690783346662272, -39.764445759563984 ], [ 175.688232118269241, -39.764398751973907 ], [ 175.686964275027123, -39.764620048959891 ], [ 175.68691851615057, -39.764627961177588 ], [ 175.686912564844476, -39.764628980539179 ], [ 175.686866765165291, -39.764636750807576 ], [ 175.685870644008133, -39.764804127523711 ], [ 175.683758705422662, -39.765173841036678 ], [ 175.683398220058336, -39.765242362457506 ], [ 175.683321644936683, -39.765256706390893 ], [ 175.683311682127794, -39.765258545148072 ], [ 175.683234983267027, -39.765272489786796 ], [ 175.682207083798659, -39.765456543261074 ], [ 175.680865416237651, -39.765633890733703 ], [ 175.680689853134282, -39.765649031939361 ], [ 175.679330552388251, -39.765704625917621 ], [ 175.677087557745011, -39.76569526198287 ], [ 175.67705463790017, -39.765695088403859 ], [ 175.677050358368547, -39.765695061180963 ], [ 175.677017439265285, -39.765694815946389 ], [ 175.676165656277249, -39.765687540249658 ], [ 175.672849390400387, -39.765684468937032 ], [ 175.672821761571413, -39.765684417718298 ], [ 175.6728181698372, -39.765684407779133 ], [ 175.672790541216585, -39.765684306087977 ], [ 175.671844852866542, -39.765679957685769 ], [ 175.670823427901411, -39.765686835696762 ], [ 175.670163522731002, -39.765676873956352 ], [ 175.670077851077053, -39.765673708790843 ], [ 175.669614539928943, -39.76564644139593 ], [ 175.667426863613457, -39.766325778126181 ], [ 175.667403354400591, -39.766505569300129 ], [ 175.667380275410039, -39.766667413792369 ], [ 175.66737702900943, -39.766688430934536 ], [ 175.667350163365825, -39.766849927090092 ], [ 175.667120422741505, -39.768138605054638 ], [ 175.666975968724643, -39.768986848428888 ], [ 175.666961029306492, -39.769071465840611 ], [ 175.666959019658748, -39.769082458753061 ], [ 175.666943041417625, -39.769166963071527 ], [ 175.66686239962371, -39.769579747020146 ], [ 175.666712045358139, -39.770200760753035 ], [ 175.666688857050559, -39.770280864702862 ], [ 175.666482467622046, -39.770892219329639 ], [ 175.666295656442571, -39.771375434673928 ], [ 175.666279430348453, -39.771417039081179 ], [ 175.66627730406546, -39.771422443697091 ], [ 175.666260818113528, -39.771463987226909 ], [ 175.665762104646149, -39.772709947623213 ], [ 175.665706110481523, -39.772846004962005 ], [ 175.665698650075825, -39.772863646800545 ], [ 175.665639868762156, -39.772999002361026 ], [ 175.665414855194911, -39.773503823333684 ], [ 175.665191949239897, -39.774048831089154 ], [ 175.665170130771827, -39.774101611008469 ], [ 175.66516726705413, -39.774108465602851 ], [ 175.665145028327231, -39.774161140981633 ], [ 175.664927653568753, -39.774670692188714 ], [ 175.664627292150413, -39.775401095008576 ], [ 175.66459978731595, -39.775467096894793 ], [ 175.664596168948037, -39.775475666396019 ], [ 175.664568006584062, -39.775541502989888 ], [ 175.664342195999495, -39.776062641010604 ], [ 175.664298096391377, -39.77616246850647 ], [ 175.664292265179171, -39.776175419740952 ], [ 175.664246653828116, -39.776274842005805 ], [ 175.663925701713197, -39.776961628266193 ], [ 175.663832820432447, -39.7771622024473 ], [ 175.663082893380079, -39.778451979307796 ], [ 175.662969003716654, -39.778612733948435 ], [ 175.660736931515544, -39.780843921414281 ], [ 175.660564223861797, -39.780969649455294 ], [ 175.657547643359976, -39.782559370694273 ], [ 175.65733302428967, -39.782637761443155 ], [ 175.653827274112018, -39.783430353707487 ], [ 175.653591758127845, -39.78345373106859 ], [ 175.649940127180372, -39.783371582582383 ], [ 175.649706777339986, -39.783337657464777 ], [ 175.646266854806669, -39.782388815053729 ], [ 175.646058521667157, -39.782300909731077 ], [ 175.643167139372537, -39.780578289017704 ], [ 175.643004220912871, -39.780445011367689 ], [ 175.640944440514289, -39.778117287658844 ], [ 175.640842883575061, -39.777951687382057 ], [ 175.639816275918861, -39.775246764222366 ], [ 175.639786015504058, -39.775065054087825 ], [ 175.639892950441578, -39.772247735476071 ], [ 175.639936939542423, -39.772067703286666 ], [ 175.640416549681902, -39.770703388708469 ], [ 175.640515576110744, -39.770489699036339 ], [ 175.640521303128821, -39.770477368907152 ], [ 175.640522049151031, -39.770475766408097 ], [ 175.640527799398001, -39.770463442705747 ], [ 175.640805674726948, -39.769869261047226 ], [ 175.640955084001888, -39.769524714825458 ], [ 175.641246924045618, -39.76881561883652 ], [ 175.641266070859643, -39.768769526044011 ], [ 175.64126858078555, -39.768763539184121 ], [ 175.641288048215614, -39.768717526439822 ], [ 175.641502554437835, -39.768215099156969 ], [ 175.641750474420206, -39.767609433946006 ], [ 175.641796336302235, -39.767499836788723 ], [ 175.641802416105293, -39.76748561914836 ], [ 175.641850089652678, -39.767376483375728 ], [ 175.642062860161701, -39.766899492469555 ], [ 175.642393031313901, -39.766075313326368 ], [ 175.642472948535669, -39.765607008965652 ], [ 175.642477613668291, -39.765579987573027 ], [ 175.642478227020746, -39.765576475508148 ], [ 175.642482998079771, -39.765549465133752 ], [ 175.642540526640744, -39.765227418764496 ], [ 175.642339550405779, -39.764512207084493 ], [ 175.642336298316735, -39.764502211139337 ], [ 175.641107490959854, -39.764400150185708 ], [ 175.641050093267268, -39.764395271724148 ], [ 175.641042633646492, -39.764394623282953 ], [ 175.640985267942199, -39.764389525725882 ], [ 175.638658779152877, -39.764178266751941 ], [ 175.634947984011518, -39.763853829022914 ], [ 175.634897575761698, -39.763849335291425 ], [ 175.634891024366027, -39.763848740115257 ], [ 175.634840641913001, -39.763844077290628 ], [ 175.634682604050226, -39.763829181985784 ], [ 175.63361334535162, -39.764382792427902 ], [ 175.633482441218433, -39.764449586657683 ], [ 175.633465348802787, -39.764458181227496 ], [ 175.633333292697046, -39.764523611147482 ], [ 175.632691606114491, -39.764836863372935 ], [ 175.631896334467967, -39.76519205894251 ], [ 175.631790755671403, -39.765235024688671 ], [ 175.630961738600035, -39.765540840357197 ], [ 175.630463446919919, -39.765706387548377 ], [ 175.628729316066284, -39.766161742721557 ], [ 175.628499265625948, -39.766206964649399 ], [ 175.624862559765148, -39.766466789655382 ], [ 175.624625660735944, -39.766454929033436 ], [ 175.621062954877658, -39.765834658011258 ], [ 175.620842405839568, -39.765766876460361 ], [ 175.617702569703141, -39.764327251393262 ], [ 175.617519966184318, -39.764210186414694 ], [ 175.61511041410003, -39.762092176710574 ], [ 175.614983632114587, -39.761937290978132 ], [ 175.613540206232955, -39.759348275720015 ], [ 175.613481651876668, -39.759170733681479 ], [ 175.613145544572205, -39.756364181457378 ], [ 175.613160941237254, -39.756181363728118 ], [ 175.613964912528644, -39.753432006953489 ], [ 175.61405274383668, -39.753261808384195 ], [ 175.615917968285657, -39.750838747716699 ], [ 175.616069630052095, -39.750697825959612 ], [ 175.618617588127336, -39.748970956904401 ], [ 175.618631848416442, -39.748917595755707 ], [ 175.619919822813074, -39.746280250283384 ], [ 175.620037246694125, -39.746121042121139 ], [ 175.622317808917899, -39.743919970191577 ], [ 175.622493207712552, -39.74379656121139 ], [ 175.625543092308902, -39.742247165614394 ], [ 175.625759297833923, -39.74217163241255 ], [ 175.628982726649298, -39.741488536369808 ], [ 175.626233959362025, -39.74085601718857 ], [ 175.626019943797075, -39.740776861128921 ], [ 175.623014771388199, -39.739176391167454 ], [ 175.622842924936208, -39.739050048328821 ], [ 175.620625614385261, -39.736810925702954 ], [ 175.620512758821462, -39.736649766972043 ], [ 175.619300315567955, -39.733991224324718 ], [ 175.619257492689059, -39.733811027935808 ], [ 175.61916848631401, -39.730993334022081 ], [ 175.619199879114092, -39.730811739967919 ], [ 175.6202428800473, -39.728110710493333 ], [ 175.620345406622732, -39.727945493374769 ], [ 175.622418201501716, -39.725625492172554 ], [ 175.622581820149975, -39.725492821714347 ], [ 175.625481461899511, -39.723780895110245 ], [ 175.625690156240552, -39.72369375445512 ], [ 175.628113466342313, -39.723034686481967 ], [ 175.628561865833916, -39.722900960181001 ], [ 175.63049219041099, -39.722315016484984 ], [ 175.630891764961291, -39.722200185884404 ], [ 175.63094404539882, -39.722185995645098 ], [ 175.63134878533441, -39.722082514854101 ], [ 175.632200107698281, -39.721878101480613 ], [ 175.632224639615572, -39.721872233802927 ], [ 175.632227829846954, -39.721871473716369 ], [ 175.632252378413, -39.721865647754385 ], [ 175.632466111779109, -39.721815122215141 ], [ 175.633430331125282, -39.721543644985331 ], [ 175.633554369762379, -39.721509332570747 ], [ 175.633570526881527, -39.721504942406526 ], [ 175.633695059310185, -39.721471713832258 ], [ 175.634700296341606, -39.721208381273058 ], [ 175.634714032001767, -39.72120479034546 ], [ 175.634715818009624, -39.721204324382732 ], [ 175.634729559393094, -39.721200746653011 ], [ 175.635960431779694, -39.720880924283236 ], [ 175.637304020157814, -39.720515357310092 ], [ 175.638870507736129, -39.720181781518122 ], [ 175.639077063885054, -39.720149551534931 ], [ 175.640894270883649, -39.719979140835967 ], [ 175.640921048369734, -39.719978265346889 ], [ 175.642750403512878, -39.720029451908381 ], [ 175.642959747962493, -39.720048084071678 ], [ 175.644557138599794, -39.720278217581935 ], [ 175.645483959133486, -39.72046412277988 ], [ 175.646940459063671, -39.720751936770888 ], [ 175.64699014570931, -39.720761844785073 ], [ 175.646996601274083, -39.720763143789988 ], [ 175.647046231009966, -39.720773220466597 ], [ 175.648559288792882, -39.721083164885862 ], [ 175.64855941224414, -39.721083190174056 ], [ 175.650178000412382, -39.721414752701392 ], [ 175.651354549799493, -39.72164382006499 ], [ 175.651379459113741, -39.721648692157096 ], [ 175.651382696416846, -39.721649328281742 ], [ 175.651407591765462, -39.721654242722572 ], [ 175.652797169319257, -39.721929800687263 ], [ 175.653584386391231, -39.722082826097477 ], [ 175.654369654146137, -39.722226823322941 ], [ 175.654433841302534, -39.722238741533147 ], [ 175.654442179891703, -39.722240309117375 ], [ 175.654506278723034, -39.722252507587882 ], [ 175.655372600549413, -39.72241938022615 ], [ 175.656208582644638, -39.722576673704033 ], [ 175.656220081279713, -39.722578841945435 ], [ 175.656221575916533, -39.722579124402181 ], [ 175.656233071693777, -39.722581301649491 ], [ 175.656926041326699, -39.722712832394969 ], [ 175.658416973090823, -39.722995265227503 ], [ 175.658452024614661, -39.723001949333671 ], [ 175.658456579558958, -39.723002823709052 ], [ 175.658491604101442, -39.723009591531707 ], [ 175.658895298672348, -39.723088109710112 ], [ 175.659328601689651, -39.722083259632896 ], [ 175.659335692706662, -39.722070307246874 ], [ 175.659391013538169, -39.72197092638666 ], [ 175.659860488028272, -39.72114129251144 ], [ 175.659864846525238, -39.721133599912413 ], [ 175.660822753393148, -39.719448335360887 ], [ 175.660835114050656, -39.71942666592664 ], [ 175.660836725726426, -39.719423850536273 ], [ 175.660849160080858, -39.71940220627279 ], [ 175.661226041252291, -39.718748487531585 ], [ 175.661649367148641, -39.717993409102093 ], [ 175.661709049027763, -39.71788878013701 ], [ 175.661716919105999, -39.717875216936676 ], [ 175.661778315351341, -39.717771181280241 ], [ 175.662350610525806, -39.716817496065218 ], [ 175.662431548011199, -39.716675190113136 ], [ 175.662534663042038, -39.716499047332491 ], [ 175.662548384510643, -39.716476262461725 ], [ 175.662656368987314, -39.716301868764198 ], [ 175.662680416226493, -39.716264079754382 ], [ 175.662480775543145, -39.716079165924121 ], [ 175.661877631149423, -39.715497644426165 ], [ 175.661099042601109, -39.714779348850506 ], [ 175.661062440103308, -39.714786428902023 ], [ 175.660839478167759, -39.714815432668615 ], [ 175.659016184332614, -39.714940121880147 ], [ 175.659004933579013, -39.714940206764844 ], [ 175.658918386184325, -39.714940611728409 ], [ 175.656904817312551, -39.714944246009864 ], [ 175.656859304101943, -39.714944259179724 ], [ 175.656853387402293, -39.71494425197605 ], [ 175.656807874464562, -39.714944127980303 ], [ 175.65565032834516, -39.71493922429309 ], [ 175.655401958009492, -39.714995791035875 ], [ 175.65535016439128, -39.715007486537338 ], [ 175.655343426701421, -39.715008994915088 ], [ 175.655291563553078, -39.715020505225041 ], [ 175.654588595181309, -39.715175158131693 ], [ 175.653588068167039, -39.715400866798056 ], [ 175.653507611983173, -39.715418774668009 ], [ 175.653497141992688, -39.715421073666263 ], [ 175.653416521400089, -39.715438535000366 ], [ 175.652673935750755, -39.715597148049078 ], [ 175.652406227892214, -39.7156570789979 ], [ 175.651108899362782, -39.715948758856676 ], [ 175.651064555747922, -39.715958654925601 ], [ 175.651058787802725, -39.71595993260037 ], [ 175.651014393799358, -39.715969693066349 ], [ 175.649321478355006, -39.71633908790659 ], [ 175.647656128970254, -39.716721842960006 ], [ 175.647650071883277, -39.716723233676149 ], [ 175.647187517700132, -39.716829167974879 ], [ 175.647142158723511, -39.716839478686929 ], [ 175.647136258562711, -39.716840809843362 ], [ 175.647090845834498, -39.716850978460798 ], [ 175.646133333213157, -39.71706375190368 ], [ 175.644911594302073, -39.717340619810393 ], [ 175.644783821351012, -39.71736896490107 ], [ 175.644767184211418, -39.717372576539191 ], [ 175.644639001170674, -39.717399795111682 ], [ 175.644468565062738, -39.717435180049819 ], [ 175.642532696688846, -39.717871550279803 ], [ 175.642089261658555, -39.717971854510829 ], [ 175.64205137715868, -39.717980370128672 ], [ 175.642046449763512, -39.717981470722471 ], [ 175.642008528183283, -39.717989887317195 ], [ 175.641609762422661, -39.718077827895407 ], [ 175.641606336249481, -39.718078583037794 ], [ 175.640161985455478, -39.718396443295553 ], [ 175.640112353605332, -39.718407273906529 ], [ 175.640105897465929, -39.718408670862381 ], [ 175.640056204094179, -39.718419331880362 ], [ 175.639514147637243, -39.718534624723475 ], [ 175.635841609013625, -39.719365885119494 ], [ 175.635460476407701, -39.719456391436935 ], [ 175.634646772613451, -39.719625034305942 ], [ 175.634540104315676, -39.719643980937825 ], [ 175.632729442505706, -39.719851769928319 ], [ 175.6326012353951, -39.719858609642486 ], [ 175.630770772391088, -39.719845070927917 ], [ 175.630661743460763, -39.719837631535135 ], [ 175.628856569852189, -39.719603099232465 ], [ 175.628731902645086, -39.71957900511655 ], [ 175.626996485311366, -39.71912925651975 ], [ 175.626895772486165, -39.719096159683119 ], [ 175.626132974346007, -39.718819947739789 ], [ 175.625776678827009, -39.718678592023849 ], [ 175.624102930300069, -39.718328090100094 ], [ 175.623886499771316, -39.718253070375063 ], [ 175.620831658215423, -39.716710832078924 ], [ 175.620655849312982, -39.716587829810166 ], [ 175.618367789767859, -39.714391996768285 ], [ 175.6182498126025, -39.714233055836374 ], [ 175.616952472776802, -39.711598623923635 ], [ 175.616903870878133, -39.711419305566942 ], [ 175.616724135184086, -39.708604185520485 ], [ 175.616749657412385, -39.70842204394966 ], [ 175.617704978016491, -39.705701802218542 ], [ 175.617802117010001, -39.705534665799831 ], [ 175.619798859590503, -39.703175549094261 ], [ 175.619958100666281, -39.703039775537093 ], [ 175.622800756139242, -39.701272660025658 ], [ 175.623006510961943, -39.701181536233577 ], [ 175.624660640841029, -39.70057679015855 ], [ 175.625244550231571, -39.700405196240169 ], [ 175.62537551036263, -39.700367402882868 ], [ 175.62539257267855, -39.700362568734178 ], [ 175.627154818079049, -39.699981404874684 ], [ 175.627369887719283, -39.69994868064019 ], [ 175.629187615640859, -39.699785128523914 ], [ 175.629205776557058, -39.699784603232793 ], [ 175.629345507265839, -39.699781209251043 ], [ 175.629839058736025, -39.699771506804019 ], [ 175.631542611145562, -39.699834364944756 ], [ 175.631762117931231, -39.699854966440043 ], [ 175.632915958131719, -39.700035121310165 ], [ 175.633407133286028, -39.699930650194425 ], [ 175.634792053290113, -39.69962586779144 ], [ 175.635147095702649, -39.699547569386027 ], [ 175.635555771595733, -39.699455127325471 ], [ 175.635561785437915, -39.699453768324958 ], [ 175.637635629515501, -39.698986293209714 ], [ 175.637755491548546, -39.698959809481465 ], [ 175.637771096982988, -39.698956431022395 ], [ 175.637891318558303, -39.698930938456968 ], [ 175.638053240233432, -39.698897321202118 ], [ 175.639170259635705, -39.698644183182559 ], [ 175.639199761841184, -39.698637529846948 ], [ 175.639203598596595, -39.698636668818082 ], [ 175.639233123397361, -39.698630075555499 ], [ 175.640173473658962, -39.69842111556985 ], [ 175.640576579188973, -39.698328796974977 ], [ 175.642318642121268, -39.697928409325542 ], [ 175.642396494655429, -39.697910742849764 ], [ 175.642406625702819, -39.697908473430701 ], [ 175.642484635436688, -39.697891225767037 ], [ 175.644212999305438, -39.697514095615141 ], [ 175.645469741172064, -39.697231539907705 ], [ 175.645477085406583, -39.697229890633288 ], [ 175.645831623533553, -39.697150519364122 ], [ 175.645900672196262, -39.697135239340291 ], [ 175.645909656354917, -39.697133274306765 ], [ 175.645978825518569, -39.6971183230457 ], [ 175.646709027894588, -39.696962354740634 ], [ 175.647663623282142, -39.696747006730497 ], [ 175.647701098949113, -39.696738604914081 ], [ 175.647705973135203, -39.696737518977159 ], [ 175.647743484947114, -39.696729214071482 ], [ 175.648430990662376, -39.696577962729251 ], [ 175.649459407057719, -39.696343734250753 ], [ 175.649467439426815, -39.696341907173426 ], [ 175.650339793370051, -39.696144143049779 ], [ 175.651907746647623, -39.695877641541372 ], [ 175.652113693805518, -39.69585397225449 ], [ 175.653714162390173, -39.695756330488756 ], [ 175.654820408901173, -39.695747839289176 ], [ 175.654910415266727, -39.695747416315726 ], [ 175.65492211619528, -39.695747396207885 ], [ 175.655012124115814, -39.695747509829786 ], [ 175.656390524198343, -39.695753350584759 ], [ 175.65952013236452, -39.694345474232151 ], [ 175.659741213244587, -39.694279179547202 ], [ 175.663307079572661, -39.693682802671553 ], [ 175.663543855655689, -39.693672522630443 ], [ 175.665373267257991, -39.69370416794024 ], [ 175.665870130763722, -39.693743035605706 ], [ 175.666735553557658, -39.693836147950478 ], [ 175.666847314210315, -39.693851489035865 ], [ 175.668618309466325, -39.694207224122884 ], [ 175.66873585282832, -39.694238622762235 ], [ 175.670413037333873, -39.694803979100932 ], [ 175.670513195243331, -39.694845246573678 ], [ 175.672055283285857, -39.695606308744246 ], [ 175.672154519015834, -39.695664228447114 ], [ 175.673523546886884, -39.696602262996542 ], [ 175.673602300306442, -39.696665418765612 ], [ 175.674764559597691, -39.69775733531521 ], [ 175.674835775046319, -39.697836108315997 ], [ 175.674887288578077, -39.697903854742584 ], [ 175.675411290617916, -39.696902904869276 ], [ 175.6759187823437, -39.695884848877775 ], [ 175.675966596734668, -39.695790514017219 ], [ 175.675972901657445, -39.695778277870303 ], [ 175.676022086076983, -39.695684364316037 ], [ 175.676663250541225, -39.694479616902363 ], [ 175.676701059695006, -39.694386517657989 ], [ 175.677021471142382, -39.693613506395359 ], [ 175.677186937146587, -39.693213935306183 ], [ 175.677370162623248, -39.692805506909153 ], [ 175.677395616432875, -39.692752883093739 ], [ 175.677603987895026, -39.692351714284058 ], [ 175.677940553958251, -39.691746180785337 ], [ 175.678330636395572, -39.691113440750044 ], [ 175.678385408167543, -39.691032831626273 ], [ 175.678837967958572, -39.690425431050336 ], [ 175.679008686155299, -39.690215622004722 ], [ 175.679038615726853, -39.690132104210477 ], [ 175.679044449841314, -39.690116256492097 ], [ 175.679090482252349, -39.689994479566622 ], [ 175.679264914836637, -39.689544811523952 ], [ 175.679676221427343, -39.688312449824252 ], [ 175.67987422438469, -39.687678219795394 ], [ 175.676609194540589, -39.688227542584656 ], [ 175.676372452114663, -39.688238037572816 ], [ 175.672742426661415, -39.687957249929511 ], [ 175.672513077352988, -39.68791070210942 ], [ 175.669173123930506, -39.686776891970432 ], [ 175.668973626066617, -39.68667785965156 ], [ 175.666250776266338, -39.684802053749628 ], [ 175.666100661777762, -39.68466023420725 ], [ 175.664261460242614, -39.682226103570464 ], [ 175.664175421333368, -39.682055382546494 ], [ 175.664091353551925, -39.681756866761454 ], [ 175.663169994520956, -39.681429764889742 ], [ 175.663130309397729, -39.68141560592656 ], [ 175.663125154816299, -39.681413757794225 ], [ 175.663085538686346, -39.681399483952546 ], [ 175.662100587058404, -39.681042857584735 ], [ 175.662020481443705, -39.681018064034106 ], [ 175.661599069948096, -39.680880155165468 ], [ 175.661544762971431, -39.680861403185837 ], [ 175.661130682582581, -39.680710820089296 ], [ 175.660099307326419, -39.680316457135291 ], [ 175.659844026732856, -39.680222109619017 ], [ 175.659428447975813, -39.680080972815503 ], [ 175.65917636143152, -39.679992585583399 ], [ 175.659143771374715, -39.679980796226026 ], [ 175.657552840614102, -39.679282797991952 ], [ 175.657385970199329, -39.679195536496685 ], [ 175.655955977295463, -39.678313805127132 ], [ 175.655929698649231, -39.67829481035519 ], [ 175.655664222186516, -39.678070239628795 ], [ 175.655234505891798, -39.677993817261395 ], [ 175.655014614943212, -39.677925301013694 ], [ 175.653141137241789, -39.677056753660736 ], [ 175.651434569420786, -39.6773706672451 ], [ 175.65119817153203, -39.67738468834898 ], [ 175.649574618809169, -39.677283497930375 ], [ 175.649213169523335, -39.677411156133225 ], [ 175.649181832818556, -39.677422180490858 ], [ 175.649177756316163, -39.67742360900526 ], [ 175.649146377599152, -39.677434561792161 ], [ 175.646866151947847, -39.678227314973768 ], [ 175.645461108228886, -39.679353681983521 ], [ 175.64379955850805, -39.680697103656556 ], [ 175.643726386115873, -39.680755731437074 ], [ 175.643716829301013, -39.680763319663434 ], [ 175.643642973772018, -39.680821433826516 ], [ 175.642803583119957, -39.681475963682658 ], [ 175.642586636682552, -39.681645133248566 ], [ 175.641864391223351, -39.682321807962808 ], [ 175.641742211457171, -39.682423354678306 ], [ 175.641098174948866, -39.68289868982454 ], [ 175.640870426487339, -39.68321144908434 ], [ 175.640723260663037, -39.683355098424521 ], [ 175.638039526369084, -39.685264184049224 ], [ 175.637842102271776, -39.685365659673195 ], [ 175.634526056474925, -39.686540443545859 ], [ 175.634297703141669, -39.686589809091565 ], [ 175.630674038439622, -39.686915255723221 ], [ 175.630437116759879, -39.686907677236455 ], [ 175.628213791292978, -39.686562199088165 ], [ 175.6279125425188, -39.686537470889419 ], [ 175.627857194759315, -39.686535291995604 ], [ 175.627448556431972, -39.686513638499214 ], [ 175.627395513845812, -39.686510103512568 ], [ 175.626988112454768, -39.686477372604728 ], [ 175.626292674646777, -39.686411938826645 ], [ 175.625898678492661, -39.686369584416802 ], [ 175.625847247642383, -39.686363362825702 ], [ 175.625453854844864, -39.686310426044471 ], [ 175.624781666696833, -39.686210778459838 ], [ 175.624228553405544, -39.686134812643495 ], [ 175.624210106055187, -39.686132267178152 ], [ 175.624207708245308, -39.6861319347787 ], [ 175.622420031729206, -39.685769104341261 ], [ 175.622326936248243, -39.68574396448566 ], [ 175.622233736726059, -39.685719055884014 ], [ 175.621090673398896, -39.685332704739245 ], [ 175.620567662637114, -39.685391515949405 ], [ 175.618148164038814, -39.686657628625206 ], [ 175.617933447963082, -39.686735369645199 ], [ 175.614730901404329, -39.687449905030604 ], [ 175.614321990417977, -39.68792400528848 ], [ 175.614041007189627, -39.688221756295434 ], [ 175.61374535159689, -39.688521662659028 ], [ 175.613705877367693, -39.688560012164729 ], [ 175.613394237102938, -39.688850098152145 ], [ 175.612651972783908, -39.689512312380032 ], [ 175.612627561856641, -39.689534020281684 ], [ 175.612624382614086, -39.689536838387561 ], [ 175.612599882117451, -39.689558485961179 ], [ 175.612095951863949, -39.690002301145334 ], [ 175.611536621579006, -39.690602495043883 ], [ 175.61018700504934, -39.692133543879564 ], [ 175.609653645017971, -39.692691179737153 ], [ 175.609580801917929, -39.692761504990187 ], [ 175.608993498725965, -39.693285795825666 ], [ 175.608274311421582, -39.693879968125195 ], [ 175.608131911953478, -39.693995543896648 ], [ 175.608113229209977, -39.694010440909352 ], [ 175.607968201854845, -39.694124049945565 ], [ 175.607613863359973, -39.694396749930576 ], [ 175.607357883306349, -39.694602015833652 ], [ 175.60716648156199, -39.69513308947797 ], [ 175.607197718656238, -39.695259031803261 ], [ 175.607212434270849, -39.695330129176277 ], [ 175.607303849432498, -39.695879722639752 ], [ 175.607356920564683, -39.696300899909346 ], [ 175.607363209319772, -39.696352336929998 ], [ 175.607364002030465, -39.696359025498793 ], [ 175.607369908824268, -39.696410489536198 ], [ 175.607429453864341, -39.696946758618481 ], [ 175.607438747434117, -39.697035618266156 ], [ 175.607439881580888, -39.697047174355312 ], [ 175.60744879681917, -39.697145086872951 ], [ 175.607448894914995, -39.697146255113715 ], [ 175.607470795759355, -39.697411104307449 ], [ 175.607503287183903, -39.69776153127696 ], [ 175.607509124326555, -39.697827926278322 ], [ 175.607509841876492, -39.697836559675849 ], [ 175.607515043962366, -39.697902986174938 ], [ 175.607559621648392, -39.698509351585045 ], [ 175.607547941602832, -39.699670613029163 ], [ 175.607533859341714, -39.699820874395428 ], [ 175.607328885810688, -39.700971326028892 ], [ 175.607225134722341, -39.701364121715088 ], [ 175.607163517930303, -39.701583416931527 ], [ 175.607155049337536, -39.701611843826512 ], [ 175.607086380065056, -39.701829885451559 ], [ 175.606767471219257, -39.702790241003655 ], [ 175.606404807919631, -39.703937249696452 ], [ 175.606397996982821, -39.703958676629405 ], [ 175.606397107146108, -39.703961461288777 ], [ 175.606390228287523, -39.703982875269347 ], [ 175.606021492357399, -39.70512475015979 ], [ 175.60560439534629, -39.706441178486124 ], [ 175.605603170312548, -39.706445041174902 ], [ 175.605139773906529, -39.707902604281777 ], [ 175.605135591590113, -39.707915716532511 ], [ 175.605135046234864, -39.707917420809913 ], [ 175.605130838470558, -39.707930528211179 ], [ 175.604946902085373, -39.708501661288636 ], [ 175.604639713732325, -39.709486359655457 ], [ 175.604636694022645, -39.709496016170725 ], [ 175.604289346096834, -39.710599962628159 ], [ 175.604265746307391, -39.710673612265353 ], [ 175.604262626183527, -39.710683176569681 ], [ 175.603677557525174, -39.712022632362448 ], [ 175.603589290958496, -39.71218213078005 ], [ 175.602740091260529, -39.713434400440967 ], [ 175.602733296702411, -39.713442751857265 ], [ 175.602680680534178, -39.713506823525528 ], [ 175.601880710554298, -39.714471934021859 ], [ 175.601357338177365, -39.715120282580394 ], [ 175.600845929641139, -39.715773230013603 ], [ 175.600622998176817, -39.716046659908741 ], [ 175.600593200976107, -39.716081793001123 ], [ 175.600357713940184, -39.71634887219281 ], [ 175.599416822400087, -39.717375879345965 ], [ 175.59937170992481, -39.717424773423382 ], [ 175.599365817938178, -39.717431114489635 ], [ 175.599320284465506, -39.717479775277717 ], [ 175.598837558747647, -39.717992045643498 ], [ 175.597942947038177, -39.718965022463493 ], [ 175.597130713864772, -39.719850993232008 ], [ 175.597101907751011, -39.719882272430162 ], [ 175.597097394996922, -39.719887150576916 ], [ 175.597059892445714, -39.719927454452886 ], [ 175.596702051836445, -39.720309794739237 ], [ 175.596046113336115, -39.720947755120633 ], [ 175.595956164101807, -39.721027545938718 ], [ 175.594649575283256, -39.722017631730225 ], [ 175.594572183890762, -39.722067704356391 ], [ 175.593081075946003, -39.722887741185424 ], [ 175.592963594425186, -39.722942158783404 ], [ 175.592035351037453, -39.723329167713807 ], [ 175.592017268449155, -39.723335909982197 ], [ 175.591969813022985, -39.723489783920584 ], [ 175.591422884405603, -39.724805621191557 ], [ 175.591342464327852, -39.724957836922535 ], [ 175.591243746112212, -39.725171183860496 ], [ 175.591193337239076, -39.725277993687193 ], [ 175.591186670878784, -39.725291846482428 ], [ 175.591134520360441, -39.725398156581619 ], [ 175.591056517309681, -39.72555418790747 ], [ 175.591012279567707, -39.725652956294134 ], [ 175.590977996179987, -39.725728413806934 ], [ 175.590973483039249, -39.725738207815141 ], [ 175.590938333491493, -39.725813427351461 ], [ 175.590191785028821, -39.72738904905934 ], [ 175.590186458298774, -39.727400267995613 ], [ 175.590185764571601, -39.727401726101483 ], [ 175.590180418576637, -39.727412939562925 ], [ 175.589755772548472, -39.728301821734142 ], [ 175.589457176024979, -39.729006965580993 ], [ 175.589185601333156, -39.729708841534304 ], [ 175.589160767194699, -39.72977217478482 ], [ 175.589157499634325, -39.729780398840646 ], [ 175.589132063612482, -39.729843589525686 ], [ 175.588981330124966, -39.730213258218534 ], [ 175.58882180766301, -39.730617418130514 ], [ 175.588912120151377, -39.730610702664741 ], [ 175.589148949703599, -39.730621884026455 ], [ 175.592712805814699, -39.731231819634779 ], [ 175.592933575078945, -39.731298953992891 ], [ 175.596079021506853, -39.732729272043045 ], [ 175.596262126735269, -39.732845790368742 ], [ 175.598681331369818, -39.734956529999529 ], [ 175.598808850522943, -39.735111030196357 ], [ 175.600264984272627, -39.7376956310314 ], [ 175.600324430750277, -39.737872992704759 ], [ 175.600674857818944, -39.740678493985811 ], [ 175.600660404313373, -39.74086135732523 ], [ 175.599870682271046, -39.743613144961913 ], [ 175.599783734342424, -39.743783609433706 ], [ 175.597931039126621, -39.746212294102563 ], [ 175.597780101150533, -39.746353670905464 ], [ 175.596508144173811, -39.74737063793463 ], [ 175.596290679434247, -39.747519183049093 ], [ 175.595716931548907, -39.747945192471761 ], [ 175.594878201920039, -39.748511002215793 ], [ 175.594764872144964, -39.748580377363602 ], [ 175.593860067123956, -39.749081877068782 ], [ 175.592010413568545, -39.750007073082699 ], [ 175.591375480463569, -39.750302976685241 ], [ 175.591291439389238, -39.750339381518693 ], [ 175.590633433113425, -39.750603552145762 ], [ 175.590339146789546, -39.750712671737396 ], [ 175.589831820525205, -39.750889416606213 ], [ 175.589765195808695, -39.750911166576365 ], [ 175.588027711324486, -39.751357937832054 ], [ 175.587866952782235, -39.751388700738147 ], [ 175.586060300026077, -39.751620138976193 ], [ 175.585988227918421, -39.751624930167267 ], [ 175.585432687975981, -39.751651576442256 ], [ 175.584968540036158, -39.751665270971152 ], [ 175.584728451361173, -39.751681289832383 ], [ 175.584691738444064, -39.751683393237251 ], [ 175.584409076990426, -39.751696927865254 ], [ 175.583394669680359, -39.751735964537602 ], [ 175.583123183631216, -39.75174988609534 ], [ 175.583047531720496, -39.751753574907703 ], [ 175.583037695057897, -39.751754029791819 ], [ 175.582962013698307, -39.751757339196978 ], [ 175.582459503204234, -39.751778048319167 ], [ 175.58204397920403, -39.752300231829267 ], [ 175.582036447399815, -39.752814451429259 ], [ 175.582030982169101, -39.753006468303511 ], [ 175.582029927041418, -39.753031421814391 ], [ 175.582019159522588, -39.75322330510695 ], [ 175.581903735004687, -39.754873146673845 ], [ 175.581903028000454, -39.754883150131313 ], [ 175.581835109583494, -39.755819749119851 ], [ 175.581817139897367, -39.756025354043402 ], [ 175.581814408077435, -39.756052058564642 ], [ 175.581527435299279, -39.757448202557441 ], [ 175.581479989844524, -39.757600559874447 ], [ 175.580913556736022, -39.758944862714827 ], [ 175.58090026612831, -39.758969608523799 ], [ 175.580795209276914, -39.759159058287736 ], [ 175.580078573601952, -39.760411542218797 ], [ 175.580004615921524, -39.76053814725384 ], [ 175.579994837600509, -39.76055454773141 ], [ 175.579918359569405, -39.760680257733938 ], [ 175.579112402289724, -39.761978896060981 ], [ 175.578879412639793, -39.762382884180305 ], [ 175.57850262637433, -39.763109053922896 ], [ 175.578333256398082, -39.763628839687883 ], [ 175.578274574893726, -39.763770251221231 ], [ 175.577733451009294, -39.764835856278715 ], [ 175.577470822328536, -39.765269663868771 ], [ 175.577427541830815, -39.765340352112297 ], [ 175.577421863794598, -39.765349522567938 ], [ 175.577377789888601, -39.765419918256946 ], [ 175.577055655534252, -39.765928783550827 ], [ 175.57704184580453, -39.765950524019921 ], [ 175.577040045621033, -39.765953348413362 ], [ 175.577026160220242, -39.765975060150993 ], [ 175.576674660418121, -39.766522817299006 ], [ 175.576407989301714, -39.766941356607141 ], [ 175.576395753757851, -39.766960502780663 ], [ 175.576394159317204, -39.766962990325325 ], [ 175.576381865005033, -39.766982114069812 ], [ 175.57605604586962, -39.767487415018181 ], [ 175.576022343125317, -39.767539263677662 ], [ 175.576017933690053, -39.767545993047051 ], [ 175.575983798968394, -39.767597673147229 ], [ 175.575763764234694, -39.767928170203248 ], [ 175.575649735397661, -39.768108574638063 ], [ 175.575474793359405, -39.768374113121624 ], [ 175.575451317521157, -39.768408333534651 ], [ 175.575033217537822, -39.768916803388358 ], [ 175.574896408864134, -39.769498275325617 ], [ 175.574720432618534, -39.770012583690537 ], [ 175.574717350542528, -39.770021572746607 ], [ 175.573963455996903, -39.772208631416916 ], [ 175.573941233702186, -39.772272160988813 ], [ 175.57393830574992, -39.772280411580937 ], [ 175.573915482624443, -39.772343814195274 ], [ 175.573839367687327, -39.772552304633436 ], [ 175.573205802694787, -39.77387867145147 ], [ 175.573167094316716, -39.773943510487051 ], [ 175.573155036470951, -39.773963934317855 ], [ 175.573155333555093, -39.773989493378238 ], [ 175.573138829286222, -39.774172251345249 ], [ 175.572317994838613, -39.776918642236048 ], [ 175.572229102867567, -39.777088519130039 ], [ 175.570348440344929, -39.779504743570349 ], [ 175.570195855449015, -39.77964510805829 ], [ 175.567439393146827, -39.781494600005239 ], [ 175.567238049981171, -39.781591708687586 ], [ 175.563875632667532, -39.782693373515748 ], [ 175.563645244400703, -39.782737717580943 ], [ 175.56000611025101, -39.782983679323159 ], [ 175.559769237261605, -39.782970916535575 ], [ 175.556209751010499, -39.782337091809481 ], [ 175.555989589321342, -39.78226847214269 ], [ 175.552858304932869, -39.780816930252861 ], [ 175.552676412089198, -39.780699173280084 ], [ 175.550279905459888, -39.778572050452993 ], [ 175.550154087810313, -39.778416686593495 ], [ 175.548726922556824, -39.775822253888805 ], [ 175.548669491706704, -39.775644494374681 ], [ 175.548367190198661, -39.774250285103648 ], [ 175.548241591393435, -39.773142071117626 ], [ 175.54821047207713, -39.772930294952864 ], [ 175.548169726755816, -39.772598186388784 ], [ 175.548165467482931, -39.77255495140853 ], [ 175.548140685447578, -39.772221906433515 ], [ 175.548123373780413, -39.771878132065268 ], [ 175.548182120673289, -39.77056063327661 ], [ 175.548205913166157, -39.770390705403535 ], [ 175.548544970903862, -39.769001541500806 ], [ 175.548549183606355, -39.768989548408697 ], [ 175.549165654290164, -39.767658414433335 ], [ 175.549256323720073, -39.767502476004672 ], [ 175.550067803667133, -39.766342433836819 ], [ 175.550283700999017, -39.766081481280956 ], [ 175.550336073960324, -39.766018752657942 ], [ 175.550342926086927, -39.766010619836592 ], [ 175.550347531399467, -39.766005202993881 ], [ 175.550308706431224, -39.765483872048542 ], [ 175.55031731798374, -39.764345156375335 ], [ 175.550330532195517, -39.764197769162273 ], [ 175.550525212983786, -39.763068989019651 ], [ 175.550652256501962, -39.762574056497982 ], [ 175.551037281212189, -39.761456190172353 ], [ 175.551099190856036, -39.761313941262479 ], [ 175.551816808412298, -39.760013365131513 ], [ 175.551836882648473, -39.75998368702416 ], [ 175.552809248004394, -39.758785755641441 ], [ 175.552925075954391, -39.758665231853897 ], [ 175.553893323639471, -39.757782360425473 ], [ 175.554255360218519, -39.757492263711569 ], [ 175.554901831670236, -39.757028820489332 ], [ 175.555059108176266, -39.756676293821592 ], [ 175.55588850650625, -39.755078846216612 ], [ 175.555973010730526, -39.754920461592775 ], [ 175.55598423520189, -39.754899978977988 ], [ 175.556071941997715, -39.754744046848209 ], [ 175.556471427107681, -39.754051756132647 ], [ 175.556538768920859, -39.753937212480331 ], [ 175.556547657596468, -39.753922369702153 ], [ 175.556617064636299, -39.753808562919779 ], [ 175.557141651697549, -39.752963740320197 ], [ 175.557181975435725, -39.752390298141805 ], [ 175.557226423361044, -39.749428144024122 ], [ 175.557315614682466, -39.748415997799299 ], [ 175.557336755222025, -39.748285339097293 ], [ 175.557705575363713, -39.746900708346786 ], [ 175.557724272672658, -39.746850765274012 ], [ 175.558369127979034, -39.745527715502838 ], [ 175.558441534214154, -39.74540849368438 ], [ 175.559065495722649, -39.744515648774865 ], [ 175.559436122413928, -39.744050099651361 ], [ 175.559084128207331, -39.74256150815372 ], [ 175.5590403734098, -39.742386052102511 ], [ 175.558709216011408, -39.741687755830803 ], [ 175.558663496701456, -39.741507986488344 ], [ 175.558529212274436, -39.738691409126119 ], [ 175.558557687827857, -39.738509531405029 ], [ 175.559091465920062, -39.737062065859774 ], [ 175.559113491698241, -39.736841887709005 ], [ 175.559125420982127, -39.736731484086746 ], [ 175.55912708603509, -39.736717139520344 ], [ 175.559140772947444, -39.736606857505308 ], [ 175.559296705524446, -39.735426873213378 ], [ 175.559612601535207, -39.734072261554275 ], [ 175.559670800608558, -39.733899604729196 ], [ 175.560250269998335, -39.732597956379941 ], [ 175.560606106951639, -39.731961537299981 ], [ 175.560611992012213, -39.731951030032143 ], [ 175.560612758192718, -39.731949664464942 ], [ 175.560618660524199, -39.731939163006835 ], [ 175.561551572557562, -39.730282159653278 ], [ 175.56158027093943, -39.730231609356629 ], [ 175.561584027763502, -39.730225046703353 ], [ 175.561613126674672, -39.730174633103744 ], [ 175.562196478715379, -39.729172233516394 ], [ 175.56238265248038, -39.728867675093881 ], [ 175.562407804791349, -39.728828445562925 ], [ 175.562608589606867, -39.728529472713397 ], [ 175.563281549820971, -39.727571646474765 ], [ 175.563379801239535, -39.72742804247639 ], [ 175.563395024688703, -39.7274058667128 ], [ 175.563397008933322, -39.727402985997905 ], [ 175.563412312324658, -39.727380843070719 ], [ 175.564320354745519, -39.72607133510482 ], [ 175.564619567707382, -39.725119570035474 ], [ 175.564710913462818, -39.724950490938284 ], [ 175.565449518657033, -39.724025019306069 ], [ 175.565694022101525, -39.72339366168746 ], [ 175.565737885671552, -39.72328299066271 ], [ 175.565743707371212, -39.723268632307018 ], [ 175.565789408408307, -39.723158405551274 ], [ 175.566210113465701, -39.722165690677059 ], [ 175.566279876339735, -39.722006133041447 ], [ 175.566289195755019, -39.721985457815336 ], [ 175.566362808492954, -39.721826935046565 ], [ 175.56686244871247, -39.720781804432498 ], [ 175.567407462975666, -39.719632345381882 ], [ 175.567493242866846, -39.718485681352021 ], [ 175.567543805269707, -39.718306688365402 ], [ 175.5683196855924, -39.716770322262903 ], [ 175.568340931593212, -39.716646105146602 ], [ 175.568422713657213, -39.716239660647638 ], [ 175.568434901235491, -39.716187037789226 ], [ 175.568897548183031, -39.714819328474505 ], [ 175.568952830545015, -39.714696315006336 ], [ 175.569686793824815, -39.713401333485407 ], [ 175.569719438776559, -39.713354194312949 ], [ 175.56998127365037, -39.712996013646176 ], [ 175.570312932657771, -39.71256556941961 ], [ 175.570562663467058, -39.712255897319686 ], [ 175.57059617023566, -39.71221616401386 ], [ 175.570861928132985, -39.711914554447723 ], [ 175.571271934605591, -39.711468906439038 ], [ 175.571496152024622, -39.711233383776559 ], [ 175.571525935638903, -39.711203139078769 ], [ 175.571759927656956, -39.710973358677975 ], [ 175.572064115770843, -39.710684416704559 ], [ 175.57236103865003, -39.710413458743112 ], [ 175.572400521852614, -39.710378835082594 ], [ 175.572711032848986, -39.710117121306169 ], [ 175.57305786132909, -39.709836115764382 ], [ 175.573221999237234, -39.709705786734922 ], [ 175.573243556301776, -39.709689011969132 ], [ 175.574630818231441, -39.708766923136857 ], [ 175.574797765261849, -39.708672497242262 ], [ 175.576354669072316, -39.707929353312743 ], [ 175.576381881380172, -39.707918543876829 ], [ 175.576592292965813, -39.707837025774936 ], [ 175.577392133991935, -39.707534908264527 ], [ 175.578149069891111, -39.707230796620571 ], [ 175.578222972560951, -39.707201362623877 ], [ 175.578232597440092, -39.707197562700415 ], [ 175.578306769834484, -39.707168536336191 ], [ 175.578323186811815, -39.707162168464635 ], [ 175.57862354796822, -39.706835591740351 ], [ 175.578663074568169, -39.706792879286624 ], [ 175.578668233926948, -39.706787338279035 ], [ 175.578708082076872, -39.706744804462225 ], [ 175.579184758277961, -39.706239105557152 ], [ 175.579820439305678, -39.705545461506631 ], [ 175.580144509871133, -39.705131856069087 ], [ 175.580185417339294, -39.705080041002375 ], [ 175.580190764619545, -39.705073318955563 ], [ 175.580232123001366, -39.705021717917248 ], [ 175.580633881044434, -39.704524209377389 ], [ 175.580806940918535, -39.703970073655739 ], [ 175.580817083000881, -39.703937858679502 ], [ 175.580818411443204, -39.703933672620572 ], [ 175.580828706934881, -39.703901486690079 ], [ 175.580878946147863, -39.703745659523591 ], [ 175.580580344990807, -39.703656124072459 ], [ 175.57998309860892, -39.703461406533663 ], [ 175.579963637094835, -39.703455045462903 ], [ 175.579961108073064, -39.703454216754565 ], [ 175.579941661559616, -39.703447828466459 ], [ 175.578258215315458, -39.702893398579043 ], [ 175.57640629145655, -39.702287336616827 ], [ 175.576340875823604, -39.702265745913017 ], [ 175.576332382956338, -39.70226291911144 ], [ 175.576267139093119, -39.702241020560528 ], [ 175.57454102833583, -39.70165680718415 ], [ 175.574275280550552, -39.701579346333524 ], [ 175.574224218337548, -39.701563639856211 ], [ 175.573834268913288, -39.701437318704464 ], [ 175.573536491528557, -39.701335913020586 ], [ 175.573336776103815, -39.701269132260428 ], [ 175.572705065454215, -39.701159079187242 ], [ 175.572621321380268, -39.701144238861843 ], [ 175.572610444000588, -39.70114227866371 ], [ 175.572526843772209, -39.701126962094982 ], [ 175.571890079232702, -39.70100838146643 ], [ 175.571638254222506, -39.700964725426338 ], [ 175.571534741129909, -39.700946397572885 ], [ 175.5715212987553, -39.70094396766752 ], [ 175.571418006085736, -39.700924912361522 ], [ 175.569973719938559, -39.700653086264197 ], [ 175.569828354029482, -39.700626531447256 ], [ 175.568857253136059, -39.700459700238923 ], [ 175.568725004278065, -39.700436355359038 ], [ 175.568707835365387, -39.700433243376402 ], [ 175.568575947107632, -39.700408711600446 ], [ 175.567848322518046, -39.700269903821045 ], [ 175.567584053581726, -39.700226288643975 ], [ 175.567438769002962, -39.70020156093463 ], [ 175.567419909326873, -39.700198253394895 ], [ 175.565672627366297, -39.699778073265698 ], [ 175.565470165937143, -39.699715543351203 ], [ 175.563829519188062, -39.699089367039385 ], [ 175.56381290639311, -39.69908171896973 ], [ 175.563685601566448, -39.699022257935425 ], [ 175.563003853196847, -39.698699220512857 ], [ 175.562919001906607, -39.698658627331696 ], [ 175.562908000680494, -39.698653313848098 ], [ 175.562823602338796, -39.69861216112789 ], [ 175.562091151537089, -39.698251617686019 ], [ 175.561350201095905, -39.698140275216318 ], [ 175.561127356603976, -39.698077590936165 ], [ 175.557936548467751, -39.696710745314043 ], [ 175.557828596118355, -39.696645566233691 ], [ 175.556867657146853, -39.696460917708549 ], [ 175.556649306294275, -39.696389426843403 ], [ 175.553554215111518, -39.694897110468922 ], [ 175.553375158564819, -39.694776989279092 ], [ 175.553318153073207, -39.694724560613352 ], [ 175.551160452998005, -39.693708310375207 ], [ 175.550036054749512, -39.693106079280042 ], [ 175.549896322524347, -39.693021444571258 ], [ 175.548870994793475, -39.692321604200572 ], [ 175.548413493904036, -39.691970317768551 ], [ 175.548172567003775, -39.691779770553779 ], [ 175.548141727435393, -39.691754647100005 ], [ 175.547908199434914, -39.691558679657433 ], [ 175.547131710701876, -39.690887419019099 ], [ 175.546550235327516, -39.69117341082584 ], [ 175.544965743465269, -39.691968431621298 ], [ 175.544711579335655, -39.692092386516592 ], [ 175.544678274619713, -39.692108168971281 ], [ 175.544592210678701, -39.692147782720262 ], [ 175.544234525478259, -39.692349327564294 ], [ 175.543752787726476, -39.69262350202203 ], [ 175.542819486571034, -39.69316243990032 ], [ 175.541248957090403, -39.694338233142496 ], [ 175.540798411266849, -39.694678133580467 ], [ 175.540679704820917, -39.695377923796812 ], [ 175.540901707246149, -39.696387983534542 ], [ 175.540922939354687, -39.696570449811205 ], [ 175.540677096096061, -39.699382535626533 ], [ 175.54062429615729, -39.69956113959995 ], [ 175.539265485394253, -39.702176893214862 ], [ 175.539143813528341, -39.702334150184406 ], [ 175.536804944876621, -39.704497484075176 ], [ 175.536626306949614, -39.704617997415802 ], [ 175.53475877502251, -39.705524038005215 ], [ 175.534583449967641, -39.705774963740438 ], [ 175.534257589724916, -39.706211642479332 ], [ 175.534213205509985, -39.706267451223631 ], [ 175.533856231554466, -39.706689368452345 ], [ 175.533514013879454, -39.707070135683352 ], [ 175.533378933069514, -39.707217264978389 ], [ 175.533361126389252, -39.707236254079234 ], [ 175.533222258268182, -39.707381264792581 ], [ 175.533061441083447, -39.707545724924145 ], [ 175.532627713648424, -39.708073350682533 ], [ 175.532508138758175, -39.708215825609436 ], [ 175.532492369389189, -39.708234232552513 ], [ 175.532369338598812, -39.708374941361456 ], [ 175.531875147945726, -39.708928807552994 ], [ 175.531660138783423, -39.709178928751562 ], [ 175.531585048028404, -39.709265197343605 ], [ 175.531575202766192, -39.709276368382518 ], [ 175.531498827948326, -39.709361961926703 ], [ 175.530610326722439, -39.710345495522105 ], [ 175.530226547244808, -39.710776578619907 ], [ 175.530206889214185, -39.710798589421678 ], [ 175.530204328176836, -39.710801447889665 ], [ 175.530184585633009, -39.710823413518568 ], [ 175.530117310598712, -39.710898027208501 ], [ 175.52985678012567, -39.711824212584439 ], [ 175.529452036457712, -39.713290475503435 ], [ 175.529443393166929, -39.713321518394245 ], [ 175.529442260333212, -39.713325552427953 ], [ 175.529433475413043, -39.713356571594147 ], [ 175.529172967384, -39.714268696462241 ], [ 175.5291637382754, -39.714300732602759 ], [ 175.529162528671549, -39.714304895599575 ], [ 175.529153148489968, -39.714336905563862 ], [ 175.528831165030681, -39.715426435580646 ], [ 175.528823690147135, -39.71545156290199 ], [ 175.528822712361261, -39.715454828373147 ], [ 175.528815144385277, -39.715479939069752 ], [ 175.528569680156124, -39.716289137471868 ], [ 175.528553755223811, -39.716340945038759 ], [ 175.528551659225428, -39.716347675238069 ], [ 175.528535338028149, -39.716399409199255 ], [ 175.528384792924669, -39.716870535782078 ], [ 175.528221255077312, -39.717291391865153 ], [ 175.528718788353387, -39.718687114973356 ], [ 175.528739404053084, -39.718745717865517 ], [ 175.528742050815595, -39.718753343130764 ], [ 175.528762154538981, -39.718812052011394 ], [ 175.52893908093634, -39.719335862583414 ], [ 175.528987436807057, -39.719484167508568 ], [ 175.528993510723183, -39.719503486964086 ], [ 175.5290385997084, -39.71965240443285 ], [ 175.529156375415027, -39.720056839376362 ], [ 175.529348338730017, -39.720902477674578 ], [ 175.529366461789522, -39.721013078278816 ], [ 175.529453069114226, -39.722425088703005 ], [ 175.529450149197515, -39.7224973121819 ], [ 175.529249643654964, -39.723902400240149 ], [ 175.52922262020931, -39.724011912317685 ], [ 175.528962701269563, -39.724846654803095 ], [ 175.528735468286271, -39.725448606650801 ], [ 175.528727842210571, -39.725468721196705 ], [ 175.528726846882648, -39.725471335192928 ], [ 175.5287191602213, -39.725491435973694 ], [ 175.528501033182749, -39.72605940400998 ], [ 175.528466920088505, -39.726146608156974 ], [ 175.528462411263575, -39.726157927091457 ], [ 175.528427157819038, -39.72624486039777 ], [ 175.528398771275874, -39.726313638689739 ], [ 175.528264316152189, -39.726908184191423 ], [ 175.528229981626765, -39.727358902108364 ], [ 175.528209551927546, -39.727493441574516 ], [ 175.527974619491715, -39.728521318433266 ], [ 175.527890387700012, -39.728795812189837 ], [ 175.527793844832559, -39.729134375477742 ], [ 175.527774212981143, -39.729201982297276 ], [ 175.527771617103383, -39.729210763475244 ], [ 175.527751312372544, -39.729278251701039 ], [ 175.527222950443701, -39.73100421479441 ], [ 175.527033035890099, -39.731656350812607 ], [ 175.527025446746137, -39.731682232273187 ], [ 175.527024453740864, -39.731685595733907 ], [ 175.527016765880404, -39.731711459822876 ], [ 175.526794394785981, -39.732454546902154 ], [ 175.526771777177402, -39.732528695447272 ], [ 175.526768784151869, -39.732538324986862 ], [ 175.526745355212995, -39.732612323204492 ], [ 175.526715954889596, -39.732703508164384 ], [ 175.52672443816536, -39.732792230830967 ], [ 175.526734623581007, -39.733675920386951 ], [ 175.526878947724867, -39.73424990601616 ], [ 175.526885789527341, -39.734296366740409 ], [ 175.526949255813975, -39.735709106567924 ], [ 175.526941481363366, -39.735845844544578 ], [ 175.526717915037068, -39.737248855939008 ], [ 175.526705825914917, -39.737294675023314 ], [ 175.526200714645228, -39.738653409221122 ], [ 175.526138587478812, -39.738781599372736 ], [ 175.525364352008864, -39.740062595583332 ], [ 175.525334513155485, -39.740103287539753 ], [ 175.524310207964135, -39.74127499813126 ], [ 175.524199804362581, -39.741382090466317 ], [ 175.523287963497808, -39.742167428949003 ], [ 175.522428834531752, -39.742825411964439 ], [ 175.521693694831981, -39.743331707961815 ], [ 175.521487581573979, -39.744473841073194 ], [ 175.521477143069376, -39.744510397210895 ], [ 175.520943863132914, -39.745862709878701 ], [ 175.52087469383801, -39.745998738563024 ], [ 175.520257708593221, -39.747019384093726 ], [ 175.519990012569963, -39.747398392599301 ], [ 175.519040113881573, -39.748531920290041 ], [ 175.518903054145284, -39.748671328271641 ], [ 175.51774434016869, -39.749682536734767 ], [ 175.517255170614959, -39.750049845493166 ], [ 175.517161124227641, -39.750119676902749 ], [ 175.51714883281474, -39.750128701934095 ], [ 175.517053780542341, -39.750197717160141 ], [ 175.516277981501304, -39.750754721115655 ], [ 175.515693458779026, -39.751182080283975 ], [ 175.515684001778169, -39.751188986744388 ], [ 175.51568277172143, -39.751189884053211 ], [ 175.515673304772548, -39.751196782343861 ], [ 175.515231130584027, -39.751518619562532 ], [ 175.514574845569314, -39.752001645303494 ], [ 175.513154356687437, -39.752893846123257 ], [ 175.512959073973661, -39.752997967927499 ], [ 175.509667001702127, -39.754217302249316 ], [ 175.509439585134999, -39.754269741854579 ], [ 175.505820414946555, -39.754644059454868 ], [ 175.505583133587095, -39.754639681895583 ], [ 175.501991273281817, -39.754132330224266 ], [ 175.50176736321356, -39.754071564351321 ], [ 175.498554540979654, -39.75273222824331 ], [ 175.498365927231987, -39.75262102461334 ], [ 175.495846711635608, -39.750580854486344 ], [ 175.495711859276298, -39.750430101973699 ], [ 175.494132838396723, -39.747888857996159 ], [ 175.494064944187727, -39.747713316580757 ], [ 175.493580591816823, -39.744919794077418 ], [ 175.493586293772665, -39.744736648784396 ], [ 175.49424388353674, -39.741964308891404 ], [ 175.494322614185762, -39.74179148691109 ], [ 175.49585186479672, -39.739605807215703 ], [ 175.495768917680351, -39.73915018130311 ], [ 175.495773057503925, -39.738967010718461 ], [ 175.496406941988567, -39.736191385076417 ], [ 175.496484191016407, -39.736018166507186 ], [ 175.498197899501235, -39.733529596872501 ], [ 175.498340688839392, -39.733383283826356 ], [ 175.500245673246525, -39.73196277420297 ], [ 175.500993351126056, -39.731187617863213 ], [ 175.501095410018252, -39.731097528599683 ], [ 175.501927530175436, -39.730470015929036 ], [ 175.501990743191584, -39.730083539010103 ], [ 175.502096786361335, -39.729683408382876 ], [ 175.502138857424342, -39.729531354342669 ], [ 175.502144547165017, -39.729511625231076 ], [ 175.502190010566551, -39.729360154475863 ], [ 175.502346582209469, -39.728858232768729 ], [ 175.502357453981432, -39.728823680514779 ], [ 175.502358878786339, -39.728819190892736 ], [ 175.502369927089404, -39.72878467203833 ], [ 175.502605997615291, -39.728053294652412 ], [ 175.502796681240341, -39.727416835051883 ], [ 175.50299369426105, -39.726741131140784 ], [ 175.503007876349017, -39.726693102901088 ], [ 175.503009742113278, -39.726686863168766 ], [ 175.503024264090243, -39.726638895526371 ], [ 175.503470609643102, -39.725182509817834 ], [ 175.503498988552337, -39.724644660123417 ], [ 175.503508636143437, -39.724552174283147 ], [ 175.503798321672804, -39.72315640287168 ], [ 175.503826035812352, -39.723067975392986 ], [ 175.503885041792444, -39.722928610397268 ], [ 175.503925832434419, -39.722647551902071 ], [ 175.50396967240394, -39.72247166176129 ], [ 175.50413509151204, -39.72200773234016 ], [ 175.503799799514582, -39.721027243835763 ], [ 175.503604743074192, -39.720498577357098 ], [ 175.503585673407599, -39.720446294299229 ], [ 175.503583220910144, -39.720439491791886 ], [ 175.503564559846382, -39.720387120890827 ], [ 175.503319738857897, -39.719691853870017 ], [ 175.503139436056188, -39.719188610062311 ], [ 175.503061139542865, -39.718958269813314 ], [ 175.503051475289681, -39.718928226919935 ], [ 175.502981079320335, -39.718696328059174 ], [ 175.502750904924454, -39.717533787130812 ], [ 175.502733857658228, -39.717381800623137 ], [ 175.50271945822027, -39.715968297887756 ], [ 175.502722288579122, -39.715937419113708 ], [ 175.502748131112554, -39.715700073118242 ], [ 175.502994393829454, -39.71453949839227 ], [ 175.503038994082715, -39.71439088215822 ], [ 175.503590855173798, -39.713043120654639 ], [ 175.503605901532467, -39.713014428515336 ], [ 175.503725419954634, -39.712794901312279 ], [ 175.503981531480207, -39.712341352959157 ], [ 175.504035789802259, -39.712246752306051 ], [ 175.504043009753985, -39.712234356852662 ], [ 175.504097730964247, -39.712141809893012 ], [ 175.50452748544825, -39.711425709700315 ], [ 175.504618034494143, -39.711127544384787 ], [ 175.504922373597395, -39.71009892956728 ], [ 175.505163980229241, -39.709254015036755 ], [ 175.505565109915182, -39.707802677570058 ], [ 175.505569864607509, -39.707785555626856 ], [ 175.505570485517666, -39.707783330240559 ], [ 175.505575283288778, -39.70776621547148 ], [ 175.506051308704656, -39.706076020679468 ], [ 175.506236839343586, -39.705409186557404 ], [ 175.506241742211699, -39.705391649515747 ], [ 175.506242382522856, -39.705389370192925 ], [ 175.506247330595841, -39.705371840729825 ], [ 175.506351989537848, -39.705002830712516 ], [ 175.506360056405015, -39.704974604811134 ], [ 175.506361112716036, -39.704970936752879 ], [ 175.506897406044089, -39.703619405965853 ], [ 175.506982720372179, -39.703452453500766 ], [ 175.507786098064059, -39.702182358231845 ], [ 175.507788569975219, -39.702179121795737 ], [ 175.507807636378061, -39.702154249693812 ], [ 175.508041965080139, -39.701849681998972 ], [ 175.508263905000462, -39.701572739098879 ], [ 175.508293590080342, -39.701537151091557 ], [ 175.508528343666313, -39.701266586159569 ], [ 175.509779281862507, -39.699879663842758 ], [ 175.510166353527808, -39.699445022373446 ], [ 175.510189060941656, -39.699419617416616 ], [ 175.510192020221382, -39.699416318689039 ], [ 175.510214840188269, -39.699390973990688 ], [ 175.511045807413893, -39.698471420403351 ], [ 175.511240995587372, -39.698244433084575 ], [ 175.51129717075429, -39.698179714818011 ], [ 175.511304520483776, -39.698171325996263 ], [ 175.511361418077513, -39.698106985466296 ], [ 175.511783779488923, -39.697633776023928 ], [ 175.512362474445524, -39.696930044924152 ], [ 175.512624273890424, -39.696625507708696 ], [ 175.512659333284262, -39.696586467478994 ], [ 175.512936909093639, -39.696290385736773 ], [ 175.513082779380113, -39.696141255013934 ], [ 175.513306408410045, -39.695808476128342 ], [ 175.513345681596235, -39.695750549029931 ], [ 175.513350822417948, -39.695743032919836 ], [ 175.513390638796039, -39.695685327554962 ], [ 175.513629450010768, -39.695342224966282 ], [ 175.515184146854978, -39.693033161917811 ], [ 175.515495290002832, -39.692126328721479 ], [ 175.515911335780288, -39.690608356191369 ], [ 175.515911788106678, -39.690607443702469 ], [ 175.515916461852555, -39.690581077913279 ], [ 175.516970742788885, -39.68788286403904 ], [ 175.517073935556539, -39.687717921096954 ], [ 175.517264939426269, -39.687505572795381 ], [ 175.51735314637537, -39.687362308913777 ], [ 175.517727507031736, -39.686790918302364 ], [ 175.518081022559784, -39.686291192424626 ], [ 175.518129589721724, -39.686227414662234 ], [ 175.51852326111117, -39.685745944055633 ], [ 175.519085942679681, -39.685103657560575 ], [ 175.519193700408096, -39.684982786203726 ], [ 175.51920787362144, -39.684967162129958 ], [ 175.51931816532678, -39.684847663118376 ], [ 175.51991504238066, -39.684211967967592 ], [ 175.519938784870988, -39.684186772873169 ], [ 175.519941878717276, -39.684183501645336 ], [ 175.519965733862307, -39.684158370157689 ], [ 175.521337416227709, -39.682718487151227 ], [ 175.521931085222263, -39.682145697540008 ], [ 175.522012055325604, -39.682073784942141 ], [ 175.522664080129715, -39.681540226562085 ], [ 175.523915844742191, -39.680596050776792 ], [ 175.523931906752154, -39.680583958619955 ], [ 175.523933996766516, -39.68058238819345 ], [ 175.523950088823426, -39.680570319942333 ], [ 175.526011805188745, -39.679027052591536 ], [ 175.526076705531864, -39.678978844589231 ], [ 175.526085173757849, -39.678972602810013 ], [ 175.526150553814858, -39.678924783439363 ], [ 175.526521049480095, -39.678655886726347 ], [ 175.527512278690836, -39.678012640225191 ], [ 175.527646738497481, -39.677934794381898 ], [ 175.528188250793733, -39.677656154192739 ], [ 175.528920378427244, -39.677233429438374 ], [ 175.52895288924617, -39.677214725682056 ], [ 175.52895712110859, -39.67721229987756 ], [ 175.528989715865464, -39.677193683564411 ], [ 175.52953003980366, -39.676886198619876 ], [ 175.529552482897515, -39.676873458616249 ], [ 175.529555403055525, -39.67687180511016 ], [ 175.529577885469678, -39.676859106558325 ], [ 175.53047057973501, -39.676356149204437 ], [ 175.530977929567541, -39.676085869925153 ], [ 175.531045040024452, -39.676052104540574 ], [ 175.53118899541343, -39.675983792819103 ], [ 175.5311710737694, -39.675764297770058 ], [ 175.531193342827095, -39.675581905601724 ], [ 175.532099741080913, -39.672851829063013 ], [ 175.532193851620008, -39.672683680471451 ], [ 175.534147479698589, -39.670303638523606 ], [ 175.534304213309241, -39.670166190355516 ], [ 175.535617509193401, -39.669182216458303 ], [ 175.536170550390125, -39.668828471867641 ], [ 175.537586640424223, -39.668052352823644 ], [ 175.537779403903897, -39.66796258031831 ], [ 175.53932890845914, -39.667357582147588 ], [ 175.539759600088729, -39.667219480105672 ], [ 175.539997266214812, -39.667145626164597 ], [ 175.540028295539287, -39.667136288627361 ], [ 175.540268003648947, -39.667066488145323 ], [ 175.540941364232253, -39.666876912520799 ], [ 175.540958780378475, -39.666870941807005 ], [ 175.54142912087994, -39.666197474523813 ], [ 175.541505189612252, -39.666100181601593 ], [ 175.542137435417999, -39.665373772387838 ], [ 175.542994047490225, -39.66448596599745 ], [ 175.543090930777424, -39.664185274741804 ], [ 175.543166079794247, -39.664011522045946 ], [ 175.544848974914601, -39.661511081653877 ], [ 175.544989907820423, -39.661363778543318 ], [ 175.547590008777036, -39.65938759941632 ], [ 175.547782927562025, -39.659281161497454 ], [ 175.551045724095928, -39.658022631778479 ], [ 175.551271747757454, -39.657967474630318 ], [ 175.554877942429897, -39.657549746311297 ], [ 175.555114953941256, -39.657551267197995 ], [ 175.558711683647459, -39.65801521704703 ], [ 175.558936491970229, -39.658073267321633 ], [ 175.562171816598038, -39.659373500686769 ], [ 175.56236242323277, -39.659482400254774 ], [ 175.564919725294175, -39.661491686980149 ], [ 175.565057474857809, -39.661640779440148 ], [ 175.566686422189662, -39.664162490582747 ], [ 175.566757827570058, -39.664337185033588 ], [ 175.567298879707977, -39.667124519642535 ], [ 175.567296943505767, -39.667307717679307 ], [ 175.567138538861428, -39.668716027087399 ], [ 175.567099639243253, -39.668896289058786 ], [ 175.566996351480583, -39.669313924079319 ], [ 175.566981273994912, -39.6693679415635 ], [ 175.566852600286524, -39.669781344731497 ], [ 175.566637132842487, -39.670408145346535 ], [ 175.56639045958525, -39.671142457763793 ], [ 175.566284744240733, -39.671436571479262 ], [ 175.566270167014693, -39.67147461537089 ], [ 175.565614777114519, -39.672794388661451 ], [ 175.565534619645092, -39.672924285593155 ], [ 175.564620102818026, -39.67414857251056 ], [ 175.564591024440546, -39.674181272810351 ], [ 175.564361828095855, -39.674429884434325 ], [ 175.563399777088136, -39.675436859126499 ], [ 175.563383970130815, -39.675453364483815 ], [ 175.563381912065637, -39.6754555083659 ], [ 175.56336605648147, -39.675471985809885 ], [ 175.563324360333581, -39.675515214266873 ], [ 175.563829656805638, -39.675837343257093 ], [ 175.563986684392489, -39.675974601439826 ], [ 175.565703431598934, -39.67805863706176 ], [ 175.565916636457644, -39.678126926797063 ], [ 175.566434315927097, -39.678304240804479 ], [ 175.566500850527689, -39.678328540392613 ], [ 175.567006780412044, -39.678525066259013 ], [ 175.567281343313226, -39.678638253496899 ], [ 175.567315742159934, -39.67864823930902 ], [ 175.567345518895962, -39.678657161101896 ], [ 175.567573635103315, -39.678727655015763 ], [ 175.56836638702282, -39.678980150403746 ], [ 175.568943022426765, -39.679178077159726 ], [ 175.569017029634807, -39.679205355457796 ], [ 175.569578966818824, -39.679427094905108 ], [ 175.56996842406781, -39.679591186348581 ], [ 175.570507481222251, -39.679812516281501 ], [ 175.571223696907452, -39.68010624399087 ], [ 175.571248836057805, -39.680116584128243 ], [ 175.571252102016217, -39.680117931427056 ], [ 175.571277208379968, -39.680128318963675 ], [ 175.572188391969661, -39.680506414578147 ], [ 175.572480108548774, -39.6806316488913 ], [ 175.572517722498787, -39.680648345297527 ], [ 175.572804682091913, -39.680779978785424 ], [ 175.573597757078659, -39.681155734142962 ], [ 175.573723957063521, -39.681216384815869 ], [ 175.57374029737511, -39.681224349867563 ], [ 175.573865486800798, -39.681286238452522 ], [ 175.574120181407096, -39.681413923428416 ], [ 175.57450180441586, -39.681592763336553 ], [ 175.574754829448665, -39.681714784839912 ], [ 175.57478745481248, -39.681730970070035 ], [ 175.575036358465042, -39.681857952116687 ], [ 175.575054044819495, -39.681867228207217 ], [ 175.575300590132457, -39.681909580978925 ], [ 175.57537670953451, -39.681922863745626 ], [ 175.575386597469247, -39.681924616070297 ], [ 175.57546260014081, -39.681938292144793 ], [ 175.575729779738964, -39.681987097467143 ], [ 175.57576823318422, -39.681994174852576 ], [ 175.575773230097013, -39.681995101456458 ], [ 175.575811652233511, -39.682002279515181 ], [ 175.577186618379727, -39.682261049694425 ], [ 175.5774237879574, -39.682302163223547 ], [ 175.577513601576413, -39.682318020581789 ], [ 175.577525266627163, -39.682320117644103 ], [ 175.577614915328212, -39.682336522783316 ], [ 175.578257973057191, -39.682456271145519 ], [ 175.579088204015193, -39.682600902084452 ], [ 175.579120748966801, -39.68260660929726 ], [ 175.579124978430031, -39.682607355911607 ], [ 175.579157502143573, -39.6826131350739 ], [ 175.579609543074326, -39.682693984001695 ], [ 175.579775221317675, -39.682724602584692 ], [ 175.579796720717638, -39.682728704343205 ], [ 175.579961802478465, -39.68276118973813 ], [ 175.580425228643435, -39.682855173841595 ], [ 175.581196092814935, -39.683033688018149 ], [ 175.581295150207154, -39.683059537450298 ], [ 175.582048246330004, -39.683278706975528 ], [ 175.582389619196533, -39.683388590152113 ], [ 175.582463187177865, -39.683412499128629 ], [ 175.582472737139199, -39.683415632547316 ], [ 175.582546091639983, -39.683439930012128 ], [ 175.583440245295776, -39.683738901819694 ], [ 175.583472622544946, -39.683749777196368 ], [ 175.583713368622739, -39.683819826732766 ], [ 175.583762865475478, -39.683835001094934 ], [ 175.584140956697581, -39.683956895527658 ], [ 175.585620672859022, -39.684457692759388 ], [ 175.58563641662488, -39.684432070953534 ], [ 175.585671040847245, -39.68438554121758 ], [ 175.586704593589758, -39.683219090780845 ], [ 175.586810239872023, -39.683117912898588 ], [ 175.587678973330384, -39.682374576263435 ], [ 175.588207514661548, -39.681969997162469 ], [ 175.588986434275, -39.681425234795981 ], [ 175.589091612731494, -39.681358080641772 ], [ 175.58993082346646, -39.680869701735887 ], [ 175.590147373184493, -39.680755117341398 ], [ 175.590213651327417, -39.680704118981907 ], [ 175.591102367121493, -39.679696246658324 ], [ 175.591189016118278, -39.679599345474628 ], [ 175.591200386559876, -39.679586805751811 ], [ 175.59128866743211, -39.679490788121576 ], [ 175.591905531695232, -39.678829058786839 ], [ 175.591740409781579, -39.678321053366325 ], [ 175.591700874991801, -39.678140413366258 ], [ 175.591662754611718, -39.675322028746976 ], [ 175.591697393062276, -39.675140789598942 ], [ 175.592788145177053, -39.672451236088193 ], [ 175.592893557360867, -39.672287137557007 ], [ 175.595006297038339, -39.669989654445295 ], [ 175.595172159016983, -39.669858756706525 ], [ 175.598100033045938, -39.668178185724344 ], [ 175.598310109111395, -39.668093298402567 ], [ 175.6017665608301, -39.667194094471199 ], [ 175.602000292760493, -39.667163524103067 ], [ 175.605270635270017, -39.667136763281889 ], [ 175.605667806680742, -39.667038090479267 ], [ 175.605859012797509, -39.667001018071453 ], [ 175.607353927385077, -39.666790086516862 ], [ 175.607872008169096, -39.666743688764925 ], [ 175.607895054706205, -39.666741642690688 ], [ 175.607898051095219, -39.666741379005011 ], [ 175.607921102850923, -39.66673936837676 ], [ 175.608513027552817, -39.666688198656601 ], [ 175.609029869790135, -39.666635941153544 ], [ 175.609059879747633, -39.666632937412345 ], [ 175.609843176906338, -39.666555332009622 ], [ 175.609853550519858, -39.666554307805917 ], [ 175.611777840960798, -39.666366084150198 ], [ 175.614033692812825, -39.666143508094464 ], [ 175.615049815418274, -39.666039738157586 ], [ 175.61511161972814, -39.666033556061095 ], [ 175.61511965701132, -39.66603276899086 ], [ 175.615181503212256, -39.666026842314267 ], [ 175.615238367509107, -39.666021512267008 ], [ 175.616042589744666, -39.665779863034651 ], [ 175.616114370642578, -39.665758504696861 ], [ 175.616123713907939, -39.665755751934135 ], [ 175.616195675554422, -39.665734760075949 ], [ 175.61677636056325, -39.665567056480704 ], [ 175.617690783684651, -39.665335724219076 ], [ 175.617811060386572, -39.665309490276421 ], [ 175.619604946204959, -39.665033448578576 ], [ 175.619716967704449, -39.665023184434546 ], [ 175.621544635911278, -39.66496739571776 ], [ 175.621669514809497, -39.664971166919152 ], [ 175.623485980589777, -39.665137004460931 ], [ 175.623596624562737, -39.665153992869683 ], [ 175.62535717831733, -39.665537375340236 ], [ 175.625474440281579, -39.665570782765329 ], [ 175.626362724713459, -39.665856555578358 ], [ 175.626871311265347, -39.666039553280619 ], [ 175.627122692131138, -39.666132846671253 ], [ 175.627155179322472, -39.666145275123355 ], [ 175.627352620201776, -39.666223094925265 ], [ 175.627529581799905, -39.666080039863125 ], [ 175.627546891207828, -39.666066076990575 ], [ 175.627549143947817, -39.666064263685932 ], [ 175.627566492078614, -39.666050329564172 ], [ 175.629017554280267, -39.664887299088626 ], [ 175.629034131222369, -39.664874039468764 ], [ 175.629036288504466, -39.664872317424226 ], [ 175.629052900517536, -39.664859084051059 ], [ 175.630207301663262, -39.663941333703278 ], [ 175.630271501528114, -39.66389069387737 ], [ 175.630279880890669, -39.663884136180442 ], [ 175.630344594296105, -39.663833888361239 ], [ 175.630892016358501, -39.663412160812619 ], [ 175.631097040288353, -39.663258039864971 ], [ 175.631124007337803, -39.663238259837996 ], [ 175.632545390229524, -39.662348578389818 ], [ 175.63271041534415, -39.662260908221796 ], [ 175.634294335391104, -39.661554011079922 ], [ 175.634327889721931, -39.661541638857074 ], [ 175.634587510363019, -39.661448915256379 ], [ 175.635704643869417, -39.661062704733496 ], [ 175.635739930669331, -39.661050559481737 ], [ 175.635744521324426, -39.66104898647766 ], [ 175.635779859988276, -39.661036931666587 ], [ 175.636224372446065, -39.66088597690112 ], [ 175.638926176010443, -39.659946695411826 ], [ 175.640991764451655, -39.659217165004343 ], [ 175.642624936822642, -39.658406466567094 ], [ 175.64280340801767, -39.658319624466252 ], [ 175.642826739476249, -39.658308498131184 ], [ 175.644103822091211, -39.657781149487256 ], [ 175.644249928068717, -39.657729559657334 ], [ 175.644919893882786, -39.657525475198341 ], [ 175.645147241669235, -39.657334113224735 ], [ 175.645332896272805, -39.657220216793149 ], [ 175.645801584945929, -39.657015760838767 ], [ 175.64655107250934, -39.6563126502557 ], [ 175.646593159230122, -39.656278172272515 ], [ 175.648168262096704, -39.655201435265582 ], [ 175.648310429579794, -39.655120670469088 ], [ 175.649603354417565, -39.654482956534835 ], [ 175.649656803325627, -39.654460272035003 ], [ 175.651606536897418, -39.653803851157015 ], [ 175.651774387967123, -39.653760937933775 ], [ 175.653256527834259, -39.653463887276814 ], [ 175.653316068863745, -39.653455132905883 ], [ 175.653996549448038, -39.653371109329214 ], [ 175.654459347130484, -39.653324761995592 ], [ 175.65628583324488, -39.653253669475554 ], [ 175.656522749977995, -39.653258838430226 ], [ 175.660106684541518, -39.653778073137225 ], [ 175.660329944728716, -39.65383957391294 ], [ 175.663531014869733, -39.655189385061163 ], [ 175.663718771326643, -39.655301199901963 ], [ 175.666223708050069, -39.657349505326515 ], [ 175.666357584044391, -39.657500692492448 ], [ 175.667727858680252, -39.659732232751111 ], [ 175.668157007413129, -39.65998961485657 ], [ 175.668882062277788, -39.660418990564786 ], [ 175.669193535173406, -39.660610045428761 ], [ 175.6692334669373, -39.660635409042413 ], [ 175.669536328881492, -39.660834563643604 ], [ 175.671198538334892, -39.661965895401174 ], [ 175.671442010591051, -39.66213637015732 ], [ 175.671473251744743, -39.662158872152574 ], [ 175.67270939099609, -39.663200813508361 ], [ 175.672829357398626, -39.663319406809215 ], [ 175.673347989715495, -39.663924559645864 ], [ 175.673578194784454, -39.66400790467894 ], [ 175.674503642108874, -39.664336436292189 ], [ 175.674530796791032, -39.664346108597698 ], [ 175.674534324807155, -39.664347369493832 ], [ 175.674561447296298, -39.664357095590418 ], [ 175.675512929294086, -39.664699437218502 ], [ 175.675540276044728, -39.664709309683559 ], [ 175.675543828968983, -39.664710596659447 ], [ 175.675571142591792, -39.664720523823242 ], [ 175.676158100519956, -39.664934569694964 ], [ 175.677536639311967, -39.664810883468256 ], [ 175.677547321950158, -39.664809928735764 ], [ 175.679129367960883, -39.664669982411709 ], [ 175.680232634305383, -39.664613173708929 ], [ 175.680376188932883, -39.66461105594427 ], [ 175.68148145669403, -39.664635283654732 ], [ 175.68285894140152, -39.664716123099453 ], [ 175.682933362108798, -39.664720675394868 ], [ 175.682943034250798, -39.664721291127499 ], [ 175.683017415728415, -39.664726211641693 ], [ 175.684169957914719, -39.664805323037008 ], [ 175.684679753762907, -39.664432469202723 ], [ 175.684701152855752, -39.664410717995025 ], [ 175.684707482172712, -39.6644042904312 ], [ 175.685515040365374, -39.663586124123647 ], [ 175.685515100755339, -39.663586062940325 ], [ 175.686348913250754, -39.662741302185296 ], [ 175.686360574502743, -39.6627295077868 ], [ 175.686362092097113, -39.662727975482618 ], [ 175.686373778451014, -39.662716195970773 ], [ 175.686781531438214, -39.66230588973901 ], [ 175.687489906517527, -39.661658556609865 ], [ 175.687586908026844, -39.661577934671541 ], [ 175.688370863791704, -39.660984929775033 ], [ 175.689031126399186, -39.660530469310707 ], [ 175.689142037277122, -39.660455096446377 ], [ 175.689142074367908, -39.660455071560378 ], [ 175.68925808557259, -39.660143632029964 ], [ 175.689303960831694, -39.660031506528007 ], [ 175.68907132919108, -39.659241385717664 ], [ 175.689057182096008, -39.659166188926456 ], [ 175.689042718149665, -39.65909102815673 ], [ 175.688916596566003, -39.657666064093476 ], [ 175.688916623837571, -39.65766415644071 ], [ 175.689083445838719, -39.656241693882784 ], [ 175.689100053980667, -39.656166798421658 ], [ 175.689116346325534, -39.656091861530484 ], [ 175.689515865056109, -39.654856890483998 ], [ 175.689364456251184, -39.65419837350607 ], [ 175.689185983366229, -39.653430263939036 ], [ 175.688982847373552, -39.652564646598456 ], [ 175.688981041817016, -39.652556933690391 ], [ 175.688594285606342, -39.650894242958437 ], [ 175.688247872212628, -39.649415223361139 ], [ 175.688158076748721, -39.648968029863333 ], [ 175.688148299028001, -39.648909704795457 ], [ 175.688087667820753, -39.648459589573513 ], [ 175.687946062620966, -39.647070373107987 ], [ 175.687910137755381, -39.646397461059472 ], [ 175.68790970077734, -39.646309969851671 ], [ 175.687931305673345, -39.645811969011064 ], [ 175.687919812390447, -39.64561087651893 ], [ 175.687813113762303, -39.643852671721071 ], [ 175.687807533767341, -39.643747632946202 ], [ 175.687806879426375, -39.643733272368863 ], [ 175.687800860915644, -39.64354566382783 ], [ 175.687800643941756, -39.643533999961193 ], [ 175.687799552889061, -39.643444271483183 ], [ 175.687788594171082, -39.641527604618496 ], [ 175.687846084783246, -39.6405930905213 ], [ 175.687861686381694, -39.640472230843692 ], [ 175.688044218602897, -39.639547365120663 ], [ 175.688322422129431, -39.638504310474019 ], [ 175.688324870226637, -39.638495155493189 ], [ 175.688464254076337, -39.637977348646842 ], [ 175.688464528325142, -39.63797633014007 ], [ 175.688828136357216, -39.636626928818167 ], [ 175.68883688268545, -39.636594763235671 ], [ 175.688838029569354, -39.636590583327859 ], [ 175.688846927608921, -39.636558442636321 ], [ 175.689001102964767, -39.636006460952828 ], [ 175.688957567825383, -39.634998120738139 ], [ 175.688912783498296, -39.633960850729267 ], [ 175.688888357546887, -39.633515472401406 ], [ 175.688885098076582, -39.633450501482749 ], [ 175.688884713769511, -39.633442054190994 ], [ 175.688882060822834, -39.633377066774855 ], [ 175.688881517641562, -39.633362041552054 ], [ 175.687912224699886, -39.632604068807488 ], [ 175.687831097528885, -39.632529777319284 ], [ 175.687674513417448, -39.632373663328764 ], [ 175.687236332864302, -39.632194749091063 ], [ 175.686132837966881, -39.631681969249243 ], [ 175.685994578646188, -39.631609391443746 ], [ 175.68547392887217, -39.631302264303699 ], [ 175.685461568563682, -39.631391769445322 ], [ 175.685457615964566, -39.631419970884515 ], [ 175.685457094663207, -39.631423636437177 ], [ 175.685453027240754, -39.631451828115793 ], [ 175.685341148107568, -39.632216337909796 ], [ 175.685299192285612, -39.632470601484606 ], [ 175.68529313102826, -39.63250358906614 ], [ 175.685241836702374, -39.6327568267412 ], [ 175.68509529639357, -39.633418555118567 ], [ 175.684857736505535, -39.63425184198428 ], [ 175.684820295102412, -39.634358796668842 ], [ 175.684481832238475, -39.635170966205273 ], [ 175.684241692722651, -39.635665606440931 ], [ 175.684160902154815, -39.635827273553545 ], [ 175.684150138873122, -39.635848210218803 ], [ 175.684065340483983, -39.636008645645354 ], [ 175.683524628561145, -39.63700417858751 ], [ 175.683468646736003, -39.637105507516459 ], [ 175.683461265171786, -39.637118645372148 ], [ 175.68340368446863, -39.637219437298924 ], [ 175.682799267331262, -39.6382601504706 ], [ 175.682374113891228, -39.639175703904009 ], [ 175.682138141357882, -39.63968386553988 ], [ 175.681981591013425, -39.64000196311666 ], [ 175.681960236479881, -39.640043003860775 ], [ 175.681146814005331, -39.641309082190965 ], [ 175.681054188041912, -39.641428666601357 ], [ 175.679994567888031, -39.642580767401661 ], [ 175.67995785266956, -39.642614696864726 ], [ 175.678678122831627, -39.643624445533248 ], [ 175.67854222511022, -39.6437160446823 ], [ 175.677073894362451, -39.644558569798001 ], [ 175.677025412050995, -39.644582065876094 ], [ 175.676226861957701, -39.644904566271194 ], [ 175.675195784470986, -39.645666144494712 ], [ 175.675000932568679, -39.645770425370252 ], [ 175.671715419479881, -39.646992410168295 ], [ 175.671488414285079, -39.647045031021008 ], [ 175.66787518635752, -39.647422206257744 ], [ 175.667638256598195, -39.647418014366139 ], [ 175.664051139061627, -39.646913447440156 ], [ 175.663827486356723, -39.646852853454128 ], [ 175.660617742674077, -39.645515956168538 ], [ 175.660429266849121, -39.645404893790513 ], [ 175.657911164375378, -39.643366577445121 ], [ 175.657776317026105, -39.643215921702804 ], [ 175.65744773869983, -39.64268767876424 ], [ 175.657075048626496, -39.642343855002537 ], [ 175.656953126855882, -39.642186754477912 ], [ 175.655589600513338, -39.639572716900879 ], [ 175.655536444955345, -39.639394176778296 ], [ 175.6552845091216, -39.636582313917053 ], [ 175.655305314561161, -39.636399812359393 ], [ 175.656189489912492, -39.633665374025554 ], [ 175.656282210651426, -39.633496774780681 ], [ 175.65821582459904, -39.631107399304334 ], [ 175.658371378185024, -39.630969203374377 ], [ 175.660708402037301, -39.629454702399734 ], [ 175.660793730926287, -39.629297694509006 ], [ 175.660905658236231, -39.628489255712601 ], [ 175.660912070491918, -39.628444019766739 ], [ 175.660912923286446, -39.628438140759137 ], [ 175.660919630946552, -39.628392930434188 ], [ 175.661027508238675, -39.62768168588358 ], [ 175.661034259298162, -39.627638093402197 ], [ 175.661035154787243, -39.627632428067052 ], [ 175.661042180482866, -39.627588861546108 ], [ 175.66112878462738, -39.627062274874227 ], [ 175.661164173557069, -39.626619768983723 ], [ 175.661174014596071, -39.62650799943637 ], [ 175.66117541070426, -39.626493476107704 ], [ 175.661187048249587, -39.626381809829013 ], [ 175.6612296343325, -39.626002637045616 ], [ 175.661255887647002, -39.625596527189749 ], [ 175.66064489291324, -39.625641761866035 ], [ 175.659616979775564, -39.625721761110093 ], [ 175.659441513750693, -39.625734380255956 ], [ 175.659418688424068, -39.625735887221708 ], [ 175.659242995583355, -39.625746452164108 ], [ 175.658708735059662, -39.625775435317308 ], [ 175.658270480489051, -39.625812763021173 ], [ 175.658174493397581, -39.625820627263344 ], [ 175.658162009811633, -39.625821609616388 ], [ 175.658065941735401, -39.625828858497826 ], [ 175.656892171416473, -39.625913625010945 ], [ 175.656501718919003, -39.625968540397949 ], [ 175.655572811235857, -39.6261031680624 ], [ 175.655560035128673, -39.626105013958551 ], [ 175.655558374063276, -39.626105253208245 ], [ 175.655545595318102, -39.626107088076736 ], [ 175.654587740308529, -39.626244192432708 ], [ 175.654569319434103, -39.626246817213534 ], [ 175.654566924363621, -39.626247156946405 ], [ 175.654548497999485, -39.626249758825068 ], [ 175.653562315035089, -39.626388373938632 ], [ 175.653551457158073, -39.626389895988297 ], [ 175.652568936285121, -39.626526675155546 ], [ 175.651717290110923, -39.626645651482164 ], [ 175.650668331112286, -39.626792193279712 ], [ 175.650230726041372, -39.626859733975628 ], [ 175.65013882808438, -39.626873620705794 ], [ 175.650126872158268, -39.626875388820395 ], [ 175.65003483279142, -39.626888703852899 ], [ 175.649420687488202, -39.626975574363151 ], [ 175.648716970836489, -39.627058018815497 ], [ 175.64862514975465, -39.627066566297025 ], [ 175.64791623473684, -39.627115621533129 ], [ 175.647405010805073, -39.62713884916819 ], [ 175.64692055838583, -39.62714441044497 ], [ 175.646487903654673, -39.627329965799447 ], [ 175.646277065628027, -39.627404311777688 ], [ 175.64455933085614, -39.627888100661195 ], [ 175.644554261162511, -39.627889188736845 ], [ 175.644515244707435, -39.627897506163052 ], [ 175.642884750884122, -39.628242721690043 ], [ 175.642566740022886, -39.628306336661893 ], [ 175.642525256033821, -39.628314154269084 ], [ 175.64220505171167, -39.628370810171212 ], [ 175.641062426926851, -39.62855990716303 ], [ 175.64012774381024, -39.628734683406812 ], [ 175.640127248795807, -39.628734775958499 ], [ 175.639141870116447, -39.628918960172079 ], [ 175.639133384797219, -39.628920543616225 ], [ 175.638074937058605, -39.629117228786384 ], [ 175.636751135324204, -39.629371162131889 ], [ 175.636709192140955, -39.629379143654106 ], [ 175.636703737058951, -39.629380173430974 ], [ 175.636661755903901, -39.629388034629692 ], [ 175.635184345650487, -39.629662435859821 ], [ 175.634999429616926, -39.629695549442637 ], [ 175.634975346767902, -39.629699702483471 ], [ 175.63478975743854, -39.629730481835473 ], [ 175.633806431826741, -39.629887089796981 ], [ 175.633721400011012, -39.629900376855808 ], [ 175.633710337708834, -39.629902072321656 ], [ 175.633625180261106, -39.629914869352795 ], [ 175.633175486657933, -39.62998110337351 ], [ 175.632682341224523, -39.630083664509264 ], [ 175.631740135961564, -39.630296419664688 ], [ 175.631150519152811, -39.630416698756733 ], [ 175.631073392314619, -39.630430773540809 ], [ 175.630476442590577, -39.63052702955229 ], [ 175.629668014835715, -39.630640396530673 ], [ 175.629275935872499, -39.63069940134028 ], [ 175.628635852382814, -39.631010517306528 ], [ 175.62811698777125, -39.631233163943328 ], [ 175.626966599718543, -39.631664739289775 ], [ 175.626813523094825, -39.631714338315668 ], [ 175.625608887691186, -39.632045824352602 ], [ 175.620255810487294, -39.633267311902401 ], [ 175.619867674128272, -39.63336096984213 ], [ 175.619859204099356, -39.633363010956778 ], [ 175.61840153156956, -39.633713071560749 ], [ 175.618350931113298, -39.633725125403082 ], [ 175.618344348482907, -39.633726680835593 ], [ 175.618293677702667, -39.633738556723955 ], [ 175.617644406184155, -39.633889481774631 ], [ 175.61681412484009, -39.634460915701361 ], [ 175.616398757949014, -39.634755513853165 ], [ 175.616214679948968, -39.634883313732153 ], [ 175.61619052434736, -39.634899729393673 ], [ 175.616002977709655, -39.635024478147457 ], [ 175.615848232021818, -39.635125217937357 ], [ 175.614935467984594, -39.635807323773726 ], [ 175.613525156042982, -39.636706957309208 ], [ 175.613331110366261, -39.63681210051935 ], [ 175.610055205744345, -39.638048641788608 ], [ 175.609828628031948, -39.638102269346192 ], [ 175.606218782720816, -39.638495482141991 ], [ 175.605981859800153, -39.638492342753842 ], [ 175.6023915674877, -39.638003724111059 ], [ 175.602167500310429, -39.637944125367191 ], [ 175.598948335717694, -39.636621525484159 ], [ 175.598759064739852, -39.636511303639836 ], [ 175.59622621862826, -39.634484234014678 ], [ 175.596090273374131, -39.634334181812072 ], [ 175.594491670250648, -39.631801120088724 ], [ 175.594422354612476, -39.631625928965441 ], [ 175.593914387283348, -39.628834869946012 ], [ 175.593918478535812, -39.628651690680755 ], [ 175.594550733549653, -39.625875855178911 ], [ 175.594627821933045, -39.625702618347447 ], [ 175.596338277985325, -39.623213703669094 ], [ 175.596480810359793, -39.623067364585161 ], [ 175.597691752383128, -39.622008401977133 ], [ 175.598910493597742, -39.621097794279059 ], [ 175.59920240028589, -39.620887045321219 ], [ 175.599240944018788, -39.620860158906872 ], [ 175.599542017845238, -39.620657270696576 ], [ 175.599820708970014, -39.620475868668855 ], [ 175.600110294244473, -39.620270512775051 ], [ 175.600174759412511, -39.620225140003711 ], [ 175.600183168296155, -39.620219265871825 ], [ 175.600248070568909, -39.620174267383327 ], [ 175.602400459936405, -39.61869309990297 ], [ 175.602400576688211, -39.618693019558393 ], [ 175.603197539618407, -39.618144589245041 ], [ 175.603738379018495, -39.617794505468524 ], [ 175.603810403945062, -39.617750681494591 ], [ 175.605331185289913, -39.616966455570093 ], [ 175.605458583341374, -39.616911401634333 ], [ 175.607119233585507, -39.616320799679663 ], [ 175.607205240656555, -39.616296331455246 ], [ 175.607874202345442, -39.616123609607726 ], [ 175.611096597717477, -39.615374598043246 ], [ 175.612484599881327, -39.615041271019891 ], [ 175.612956840686792, -39.614927318487617 ], [ 175.6130434954203, -39.614906694182459 ], [ 175.613054773852099, -39.614904046967617 ], [ 175.613141633454291, -39.614883944890465 ], [ 175.615302774553157, -39.614390842834418 ], [ 175.615746734633774, -39.614083084391382 ], [ 175.615816134852679, -39.61403780353394 ], [ 175.617301323435129, -39.61321386310069 ], [ 175.617426928618528, -39.613155139953875 ], [ 175.619060446634961, -39.612521016800557 ], [ 175.619144538447983, -39.612494536710116 ], [ 175.620886175483463, -39.612065840309967 ], [ 175.621029091331025, -39.612040007493952 ], [ 175.6211040968399, -39.612031177945788 ], [ 175.62157292147262, -39.61143140817439 ], [ 175.621725672144464, -39.611291385263726 ], [ 175.624482360339698, -39.609448016633841 ], [ 175.624683567293431, -39.60935135132609 ], [ 175.628041662872931, -39.608257005775727 ], [ 175.62827163487151, -39.608213157235959 ], [ 175.631902524983218, -39.607974920008722 ], [ 175.632138759080163, -39.607988178931102 ], [ 175.634724097173859, -39.608455352237833 ], [ 175.635034401354744, -39.608077215597483 ], [ 175.635191052421476, -39.607939799151524 ], [ 175.637998877528048, -39.606143309816275 ], [ 175.6382027501121, -39.60605005732701 ], [ 175.641590720167528, -39.605012549830469 ], [ 175.641821862453071, -39.604972586469934 ], [ 175.643631151078495, -39.604773403790311 ], [ 175.64414317823443, -39.604748480876857 ], [ 175.644754613649042, -39.604731173096923 ], [ 175.644834121779866, -39.604730538951124 ], [ 175.646412763923138, -39.604800978888534 ], [ 175.646537799903513, -39.604813186304568 ], [ 175.64773554432287, -39.604979687505406 ], [ 175.647766795238368, -39.60498534951742 ], [ 175.648595024731321, -39.605160550658418 ], [ 175.648670896351177, -39.605178950524362 ], [ 175.649247759324538, -39.60535291948996 ], [ 175.651050918087435, -39.603901311469023 ], [ 175.651239711031792, -39.603790686776598 ], [ 175.652778522560396, -39.603028128869951 ], [ 175.653224266330596, -39.602843670915455 ], [ 175.654166043855412, -39.60249499465062 ], [ 175.65429085225415, -39.602453998358861 ], [ 175.656023793756475, -39.602005254531839 ], [ 175.656122722103049, -39.601986162075576 ], [ 175.657925060061984, -39.601752622551189 ], [ 175.658060134886654, -39.60174346326891 ], [ 175.65988750710946, -39.601730876054511 ], [ 175.659989220377923, -39.601736363230856 ], [ 175.661017774697683, -39.601855118011507 ], [ 175.662404692441044, -39.601882320483 ], [ 175.662637598982826, -39.601915556643462 ], [ 175.666073310137477, -39.602854147215119 ], [ 175.666281548432011, -39.602941426029069 ], [ 175.667841162911969, -39.603865464617222 ], [ 175.668410385431287, -39.603465491378536 ], [ 175.668608450666767, -39.603365035537195 ], [ 175.671930571374588, -39.602207276804876 ], [ 175.672159065875462, -39.60215907655563 ], [ 175.67578102798791, -39.601852001460294 ], [ 175.676017593217068, -39.601860773313028 ], [ 175.679584992364312, -39.602434431121942 ], [ 175.679806480885901, -39.602499316920131 ], [ 175.68297024348206, -39.603897577679824 ], [ 175.68315498127572, -39.604012228414526 ], [ 175.683765365038369, -39.604531845996583 ], [ 175.68374947488914, -39.604171677699405 ], [ 175.683741050593198, -39.604064513516789 ], [ 175.683735576745761, -39.603989754677336 ], [ 175.683734917369861, -39.603980033908421 ], [ 175.683730246971777, -39.603905242456882 ], [ 175.683663184094598, -39.602729958626107 ], [ 175.683661295644868, -39.602695352998055 ], [ 175.683661061326774, -39.602690853917906 ], [ 175.683659344883239, -39.602656242928518 ], [ 175.683591526984344, -39.60121647145656 ], [ 175.683565266229692, -39.600864648945361 ], [ 175.683556844032381, -39.600735785244929 ], [ 175.683555904275863, -39.600719027757556 ], [ 175.683549868675868, -39.600590083959922 ], [ 175.683524419961827, -39.599912188834331 ], [ 175.683457272455342, -39.598769355623517 ], [ 175.683415757355704, -39.59824751307373 ], [ 175.683409623470965, -39.598164103893836 ], [ 175.683408891072247, -39.598153258073211 ], [ 175.68340375728306, -39.598069808474179 ], [ 175.68334471539049, -39.597006241722681 ], [ 175.683343540359772, -39.596984459979659 ], [ 175.683343392034629, -39.596981628214124 ], [ 175.683342285140071, -39.596959844333696 ], [ 175.683305184807665, -39.596206474397938 ], [ 175.683254703337241, -39.595258838627068 ], [ 175.683213555925192, -39.594618005056617 ], [ 175.683191946943452, -39.594342559033777 ], [ 175.683184373059191, -39.594235480190648 ], [ 175.683183495576856, -39.594221555900319 ], [ 175.683177569729878, -39.594114414892005 ], [ 175.68314083056066, -39.593342635287748 ], [ 175.683138992005524, -39.593301451714964 ], [ 175.683138768821209, -39.593296097455635 ], [ 175.683137173771627, -39.59325490780796 ], [ 175.683112192154368, -39.592556428752253 ], [ 175.683081141134693, -39.592169561537546 ], [ 175.683077528653484, -39.592122568602484 ], [ 175.683077079664542, -39.592116458613276 ], [ 175.683073784623673, -39.592069451714181 ], [ 175.68303958890192, -39.591556849822886 ], [ 175.683036538683439, -39.59150861487187 ], [ 175.683036163880587, -39.591502343551021 ], [ 175.683033447901209, -39.591454096643105 ], [ 175.682938869495359, -39.589663581597549 ], [ 175.682860819160169, -39.588652005667853 ], [ 175.682851182772481, -39.588507652000764 ], [ 175.682850124691811, -39.588488879456037 ], [ 175.682843482908993, -39.588344424742751 ], [ 175.682816414385826, -39.587584054409568 ], [ 175.682772923794431, -39.586883714207424 ], [ 175.682770028341281, -39.586834252685286 ], [ 175.682769674771237, -39.586827821935579 ], [ 175.682767130685136, -39.586778348847041 ], [ 175.682753620376133, -39.586496100629041 ], [ 175.682671312872628, -39.585098436147376 ], [ 175.682641317087928, -39.584611452238406 ], [ 175.682640092556255, -39.584591087207251 ], [ 175.682639937238719, -39.584588439617079 ], [ 175.682638772270025, -39.584568072491543 ], [ 175.682630805471632, -39.584425127459909 ], [ 175.682566987275663, -39.58426898716197 ], [ 175.682436543061243, -39.583957102137369 ], [ 175.682417895726985, -39.583912114812563 ], [ 175.682415491409841, -39.58390626158171 ], [ 175.682397149249027, -39.583861199201188 ], [ 175.682064926071661, -39.583037462721265 ], [ 175.681749205037107, -39.582068637171652 ], [ 175.68171730002112, -39.581941318654565 ], [ 175.681511315666114, -39.580536652007034 ], [ 175.681508912490472, -39.580482692129529 ], [ 175.681589433195455, -39.579070384515269 ], [ 175.681609933655466, -39.578941668327388 ], [ 175.681838687385948, -39.577958320757617 ], [ 175.681985274487175, -39.577481560520823 ], [ 175.681999911543045, -39.577434515962942 ], [ 175.682001835569366, -39.577428404168629 ], [ 175.682016798918028, -39.577381421121679 ], [ 175.682184351761407, -39.576861336882132 ], [ 175.682434468564395, -39.576078015062386 ], [ 175.68245439508857, -39.576016537337132 ], [ 175.6824570218308, -39.576008552383058 ], [ 175.682477506725149, -39.575947184660862 ], [ 175.682550332301503, -39.575732142757438 ], [ 175.682772056773558, -39.575003494688922 ], [ 175.682795799390874, -39.574926968602455 ], [ 175.682798942017882, -39.574917030833667 ], [ 175.682823547507553, -39.57484066816918 ], [ 175.682973225680968, -39.574384635121184 ], [ 175.68322224702419, -39.57358775421536 ], [ 175.683338894373492, -39.573213168774373 ], [ 175.683344861851594, -39.573194282139085 ], [ 175.682962608278615, -39.572483421101587 ], [ 175.682894465271744, -39.57232202289606 ], [ 175.682465110310062, -39.570947945464326 ], [ 175.68246233852355, -39.570934544404764 ], [ 175.682316025170621, -39.569525402856392 ], [ 175.682315664098667, -39.569355607555394 ], [ 175.682455977403322, -39.567946100367635 ], [ 175.682458692005781, -39.567932692306208 ], [ 175.682480345674094, -39.567829647011479 ], [ 175.682690780644577, -39.566863575741841 ], [ 175.682695584054414, -39.566841688309822 ], [ 175.682696213026276, -39.566838843543358 ], [ 175.682701086106903, -39.566816965337466 ], [ 175.682846369098371, -39.566169461820621 ], [ 175.682860361584375, -39.566108348350561 ], [ 175.682862215942265, -39.56610040854315 ], [ 175.682876752039562, -39.566039371129925 ], [ 175.683081579216463, -39.565195599453922 ], [ 175.683399466483962, -39.563773040606613 ], [ 175.683622583220739, -39.562759303564583 ], [ 175.683799632508652, -39.561946523256914 ], [ 175.683995426452526, -39.561292533581472 ], [ 175.68334241667219, -39.561039040785715 ], [ 175.682145465601963, -39.560577110149119 ], [ 175.680955385077084, -39.560117831354937 ], [ 175.680251632361603, -39.559850197534935 ], [ 175.679298530664312, -39.559443861613495 ], [ 175.679178085537643, -39.559386674581603 ], [ 175.67770102375087, -39.558555230366039 ], [ 175.677627978123638, -39.558506895339121 ], [ 175.676337172325361, -39.55750681544567 ], [ 175.676245458469566, -39.557423615160808 ], [ 175.675578664915605, -39.556758055623305 ], [ 175.675040646982296, -39.556165793756492 ], [ 175.675035950174703, -39.556160619546247 ], [ 175.674435625098312, -39.555498008830661 ], [ 175.673839090058777, -39.554845656826728 ], [ 175.673655630074421, -39.554613013383559 ], [ 175.673642280466794, -39.554619611368715 ], [ 175.673034878234034, -39.554923439195747 ], [ 175.672970180946891, -39.554955567041844 ], [ 175.672961752569563, -39.554959722113232 ], [ 175.672896782513334, -39.554991518441867 ], [ 175.672008008789049, -39.555423303952807 ], [ 175.671986189314765, -39.555433878151177 ], [ 175.671983350822273, -39.555435250366472 ], [ 175.671961501181642, -39.555445787172602 ], [ 175.671943075449093, -39.555454650940291 ], [ 175.671539973264828, -39.557125607660595 ], [ 175.671460663332539, -39.557298227955897 ], [ 175.6703838370901, -39.558828427246503 ], [ 175.670977132830757, -39.56010913041186 ], [ 175.671021189969537, -39.560289140830022 ], [ 175.671130956551451, -39.563106508537551 ], [ 175.671100991694146, -39.563288246690675 ], [ 175.670080535492303, -39.565993970768012 ], [ 175.66997947289272, -39.566159645818843 ], [ 175.667928566078245, -39.568488840134385 ], [ 175.667766292715612, -39.568622231819496 ], [ 175.664885643614468, -39.570346847543291 ], [ 175.664678043578959, -39.570434895008191 ], [ 175.664663203388841, -39.570439012545805 ], [ 175.664202643496139, -39.571123483719447 ], [ 175.664061801882696, -39.571270743456786 ], [ 175.661885067064077, -39.572925659208984 ], [ 175.661738592080098, -39.57307320555887 ], [ 175.661616752710017, -39.573181465052656 ], [ 175.660613310813176, -39.573969601265496 ], [ 175.660071277003425, -39.574346011075875 ], [ 175.660038754408163, -39.574368510857965 ], [ 175.660034519401535, -39.574371429688796 ], [ 175.660001888048328, -39.574393834996769 ], [ 175.659557846304921, -39.574697571342938 ], [ 175.658098415136607, -39.57554780009896 ], [ 175.65789868302906, -39.575646163753483 ], [ 175.654557751886273, -39.576768774058692 ], [ 175.654328511341305, -39.57681455253482 ], [ 175.650702769950414, -39.577083160892677 ], [ 175.650466468840364, -39.577071871496607 ], [ 175.64691096912307, -39.576460176771654 ], [ 175.646690747421189, -39.576392925181146 ], [ 175.64355365292127, -39.574960829357366 ], [ 175.643371074093324, -39.574844201163543 ], [ 175.64095953096637, -39.572731936145878 ], [ 175.640832468654423, -39.572577351239801 ], [ 175.639382515051267, -39.569991733479945 ], [ 175.639323402884543, -39.569814326852153 ], [ 175.638976871751396, -39.567008492371663 ], [ 175.638991487830367, -39.566825631393222 ], [ 175.639782161013784, -39.56407424265506 ], [ 175.639869065447272, -39.563903826437766 ], [ 175.640390101805167, -39.563220253642598 ], [ 175.64004048815579, -39.56328698688565 ], [ 175.639419267430014, -39.563406042301068 ], [ 175.637967651423281, -39.563690940017118 ], [ 175.637950245039605, -39.563694345055126 ], [ 175.637947981770111, -39.563694786358774 ], [ 175.637930568623545, -39.563698170607537 ], [ 175.637260833253265, -39.563827906656655 ], [ 175.63725720168037, -39.56382860965153 ], [ 175.636470591112129, -39.563980612432793 ], [ 175.635686303271314, -39.564136173336408 ], [ 175.635654754477173, -39.564142394429304 ], [ 175.635650651678702, -39.56414319872988 ], [ 175.635619080496184, -39.564149351492148 ], [ 175.634719047449835, -39.564323715038235 ], [ 175.634708981319051, -39.564325661465915 ], [ 175.633096226593466, -39.564635991768704 ], [ 175.631280827354288, -39.564990672829147 ], [ 175.630895136390308, -39.565060641264552 ], [ 175.630844811077679, -39.565069074135387 ], [ 175.630456266520696, -39.565128842165208 ], [ 175.628864845338512, -39.565351910461089 ], [ 175.627730671380306, -39.565516519628119 ], [ 175.627711398651996, -39.565519303684461 ], [ 175.627708892804094, -39.5655196639783 ], [ 175.627689614026252, -39.565522422903996 ], [ 175.626763988459885, -39.56565425836488 ], [ 175.626749713043921, -39.565656284408206 ], [ 175.626747857033621, -39.565656546897372 ], [ 175.626733578444515, -39.565658559149007 ], [ 175.626208142843211, -39.565732344464934 ], [ 175.625988252898026, -39.565761540293174 ], [ 175.625959622823899, -39.565765123344846 ], [ 175.625739050100805, -39.565791051387457 ], [ 175.62462977980249, -39.56591303204457 ], [ 175.623803123983635, -39.565980723068947 ], [ 175.623695389941247, -39.565986543078409 ], [ 175.622864599534296, -39.56600839064037 ], [ 175.622370764959214, -39.566007718150082 ], [ 175.621792716565636, -39.565995811206129 ], [ 175.621717666330227, -39.565992819783446 ], [ 175.621141095912861, -39.565958704851184 ], [ 175.621067719932313, -39.565952941020406 ], [ 175.620349786344235, -39.565941463517291 ], [ 175.620123690858492, -39.565924612810477 ], [ 175.618397142860289, -39.565693370260526 ], [ 175.617887659703001, -39.565594065873981 ], [ 175.617724161132514, -39.565561219239427 ], [ 175.617702947480495, -39.565556830019602 ], [ 175.617540082177896, -39.56552215019628 ], [ 175.617131112463937, -39.565432589160054 ], [ 175.616311747406115, -39.565263746552198 ], [ 175.616295752356734, -39.565260441034063 ], [ 175.616293673394296, -39.565260010171798 ], [ 175.616277684405901, -39.565256687039586 ], [ 175.615506073227749, -39.565095857881033 ], [ 175.614627948625383, -39.564912863979565 ], [ 175.613625941235114, -39.564706677673669 ], [ 175.613604529445325, -39.56470225469694 ], [ 175.613601746620304, -39.564701677658761 ], [ 175.613580345717452, -39.564697223124647 ], [ 175.611446791241548, -39.564251421375005 ], [ 175.610977527017667, -39.564154771792772 ], [ 175.610950448230426, -39.56414916755201 ], [ 175.610946929127863, -39.564148435720725 ], [ 175.610919867874941, -39.564142781018582 ], [ 175.610393289995955, -39.56403221951053 ], [ 175.612670943873781, -39.565379470183359 ], [ 175.612834221039151, -39.56551211735804 ], [ 175.614902861587154, -39.567831841863566 ], [ 175.615005196165498, -39.567997046713593 ], [ 175.616046515152732, -39.570697978934263 ], [ 175.616077883958752, -39.570879572718326 ], [ 175.616062059029218, -39.571386005956278 ], [ 175.616183748173626, -39.571450826530643 ], [ 175.616221068105602, -39.571474247615576 ], [ 175.616504448733025, -39.571657937423026 ], [ 175.617221980721411, -39.572138246642318 ], [ 175.619877011942577, -39.571068639813475 ], [ 175.620101507244897, -39.571010506351705 ], [ 175.62369351384126, -39.570545238827549 ], [ 175.623930231946019, -39.570543631996358 ], [ 175.627532232812598, -39.570960067764254 ], [ 175.627758011368883, -39.571015144950536 ], [ 175.631017551472979, -39.572272538474948 ], [ 175.631210297173681, -39.572378910503154 ], [ 175.633808392381212, -39.574354223867211 ], [ 175.63394924075763, -39.574501481703933 ], [ 175.635631570771636, -39.577001411428732 ], [ 175.635706731700054, -39.577175143793028 ], [ 175.636308534917816, -39.579955022128637 ], [ 175.636310643599217, -39.580138224892387 ], [ 175.636096686521597, -39.58124738619005 ], [ 175.636112754943952, -39.58196233182953 ], [ 175.63611049721348, -39.581990865620249 ], [ 175.635856118676315, -39.583390760085273 ], [ 175.635812771819218, -39.583542005659162 ], [ 175.635278492599241, -39.584893870484329 ], [ 175.635264949467228, -39.584920467743657 ], [ 175.634463912123891, -39.586191011631328 ], [ 175.634362278594523, -39.586324488547845 ], [ 175.633314193725454, -39.587482420168939 ], [ 175.633290689851151, -39.587504476975909 ], [ 175.632021361930896, -39.588521278410354 ], [ 175.631871386678142, -39.58862391832988 ], [ 175.630412067312932, -39.58947454419593 ], [ 175.630380903174768, -39.589489900928186 ], [ 175.628767534213267, -39.590153400998965 ], [ 175.628583898990627, -39.590215153850366 ], [ 175.627130525051086, -39.590617561030925 ], [ 175.626909755348294, -39.590666182293312 ], [ 175.626793921228256, -39.590691193266508 ], [ 175.626778841486555, -39.590694384433171 ], [ 175.626662679581727, -39.59071846833136 ], [ 175.626049685728816, -39.590842936934905 ], [ 175.62600924024656, -39.590851089271347 ], [ 175.626003979891834, -39.59085214176956 ], [ 175.625963496839972, -39.590860181713332 ], [ 175.624215544716407, -39.591204724212503 ], [ 175.624143409649264, -39.591218752596696 ], [ 175.624134024657053, -39.591220553091809 ], [ 175.624061775229222, -39.591234224632494 ], [ 175.622966285844115, -39.591438647838558 ], [ 175.619703222192584, -39.592128891311589 ], [ 175.619620328519801, -39.592146170784552 ], [ 175.619609541782978, -39.592148386346459 ], [ 175.619526485659065, -39.592165192441144 ], [ 175.61914164025373, -39.592241892002775 ], [ 175.618955093488893, -39.592277802424015 ], [ 175.618930794242374, -39.592282315566429 ], [ 175.61712610181587, -39.592503423544159 ], [ 175.616914667707192, -39.592516291594343 ], [ 175.61508748484647, -39.592516222582709 ], [ 175.615062572318635, -39.592514704512979 ], [ 175.613257908653082, -39.592293463432341 ], [ 175.613051686242898, -39.592255145102719 ], [ 175.611313997204007, -39.591818179319432 ], [ 175.611290910970865, -39.591810778712357 ], [ 175.611113932117235, -39.591752716629237 ], [ 175.610060344320345, -39.591399087979909 ], [ 175.609988973937448, -39.591374912761474 ], [ 175.609979709485174, -39.591371745999552 ], [ 175.609908549833392, -39.591347201804126 ], [ 175.607619323150885, -39.59055046168109 ], [ 175.606149312637115, -39.589937193265115 ], [ 175.605966566965577, -39.589847300768604 ], [ 175.604625107518501, -39.589077609372737 ], [ 175.603823070038032, -39.588544354633278 ], [ 175.603813858210628, -39.588538223457178 ], [ 175.602990355139639, -39.587988638312979 ], [ 175.602968935528111, -39.587974307898016 ], [ 175.602966153912007, -39.587972442327256 ], [ 175.60294477943026, -39.587958071653603 ], [ 175.602069886902058, -39.587368401842241 ], [ 175.601595010629723, -39.587243282221095 ], [ 175.601477349900222, -39.587211736516934 ], [ 175.601462082792551, -39.587207572397105 ], [ 175.601344864943997, -39.587175054719623 ], [ 175.600521144161803, -39.586942686459679 ], [ 175.598853402456371, -39.586492943988603 ], [ 175.596236907042822, -39.585788096094241 ], [ 175.596233483356855, -39.586245059775159 ], [ 175.596227789222837, -39.586479346565966 ], [ 175.596226537211123, -39.586509791247977 ], [ 175.596212969599208, -39.58674388417964 ], [ 175.596179333145614, -39.587193493799347 ], [ 175.596103283112939, -39.587824403843165 ], [ 175.596089683082852, -39.587906051842133 ], [ 175.595956501346109, -39.588531264795556 ], [ 175.595873307247473, -39.588851228810171 ], [ 175.595854179739206, -39.588923270494206 ], [ 175.595851643793083, -39.58893262790378 ], [ 175.595831756744872, -39.589004546366851 ], [ 175.595675433278188, -39.589558792664441 ], [ 175.595665440180483, -39.589593886794361 ], [ 175.595664129321761, -39.589598447008065 ], [ 175.595653955361939, -39.589633510012064 ], [ 175.595501071423968, -39.590155523173379 ], [ 175.595341280136211, -39.590735760315397 ], [ 175.595339908208814, -39.590740735237951 ], [ 175.595148847730059, -39.591431123255035 ], [ 175.595126268875504, -39.591510939618495 ], [ 175.595123272864868, -39.591521305233663 ], [ 175.595099759247233, -39.591600959872281 ], [ 175.594493264737793, -39.59361336591445 ], [ 175.5943452646315, -39.594120850087563 ], [ 175.594343320474678, -39.594127504857639 ], [ 175.593858890444977, -39.595778232595826 ], [ 175.593856369739228, -39.595786802691372 ], [ 175.593638555696828, -39.596523110946343 ], [ 175.593504257832308, -39.596999846376356 ], [ 175.593497394731912, -39.597024049042716 ], [ 175.593496496937206, -39.597027194434006 ], [ 175.593489547811259, -39.597051382403023 ], [ 175.593216815895744, -39.597994545897542 ], [ 175.593206417296614, -39.598030166829183 ], [ 175.593205053351483, -39.59803479541165 ], [ 175.593194468179263, -39.598070383441076 ], [ 175.592930446737682, -39.598949867133619 ], [ 175.592746318355978, -39.599580549715988 ], [ 175.592566481627216, -39.600241839446483 ], [ 175.592542553952654, -39.600327742710519 ], [ 175.592539373019378, -39.600338898132804 ], [ 175.592514363257692, -39.600424616749301 ], [ 175.591999606788931, -39.602149629299589 ], [ 175.591900468407431, -39.602537798430504 ], [ 175.591762971178099, -39.603009262788071 ], [ 175.59174298467866, -39.603070138259625 ], [ 175.591572997085791, -39.60353521956948 ], [ 175.591434535903943, -39.603878578880888 ], [ 175.591337866826507, -39.604181282314393 ], [ 175.590990041520826, -39.605070626836387 ], [ 175.590937246410419, -39.605184132680371 ], [ 175.590472837916138, -39.606041031458425 ], [ 175.589596390792281, -39.607449630065958 ], [ 175.589507856985534, -39.607588835080648 ], [ 175.589496146981048, -39.607606853732982 ], [ 175.589404526868009, -39.607744858751822 ], [ 175.589269154674525, -39.607944515802039 ], [ 175.588371680324798, -39.609284797391254 ], [ 175.588029356379906, -39.609760264213378 ], [ 175.587982481873581, -39.609820979175097 ], [ 175.587678917919675, -39.610188479830711 ], [ 175.586821772455494, -39.611934269858203 ], [ 175.586805509462465, -39.611967198304093 ], [ 175.586803384452679, -39.611971475786454 ], [ 175.586786954987872, -39.612004354761389 ], [ 175.586158341777349, -39.613255040218277 ], [ 175.586130646246062, -39.613309615428051 ], [ 175.586127016013506, -39.613316701068157 ], [ 175.586098861813127, -39.613371135706053 ], [ 175.585815146746057, -39.61391454402699 ], [ 175.585675633569167, -39.614865921836305 ], [ 175.585612447306062, -39.615042490198725 ], [ 175.584102829262179, -39.617607856161854 ], [ 175.583972180261981, -39.617760678957211 ], [ 175.58340451062287, -39.618240266036615 ], [ 175.583364934748829, -39.618487343836449 ], [ 175.583273495594028, -39.618864531733216 ], [ 175.58288665732988, -39.620026557187273 ], [ 175.582823610732959, -39.620174365960743 ], [ 175.582116541219534, -39.621477959722206 ], [ 175.58210004592911, -39.621502721058015 ], [ 175.58145223201663, -39.622312081372499 ], [ 175.582590196273287, -39.624283444264307 ], [ 175.582772221706279, -39.624616574060155 ], [ 175.582794751766471, -39.62466023069878 ], [ 175.582959342566738, -39.624998741523065 ], [ 175.583314984671489, -39.6257772611091 ], [ 175.58363604031311, -39.626604291961129 ], [ 175.583671026667957, -39.62671310400917 ], [ 175.583888221373059, -39.627560104896617 ], [ 175.583968456299857, -39.627976795685456 ], [ 175.583999701446118, -39.628150676582003 ], [ 175.584003478134321, -39.628173309554079 ], [ 175.584094455342239, -39.629585193552956 ], [ 175.584088483084372, -39.629745758815204 ], [ 175.583892706334126, -39.631151264781366 ], [ 175.583887253312042, -39.631173692459285 ], [ 175.583843132882521, -39.631345897004032 ], [ 175.583585012279968, -39.63230425836565 ], [ 175.583566325016619, -39.632372322199465 ], [ 175.583563851513929, -39.632381163111326 ], [ 175.583544484889529, -39.632449113306095 ], [ 175.583424113674312, -39.632863820758395 ], [ 175.583410274747138, -39.632910907846387 ], [ 175.583408454481287, -39.632917025395756 ], [ 175.583394289317255, -39.632964054451683 ], [ 175.583307238835971, -39.633249598617581 ], [ 175.58290307944776, -39.634696184863877 ], [ 175.582876788564903, -39.63478796161894 ], [ 175.582873290334192, -39.634799878484465 ], [ 175.582845762281693, -39.634891438121791 ], [ 175.582506175682596, -39.635994766708279 ], [ 175.582377335632913, -39.636452511976195 ], [ 175.582333876267967, -39.636600874079015 ], [ 175.58232801633801, -39.636620122896126 ], [ 175.582281322927969, -39.636767896439764 ], [ 175.582225692781634, -39.636937719610685 ], [ 175.582123778167698, -39.637279096108166 ], [ 175.582121416516429, -39.637286990740378 ], [ 175.581974789903427, -39.637774598746915 ], [ 175.581864631377755, -39.638217759772999 ], [ 175.581861745384515, -39.638229329040236 ], [ 175.581861368933289, -39.638230832854951 ], [ 175.581858463369457, -39.63824239919856 ], [ 175.581733219358028, -39.638739225092799 ], [ 175.581730339899281, -39.638750608390126 ], [ 175.581729964337512, -39.638752088032128 ], [ 175.581727065922564, -39.638763468457775 ], [ 175.581668926732306, -39.638990974390495 ], [ 175.581625120711607, -39.639670316563979 ], [ 175.581612489072853, -39.639773683691963 ], [ 175.581469642603111, -39.640565478605161 ], [ 175.581297455210034, -39.641284892468192 ], [ 175.581280928481419, -39.641352497805862 ], [ 175.5812787366267, -39.641361280028526 ], [ 175.581261542512692, -39.641428785808749 ], [ 175.581178695960062, -39.641747620144798 ], [ 175.580679018901407, -39.643107443025031 ], [ 175.580596574352398, -39.643279203445069 ], [ 175.578809055834199, -39.64573572328591 ], [ 175.578661983078604, -39.645879378175955 ], [ 175.575979890385526, -39.64778857163887 ], [ 175.575782584001473, -39.647890055560275 ], [ 175.572468473963283, -39.649064983792108 ], [ 175.572240251466241, -39.649114359577489 ], [ 175.568618627117473, -39.64943997308044 ], [ 175.568381836579107, -39.649432405781603 ], [ 175.564807346296902, -39.64887682130022 ], [ 175.564585175678673, -39.64881305211744 ], [ 175.561407844773697, -39.647430677394489 ], [ 175.561222048590139, -39.647316950946802 ], [ 175.558752966969877, -39.645243150019731 ], [ 175.558621734166309, -39.645090602142375 ], [ 175.557102577713266, -39.642528426783166 ], [ 175.557038750472429, -39.64235199313746 ], [ 175.556618129896208, -39.639552286215483 ], [ 175.556627948009378, -39.639369239054986 ], [ 175.556846797308197, -39.637965778993731 ], [ 175.556869134279793, -39.63787993083622 ], [ 175.556923346583062, -39.637091500666259 ], [ 175.556937738182569, -39.636981179886043 ], [ 175.557100515730497, -39.636136619368735 ], [ 175.55711197211366, -39.636091851570939 ], [ 175.556072988149282, -39.63354959931042 ], [ 175.556037818861313, -39.633368424114906 ], [ 175.556048903240537, -39.632309841783119 ], [ 175.554547572342727, -39.632113401310932 ], [ 175.55340114608461, -39.631966436112592 ], [ 175.552293652336147, -39.631932072706149 ], [ 175.552263726850128, -39.631931114236075 ], [ 175.552259836751062, -39.631930985767987 ], [ 175.552229914558694, -39.631929967806073 ], [ 175.550576234142028, -39.631872050192229 ], [ 175.547995167502705, -39.633647599098168 ], [ 175.547795686800413, -39.633746458899338 ], [ 175.544456772285457, -39.634877390511498 ], [ 175.544227539266842, -39.634923741290066 ], [ 175.541805013996168, -39.635109193187368 ], [ 175.540787613280003, -39.635759610719454 ], [ 175.539291495699274, -39.636572120077993 ], [ 175.539087509903027, -39.636665332100044 ], [ 175.535697710337303, -39.637702075733955 ], [ 175.535466448884023, -39.637741980638566 ], [ 175.531828161203379, -39.637917956546126 ], [ 175.531592270085156, -39.63790064680753 ], [ 175.528061776049583, -39.637198625093205 ], [ 175.527844355022609, -39.637125795946481 ], [ 175.52476736628995, -39.635614523769327 ], [ 175.524589704235211, -39.635493306948831 ], [ 175.522267474946347, -39.633320768218532 ], [ 175.522146963597919, -39.63316303281794 ], [ 175.520806779744021, -39.630541943364626 ], [ 175.520755210909726, -39.630363132651802 ], [ 175.520528153481223, -39.627550098016762 ], [ 175.520550566569256, -39.627367716582462 ], [ 175.521458720784324, -39.624638100302654 ], [ 175.521552912762502, -39.624470000073586 ], [ 175.52350725997772, -39.622090967625567 ], [ 175.5236640044902, -39.621953600714747 ], [ 175.524977245028111, -39.620970308532414 ], [ 175.529870350639698, -39.617842397095799 ], [ 175.532497254241378, -39.616149257681528 ], [ 175.5331990609277, -39.615730828464912 ], [ 175.533292836553017, -39.615679193183965 ], [ 175.533293610803099, -39.615678800303193 ], [ 175.533368695461604, -39.615613388006274 ], [ 175.534685623531942, -39.614633140112431 ], [ 175.53477485919629, -39.61457644276399 ], [ 175.536273802633787, -39.613767578938607 ], [ 175.536379126261892, -39.613719778408054 ], [ 175.538023182761435, -39.613102208995087 ], [ 175.53813069993825, -39.613069611074295 ], [ 175.539879399219302, -39.612658537440609 ], [ 175.539998663100477, -39.612638245703899 ], [ 175.541808961873329, -39.612443786113104 ], [ 175.541924239428312, -39.612438477416575 ], [ 175.54281300604265, -39.612423830425129 ], [ 175.543817308967277, -39.612436925801333 ], [ 175.54397470738823, -39.612439800535917 ], [ 175.543995164984665, -39.612440281182252 ], [ 175.544152498821006, -39.612444801006916 ], [ 175.54958949998607, -39.612629331171675 ], [ 175.549599065983642, -39.612629658620662 ], [ 175.553320308386247, -39.612760002847139 ], [ 175.555166333026193, -39.612817265909996 ], [ 175.555887700542741, -39.612857013890526 ], [ 175.555981180714184, -39.61286442653676 ], [ 175.556697970056604, -39.61293871930414 ], [ 175.558537258955454, -39.613174501980879 ], [ 175.558540401394993, -39.613120801972265 ], [ 175.558766033225794, -39.611717985419652 ], [ 175.558782064056658, -39.611657534317864 ], [ 175.559288624141658, -39.610299286820201 ], [ 175.559344096764136, -39.610185079740042 ], [ 175.559592897058963, -39.609774086862913 ], [ 175.560406406616039, -39.60745108345801 ], [ 175.560503330837804, -39.607283920406402 ], [ 175.562496147521159, -39.604924258126523 ], [ 175.562655099289174, -39.604788441152536 ], [ 175.564164914291496, -39.603847874952763 ], [ 175.56496828128968, -39.601531564229163 ], [ 175.565064677129072, -39.601364220897075 ], [ 175.565937127430828, -39.600122104833872 ], [ 175.566161864779389, -39.599854569529647 ], [ 175.566487180333951, -39.59948747521257 ], [ 175.56653096868709, -39.599440589923667 ], [ 175.567651925639865, -39.59841977393188 ], [ 175.567696006279505, -39.598310554440474 ], [ 175.567704290493424, -39.598278162039534 ], [ 175.56774168675571, -39.598137809654482 ], [ 175.567746735529511, -39.598119594909186 ], [ 175.567787012704372, -39.59797972044236 ], [ 175.56831951852169, -39.59619729804421 ], [ 175.568493522350963, -39.595558271105467 ], [ 175.568511565769711, -39.595493198724967 ], [ 175.56851395176875, -39.595484746133565 ], [ 175.568532616027738, -39.595419778646445 ], [ 175.568745458578178, -39.594691606540621 ], [ 175.568753304413519, -39.594664952274201 ], [ 175.56875433116457, -39.59466148842494 ], [ 175.56876228149963, -39.594634852702754 ], [ 175.569023726652006, -39.593764952489053 ], [ 175.569278324442507, -39.592885552786107 ], [ 175.569419268252659, -39.592385839455716 ], [ 175.569432343492394, -39.592340053454812 ], [ 175.569434063282301, -39.592334104737489 ], [ 175.569447446348335, -39.592288372010195 ], [ 175.569675284668136, -39.59151909244283 ], [ 175.570154310467132, -39.589888709827015 ], [ 175.570310440314444, -39.589353982978658 ], [ 175.57031971074511, -39.589322495219164 ], [ 175.570320925379235, -39.589318403495042 ], [ 175.570330341627624, -39.589286941652503 ], [ 175.570922028146271, -39.587325919396477 ], [ 175.571087222114016, -39.586729749692473 ], [ 175.571262609338191, -39.586093680692144 ], [ 175.571278524624859, -39.586036859947512 ], [ 175.571280624393779, -39.586029478493117 ], [ 175.571297013243623, -39.585972738400976 ], [ 175.571439340724197, -39.58548734373808 ], [ 175.571441203642081, -39.585249982140141 ], [ 175.571429390702207, -39.584564473934194 ], [ 175.57142841458375, -39.584472978620731 ], [ 175.571428365753917, -39.584461084038061 ], [ 175.571428590642512, -39.584369585771569 ], [ 175.571437260317168, -39.583408498360754 ], [ 175.571437913329646, -39.582703883800576 ], [ 175.571438013526716, -39.58267241353559 ], [ 175.571438035786969, -39.582668322431125 ], [ 175.57143827805578, -39.582636852627438 ], [ 175.571454555616896, -39.581001774564783 ], [ 175.571544028459897, -39.57995427260807 ], [ 175.571565856043691, -39.579819083135042 ], [ 175.571655799239664, -39.579442152643018 ], [ 175.570932342138917, -39.578838496728608 ], [ 175.570800491362235, -39.578686330585342 ], [ 175.569270298738871, -39.576128568519373 ], [ 175.569205672445946, -39.575952319806476 ], [ 175.569060418328149, -39.575391895982413 ], [ 175.568073656933819, -39.574995555248272 ], [ 175.567883182553061, -39.574886757850628 ], [ 175.565327312786394, -39.572878775101969 ], [ 175.565189614741882, -39.5727297491973 ], [ 175.563560768136142, -39.57020879030172 ], [ 175.563489322068961, -39.570034126883883 ], [ 175.562946854216506, -39.567247002480649 ], [ 175.562948646062011, -39.567063800723815 ], [ 175.563545521778792, -39.564283347408775 ], [ 175.56362036687915, -39.564109540155478 ], [ 175.563622832015312, -39.564105864439142 ], [ 175.563521981343399, -39.563550525381906 ], [ 175.563521953806429, -39.563550176156092 ], [ 175.56342373196037, -39.56229835887671 ], [ 175.563286024558835, -39.562351748772564 ], [ 175.563060415970938, -39.56240716366721 ], [ 175.55945992167932, -39.56282887629196 ], [ 175.559223230285284, -39.562827608918731 ], [ 175.555630623010245, -39.562367381407853 ], [ 175.55540602707211, -39.562309556043886 ], [ 175.553491951660646, -39.56154161555164 ], [ 175.552969164183764, -39.561585862720079 ], [ 175.552732746326143, -39.56157704097749 ], [ 175.549167790203256, -39.561002525826346 ], [ 175.548946471068746, -39.560937580406652 ], [ 175.547438119848209, -39.56026993655761 ], [ 175.546775486503293, -39.560201148445906 ], [ 175.545990281682634, -39.560122909270035 ], [ 175.544871349855015, -39.560015704254795 ], [ 175.543994318128938, -39.559990337961615 ], [ 175.543981766562609, -39.559989969635858 ], [ 175.543980134885487, -39.559989921071654 ], [ 175.54396758372647, -39.559989542255899 ], [ 175.543317769369935, -39.559969656035079 ], [ 175.542353961831481, -39.559941132735212 ], [ 175.541830885677882, -39.559930929690374 ], [ 175.541784772891447, -39.559929959323149 ], [ 175.541778778575434, -39.559929823978806 ], [ 175.541732671115426, -39.559928712125647 ], [ 175.541006404539615, -39.55991008099685 ], [ 175.540975371862999, -39.560126948182564 ], [ 175.540873456221902, -39.560872569647017 ], [ 175.540864462770259, -39.560936203834238 ], [ 175.540863255664192, -39.560944472958859 ], [ 175.540516441010851, -39.562332386117895 ], [ 175.540456228548351, -39.562501047532997 ], [ 175.539833155489987, -39.563829875542531 ], [ 175.539828705889391, -39.563837451170699 ], [ 175.538944705530383, -39.565074469608462 ], [ 175.538820095842453, -39.565220472284373 ], [ 175.538664125009717, -39.56537527513327 ], [ 175.537703836848266, -39.567658936388327 ], [ 175.53759626754686, -39.567822132838565 ], [ 175.535454183371229, -39.570101547112543 ], [ 175.535286709686119, -39.570231025653911 ], [ 175.533687307517056, -39.571129352213383 ], [ 175.532876903364127, -39.57187213115877 ], [ 175.532047213906907, -39.572530633846618 ], [ 175.531073327126592, -39.573204795881615 ], [ 175.530462302642945, -39.573825764875004 ], [ 175.530250781114205, -39.574048175420842 ], [ 175.529545925885145, -39.57471927390143 ], [ 175.529449099908021, -39.57480291554274 ], [ 175.528127218812841, -39.575778556958518 ], [ 175.52805561527947, -39.575823657935651 ], [ 175.526552751081169, -39.576627239828923 ], [ 175.526427259482659, -39.576683629207992 ], [ 175.525434997483273, -39.57708149085925 ], [ 175.52495008124032, -39.577253602181308 ], [ 175.524739313432974, -39.577326460570745 ], [ 175.524711794935001, -39.577335720986781 ], [ 175.524693013548159, -39.577341870597309 ], [ 175.5246959207374, -39.5773498284845 ], [ 175.524703978041913, -39.577372770953666 ], [ 175.524763642403258, -39.577549738355167 ], [ 175.52498966992394, -39.578249126422975 ], [ 175.525219833270938, -39.578935223343507 ], [ 175.525310676630227, -39.579197251451212 ], [ 175.52532532459611, -39.579239919253801 ], [ 175.525327211257888, -39.579245469645365 ], [ 175.525341588857572, -39.579288192482196 ], [ 175.525525221162923, -39.579839383086579 ], [ 175.525720463094444, -39.580336554669003 ], [ 175.525766614370781, -39.580457091932473 ], [ 175.525772472463927, -39.580472793405782 ], [ 175.525816445693948, -39.580593817271044 ], [ 175.525964724823211, -39.581013116986355 ], [ 175.526255326396324, -39.582088802312789 ], [ 175.52628196260369, -39.582229900830697 ], [ 175.526401146028206, -39.583324962199796 ], [ 175.526426371417017, -39.584173896384442 ], [ 175.526441797088495, -39.584514210146146 ], [ 175.526441906443807, -39.584516631857291 ], [ 175.526459607488988, -39.584912513914325 ], [ 175.526460361802179, -39.584929868296442 ], [ 175.526460457052821, -39.584932124436847 ], [ 175.526373849876791, -39.586361488843167 ], [ 175.526361940597411, -39.586434029241538 ], [ 175.526350392791812, -39.586506604621071 ], [ 175.525979347215582, -39.587908442586816 ], [ 175.525978536722448, -39.587910611073553 ], [ 175.525712059375934, -39.588456696468022 ], [ 175.525733497271233, -39.588525431507321 ], [ 175.525770812394484, -39.588706346779276 ], [ 175.525775082059909, -39.591524875646222 ], [ 175.525738313465098, -39.591705857997184 ], [ 175.52461658659189, -39.594387450700879 ], [ 175.524509324685141, -39.594550783064889 ], [ 175.522371291294718, -39.596832912870738 ], [ 175.52220403032797, -39.596962604171054 ], [ 175.519258935306908, -39.59862182818555 ], [ 175.519048048150808, -39.598705179785796 ], [ 175.515584224489601, -39.599579031021619 ], [ 175.515350359867512, -39.599607881112838 ], [ 175.512937990880687, -39.599609820754104 ], [ 175.511523174491003, -39.599986291725941 ], [ 175.511289938097462, -39.600018044712954 ], [ 175.507647077072534, -39.600066237125098 ], [ 175.507412573685002, -39.600040672028662 ], [ 175.503928825511849, -39.599215551679457 ], [ 175.503716018812185, -39.599135172138006 ], [ 175.500732512123164, -39.597517539995422 ], [ 175.500562238641976, -39.597390217024284 ], [ 175.49837106478958, -39.595138469861197 ], [ 175.498259992169352, -39.594976670271862 ], [ 175.497075596136426, -39.592311275935579 ], [ 175.497034591554694, -39.592130840639832 ], [ 175.496972796808933, -39.589312737581174 ], [ 175.497005865282404, -39.589131329887387 ], [ 175.498072579540832, -39.58643637282416 ], [ 175.498176475247959, -39.586271749031475 ], [ 175.499104459521305, -39.585054075047672 ], [ 175.499933251171427, -39.584139107207704 ], [ 175.499936601133641, -39.584135410805295 ], [ 175.500965135112125, -39.583002028260886 ], [ 175.500960371454198, -39.582987681664584 ], [ 175.500958705394424, -39.582982617173144 ], [ 175.500946001892373, -39.582943637421678 ], [ 175.500767809236208, -39.582391670606036 ], [ 175.500433124610055, -39.581509007194228 ], [ 175.500408438245813, -39.581442969309172 ], [ 175.500405271399302, -39.581434375033758 ], [ 175.500381237047435, -39.581368193297102 ], [ 175.500241667845302, -39.580978160809181 ], [ 175.499716004909374, -39.579529353986111 ], [ 175.499675012093974, -39.579413401747722 ], [ 175.499669813241439, -39.579398301113031 ], [ 175.49963082370644, -39.579281935895338 ], [ 175.499512381638681, -39.578918475496494 ], [ 175.499499870848666, -39.578879721526405 ], [ 175.499498258888849, -39.578874680744605 ], [ 175.499485970296718, -39.578835884225569 ], [ 175.49931675766814, -39.578296486596351 ], [ 175.4992970452073, -39.578232634851481 ], [ 175.499294521707952, -39.578224327009153 ], [ 175.499275411101166, -39.578160365795036 ], [ 175.499128222126757, -39.577659426337611 ], [ 175.499068421691277, -39.577443716754168 ], [ 175.499061092511624, -39.577415605052067 ], [ 175.49884142981989, -39.576012246770617 ], [ 175.498833029320821, -39.57585755972034 ], [ 175.498899757336119, -39.57444488684277 ], [ 175.498904012394092, -39.574416398366978 ], [ 175.499255470046506, -39.573029194794046 ], [ 175.499309246155434, -39.572880069445738 ], [ 175.499936761236228, -39.571552489578302 ], [ 175.499952182611878, -39.571526412825875 ], [ 175.500073982130345, -39.571326946578189 ], [ 175.500688682437215, -39.570351362456506 ], [ 175.500713540269601, -39.570312151758216 ], [ 175.500716787732756, -39.570307060459605 ], [ 175.500741890872149, -39.570267943486996 ], [ 175.500933810242771, -39.569970694279078 ], [ 175.501444360667989, -39.569150741164897 ], [ 175.502882207149639, -39.566819878572517 ], [ 175.503175302657922, -39.566376661314315 ], [ 175.503215432145794, -39.56631990163946 ], [ 175.504215179220097, -39.565136864106726 ], [ 175.504309188347008, -39.565042676954796 ], [ 175.505535698546453, -39.563995237698705 ], [ 175.505596522210823, -39.563950852539591 ], [ 175.506076588603833, -39.56361943828523 ], [ 175.507748995552475, -39.562527559009432 ], [ 175.509121175949616, -39.561756703886601 ], [ 175.509308016058924, -39.561667053366129 ], [ 175.510810301189963, -39.561058668059893 ], [ 175.512373202679299, -39.560534098405206 ], [ 175.512480696457288, -39.560425129094384 ], [ 175.511931080290708, -39.560478897987117 ], [ 175.511915205882161, -39.560480442359022 ], [ 175.511913142029869, -39.56048064202934 ], [ 175.51189726486453, -39.560482169508624 ], [ 175.510115474144754, -39.560652611760162 ], [ 175.508870799559332, -39.560777017604146 ], [ 175.507549427909566, -39.560933684211605 ], [ 175.507146540405984, -39.560989182957918 ], [ 175.505985520390311, -39.561159386417003 ], [ 175.505826075475028, -39.561181870818899 ], [ 175.505805322341899, -39.561184681927948 ], [ 175.505645488289986, -39.561205445357253 ], [ 175.504532346794775, -39.561343881919001 ], [ 175.504231207302325, -39.561378210952597 ], [ 175.504191990455126, -39.561382276693479 ], [ 175.502368399290532, -39.561459417698416 ], [ 175.502170928057723, -39.561455755635919 ], [ 175.500354204000644, -39.561311105864831 ], [ 175.500315283781589, -39.561305591095881 ], [ 175.500016614449095, -39.56126013880111 ], [ 175.49836662451699, -39.560991631414865 ], [ 175.497098777237511, -39.560796301794412 ], [ 175.49699242396801, -39.560779516456599 ], [ 175.496978611493375, -39.560777284500801 ], [ 175.496872465154411, -39.560759732057441 ], [ 175.495246320602746, -39.560484674860781 ], [ 175.495142607791081, -39.560468000288161 ], [ 175.494688387442807, -39.560500531064953 ], [ 175.493562268047896, -39.560583771019083 ], [ 175.493554145150512, -39.560584369208428 ], [ 175.491554359145113, -39.560730224544265 ], [ 175.491536352180447, -39.560731526790754 ], [ 175.491534011110076, -39.560731694674416 ], [ 175.491516001607181, -39.560732975253494 ], [ 175.490187647807943, -39.560826615439083 ], [ 175.490185911959884, -39.560826737694711 ], [ 175.489217783464767, -39.560894774380067 ], [ 175.486697387724405, -39.561080788997238 ], [ 175.486662079978515, -39.561083352435439 ], [ 175.486657489324529, -39.561083680268212 ], [ 175.48662217162456, -39.561086160411037 ], [ 175.484817409994463, -39.561210737580232 ], [ 175.48383251268919, -39.561287396831986 ], [ 175.483737407262936, -39.561294493787884 ], [ 175.483725038872393, -39.561295377089209 ], [ 175.483629861368371, -39.561301869384536 ], [ 175.482663485764192, -39.56136469067215 ], [ 175.481515127003576, -39.561447579222438 ], [ 175.480265660136382, -39.561541608495581 ], [ 175.480231817265832, -39.561544116551289 ], [ 175.480227417086155, -39.561544437623368 ], [ 175.480193564884615, -39.561546869138091 ], [ 175.478563483775986, -39.561662083237273 ], [ 175.477151525602636, -39.561762749752148 ], [ 175.476455633332336, -39.561796124124029 ], [ 175.476365080654915, -39.5617983621189 ], [ 175.474540758376975, -39.561732467854767 ], [ 175.474395127014759, -39.561718282862444 ], [ 175.472606596567431, -39.561432273044936 ], [ 175.472519584009007, -39.561412739607285 ], [ 175.471856075694234, -39.561246955172422 ], [ 175.471757016468359, -39.561219641897601 ], [ 175.471474199269039, -39.561223089236115 ], [ 175.471239873405551, -39.561197282216547 ], [ 175.470483711631033, -39.561017241328855 ], [ 175.470068659049559, -39.561116021588731 ], [ 175.470034104701739, -39.561124199833081 ], [ 175.470029610514729, -39.561125257603983 ], [ 175.469995023524064, -39.561133352758354 ], [ 175.469077079924006, -39.561346991568421 ], [ 175.468161347244262, -39.561562930161159 ], [ 175.468156576196264, -39.561564054344515 ], [ 175.466374593814521, -39.561983095924582 ], [ 175.466353007271238, -39.561988154215619 ], [ 175.466350200200424, -39.561988809687783 ], [ 175.466328601038867, -39.56199383558387 ], [ 175.464919816013406, -39.562320482918381 ], [ 175.464686161841058, -39.562370567368951 ], [ 175.467930014221082, -39.562994545840482 ], [ 175.468147962481027, -39.563065996919541 ], [ 175.468349685247148, -39.563163391249937 ], [ 175.469617654772321, -39.563105122628549 ], [ 175.469853216725369, -39.563123005685711 ], [ 175.473377063339854, -39.563833491058737 ], [ 175.47359396293092, -39.563906834301285 ], [ 175.476661815041126, -39.565425294000143 ], [ 175.47683882675048, -39.565546920800891 ], [ 175.479150437565153, -39.567724767484783 ], [ 175.479270235122726, -39.56788277570363 ], [ 175.480599297280293, -39.57050687892653 ], [ 175.480650149348321, -39.57068580462419 ], [ 175.480866459184057, -39.573499333533448 ], [ 175.480843379501636, -39.573681663541237 ], [ 175.479925622669242, -39.576409214028772 ], [ 175.479830861389956, -39.576577099752669 ], [ 175.47786875289259, -39.578951651496403 ], [ 175.477711579780106, -39.579088656390233 ], [ 175.474897128447793, -39.580877721607933 ], [ 175.474692927830716, -39.580970431136244 ], [ 175.473049605472028, -39.581587907415276 ], [ 175.472890403088428, -39.581636185348891 ], [ 175.471609374238909, -39.582049602354878 ], [ 175.471513072656023, -39.582080289713673 ], [ 175.471500530634216, -39.582084235654079 ], [ 175.471403878036512, -39.582114255070749 ], [ 175.470462107089446, -39.58240297693974 ], [ 175.470221000077942, -39.582657684274537 ], [ 175.470137590728541, -39.582738107653597 ], [ 175.468885893434077, -39.583767765666465 ], [ 175.468808751729057, -39.583821987406338 ], [ 175.467364262690467, -39.584687436306467 ], [ 175.467252812706079, -39.584743976214362 ], [ 175.466370704856899, -39.585149632780158 ], [ 175.4659164819289, -39.585338068923633 ], [ 175.465897509639149, -39.585345922134245 ], [ 175.465895042026631, -39.585346941286012 ], [ 175.465876051047132, -39.58535476733325 ], [ 175.465244849243874, -39.585614299266062 ], [ 175.465231283668118, -39.585619868104907 ], [ 175.465229519526474, -39.585620591153749 ], [ 175.46521594446159, -39.585626146143284 ], [ 175.464238726412901, -39.586025384528682 ], [ 175.46421642216896, -39.586034472805885 ], [ 175.464213520965927, -39.586035651851958 ], [ 175.4641911913169, -39.586044702744871 ], [ 175.463581003487263, -39.5862913770085 ], [ 175.463069152274443, -39.58648609724942 ], [ 175.46300185021741, -39.586510134761909 ], [ 175.462373797171892, -39.586689678814736 ], [ 175.462557781074224, -39.586722440583173 ], [ 175.462777374123789, -39.586790950954878 ], [ 175.465901108457757, -39.588240853805885 ], [ 175.466082602045645, -39.588358510799338 ], [ 175.468474539440393, -39.590484270173413 ], [ 175.468600169105372, -39.590639560224325 ], [ 175.469440095676276, -39.591885578124398 ], [ 175.470662891990656, -39.593252667716399 ], [ 175.47076552230277, -39.593417768137165 ], [ 175.471811469977951, -39.596117593765207 ], [ 175.471843137369632, -39.596299149891806 ], [ 175.471816704175666, -39.597190031019416 ], [ 175.471936047495745, -39.597553910341773 ], [ 175.471949598621251, -39.597615002032931 ], [ 175.472116392566107, -39.599022701037306 ], [ 175.47211841733801, -39.599144414205597 ], [ 175.471998500646947, -39.600554967139821 ], [ 175.471986985461172, -39.600616308326032 ], [ 175.471583292912015, -39.601994981458368 ], [ 175.471536597199787, -39.602111221259214 ], [ 175.470859051918524, -39.603424063626719 ], [ 175.470823594618196, -39.603479649405536 ], [ 175.469888868051129, -39.604694329570528 ], [ 175.469798017760951, -39.604793716207482 ], [ 175.468629116232393, -39.605880317989921 ], [ 175.468573185775313, -39.605924706247606 ], [ 175.467198890130902, -39.606856467445553 ], [ 175.467072776410077, -39.606929269998368 ], [ 175.46552692772994, -39.607683239900652 ], [ 175.465455998976438, -39.607712084402507 ], [ 175.465312693233528, -39.60776666663908 ], [ 175.465131337144271, -39.608084180709881 ], [ 175.465002909889535, -39.608238110338682 ], [ 175.462572415877048, -39.610337996284869 ], [ 175.462388768809205, -39.610453690280437 ], [ 175.459238163750456, -39.611869774868218 ], [ 175.459017275630259, -39.611935904856274 ], [ 175.455455035736406, -39.612529526280873 ], [ 175.455218535654808, -39.612539616740591 ], [ 175.452919925195374, -39.612357665440214 ], [ 175.452684314781067, -39.612750228822911 ], [ 175.452562498203349, -39.612946922096718 ], [ 175.452546264156268, -39.612972340206667 ], [ 175.451610723792498, -39.61418669401597 ], [ 175.451494840229032, -39.614313330255527 ], [ 175.450325166097201, -39.615399526567437 ], [ 175.450299569725246, -39.615419820005805 ], [ 175.450100230662912, -39.61557407964478 ], [ 175.449523314536009, -39.61600984364668 ], [ 175.449469438556235, -39.616050276008203 ], [ 175.449462412846117, -39.616055514702452 ], [ 175.4494082009777, -39.616095677636764 ], [ 175.448773626388515, -39.616562774148584 ], [ 175.448141136606097, -39.617029660918043 ], [ 175.448117100481738, -39.617047353005354 ], [ 175.448113971555728, -39.617049649529008 ], [ 175.448089870356824, -39.617067288574653 ], [ 175.447387357063974, -39.61757996873974 ], [ 175.446275269571487, -39.618295953075922 ], [ 175.446123793367093, -39.618381739493955 ], [ 175.445430021703146, -39.618725580677129 ], [ 175.445085693608974, -39.61936733367434 ], [ 175.44506074581227, -39.619413468306789 ], [ 175.44505748109691, -39.619419458800856 ], [ 175.445032202503256, -39.619465485615244 ], [ 175.44409523835202, -39.621158371457291 ], [ 175.445030136630919, -39.622701540599195 ], [ 175.445095847660554, -39.622877551034755 ], [ 175.445546602196032, -39.625674364744292 ], [ 175.445538766160553, -39.625857463873601 ], [ 175.445463819001787, -39.626158555944542 ], [ 175.44548594344144, -39.626323877409206 ], [ 175.445535787117279, -39.626851118297338 ], [ 175.445950948945352, -39.628045834411942 ], [ 175.445975882053062, -39.628228016364275 ], [ 175.445787729888309, -39.631042709030119 ], [ 175.445738636455474, -39.63122193206452 ], [ 175.444434776351812, -39.633853892818117 ], [ 175.444316453584861, -39.63401261172887 ], [ 175.442024413585926, -39.636204167736523 ], [ 175.441848439285565, -39.636326842845321 ], [ 175.438792554126877, -39.637863415884752 ], [ 175.43857615507693, -39.637938035381957 ], [ 175.435055616743966, -39.638669166677175 ], [ 175.434819981979302, -39.638688423764826 ], [ 175.431179529551855, -39.638542520403384 ], [ 175.430947733787292, -39.638504529499777 ], [ 175.430361495635907, -39.638330822500251 ], [ 175.429949399172244, -39.638541579991518 ], [ 175.429749003104746, -39.638627405189808 ], [ 175.428085082474837, -39.63921321868456 ], [ 175.428077606722667, -39.639215320374731 ], [ 175.427016567996532, -39.639442543632697 ], [ 175.426006470469645, -39.639843151785065 ], [ 175.425781317092373, -39.639900237572562 ], [ 175.422182342781213, -39.640348660456503 ], [ 175.421945391339477, -39.640349151764077 ], [ 175.418343361336895, -39.6399156607606 ], [ 175.418117815589028, -39.639859509661257 ], [ 175.414865455398484, -39.638586557009411 ], [ 175.414673400745443, -39.638479262187992 ], [ 175.412089154868823, -39.636491498616259 ], [ 175.411949393648797, -39.636343566269524 ], [ 175.410286223143004, -39.633835622014558 ], [ 175.410212433100753, -39.633661536119547 ], [ 175.409633055132701, -39.630878948490029 ], [ 175.409632451716647, -39.630695751739836 ], [ 175.410193444388995, -39.627910914079017 ], [ 175.410266077371205, -39.62773653888005 ], [ 175.411912393216937, -39.625222031366732 ], [ 175.412051145371265, -39.625073544554894 ], [ 175.412415205532056, -39.624742185204312 ], [ 175.412739070316661, -39.624211829537941 ], [ 175.412872492625695, -39.624060450698721 ], [ 175.412925467952022, -39.624016943934514 ], [ 175.412160195240716, -39.622405708204887 ], [ 175.412114312009066, -39.622225979724682 ], [ 175.411976434666798, -39.619409570178725 ], [ 175.412004612823438, -39.619227673140912 ], [ 175.412998790337582, -39.616516151863138 ], [ 175.413098262640204, -39.616349890597974 ], [ 175.413993559264668, -39.615117528512478 ], [ 175.41426509374449, -39.614804175279211 ], [ 175.414510773108219, -39.614513388159104 ], [ 175.414567905328283, -39.614446418976044 ], [ 175.414575382488579, -39.614437738734004 ], [ 175.414633283503349, -39.614371165731079 ], [ 175.415066891310545, -39.61387737280895 ], [ 175.416147645506527, -39.612825009282638 ], [ 175.416300516897593, -39.612697045848819 ], [ 175.417642297838427, -39.611737284880661 ], [ 175.417651512822317, -39.611731663449923 ], [ 175.41917085371955, -39.610946048649012 ], [ 175.419367359311309, -39.61086088061986 ], [ 175.420942285380136, -39.610293187063029 ], [ 175.421555965393821, -39.610113735981599 ], [ 175.421934736954626, -39.610008721828343 ], [ 175.421984267326707, -39.60999573178664 ], [ 175.422367501543334, -39.609900899129954 ], [ 175.422729915737136, -39.609816526474873 ], [ 175.423448437377999, -39.609634345526366 ], [ 175.42375994076221, -39.609055497874444 ], [ 175.424592428658627, -39.607797102362582 ], [ 175.424646234416059, -39.607729448292417 ], [ 175.424699817852883, -39.607661688755854 ], [ 175.425772766263833, -39.606517397631357 ], [ 175.426201586775647, -39.606128370453774 ], [ 175.426896783625409, -39.60555093569792 ], [ 175.426991231054274, -39.605479071564986 ], [ 175.427749071617654, -39.604950903863731 ], [ 175.429499722681186, -39.603834231185871 ], [ 175.429844800073823, -39.603634343796202 ], [ 175.427929001658015, -39.60291225123072 ], [ 175.427734954452035, -39.602807229627793 ], [ 175.425113185341104, -39.600850111882892 ], [ 175.424970598762116, -39.600703841225844 ], [ 175.423259089070342, -39.598215750742312 ], [ 175.423181917704255, -39.598042552383205 ], [ 175.422723838861629, -39.596674113376274 ], [ 175.422460429883643, -39.595520588665941 ], [ 175.422361603341386, -39.594999198557353 ], [ 175.422351328391585, -39.594931185232191 ], [ 175.422282261169045, -39.593518613896151 ], [ 175.42228832697856, -39.59340345703469 ], [ 175.422505724915396, -39.591999917145415 ], [ 175.422523118142124, -39.591932776102588 ], [ 175.422676443933057, -39.591419335335473 ], [ 175.422992482768649, -39.590486315535379 ], [ 175.423027900167085, -39.590384200872464 ], [ 175.423032604945973, -39.590370947326754 ], [ 175.423069568758905, -39.590269161285775 ], [ 175.42335411009762, -39.589502914135664 ], [ 175.423706115418071, -39.588554427512989 ], [ 175.423728378898574, -39.588495202174663 ], [ 175.42373130718039, -39.588487510636988 ], [ 175.423754094189007, -39.588428404626306 ], [ 175.42415822560244, -39.58739308423138 ], [ 175.424225540746932, -39.587226479684141 ], [ 175.424234562058416, -39.587204888719739 ], [ 175.424931202237275, -39.585898108624605 ], [ 175.425025247303267, -39.585754768339442 ], [ 175.425977476745942, -39.584548390244095 ], [ 175.425994678399945, -39.584530012711213 ], [ 175.426128768652376, -39.584389638989471 ], [ 175.426598094371229, -39.583908145158205 ], [ 175.426640267689208, -39.583865146569927 ], [ 175.426645771811593, -39.583859569511752 ], [ 175.426660301184, -39.58384493868779 ], [ 175.426872072719021, -39.583558004736979 ], [ 175.42712333117862, -39.583233576182245 ], [ 175.427157124182713, -39.58319194947579 ], [ 175.428247229775081, -39.582057617183288 ], [ 175.428361560635608, -39.581956327851508 ], [ 175.429274394901995, -39.581265449501345 ], [ 175.429239694651869, -39.580990627680102 ], [ 175.42923422097391, -39.580821954441113 ], [ 175.429313536413048, -39.579522108367378 ], [ 175.429413194426644, -39.578879682084747 ], [ 175.42937458130541, -39.577662941017834 ], [ 175.429355202394476, -39.577290958212451 ], [ 175.429351038005137, -39.576656684727425 ], [ 175.429354246083932, -39.576574316623358 ], [ 175.429407764973632, -39.575941388483429 ], [ 175.429466485655411, -39.575490995621003 ], [ 175.429510773664731, -39.575123553569675 ], [ 175.429563253157482, -39.574641388697117 ], [ 175.429563543012847, -39.574638730221373 ], [ 175.429623383276493, -39.574092348230536 ], [ 175.42963412451229, -39.573999931594805 ], [ 175.429635600785474, -39.573987923315848 ], [ 175.429647571442928, -39.573895597198238 ], [ 175.429727134784628, -39.573312203563468 ], [ 175.429793633086206, -39.572757211390282 ], [ 175.429838028059038, -39.572362125920634 ], [ 175.430130636933399, -39.570992565576269 ], [ 175.430186121599263, -39.5708178409838 ], [ 175.430747117851325, -39.569499329533791 ], [ 175.430963181707767, -39.56909849129363 ], [ 175.43114543732807, -39.568749452804461 ], [ 175.431162705391102, -39.568715324209577 ], [ 175.429830509774519, -39.568479708502672 ], [ 175.429634460808188, -39.568432237954561 ], [ 175.427939495062304, -39.567905598139696 ], [ 175.427911161233851, -39.567894724894046 ], [ 175.427694338493467, -39.567809321294881 ], [ 175.427340477760566, -39.567666315883024 ], [ 175.426532662200316, -39.567342068707049 ], [ 175.426532488024179, -39.56734199879255 ], [ 175.425704858171713, -39.567009765415442 ], [ 175.425628846186385, -39.566978975987652 ], [ 175.425618983826581, -39.566974945226349 ], [ 175.425543267200197, -39.566943722942071 ], [ 175.424971822698666, -39.566705984457634 ], [ 175.424920170579611, -39.566684365211373 ], [ 175.424913465009013, -39.566681541615694 ], [ 175.424861954503768, -39.566659720928676 ], [ 175.423783708335748, -39.566200210410891 ], [ 175.423746685093022, -39.566184364189539 ], [ 175.423741876927437, -39.5661822974171 ], [ 175.423704928392112, -39.566166347139465 ], [ 175.422836050595237, -39.565789652593175 ], [ 175.422824782417024, -39.56578476094078 ], [ 175.422823318008113, -39.565784124395819 ], [ 175.42281205681806, -39.565779223048658 ], [ 175.422304898015256, -39.565558197371153 ], [ 175.421910890743192, -39.565378501364521 ], [ 175.421860282566428, -39.565354371101897 ], [ 175.421475702545337, -39.565162832333378 ], [ 175.420697570318595, -39.564758329925404 ], [ 175.420666827891722, -39.564742293605057 ], [ 175.420662835678201, -39.564740203962351 ], [ 175.420632159435542, -39.564724091933428 ], [ 175.419144992776609, -39.563940291229351 ], [ 175.419072962541378, -39.563902020209476 ], [ 175.419063622873864, -39.563897017840588 ], [ 175.418991965916689, -39.563858329339212 ], [ 175.418668458913004, -39.56368226191843 ], [ 175.418530565168595, -39.563609249462822 ], [ 175.418514298865176, -39.563613896252718 ], [ 175.418286503674523, -39.563663648703226 ], [ 175.414670392172269, -39.56399525336591 ], [ 175.414433882166691, -39.563988078664721 ], [ 175.410862404354987, -39.563438434238726 ], [ 175.410640339998196, -39.563375035158181 ], [ 175.407463225859743, -39.561997967917577 ], [ 175.407277351246307, -39.561884552844418 ], [ 175.404805669379641, -39.559814907190834 ], [ 175.4046741811392, -39.559662581472111 ], [ 175.403149862254907, -39.557103002279369 ], [ 175.403085627604241, -39.556926679819753 ], [ 175.402657788318891, -39.55412775568368 ], [ 175.402667086970865, -39.553944697845438 ], [ 175.403358229786392, -39.551255285861373 ], [ 175.403321589307126, -39.551104300904562 ], [ 175.403309212024197, -39.551044932072216 ], [ 175.403229159210412, -39.550586355000895 ], [ 175.403222561599335, -39.55053952674627 ], [ 175.402912788872584, -39.55006171162681 ], [ 175.402841031774898, -39.549887137641463 ], [ 175.402293400718008, -39.547100753746946 ], [ 175.402294840642895, -39.54691755763703 ], [ 175.402886184595332, -39.544136535382002 ], [ 175.402960671341958, -39.543962649428885 ], [ 175.4046329732289, -39.541459194678218 ], [ 175.404773208241551, -39.541311637784951 ], [ 175.407362693143625, -39.539330760523306 ], [ 175.407554946721632, -39.53922397315165 ], [ 175.410808143199773, -39.537959521620699 ], [ 175.411033599416669, -39.537903953569845 ], [ 175.414632148977859, -39.537479659601971 ], [ 175.4148687462949, -39.537480748366171 ], [ 175.416687878257306, -39.537600014629788 ], [ 175.417212333173723, -39.53766679818159 ], [ 175.417402634497421, -39.537692288162823 ], [ 175.417427336457848, -39.537695760592037 ], [ 175.419192505691512, -39.538056603178042 ], [ 175.419392392370582, -39.538110769002174 ], [ 175.421062955669072, -39.538680950645308 ], [ 175.421085063623025, -39.53869016290286 ], [ 175.422619895433797, -39.539455651649767 ], [ 175.422788390013466, -39.539554988420548 ], [ 175.424149708238332, -39.540496939951041 ], [ 175.424167058625159, -39.540510990601426 ], [ 175.425321341011596, -39.541606219533818 ], [ 175.425441952065768, -39.541741006574149 ], [ 175.426360775790585, -39.542962550420583 ], [ 175.426371670164315, -39.542980064462839 ], [ 175.427032398108082, -39.544297851412985 ], [ 175.427093316277677, -39.544454897736856 ], [ 175.427280647628805, -39.545124798014015 ], [ 175.42839759707374, -39.545582162723917 ], [ 175.428443226847691, -39.54560455922833 ], [ 175.428790250895389, -39.545781693970511 ], [ 175.429270360702162, -39.546036397769186 ], [ 175.429287757955024, -39.546045645101131 ], [ 175.429290018186776, -39.546046848840078 ], [ 175.429307393730312, -39.546056120568913 ], [ 175.430083716790875, -39.546471172060443 ], [ 175.430878804970376, -39.546895965008254 ], [ 175.430883015357068, -39.546898215513934 ], [ 175.43162201125449, -39.54729368727984 ], [ 175.43272811948512, -39.547879292758907 ], [ 175.432789844092554, -39.547912197290131 ], [ 175.432797850419917, -39.547916494837196 ], [ 175.432859300079969, -39.547949706414933 ], [ 175.433171962565012, -39.548119851504545 ], [ 175.434549425831847, -39.548845749409487 ], [ 175.434890189314501, -39.549022872054003 ], [ 175.434960705041988, -39.549053600724008 ], [ 175.435401346769567, -39.549244621769724 ], [ 175.435524948119536, -39.549226323686497 ], [ 175.435937917153126, -39.549164759552852 ], [ 175.43676133736966, -39.549038957063068 ], [ 175.438415612651568, -39.547542053872363 ], [ 175.438595683365094, -39.547423192444825 ], [ 175.441701325247351, -39.545952535219975 ], [ 175.441920018158271, -39.545882564457834 ], [ 175.445460577760173, -39.545226769456455 ], [ 175.445696492402931, -39.545212536215708 ], [ 175.448848720453412, -39.545406451477696 ], [ 175.448909327111323, -39.545392794693299 ], [ 175.449736496484434, -39.545231610111223 ], [ 175.450259810552296, -39.545145289212904 ], [ 175.450271885774725, -39.545143302484071 ], [ 175.451125241366327, -39.545003827804763 ], [ 175.451179581275369, -39.544995051145293 ], [ 175.451186648935874, -39.544993923230201 ], [ 175.45124104226548, -39.54498534734968 ], [ 175.452081734952515, -39.54485441284789 ], [ 175.453150337747019, -39.544674525315266 ], [ 175.453168430298234, -39.544671491207737 ], [ 175.453170782734247, -39.544671098222267 ], [ 175.453188881505952, -39.544668086399454 ], [ 175.454316434597388, -39.544481170200342 ], [ 175.45435639390908, -39.544474602638907 ], [ 175.454361590537133, -39.544473755917657 ], [ 175.45440157934965, -39.544467296998114 ], [ 175.455452202329184, -39.544299086367417 ], [ 175.456514840116, -39.544121292027285 ], [ 175.457621304583398, -39.543935452163041 ], [ 175.457656435729348, -39.543929595371289 ], [ 175.457661004287559, -39.543928839449443 ], [ 175.45769615865251, -39.54392306667409 ], [ 175.458303965512016, -39.54382401467241 ], [ 175.459193424520606, -39.543617777762151 ], [ 175.460943278010376, -39.543206290933426 ], [ 175.461875917453, -39.54298636492512 ], [ 175.461896227931476, -39.542981591074543 ], [ 175.461898869020018, -39.5429809723394 ], [ 175.461919190672717, -39.542976227187673 ], [ 175.462821715282502, -39.542766176531821 ], [ 175.463948288425172, -39.542498053233253 ], [ 175.463969670718257, -39.542492981549699 ], [ 175.463972451232507, -39.542492324299246 ], [ 175.463993846081479, -39.542487284437456 ], [ 175.465676725852489, -39.542092211036675 ], [ 175.466509131423663, -39.541895959692511 ], [ 175.46652031672906, -39.54189332730401 ], [ 175.466521771041897, -39.541892985658762 ], [ 175.466532959780238, -39.541890361966331 ], [ 175.467522780121499, -39.541658670175693 ], [ 175.467584550774887, -39.54164435541179 ], [ 175.467592587557334, -39.541642511731254 ], [ 175.469378431068208, -39.541348490881681 ], [ 175.469604810554046, -39.541325398649853 ], [ 175.47142806631345, -39.541251267186311 ], [ 175.471436445562034, -39.541251436322717 ], [ 175.473252237656737, -39.541399022627431 ], [ 175.473476756072017, -39.541431216346325 ], [ 175.475240392531816, -39.54179688481193 ], [ 175.475248294354401, -39.541799050221897 ], [ 175.475309018007806, -39.541815837602513 ], [ 175.476380099893873, -39.542114530761509 ], [ 175.477343176596492, -39.542377716834103 ], [ 175.477408184321234, -39.542395649582865 ], [ 175.47741662632464, -39.54239800022112 ], [ 175.477481495575432, -39.5424162311377 ], [ 175.477634433043676, -39.542459610502377 ], [ 175.477903506620038, -39.542440589292482 ], [ 175.4791409702176, -39.54234745635398 ], [ 175.479163850960418, -39.542345751858655 ], [ 175.479166825735433, -39.542345532549092 ], [ 175.47918971076254, -39.54234386305103 ], [ 175.480418926807261, -39.542255131432839 ], [ 175.480472267470077, -39.542251376569162 ], [ 175.480479203169182, -39.542250900794812 ], [ 175.480532565569689, -39.542247336053165 ], [ 175.481454144458382, -39.542187422536195 ], [ 175.48240717224644, -39.542113238025031 ], [ 175.482472561002993, -39.54210829215419 ], [ 175.482481063818739, -39.542107667774836 ], [ 175.482546487612268, -39.542103007809388 ], [ 175.484382842290444, -39.541976240858439 ], [ 175.48689294910119, -39.541790971440662 ], [ 175.4869192303874, -39.541789054632559 ], [ 175.486922647314884, -39.541788808448118 ], [ 175.486948934143641, -39.541786937803884 ], [ 175.487941624321138, -39.541717169906256 ], [ 175.489248802900732, -39.541625015534905 ], [ 175.491214030807214, -39.541481671888057 ], [ 175.492350399334839, -39.541397668155092 ], [ 175.49236749909241, -39.541396413864383 ], [ 175.492369722215159, -39.541396252076908 ], [ 175.49238682434617, -39.541395017329343 ], [ 175.494705448753137, -39.541228928951426 ], [ 175.496431788529321, -39.541204851987963 ], [ 175.496655276467919, -39.541214594595395 ], [ 175.498367217845242, -39.541388558149862 ], [ 175.50034919470923, -39.541707216102921 ], [ 175.500408141048496, -39.541716816105996 ], [ 175.50041579985043, -39.541718079453766 ], [ 175.500474681233641, -39.541727915570235 ], [ 175.502050180704174, -39.54199439657058 ], [ 175.502759320885133, -39.542103646019221 ], [ 175.503354156230586, -39.542021702999669 ], [ 175.503492557084769, -39.542003303179989 ], [ 175.503510567178154, -39.542000995338952 ], [ 175.503649244685874, -39.541983889911506 ], [ 175.505262586625435, -39.541792598385882 ], [ 175.505398366884776, -39.541777132036692 ], [ 175.505416033015564, -39.541775202068784 ], [ 175.50555203938606, -39.541760976603747 ], [ 175.506974992200156, -39.541618745196708 ], [ 175.507006591703146, -39.541615620504651 ], [ 175.507010700350463, -39.541615218648687 ], [ 175.507042310805957, -39.541612160941249 ], [ 175.508840383675761, -39.541440152329727 ], [ 175.510235388987752, -39.541303666495871 ], [ 175.515510319639986, -39.540776841180076 ], [ 175.515511249449958, -39.540776748323999 ], [ 175.519152468777435, -39.540413351509606 ], [ 175.519260919972908, -39.5404029268363 ], [ 175.519275026534615, -39.540401622915695 ], [ 175.519383599366648, -39.540391987271882 ], [ 175.519443428095855, -39.540386897824312 ], [ 175.51965646675643, -39.540320581496772 ], [ 175.519887110656612, -39.540279673543935 ], [ 175.523518938167285, -39.540087794285618 ], [ 175.523754620726095, -39.54010406498417 ], [ 175.527285328987347, -39.540790421497718 ], [ 175.527502989018643, -39.540862278954712 ], [ 175.528817189340231, -39.541500385061163 ], [ 175.529210309674511, -39.541369734469129 ], [ 175.529396085404841, -39.541320960656392 ], [ 175.530856677361385, -39.541017817617629 ], [ 175.531730417642848, -39.540882873311119 ], [ 175.532436642629165, -39.540791192885912 ], [ 175.532528838287732, -39.540781471774672 ], [ 175.533241008411323, -39.540723596610768 ], [ 175.534306863125153, -39.540662574552137 ], [ 175.535170437881817, -39.540610728104859 ], [ 175.535840942852332, -39.540585507318838 ], [ 175.535928158052883, -39.540584177146989 ], [ 175.536599425706072, -39.540588933751884 ], [ 175.537605792066557, -39.540618552571985 ], [ 175.537626835885447, -39.540619186596182 ], [ 175.53762957148524, -39.540619270935977 ], [ 175.537650613817135, -39.54061993444688 ], [ 175.539456603624728, -39.540678134651451 ], [ 175.540356827238298, -39.540694647237551 ], [ 175.540411803566485, -39.540695756087445 ], [ 175.540418950009496, -39.540695913312668 ], [ 175.540473918958355, -39.540697223312229 ], [ 175.5425043092539, -39.540749311594602 ], [ 175.543058839577441, -39.540760125081619 ], [ 175.543134604007037, -39.540761793507734 ], [ 175.543144452366704, -39.540762035235879 ], [ 175.543220201161972, -39.540764085704225 ], [ 175.544272518592834, -39.540795223464947 ], [ 175.544281123633425, -39.540795480482664 ], [ 175.544933121568846, -39.540815428416202 ], [ 175.546328195658049, -39.540855767740389 ], [ 175.546826536195198, -39.540878470723712 ], [ 175.546891208932067, -39.540882496381947 ], [ 175.547387833701521, -39.540921726612304 ], [ 175.549064483717956, -39.54108236165132 ], [ 175.54909267306769, -39.541085089236411 ], [ 175.549096337118272, -39.541085447285219 ], [ 175.549124517777841, -39.541088228143145 ], [ 175.549972102694255, -39.541172678527452 ], [ 175.550002690829558, -39.541175758020238 ], [ 175.550006666594328, -39.541176162433906 ], [ 175.550037244071376, -39.541179304690083 ], [ 175.55260182306975, -39.54144549969044 ], [ 175.553202146883081, -39.54150627075645 ], [ 175.553988370692196, -39.541584673956073 ], [ 175.554041116642338, -39.541590028584672 ], [ 175.554047971524739, -39.541590736817362 ], [ 175.55410068530378, -39.541596278076341 ], [ 175.55568571903018, -39.541765742882589 ], [ 175.555787792404345, -39.541777012404935 ], [ 175.555801053301536, -39.541778522927515 ], [ 175.555902993731621, -39.541790492214055 ], [ 175.556393382347608, -39.541849791762793 ], [ 175.556807513484273, -39.541893844580677 ], [ 175.557331259197213, -39.541959005480152 ], [ 175.557399061512541, -39.541968673180484 ], [ 175.557918428483788, -39.542052246155343 ], [ 175.558054239899008, -39.542076612605563 ], [ 175.558536883523914, -39.54211524979354 ], [ 175.55893152378286, -39.542152125610599 ], [ 175.558982706337162, -39.542157596368511 ], [ 175.559365973922354, -39.542203740375186 ], [ 175.560078956012831, -39.541994133803129 ], [ 175.561262460476883, -39.541701133244693 ], [ 175.561418499811111, -39.541669502216038 ], [ 175.562635602210207, -39.541475871230048 ], [ 175.563234234801854, -39.541406177544545 ], [ 175.563252562510115, -39.541404055309222 ], [ 175.563254945394988, -39.541403780887542 ], [ 175.563273277454158, -39.541401681251116 ], [ 175.5640665676369, -39.541311319745347 ], [ 175.564082345039083, -39.541309531078063 ], [ 175.564084396307265, -39.541309299639295 ], [ 175.564100176876821, -39.541307527710224 ], [ 175.564984066870664, -39.54120875485728 ], [ 175.566559463814343, -39.541116598167285 ], [ 175.566764369418337, -39.541115412064705 ], [ 175.568341370385554, -39.541189321072373 ], [ 175.568920777864406, -39.541247236288875 ], [ 175.569283414659907, -39.541287987086513 ], [ 175.569330438062423, -39.541293857981358 ], [ 175.569691238275908, -39.541343428649562 ], [ 175.570748643744849, -39.541502036225388 ], [ 175.571677138994517, -39.54167215153128 ], [ 175.571796470712741, -39.541698057375413 ], [ 175.573510419085409, -39.542185315253988 ], [ 175.573613496788482, -39.542221958017883 ], [ 175.575207927037582, -39.542910785559819 ], [ 175.575311083402397, -39.542963971390336 ], [ 175.576082915425758, -39.543398301198678 ], [ 175.576129328743576, -39.543426741675432 ], [ 175.576479825212289, -39.54350174989915 ], [ 175.577017463469474, -39.543614186790393 ], [ 175.577101330375115, -39.543632119884037 ], [ 175.577622391521004, -39.543506681878782 ], [ 175.577856561793283, -39.543480321472103 ], [ 175.581496770977594, -39.543516045946028 ], [ 175.581730003375782, -39.543546993403524 ], [ 175.585177866480677, -39.544451781651389 ], [ 175.585387339245102, -39.544537008955508 ], [ 175.586821028756418, -39.545365033952798 ], [ 175.58713400332843, -39.54536244648429 ], [ 175.58717822773491, -39.545362145870811 ], [ 175.587183976984875, -39.545362115248622 ], [ 175.587228202578359, -39.545361944751413 ], [ 175.588430546767086, -39.545359072081759 ], [ 175.588479337467675, -39.54535903444156 ], [ 175.588485680242883, -39.54535903984204 ], [ 175.588534470699557, -39.545359160566626 ], [ 175.589758362616379, -39.545364168780495 ], [ 175.591331848201776, -39.545366223599864 ], [ 175.594354263408718, -39.54535909911732 ], [ 175.595457574399745, -39.544748569381689 ], [ 175.595669247575643, -39.544666663599436 ], [ 175.599140227591704, -39.5438164429628 ], [ 175.599374227864729, -39.543789180506487 ], [ 175.602937033794859, -39.543810417920575 ], [ 175.604029586411258, -39.543447478923582 ], [ 175.604258966865643, -39.543402465554522 ], [ 175.60788435973214, -39.543145830102134 ], [ 175.608120479521176, -39.543157891523578 ], [ 175.611670910433872, -39.543781081709646 ], [ 175.611890665651316, -39.54384903789235 ], [ 175.61434400243715, -39.544980043194307 ], [ 175.614589120054802, -39.545030323596542 ], [ 175.614631110482861, -39.545039001940744 ], [ 175.614636566498433, -39.545040138012759 ], [ 175.61467851477147, -39.545048937699455 ], [ 175.615189347488808, -39.545156889296052 ], [ 175.617379911105559, -39.545616825069466 ], [ 175.617841879666827, -39.545711968115192 ], [ 175.617862212905692, -39.545716170971708 ], [ 175.617864855586646, -39.545716719192974 ], [ 175.617885178977218, -39.545720950509811 ], [ 175.620017072683652, -39.54616638779315 ], [ 175.621015004293781, -39.546371727001244 ], [ 175.621032815424314, -39.546375403512506 ], [ 175.621035130378544, -39.546375882877811 ], [ 175.621052933928837, -39.546379581217323 ], [ 175.621950156764967, -39.546566547610126 ], [ 175.621950531859767, -39.546566625777125 ], [ 175.622697403378822, -39.546722292221212 ], [ 175.623183117115332, -39.546653109896042 ], [ 175.624334367301458, -39.546486017495923 ], [ 175.624369956904729, -39.54648089617752 ], [ 175.624374584879234, -39.546480235978322 ], [ 175.624410194883666, -39.54647520038597 ], [ 175.625623919929666, -39.546305071071238 ], [ 175.62705141288825, -39.546026170487842 ], [ 175.627071783463634, -39.546022205520451 ], [ 175.627074432236981, -39.546021691925247 ], [ 175.627094812020772, -39.546017755427897 ], [ 175.628710471998659, -39.545706865513864 ], [ 175.629567166551794, -39.545540896088966 ], [ 175.630354975144883, -39.545384634955909 ], [ 175.630390010367961, -39.545377730493584 ], [ 175.630394566736612, -39.545376838392542 ], [ 175.630429629492966, -39.545370018223267 ], [ 175.631246761991946, -39.545212116145585 ], [ 175.631894362088417, -39.545086666550127 ], [ 175.633360851121893, -39.544798846286554 ], [ 175.633392570995937, -39.544792657281839 ], [ 175.633396696028512, -39.544791857200231 ], [ 175.633428438193334, -39.544785737256944 ], [ 175.634088995255013, -39.544659141664333 ], [ 175.634095018954099, -39.54465798850655 ], [ 175.634760934510126, -39.544530876894953 ], [ 175.635667353368234, -39.544353488861702 ], [ 175.636328172327921, -39.544222440290703 ], [ 175.636353171157083, -39.544217505486777 ], [ 175.636356421918833, -39.544216866751974 ], [ 175.636381434808669, -39.544211974866478 ], [ 175.636859032507147, -39.544119003667262 ], [ 175.637155687773628, -39.544044196792939 ], [ 175.638170626360733, -39.543783027932626 ], [ 175.638176586656897, -39.543781495532912 ], [ 175.638747757619228, -39.543634982126733 ], [ 175.638779258525744, -39.543626940217891 ], [ 175.638783355556143, -39.543625899290973 ], [ 175.63881488588666, -39.54361792693917 ], [ 175.639558882772747, -39.543430714606693 ], [ 175.640288747870187, -39.543246847300956 ], [ 175.64201614126975, -39.542806187998771 ], [ 175.643385550908164, -39.542439340342717 ], [ 175.643767478892784, -39.542342706766398 ], [ 175.643817394756809, -39.542330811678681 ], [ 175.644203403196684, -39.542244443892542 ], [ 175.646230325669393, -39.541820121286307 ], [ 175.647621492006095, -39.54151920384426 ], [ 175.647937912678032, -39.541449747781513 ], [ 175.650156894603327, -39.539491361470809 ], [ 175.650338845422766, -39.539374232056339 ], [ 175.653467629927377, -39.53793343537636 ], [ 175.65368741426434, -39.537865566685966 ], [ 175.657238000794365, -39.537243794213374 ], [ 175.657474111477967, -39.537231827386783 ], [ 175.66109907227667, -39.53748992153669 ], [ 175.661328406344637, -39.537535027665108 ], [ 175.661824526837677, -39.537700087560722 ], [ 175.661937824901941, -39.537644870141477 ], [ 175.662141452868411, -39.537547875862238 ], [ 175.662168088966553, -39.537535478479896 ], [ 175.662244641181815, -39.537500672278036 ], [ 175.661355142591333, -39.536198512642926 ], [ 175.661278596678443, -39.536025152288651 ], [ 175.66113097403678, -39.535368518849033 ], [ 175.660561081833521, -39.535280814456307 ], [ 175.659683568046887, -39.535147192071427 ], [ 175.658433278472245, -39.534900331039609 ], [ 175.658273535937241, -39.534861368723078 ], [ 175.656580609121875, -39.534332146514565 ], [ 175.656518193320636, -39.534308065361785 ], [ 175.654953058162533, -39.533580268460646 ], [ 175.654816689397137, -39.533504985798615 ], [ 175.653809241900319, -39.532880772972234 ], [ 175.653246530989719, -39.532490570667619 ], [ 175.653236184619601, -39.532483387461376 ], [ 175.653234544629015, -39.532482247491053 ], [ 175.65322061611505, -39.532472549979666 ], [ 175.652525132956953, -39.531987540575571 ], [ 175.652525042499974, -39.531987477492301 ], [ 175.65126860639657, -39.530961980874167 ], [ 175.651194173243482, -39.530890785992497 ], [ 175.651119738687356, -39.53081958966748 ], [ 175.650085913602737, -39.529654447832293 ], [ 175.649300207562192, -39.528378387139121 ], [ 175.649257832417135, -39.528292865597727 ], [ 175.649215455520277, -39.528207340458131 ], [ 175.64869722305346, -39.526851799380999 ], [ 175.648459213642127, -39.52545019790427 ], [ 175.64845304006576, -39.525358719960074 ], [ 175.648446866377157, -39.525267241238815 ], [ 175.648494910187338, -39.523854040903672 ], [ 175.648827810144866, -39.522464066669606 ], [ 175.648858438160516, -39.522375589519619 ], [ 175.648889067077732, -39.52228710930418 ], [ 175.649498595391805, -39.520954593824477 ], [ 175.650369770120307, -39.519712283412957 ], [ 175.650434202812761, -39.519635459480121 ], [ 175.650498627095629, -39.519558645260894 ], [ 175.651609883631806, -39.518437240043234 ], [ 175.652934056121723, -39.517464168325759 ], [ 175.65302597886614, -39.517406525205232 ], [ 175.653117896150718, -39.517348885265385 ], [ 175.654622295129258, -39.516548209179817 ], [ 175.656269642829784, -39.51593972550944 ], [ 175.656380058949736, -39.515906901882097 ], [ 175.656490472494596, -39.515874078823018 ], [ 175.658240410693082, -39.515472641970014 ], [ 175.660050094917182, -39.515288129225425 ], [ 175.660168199500191, -39.515283336027494 ], [ 175.660286304871676, -39.515278542620472 ], [ 175.66211088771729, -39.515315547842746 ], [ 175.6632907590228, -39.515484906579076 ], [ 175.662801163981243, -39.513729470747194 ], [ 175.662696118001151, -39.513389513747754 ], [ 175.662602683716273, -39.513105397126573 ], [ 175.662582386369962, -39.513042737967098 ], [ 175.662579785455932, -39.513034585053013 ], [ 175.662560068739452, -39.512971814765301 ], [ 175.66218885546607, -39.511771273732144 ], [ 175.662168015089264, -39.511702689736154 ], [ 175.66216535089481, -39.511693765746614 ], [ 175.662145203664039, -39.511625057595744 ], [ 175.661978089470949, -39.511044643571829 ], [ 175.661453587452314, -39.509222894435617 ], [ 175.660771791594158, -39.509213246012273 ], [ 175.660761430979278, -39.509213095834177 ], [ 175.656018802387507, -39.509140076914271 ], [ 175.655914147022003, -39.509138098331015 ], [ 175.655900543594072, -39.509137793683145 ], [ 175.655795915454576, -39.509135085376194 ], [ 175.655562543074666, -39.509128229547009 ], [ 175.65443050482358, -39.509114287306822 ], [ 175.653708736973243, -39.509107814843496 ], [ 175.653613042274998, -39.509106651309096 ], [ 175.653600602978344, -39.509106460397199 ], [ 175.653504923882764, -39.50910468682568 ], [ 175.651939787533024, -39.509070671457707 ], [ 175.650125140028649, -39.508920246636272 ], [ 175.649892663487094, -39.508886516645752 ], [ 175.646464981317536, -39.507940530799566 ], [ 175.646257346520031, -39.507852797126276 ], [ 175.643374946501183, -39.506132536176693 ], [ 175.643212483016725, -39.505999389863312 ], [ 175.641157547366589, -39.503673297592371 ], [ 175.641056157527231, -39.503507775449371 ], [ 175.640029783844767, -39.500803595257459 ], [ 175.639999386393697, -39.500621902383514 ], [ 175.640101923418058, -39.497804365350895 ], [ 175.640145484888393, -39.497624287857448 ], [ 175.641366755478742, -39.494969188687364 ], [ 175.641480003240048, -39.49480835238586 ], [ 175.643700354095756, -39.49257555479543 ], [ 175.643872197845781, -39.492449700406347 ], [ 175.64687425277674, -39.490857713571486 ], [ 175.647087871976964, -39.490779157080944 ], [ 175.650577822686415, -39.489983766524418 ], [ 175.650812312794926, -39.489960194952687 ], [ 175.65082990738108, -39.489959506241 ], [ 175.649532119970416, -39.48888682510843 ], [ 175.649399384687399, -39.48873520339378 ], [ 175.647853443457734, -39.486183743408503 ], [ 175.647787679578386, -39.486007759455056 ], [ 175.647334989324094, -39.483211003770492 ], [ 175.64734262636577, -39.483027885867664 ], [ 175.648027362734467, -39.48025961135604 ], [ 175.64810764393772, -39.480087283973688 ], [ 175.649116987151956, -39.478667426345915 ], [ 175.649286544011034, -39.478089677752664 ], [ 175.649374390728298, -39.477919581860967 ], [ 175.651237407810441, -39.475498765725753 ], [ 175.65138877075816, -39.475358029492817 ], [ 175.654125728374225, -39.473501795944941 ], [ 175.65432578963339, -39.473404192112199 ], [ 175.654516499049294, -39.473340873059982 ], [ 175.654849072699477, -39.472465761218338 ], [ 175.654777314808825, -39.472444957581303 ], [ 175.654871872762584, -39.472249043025727 ], [ 175.655011722731501, -39.472037766203655 ], [ 175.655063738262982, -39.471900892056283 ], [ 175.655165178322392, -39.4717354037939 ], [ 175.655202714677216, -39.471749224790088 ], [ 175.656100628520676, -39.470392662674151 ], [ 175.656232155255282, -39.470240427192799 ], [ 175.657320323299587, -39.469329858475788 ], [ 175.657594126311523, -39.468447135772344 ], [ 175.657684654157322, -39.468277889619728 ], [ 175.658359786638982, -39.467424559176024 ], [ 175.658382746501189, -39.467323316304075 ], [ 175.658519536044764, -39.466912440914427 ], [ 175.658783728278905, -39.466231253952316 ], [ 175.658822525985585, -39.466143887659577 ], [ 175.659070895600507, -39.465649001068265 ], [ 175.658981665220352, -39.46504342657127 ], [ 175.658991911415825, -39.464860384196854 ], [ 175.659715908667039, -39.462098128097765 ], [ 175.659798621809642, -39.461926497935522 ], [ 175.660538258827927, -39.460912459349345 ], [ 175.660476346868109, -39.460875934039137 ], [ 175.660028416623817, -39.46058024636983 ], [ 175.659187775749103, -39.459966936829858 ], [ 175.659083864985035, -39.459883200849788 ], [ 175.658325878625249, -39.459208265139821 ], [ 175.6579621137613, -39.458849856834881 ], [ 175.657513275777802, -39.458376657807165 ], [ 175.657457574687953, -39.45831373355805 ], [ 175.656546903869298, -39.45708891099278 ], [ 175.656487323795488, -39.456991893344174 ], [ 175.655835061997806, -39.455671711199813 ], [ 175.655807173648327, -39.455598523298306 ], [ 175.655616335008915, -39.455030115334999 ], [ 175.655484262115124, -39.454576560606363 ], [ 175.655388884955983, -39.454214625780565 ], [ 175.655377735270491, -39.454167396998997 ], [ 175.655301578702819, -39.453802735198693 ], [ 175.655200887308126, -39.453248829243037 ], [ 175.655123518749377, -39.452703525080935 ], [ 175.655116252982111, -39.452632463956064 ], [ 175.655115228167091, -39.451218761466315 ], [ 175.6551265289485, -39.451106634475778 ], [ 175.655410767841403, -39.449710211835267 ], [ 175.655432181477408, -39.449640887946167 ], [ 175.655994668242954, -39.44829612730431 ], [ 175.656050105200848, -39.44819219499994 ], [ 175.656876974348847, -39.446932204355164 ], [ 175.656924968111809, -39.446871402930164 ], [ 175.657995849801353, -39.445727201786767 ], [ 175.658089992465108, -39.445641636187879 ], [ 175.659378511750703, -39.444641391506345 ], [ 175.659448386116395, -39.444595062961767 ], [ 175.660922816803605, -39.443763397520257 ], [ 175.661046449065992, -39.443704572229535 ], [ 175.662670490804743, -39.44306195726378 ], [ 175.662755406618032, -39.443034635213451 ], [ 175.664489081993082, -39.442596889219367 ], [ 175.664630104538588, -39.442570560578773 ], [ 175.666427355228649, -39.442348875110518 ], [ 175.666560292077321, -39.442029995010081 ], [ 175.666962507490467, -39.441150273439604 ], [ 175.666971298246693, -39.441131114795944 ], [ 175.666972444668772, -39.4411286251744 ], [ 175.666981291175006, -39.441109481948232 ], [ 175.667477160820624, -39.440040237589081 ], [ 175.667496837662611, -39.439998136539927 ], [ 175.667499413176614, -39.439992668366514 ], [ 175.667519359626681, -39.439950643670585 ], [ 175.667817050490839, -39.439328216187782 ], [ 175.668583147014772, -39.438045369592459 ], [ 175.668698946711885, -39.437885665972409 ], [ 175.670954147208249, -39.435675015603337 ], [ 175.671127913740861, -39.43555087222262 ], [ 175.67415355434531, -39.433988736502279 ], [ 175.674368279188343, -39.433912301878898 ], [ 175.677868245963737, -39.43315154495015 ], [ 175.678102916504656, -39.433130298465791 ], [ 175.681734729531911, -39.433245362653985 ], [ 175.681966383582932, -39.433281383401514 ], [ 175.685374675009484, -39.434261012148923 ], [ 175.685580645071042, -39.434350775668463 ], [ 175.688431891814361, -39.436099112837113 ], [ 175.688592020716612, -39.436233835541564 ], [ 175.690607152234918, -39.438579794456345 ], [ 175.690705764499199, -39.438746292250265 ], [ 175.691687468930866, -39.441460282720747 ], [ 175.691714905554306, -39.441642260214628 ], [ 175.691566965617056, -39.444458643856407 ], [ 175.691520531908566, -39.444638288489266 ], [ 175.69102306965209, -39.44599837318556 ], [ 175.690784550292733, -39.446497425458674 ], [ 175.690847046411818, -39.447068887846051 ], [ 175.690905217541143, -39.447540218110312 ], [ 175.690909934448342, -39.447579335840089 ], [ 175.690910533342077, -39.44758442215722 ], [ 175.690915030184385, -39.447623555460432 ], [ 175.69101727540604, -39.448535823068973 ], [ 175.691046227581779, -39.448863153230278 ], [ 175.691048990878016, -39.448905745166606 ], [ 175.691031188038608, -39.449393634850082 ], [ 175.691175086756971, -39.449681645165413 ], [ 175.691224923715566, -39.449860741218679 ], [ 175.691426253970207, -39.452675130819998 ], [ 175.691402266036221, -39.452857400983476 ], [ 175.690947718709396, -39.454188696704648 ], [ 175.691056449240818, -39.45421907914573 ], [ 175.694242063011245, -39.455577882182133 ], [ 175.694428760624817, -39.45569022557558 ], [ 175.69691697460911, -39.457745601943529 ], [ 175.697049762245314, -39.457897168457215 ], [ 175.698597000843137, -39.460447977036338 ], [ 175.698662876743754, -39.460623933507435 ], [ 175.699117593721184, -39.463420523256971 ], [ 175.699110101606266, -39.463603647600429 ], [ 175.698427649501809, -39.466372279905869 ], [ 175.698347513566432, -39.46654464625891 ], [ 175.696594566257858, -39.469014286131838 ], [ 175.696449623791523, -39.469159019705003 ], [ 175.693797699396526, -39.471087874953056 ], [ 175.693602136280873, -39.47119080475688 ], [ 175.690667755279662, -39.472259972576019 ], [ 175.690768901778995, -39.472456411641197 ], [ 175.690821095233133, -39.472635106061311 ], [ 175.691059298286859, -39.475447757500277 ], [ 175.691037688307205, -39.475630206130873 ], [ 175.69014270320227, -39.478362239432343 ], [ 175.690049396092348, -39.478530582136258 ], [ 175.688108708280765, -39.480914539150504 ], [ 175.687952831383399, -39.481052294703211 ], [ 175.685156351171145, -39.4828547675789 ], [ 175.68495316179397, -39.48294844798437 ], [ 175.683705722287499, -39.483334121242791 ], [ 175.683046875865756, -39.483594602316479 ], [ 175.683090799218036, -39.483838266260506 ], [ 175.683098866106462, -39.483892074868479 ], [ 175.683166560540542, -39.485304805903375 ], [ 175.683159638546755, -39.485434210195635 ], [ 175.682941292126515, -39.486837753469018 ], [ 175.682927505513931, -39.48689086011894 ], [ 175.682428477445342, -39.488250653837618 ], [ 175.682370285102877, -39.488372066637197 ], [ 175.682308069625947, -39.488476044310133 ], [ 175.682379156920234, -39.488674916251263 ], [ 175.682381936027269, -39.488682704493222 ], [ 175.682615812422625, -39.489341042503476 ], [ 175.682761815417336, -39.489741843280498 ], [ 175.682825754901643, -39.489914788550408 ], [ 175.683086224480462, -39.490593416471476 ], [ 175.68310541466343, -39.490643954392596 ], [ 175.68310841881987, -39.490651952203336 ], [ 175.683131245380281, -39.490713537493477 ], [ 175.683423287458226, -39.491512140747211 ], [ 175.683724084433265, -39.492317176741118 ], [ 175.683735009230872, -39.492346601998939 ], [ 175.683736421061496, -39.492350429141275 ], [ 175.683747216735867, -39.492379882996026 ], [ 175.684037248647201, -39.493176315561371 ], [ 175.684337061785669, -39.493980518909098 ], [ 175.684353439781319, -39.494024875555347 ], [ 175.684355549851688, -39.494030646105024 ], [ 175.684371634476776, -39.494075067146284 ], [ 175.684615583220648, -39.494755469276534 ], [ 175.684657962414946, -39.494871809043744 ], [ 175.684673818919549, -39.494915763975257 ], [ 175.684675861572288, -39.494921482124518 ], [ 175.684691430494183, -39.4949654987198 ], [ 175.684870382536332, -39.495476503863266 ], [ 175.685099631011354, -39.496067950616826 ], [ 175.685137782692749, -39.496168497973876 ], [ 175.685142644123374, -39.496181591036908 ], [ 175.68517928368027, -39.496282475419186 ], [ 175.685343347483666, -39.496744499596922 ], [ 175.685607230088664, -39.497679114787033 ], [ 175.685633123429199, -39.497801681382498 ], [ 175.685718745636535, -39.498407217222834 ], [ 175.686416959309014, -39.500260507666297 ], [ 175.6864468917382, -39.500442248952979 ], [ 175.686481297916913, -39.500992892960646 ], [ 175.686677495586054, -39.501125792984901 ], [ 175.686948005040307, -39.50128899426447 ], [ 175.687621677913569, -39.501728148056074 ], [ 175.687706342899929, -39.501787722448242 ], [ 175.68833520833013, -39.502265098032233 ], [ 175.688737889994627, -39.502594827625778 ], [ 175.688842700697364, -39.502681792632771 ], [ 175.688856229152805, -39.502693167281798 ], [ 175.688959548533404, -39.502781196876477 ], [ 175.689476865637261, -39.503227843810841 ], [ 175.689484071038066, -39.503234070567508 ], [ 175.689848560021119, -39.503549799651445 ], [ 175.690211530070883, -39.503848371166121 ], [ 175.690270585116423, -39.503897311569098 ], [ 175.690278231637279, -39.503903695844052 ], [ 175.690336815373882, -39.503952975056215 ], [ 175.691306276822644, -39.504774557370766 ], [ 175.691789932058015, -39.505180602695724 ], [ 175.692057723009924, -39.505391742202917 ], [ 175.692246016205843, -39.505543714390512 ], [ 175.692270192906562, -39.505563689718151 ], [ 175.69245384895089, -39.505719030271059 ], [ 175.692881662258117, -39.506089484548781 ], [ 175.693537791289515, -39.506711323393397 ], [ 175.693618272614401, -39.506794943829377 ], [ 175.694200317465601, -39.507459573640844 ], [ 175.694477758515347, -39.50780894128031 ], [ 175.694718460229922, -39.50809395614813 ], [ 175.695036426122073, -39.508492725863832 ], [ 175.695075993737021, -39.508545363423906 ], [ 175.695867776300759, -39.509819091670678 ], [ 175.695925139166718, -39.509933577129445 ], [ 175.696449967439264, -39.511287566283578 ], [ 175.696466601866746, -39.511347098773115 ], [ 175.696579175861189, -39.511807620038489 ], [ 175.69659943270949, -39.511904162493856 ], [ 175.696610790679841, -39.511937622578664 ], [ 175.696688509059499, -39.512180211541867 ], [ 175.696698045817897, -39.512211850584301 ], [ 175.696767046766524, -39.512456016125284 ], [ 175.696950169444989, -39.513149949948506 ], [ 175.69707419903574, -39.513610720637622 ], [ 175.69723031983392, -39.514177408318723 ], [ 175.6974274792193, -39.514885944518753 ], [ 175.697642850346625, -39.515625510642458 ], [ 175.697791625972002, -39.516232736953519 ], [ 175.697807450296551, -39.516312097029328 ], [ 175.697943654875161, -39.517721857223208 ], [ 175.697943140942016, -39.517825327685067 ], [ 175.697792930171261, -39.519234233941248 ], [ 175.69777631692881, -39.519313497283846 ], [ 175.697621501545569, -39.519919818024505 ], [ 175.69751465073486, -39.520273976939471 ], [ 175.697454056959145, -39.520529414832971 ], [ 175.697364173657945, -39.520943893809722 ], [ 175.699308737791313, -39.523212058585699 ], [ 175.699407157400685, -39.523378665285662 ], [ 175.700384961725689, -39.526093725964664 ], [ 175.700412090223978, -39.526275731966251 ], [ 175.700258686124357, -39.529091911727392 ], [ 175.700211858938786, -39.529271501672582 ], [ 175.698942122722741, -39.531913126372828 ], [ 175.698825915178134, -39.532072719233021 ], [ 175.696564032941211, -39.534281171271964 ], [ 175.696389815623093, -39.534405141878693 ], [ 175.693357167007065, -39.535964189606808 ], [ 175.693260633049846, -39.535998380044049 ], [ 175.693024659616043, -39.53633630262096 ], [ 175.692994724921647, -39.536379649811764 ], [ 175.693371894232257, -39.537013376499957 ], [ 175.693399812970824, -39.537060643802697 ], [ 175.693403419487453, -39.537066796607164 ], [ 175.693430985620438, -39.537114187834405 ], [ 175.693580569940281, -39.537373343377482 ], [ 175.694673764076015, -39.53821831454826 ], [ 175.69481301607334, -39.538366442404367 ], [ 175.696468624140579, -39.540876755574885 ], [ 175.696541950345335, -39.541050951142623 ], [ 175.696863647021701, -39.542614380798227 ], [ 175.696983205440489, -39.542764634399816 ], [ 175.697031392740229, -39.542837428481747 ], [ 175.697734158990556, -39.544142221683842 ], [ 175.69777515907947, -39.544239130848737 ], [ 175.697818012093819, -39.544357648469344 ], [ 175.69862010087553, -39.544595730638392 ], [ 175.698790815957352, -39.544647600939413 ], [ 175.698812938929478, -39.544654479034449 ], [ 175.698982577269447, -39.544708425581909 ], [ 175.699672225541434, -39.544932670075511 ], [ 175.700262079593699, -39.545139592410237 ], [ 175.700337735104625, -39.5451681225627 ], [ 175.700911812155397, -39.545400125736371 ], [ 175.701783875751971, -39.545776813714589 ], [ 175.701855802115517, -39.545808141288397 ], [ 175.701865133776778, -39.545812239488569 ], [ 175.701936771432543, -39.545843961148265 ], [ 175.702689012330467, -39.546179800643458 ], [ 175.703590558507983, -39.546574075972238 ], [ 175.704538740181647, -39.546985326141538 ], [ 175.704787100286126, -39.547092484850808 ], [ 175.705069494751058, -39.547209679404595 ], [ 175.705653955097688, -39.547469367856536 ], [ 175.705728609511567, -39.547504801306204 ], [ 175.707205713879205, -39.548335968137131 ], [ 175.707319581871644, -39.548411286284228 ], [ 175.708610591563058, -39.549411094229299 ], [ 175.708667452632909, -39.549462652140924 ], [ 175.709740577083494, -39.550606490111342 ], [ 175.709818814428957, -39.550705361376615 ], [ 175.710647624861735, -39.551965070548981 ], [ 175.710681126021541, -39.552027707360686 ], [ 175.710920800391165, -39.552515307414581 ], [ 175.71099173627465, -39.552673232422897 ], [ 175.712458484651023, -39.552460813368107 ], [ 175.712695063532379, -39.552455707730545 ], [ 175.71630582193896, -39.552818834609376 ], [ 175.716532864200531, -39.552870565742722 ], [ 175.719822052324105, -39.554079579630091 ], [ 175.720017341162674, -39.554183085774845 ], [ 175.722663077104585, -39.556119683164141 ], [ 175.722807499455939, -39.55626483577273 ], [ 175.724550805095561, -39.558739502944661 ], [ 175.724630221343716, -39.558912096853739 ], [ 175.725300371006995, -39.56168264021322 ], [ 175.725307000040146, -39.561865782851321 ], [ 175.724838262369019, -39.564661019689638 ], [ 175.724771446033543, -39.564836783828419 ], [ 175.723272426142813, -39.567280609978567 ], [ 175.724255785615242, -39.568763585456708 ], [ 175.724329596783605, -39.568937666149125 ], [ 175.724463627037522, -39.569580420040197 ], [ 175.725941048113782, -39.570225671969041 ], [ 175.728492182823686, -39.571137138173142 ], [ 175.729455457460688, -39.571542542043716 ], [ 175.729538860721192, -39.571557925146521 ], [ 175.73033881691714, -39.571729005098689 ], [ 175.731541487288609, -39.572022289096388 ], [ 175.731942826429361, -39.572126400994343 ], [ 175.731994665464583, -39.572140664947376 ], [ 175.733662510516353, -39.572717290287613 ], [ 175.733669778874599, -39.572720353503591 ], [ 175.733885005204854, -39.572757768781671 ], [ 175.733949781160021, -39.572769179802172 ], [ 175.73395819649653, -39.572770681814937 ], [ 175.735700501762182, -39.573195471841458 ], [ 175.735912114418795, -39.573261590829944 ], [ 175.737547134661355, -39.573892056306548 ], [ 175.737554538674942, -39.573895497100466 ], [ 175.737611395067006, -39.573922090497597 ], [ 175.738142982589181, -39.574172332603624 ], [ 175.738520820295008, -39.574357988313487 ], [ 175.738569321803567, -39.574382845122358 ], [ 175.738937661186014, -39.574579601889361 ], [ 175.739627470588545, -39.574963430327408 ], [ 175.740891474123032, -39.575777430097901 ], [ 175.741045343764085, -39.575891679958879 ], [ 175.74214856557083, -39.576835372084126 ], [ 175.742233115850894, -39.576918861279928 ], [ 175.742349634907413, -39.57701516735996 ], [ 175.742877889365815, -39.577483130923618 ], [ 175.742943771886814, -39.577545725237094 ], [ 175.743429094557456, -39.578040751306787 ], [ 175.743663535717587, -39.578297828876011 ], [ 175.743894965829071, -39.578510496480071 ], [ 175.744015858790704, -39.578597691017961 ], [ 175.744068475386655, -39.578635877250207 ], [ 175.744075295607985, -39.5786408578089 ], [ 175.744279471252383, -39.578793645651309 ], [ 175.744299037392381, -39.578808648942072 ], [ 175.744448189172999, -39.578925118708497 ], [ 175.74492625949631, -39.579305288778343 ], [ 175.744977899450447, -39.579346616425035 ], [ 175.744984590429226, -39.579352005536677 ], [ 175.745035888610204, -39.579393587299982 ], [ 175.745268474733848, -39.57958332660975 ], [ 175.745746525259534, -39.579883898030886 ], [ 175.74575656111449, -39.579890215037864 ], [ 175.74666006468226, -39.580460555725679 ], [ 175.747327752481311, -39.58087776853079 ], [ 175.748060417263815, -39.581331119847519 ], [ 175.74810049636676, -39.581356031760102 ], [ 175.748105697386535, -39.581359279192718 ], [ 175.748145633972626, -39.581384327782011 ], [ 175.74882619856885, -39.581813109172622 ], [ 175.749459037695601, -39.582210850519971 ], [ 175.750081258866373, -39.582595558513724 ], [ 175.750142440634164, -39.58263364795998 ], [ 175.750150372598625, -39.582638620283419 ], [ 175.750211221053405, -39.582677028120699 ], [ 175.750477007804648, -39.582845951365648 ], [ 175.750501410103965, -39.5828430871519 ], [ 175.750563596710265, -39.582835920849405 ], [ 175.750571684158729, -39.582835006124547 ], [ 175.750633919836673, -39.582828099736908 ], [ 175.751452654294297, -39.58273898534901 ], [ 175.754074834687515, -39.582387873518378 ], [ 175.754311585392657, -39.582385256527253 ], [ 175.757917223351427, -39.582786327332315 ], [ 175.758143436315805, -39.582840441815854 ], [ 175.758197854841427, -39.582861142629071 ], [ 175.759112871873896, -39.582967024129523 ], [ 175.760182026842017, -39.583084170972178 ], [ 175.760241796217286, -39.58309084196285 ], [ 175.760249563279672, -39.583091724775571 ], [ 175.760309287172078, -39.583098635519001 ], [ 175.761225878284762, -39.583206572833141 ], [ 175.761232460777819, -39.583207349427468 ], [ 175.762210266778396, -39.583323269520555 ], [ 175.762741973900916, -39.583396102892117 ], [ 175.76281077508051, -39.583406805886163 ], [ 175.763337547790741, -39.583498633987261 ], [ 175.763394831095326, -39.583509705536407 ], [ 175.764312939648903, -39.583552134718069 ], [ 175.764318279216639, -39.583552709327023 ], [ 175.764359342630712, -39.583557185985029 ], [ 175.764917774161574, -39.583618848650765 ], [ 175.764946171264484, -39.583622011846032 ], [ 175.764949862228576, -39.58362242657973 ], [ 175.764978249187777, -39.583625643903119 ], [ 175.765455641986563, -39.583680214569355 ], [ 175.765949135955594, -39.583728917124887 ], [ 175.766072159437329, -39.583741573835425 ], [ 175.766088140707154, -39.583743285104852 ], [ 175.766210982916874, -39.583756955616579 ], [ 175.766903828383761, -39.583836975105335 ], [ 175.767200752646801, -39.583870182063777 ], [ 175.767378526921078, -39.583864330045031 ], [ 175.768490548096196, -39.583826581614098 ], [ 175.768558171968778, -39.583824438080676 ], [ 175.768566964044282, -39.583824179191495 ], [ 175.768634602871998, -39.583822339814411 ], [ 175.770038894563527, -39.583787304222298 ], [ 175.77145704291857, -39.583818823801352 ], [ 175.771640396079107, -39.583831579979403 ], [ 175.773043068421629, -39.583996309535259 ], [ 175.773963322708113, -39.58414925529538 ], [ 175.773981981212387, -39.584152368628764 ], [ 175.773984406387029, -39.584152774899927 ], [ 175.77400305826211, -39.584155911892267 ], [ 175.774916477142455, -39.584310139369734 ], [ 175.77495871978681, -39.584317335328777 ], [ 175.774964209067889, -39.584318278692123 ], [ 175.775006416901363, -39.584325596015489 ], [ 175.775848061653846, -39.584472774416611 ], [ 175.775887960340413, -39.584479808378205 ], [ 175.775893145078555, -39.584480729842298 ], [ 175.775933011594645, -39.584487872251373 ], [ 175.776561487255293, -39.584601367500731 ], [ 175.77707856722995, -39.584679113022709 ], [ 175.778688325282786, -39.585015233891674 ], [ 175.778892489304411, -39.585070268186797 ], [ 175.780423719826388, -39.585580829955241 ], [ 175.781599855560103, -39.586052902331502 ], [ 175.78168013103226, -39.586085429656748 ], [ 175.78169054542596, -39.586089689562023 ], [ 175.781770491395974, -39.586122699241145 ], [ 175.782396077701463, -39.586383425749794 ], [ 175.782992023186125, -39.58661568789465 ], [ 175.783749912683533, -39.586908915227887 ], [ 175.783919422222255, -39.586975842766584 ], [ 175.78394136512631, -39.586984682078146 ], [ 175.784109438730582, -39.587053743950342 ], [ 175.784801140686255, -39.587343593727738 ], [ 175.785020092913953, -39.587433370112009 ], [ 175.785139078637741, -39.587477063929292 ], [ 175.785424544554274, -39.587574128173245 ], [ 175.785852878250694, -39.587712695541299 ], [ 175.785939615478412, -39.587741074441361 ], [ 175.785950871856954, -39.587744798914095 ], [ 175.786037309684446, -39.587773719594779 ], [ 175.786332701101827, -39.587873651069252 ], [ 175.786389702716264, -39.587882070962834 ], [ 175.787737034846089, -39.588080601303083 ], [ 175.789099598134896, -39.5883481968661 ], [ 175.789273377685049, -39.588391114509868 ], [ 175.790965064252987, -39.588925318697434 ], [ 175.791014109957871, -39.588944405576328 ], [ 175.792576994316931, -39.589676767489202 ], [ 175.79272513476451, -39.58975913005613 ], [ 175.793815168362897, -39.590446002260322 ], [ 175.794368574819799, -39.59084001583421 ], [ 175.794377712458726, -39.590846528547509 ], [ 175.794378899766883, -39.590847375689592 ], [ 175.794388028407013, -39.590853895931154 ], [ 175.794918740865256, -39.591233366344476 ], [ 175.79542805577276, -39.591585776774892 ], [ 175.795430624646713, -39.591587554764601 ], [ 175.795888909410422, -39.591904985000347 ], [ 175.796232566609177, -39.592142231957382 ], [ 175.79625473405784, -39.592145619294719 ], [ 175.79702523906036, -39.592254853479126 ], [ 175.797045308613434, -39.592257712723828 ], [ 175.797047917231509, -39.592258086193723 ], [ 175.79706798026362, -39.592260972639465 ], [ 175.798189487628036, -39.592423103483739 ], [ 175.798224824220625, -39.592428255432743 ], [ 175.798229416630534, -39.592428930671232 ], [ 175.798264732497756, -39.5924341670068 ], [ 175.799291389917443, -39.592587657808131 ], [ 175.800167555867802, -39.592716697134705 ], [ 175.800337589157181, -39.592742754396944 ], [ 175.800359659684204, -39.592746268914482 ], [ 175.800529172969448, -39.592774281153666 ], [ 175.801220450436404, -39.592892681545756 ], [ 175.802023508105492, -39.593012841983629 ], [ 175.802022642537082, -39.593016304679182 ], [ 175.802130889451433, -39.593026389086496 ], [ 175.802197480454964, -39.593036745568718 ], [ 175.802290109891317, -39.593051454559614 ], [ 175.80230214148753, -39.593053404517931 ], [ 175.802394613532215, -39.593068694885844 ], [ 175.802956797158544, -39.593163499180058 ], [ 175.803436905888418, -39.5932234494882 ], [ 175.803606233772058, -39.593245584998968 ], [ 175.803628217783881, -39.593248588013871 ], [ 175.803797105471261, -39.593272652732892 ], [ 175.804023155245289, -39.593306197182926 ], [ 175.804766443348569, -39.59309181978422 ], [ 175.805178287384848, -39.592962807197871 ], [ 175.805314522066539, -39.592920900775667 ], [ 175.805332276187215, -39.592915539398213 ], [ 175.80546918182543, -39.592874963089393 ], [ 175.80601376703595, -39.59271659026129 ], [ 175.806063911359786, -39.592702109110022 ], [ 175.80606796721537, -39.592700946029872 ], [ 175.806096268428036, -39.592690091742327 ], [ 175.806118338722484, -39.592681798876484 ], [ 175.806288778268794, -39.592619071957444 ], [ 175.807208350397303, -39.592287678746132 ], [ 175.807963291621888, -39.592004084829462 ], [ 175.807975109826486, -39.591999651545287 ], [ 175.808882622509032, -39.591660459785267 ], [ 175.80959581194233, -39.591393776033136 ], [ 175.809900705338009, -39.591283938609777 ], [ 175.809940599638026, -39.591270105477307 ], [ 175.811661514178439, -39.590794919471286 ], [ 175.811848324168238, -39.59075580851448 ], [ 175.813644112540658, -39.590494729760692 ], [ 175.813687578638536, -39.590491110375346 ], [ 175.814022452840703, -39.590467004637588 ], [ 175.815024785185074, -39.590406128765075 ], [ 175.815756798841477, -39.590360072397786 ], [ 175.816054157310759, -39.590308528672928 ], [ 175.816060716377933, -39.59030739327369 ], [ 175.816883400379879, -39.590165471530369 ], [ 175.817575792663774, -39.590036709857095 ], [ 175.817763970755976, -39.590003573708778 ], [ 175.818318973814854, -39.589844675698842 ], [ 175.818359173032235, -39.589833231480164 ], [ 175.818364402449362, -39.589831751172326 ], [ 175.818404655803363, -39.58982042142388 ], [ 175.819111074500285, -39.589622726798929 ], [ 175.819951343210846, -39.589383492902165 ], [ 175.820368247569064, -39.589271685033189 ], [ 175.820422781455648, -39.589257949476647 ], [ 175.82084486003933, -39.589158441072321 ], [ 175.821438896151648, -39.589027853081625 ], [ 175.821620413602517, -39.588989173393429 ], [ 175.821644061854187, -39.588984292942094 ], [ 175.821826363665934, -39.588947888762647 ], [ 175.822695538693694, -39.588780104311482 ], [ 175.823566384154475, -39.588610940627987 ], [ 175.823590719399107, -39.588606234899089 ], [ 175.82359388383054, -39.58860562579077 ], [ 175.823618232146401, -39.58860096062233 ], [ 175.824270891527675, -39.588476485222373 ], [ 175.824715598418777, -39.588405878087791 ], [ 175.824928554302403, -39.588313978430016 ], [ 175.82551560980329, -39.588077305694924 ], [ 175.825592994947812, -39.588048240669913 ], [ 175.826196480318742, -39.587837759087975 ], [ 175.826595358861113, -39.587709063155621 ], [ 175.827462849768153, -39.587412319575911 ], [ 175.828410941884869, -39.587085093663219 ], [ 175.828460382792088, -39.587068135662037 ], [ 175.828466816689428, -39.587065942681448 ], [ 175.828516358818405, -39.587049162519683 ], [ 175.829244435311466, -39.586804113422481 ], [ 175.829661221950175, -39.586671195803135 ], [ 175.829715816019132, -39.586654734273417 ], [ 175.831465028899316, -39.586246328787645 ], [ 175.831639674546778, -39.586216885281345 ], [ 175.833449908816704, -39.586025203696416 ], [ 175.833508404595932, -39.586022599416125 ], [ 175.833958873335831, -39.586009306520218 ], [ 175.834600143581838, -39.585999994061055 ], [ 175.835516183009446, -39.585983219002578 ], [ 175.83606187792148, -39.585983119495033 ], [ 175.836132779708521, -39.585984392276934 ], [ 175.836677881685034, -39.586004073049672 ], [ 175.837031681360202, -39.586023283198841 ], [ 175.838891380986496, -39.585948948529563 ], [ 175.83898552508586, -39.585945480218392 ], [ 175.838997765976359, -39.585945067666344 ], [ 175.839091943269665, -39.585942189022994 ], [ 175.839760432633085, -39.585923850030426 ], [ 175.839860823843225, -39.585921431020672 ], [ 175.839873876210845, -39.585921160102487 ], [ 175.839974290657665, -39.58591941114048 ], [ 175.842374379372444, -39.585885594963187 ], [ 175.843164655388421, -39.585869961068269 ], [ 175.843234665542838, -39.585868738802603 ], [ 175.84324376739778, -39.585868601083078 ], [ 175.843313785780794, -39.585867704586754 ], [ 175.844069517648933, -39.585859784537284 ], [ 175.845158964254153, -39.585887842060536 ], [ 175.84530006171758, -39.585896604727083 ], [ 175.846381346614294, -39.586003357557829 ], [ 175.846736352692972, -39.586051564313813 ], [ 175.847725826924375, -39.585962100840739 ], [ 175.847780769318064, -39.585957235265468 ], [ 175.847787913731338, -39.585956615866152 ], [ 175.847842885387962, -39.585951952221492 ], [ 175.848365230436627, -39.585908607640789 ], [ 175.849187028028609, -39.585882226413851 ], [ 175.849019162337925, -39.584558298699662 ], [ 175.849033192030959, -39.584375401790716 ], [ 175.849380818553584, -39.583151642323934 ], [ 175.849320871637701, -39.58306559424441 ], [ 175.848115247865167, -39.580405700712895 ], [ 175.84807280219627, -39.580225449906891 ], [ 175.84799979225474, -39.577786658915826 ], [ 175.84690957390967, -39.575159376375886 ], [ 175.846873343108541, -39.574978315434826 ], [ 175.846885088128403, -39.572339720196467 ], [ 175.846493690201839, -39.571640889191457 ], [ 175.84643467814098, -39.571463453422474 ], [ 175.846089772177606, -39.568657365187583 ], [ 175.846104496822306, -39.568474500772162 ], [ 175.846523249799873, -39.567020508947486 ], [ 175.84652328708188, -39.567019673877354 ], [ 175.846527559950317, -39.566963341943698 ], [ 175.84659786393442, -39.566569174112857 ], [ 175.845987139481281, -39.56541105971219 ], [ 175.845933072755514, -39.565232683320907 ], [ 175.845666183696039, -39.562421504239531 ], [ 175.845685980325584, -39.56223892675672 ], [ 175.846200816341678, -39.560616185545165 ], [ 175.846217117230339, -39.559884178949034 ], [ 175.846258169310659, -39.559703736065629 ], [ 175.847442951033315, -39.557038337367445 ], [ 175.847554023001521, -39.556876544015054 ], [ 175.849744738396254, -39.554624961023997 ], [ 175.849914952718791, -39.55449765165303 ], [ 175.852897122961451, -39.552880232644938 ], [ 175.853109818367585, -39.552799865649973 ], [ 175.855368048222971, -39.552264806774971 ], [ 175.856318205667606, -39.551646986818319 ], [ 175.856434212458652, -39.551582861436614 ], [ 175.857999092529553, -39.550854113067196 ], [ 175.858083938581046, -39.550821321971419 ], [ 175.85874681967087, -39.550584931242604 ], [ 175.859577108647642, -39.550312928870582 ], [ 175.859694649740021, -39.55027500742937 ], [ 175.8597099644536, -39.55027014249778 ], [ 175.859828034341604, -39.55023321883688 ], [ 175.860845930011891, -39.549919892312722 ], [ 175.861865630454616, -39.549601828331134 ], [ 175.86186644670272, -39.549601573750415 ], [ 175.862885263541557, -39.549283896092355 ], [ 175.863775727461103, -39.549003088289261 ], [ 175.864511266706245, -39.548642133898149 ], [ 175.864660330451954, -39.548529005254096 ], [ 175.868358160558671, -39.545710927214571 ], [ 175.871222687685275, -39.543507974729835 ], [ 175.873220437203287, -39.541970991651006 ], [ 175.873222474054927, -39.541969424912971 ], [ 175.874319504092796, -39.541126109324914 ], [ 175.87433581501665, -39.54111359518128 ], [ 175.874337937506084, -39.541111969964959 ], [ 175.874354280265578, -39.541099480780311 ], [ 175.877145851449797, -39.538970259232819 ], [ 175.877774478115128, -39.538486237614748 ], [ 175.877815996525868, -39.53845442952791 ], [ 175.877821407286234, -39.538450304989993 ], [ 175.877863131342195, -39.538418658647316 ], [ 175.878929841558858, -39.537613630656587 ], [ 175.879946085389577, -39.536831825715119 ], [ 175.880353525964409, -39.536274913918298 ], [ 175.88102568128636, -39.535348479564718 ], [ 175.881060799692136, -39.535300420416633 ], [ 175.881065389764046, -39.535294183618802 ], [ 175.88209103404688, -39.534124581907562 ], [ 175.882233178402458, -39.533987082128498 ], [ 175.883482443288301, -39.53295610396929 ], [ 175.883489297285934, -39.532951270580938 ], [ 175.883542167458671, -39.532914215764336 ], [ 175.884325494530145, -39.532368574543256 ], [ 175.884342499698363, -39.532356752493911 ], [ 175.884344712314572, -39.53235521731154 ], [ 175.884361747395701, -39.53234342117053 ], [ 175.885092201245527, -39.531838602522143 ], [ 175.885823854652273, -39.531321035464053 ], [ 175.88592204397753, -39.531252365025374 ], [ 175.885934873710482, -39.531243494352239 ], [ 175.886034064892328, -39.531175692895815 ], [ 175.887477568597802, -39.530200222918751 ], [ 175.887646468344002, -39.530076772814134 ], [ 175.887762906340129, -39.529992825233585 ], [ 175.887778138901353, -39.529981992689763 ], [ 175.887896048001352, -39.529899285748066 ], [ 175.889666121896937, -39.528674591856216 ], [ 175.890371454753932, -39.528181796894799 ], [ 175.890421397336695, -39.528147104838538 ], [ 175.890427906607698, -39.528142609403417 ], [ 175.890478106656587, -39.528108140919343 ], [ 175.890817263032574, -39.527876616234863 ], [ 175.891395108288862, -39.527472889552449 ], [ 175.891411043445913, -39.527461776543745 ], [ 175.891413116734498, -39.527460333331497 ], [ 175.891429078324677, -39.527449243075026 ], [ 175.892034065779796, -39.527029666803273 ], [ 175.89208293706011, -39.526995964126677 ], [ 175.892089306183919, -39.526991596649708 ], [ 175.89213842142388, -39.526958107372629 ], [ 175.89288840724987, -39.526449614784568 ], [ 175.893593196741421, -39.525960777305876 ], [ 175.893918191873155, -39.525743592494734 ], [ 175.893961099215829, -39.525715971550213 ], [ 175.895452181991772, -39.52490032786222 ], [ 175.89560803101196, -39.524828562481815 ], [ 175.897245480685541, -39.524203578452664 ], [ 175.897297307539219, -39.524187576123246 ], [ 175.897698907808859, -39.524070177621901 ], [ 175.898447183254802, -39.523863564242404 ], [ 175.900916296522524, -39.523177974155473 ], [ 175.900949641204647, -39.523168759322296 ], [ 175.900953978355574, -39.523167566504668 ], [ 175.900987359072161, -39.523158430297507 ], [ 175.90201329602678, -39.522878987701979 ], [ 175.902048748094444, -39.52286938091509 ], [ 175.902053359455977, -39.522868137796628 ], [ 175.902088851412174, -39.522858619684342 ], [ 175.903082904915976, -39.522593423342919 ], [ 175.903260660146543, -39.522547237819708 ], [ 175.903283829280696, -39.522541378285311 ], [ 175.903462522273088, -39.522497417123795 ], [ 175.904035672341706, -39.52236033943155 ], [ 175.904288569660679, -39.522302278007466 ], [ 175.904321552542058, -39.522295019599994 ], [ 175.904576084183191, -39.522241413213301 ], [ 175.90493442395379, -39.522169311768927 ], [ 175.90657564899945, -39.521815459166334 ], [ 175.909262115140706, -39.521232229710897 ], [ 175.909281332482067, -39.521228071146751 ], [ 175.909283831330868, -39.5212275321934 ], [ 175.909303057817596, -39.521223399167674 ], [ 175.911230576969984, -39.520810409475743 ], [ 175.911943650363838, -39.520676216319394 ], [ 175.912036967596606, -39.520661051562911 ], [ 175.913847382607656, -39.520480168118212 ], [ 175.913989133459239, -39.520474699944359 ], [ 175.915813794677291, -39.520515356953084 ], [ 175.915908595608698, -39.52052326488608 ], [ 175.916635356004292, -39.520601915237997 ], [ 175.917847438183657, -39.520763412236867 ], [ 175.919339006632214, -39.520950481977906 ], [ 175.919456126417714, -39.520814339826941 ], [ 175.919616483144665, -39.520679630576232 ], [ 175.922471663099913, -39.518931553995635 ], [ 175.922677910425676, -39.51884181049175 ], [ 175.926090696498505, -39.517862530140178 ], [ 175.926322650444433, -39.517826534148639 ], [ 175.929959083651795, -39.517711875210445 ], [ 175.930194047539004, -39.517733149023833 ], [ 175.932852134083561, -39.518310540628399 ], [ 175.932900151628104, -39.518295795598661 ], [ 175.932987294097842, -39.518269349881336 ], [ 175.932998640287138, -39.518265947285947 ], [ 175.933086054576677, -39.518240045381809 ], [ 175.933951156293205, -39.517986786034186 ], [ 175.934514996613132, -39.517820755232769 ], [ 175.935810396645508, -39.517116672990809 ], [ 175.935862452299489, -39.517088542698801 ], [ 175.935869232361938, -39.517084900086843 ], [ 175.937446050214561, -39.516372726394607 ], [ 175.937651778228656, -39.516295873897946 ], [ 175.939352992580126, -39.515783493766818 ], [ 175.939360893875232, -39.515781651953709 ], [ 175.939421722956382, -39.515767612581882 ], [ 175.940609180023188, -39.515496269499117 ], [ 175.940611449424409, -39.515495751101511 ], [ 175.941946557569423, -39.515191056019816 ], [ 175.941966737099506, -39.515186465913629 ], [ 175.941969361131754, -39.515185871037147 ], [ 175.941989551328419, -39.515181309197629 ], [ 175.942877554344108, -39.51498134132725 ], [ 175.944030601480534, -39.514710479962602 ], [ 175.9441562233946, -39.514681566921602 ], [ 175.944172581054204, -39.514677879589257 ], [ 175.944298615443955, -39.514650064440083 ], [ 175.944629487913801, -39.514578600210669 ], [ 175.944884231556358, -39.514499063256451 ], [ 175.944925277447851, -39.514486317893294 ], [ 175.944930617460045, -39.514484668857065 ], [ 175.944971725602073, -39.51447204443263 ], [ 175.946684705436496, -39.513948882842705 ], [ 175.947397662284203, -39.513727503592492 ], [ 175.947429893741486, -39.513717538511742 ], [ 175.94743408631507, -39.513716247895282 ], [ 175.947466355990343, -39.513706357337981 ], [ 175.948561622064915, -39.513372117461131 ], [ 175.948573073124862, -39.513368628242048 ], [ 175.948959914378719, -39.513251218100088 ], [ 175.948737935267815, -39.513100908607989 ], [ 175.948653717821202, -39.513039314516682 ], [ 175.947429028474119, -39.511991035036537 ], [ 175.947354854647728, -39.511916543811374 ], [ 175.946356991031166, -39.510732763576719 ], [ 175.946301473026239, -39.510654025017004 ], [ 175.945554998082912, -39.509363898982379 ], [ 175.945514176281989, -39.509275298699563 ], [ 175.945037458338589, -39.507910599112641 ], [ 175.945016071751951, -39.507822424988262 ], [ 175.944885145019185, -39.507139274448676 ], [ 175.944821100197686, -39.506686115088733 ], [ 175.944664867915549, -39.505695535325515 ], [ 175.94453162866759, -39.504861315195328 ], [ 175.942166188650219, -39.502811986592967 ], [ 175.940985280243353, -39.501791161026787 ], [ 175.940968082459278, -39.501776261030052 ], [ 175.940965849525014, -39.50177432211224 ], [ 175.940948694474287, -39.501759392604235 ], [ 175.93963511108808, -39.500613638924229 ], [ 175.938731366591639, -39.49985202585254 ], [ 175.937158116404305, -39.498574474869201 ], [ 175.937111961910404, -39.498536777245782 ], [ 175.937105980119441, -39.498531863190159 ], [ 175.937060107060461, -39.498493959957919 ], [ 175.936071800939146, -39.497672610639974 ], [ 175.934565209615812, -39.496448832430602 ], [ 175.934515548622102, -39.496408241090052 ], [ 175.934509113899367, -39.496402948740574 ], [ 175.93445977915863, -39.496362119320253 ], [ 175.933680121800535, -39.495712838405282 ], [ 175.932692523876568, -39.49491677001717 ], [ 175.932676441981556, -39.494903780797323 ], [ 175.932674353515239, -39.494902090582698 ], [ 175.932658305159435, -39.494889076500712 ], [ 175.931339313741859, -39.493817302385807 ], [ 175.931061589092309, -39.493583505855668 ], [ 175.93102618787654, -39.493552628517243 ], [ 175.930759278427786, -39.493311389097869 ], [ 175.929312577671197, -39.491956133441754 ], [ 175.928347743498961, -39.4910589878995 ], [ 175.928344691783821, -39.491056149063077 ], [ 175.926098621066956, -39.488964449317521 ], [ 175.926054342224518, -39.488922960533806 ], [ 175.926048606827806, -39.488917553713399 ], [ 175.926004648796749, -39.488875860644853 ], [ 175.925685691584221, -39.48857148431226 ], [ 175.925334386777934, -39.488248087729318 ], [ 175.923341418489258, -39.486497497034478 ], [ 175.922245534374866, -39.485367158073529 ], [ 175.922118781648464, -39.485212483281494 ], [ 175.920673202022499, -39.48262577654333 ], [ 175.920614341895401, -39.482448319979056 ], [ 175.92027109662169, -39.479642056979223 ], [ 175.92028588257196, -39.479459190920075 ], [ 175.921078432540526, -39.476708076440495 ], [ 175.921165408085528, -39.476537700523963 ], [ 175.923016047023395, -39.474111008219673 ], [ 175.923166691777652, -39.473969797519651 ], [ 175.924923422629433, -39.472768734370256 ], [ 175.9329031348434, -39.471589981178766 ] ], [ [ 175.735190910954032, -39.597964493000127 ], [ 175.734532109368757, -39.597545726020272 ], [ 175.733936430163794, -39.597177374714491 ], [ 175.733903756795002, -39.597157095605496 ], [ 175.733899515402214, -39.597154453419954 ], [ 175.733866936574316, -39.5971340835207 ], [ 175.733189638561299, -39.596709038234906 ], [ 175.733177055155778, -39.59670113006262 ], [ 175.733175420237558, -39.596700101118742 ], [ 175.733162851054857, -39.596692179385052 ], [ 175.732523013800858, -39.596288343915056 ], [ 175.731813794808488, -39.595849436304121 ], [ 175.731792115198061, -39.595835986646165 ], [ 175.731789299549575, -39.595834235590999 ], [ 175.731767661490721, -39.59582074593871 ], [ 175.731052918482476, -39.595374064653519 ], [ 175.731030417467025, -39.595359966597179 ], [ 175.731027495286895, -39.595358131039916 ], [ 175.731005039684902, -39.595343989753616 ], [ 175.730095910325758, -39.59477000707642 ], [ 175.729699595572129, -39.594520789919649 ], [ 175.729467049064539, -39.594537021837041 ], [ 175.725831953845898, -39.594347966195642 ], [ 175.725601068054431, -39.594307228674914 ], [ 175.72221949135826, -39.593258262839548 ], [ 175.722016185646794, -39.593164314155416 ], [ 175.719219239801873, -39.591358157148818 ], [ 175.719063419377363, -39.59122019684726 ], [ 175.717124911260441, -39.588833701419382 ], [ 175.71703182747541, -39.588665237510625 ], [ 175.716869092732395, -39.588165710055208 ], [ 175.716641131298957, -39.58803901485809 ], [ 175.715216456172215, -39.587529960527725 ], [ 175.714940804048638, -39.587428047920149 ], [ 175.714905200116732, -39.587414437800163 ], [ 175.714669820787975, -39.587321468138732 ], [ 175.713563301609582, -39.58739625591263 ], [ 175.713327091094214, -39.587383449618294 ], [ 175.709777692617962, -39.586748940199783 ], [ 175.709558163706419, -39.586680276121015 ], [ 175.707928543594164, -39.585922306150103 ], [ 175.707936995591353, -39.586088622192861 ], [ 175.707937234862698, -39.586093361859056 ], [ 175.707985047024778, -39.587057032123113 ], [ 175.707985339493064, -39.587062977554709 ], [ 175.708046446704657, -39.588333313034937 ], [ 175.708071597893564, -39.58883518951702 ], [ 175.708195574955909, -39.591069678110003 ], [ 175.708197201344746, -39.591100197824396 ], [ 175.708197404081318, -39.591104165653043 ], [ 175.708198896716567, -39.591134689456197 ], [ 175.708232539477905, -39.591854984364424 ], [ 175.708337205709853, -39.591846443025894 ], [ 175.708573690330468, -39.591855964030948 ], [ 175.712137538757702, -39.592440919511766 ], [ 175.712358651971016, -39.592506506776928 ], [ 175.715514559249613, -39.593914787820687 ], [ 175.715698663721071, -39.594030023689641 ], [ 175.718137775780718, -39.596123825786449 ], [ 175.718266851829128, -39.59627743366827 ], [ 175.719750393834175, -39.598851854313487 ], [ 175.719811802655101, -39.599028801178363 ], [ 175.720194458624206, -39.601831876757629 ], [ 175.720182180967214, -39.602014843460069 ], [ 175.71994454245899, -39.60341652923001 ], [ 175.719777235424687, -39.604026886649166 ], [ 175.719466909027972, -39.604926849114655 ], [ 175.719418865740835, -39.605041920462327 ], [ 175.718990063226073, -39.60591228600272 ], [ 175.718609984879947, -39.606578083637594 ], [ 175.718043803459608, -39.607441163309737 ], [ 175.717962630986307, -39.607549985937588 ], [ 175.717280004163968, -39.608361099864851 ], [ 175.716794274275316, -39.608875523826605 ], [ 175.71630649487534, -39.609430738209539 ], [ 175.716094556987741, -39.609663948817804 ], [ 175.716066391820817, -39.609693921458607 ], [ 175.71600644252689, -39.609755640547057 ], [ 175.716504946307964, -39.610115083617885 ], [ 175.71665080840225, -39.610259437869878 ], [ 175.718418121534683, -39.612724442368297 ], [ 175.718499180607097, -39.612896593957871 ], [ 175.719195249194883, -39.615663357944108 ], [ 175.719203563384497, -39.615846457641183 ], [ 175.71876011928569, -39.61864416911169 ], [ 175.718694865464641, -39.61882029394139 ], [ 175.717155179635341, -39.621375078140559 ], [ 175.717022737525696, -39.621526985770153 ], [ 175.716566861094975, -39.621905181094021 ], [ 175.716939757932181, -39.622363815557449 ], [ 175.717289354026832, -39.622787454396388 ], [ 175.717312288730596, -39.622815359130293 ], [ 175.717315261625657, -39.622818990964625 ], [ 175.717338063768807, -39.622846960604839 ], [ 175.717958333140359, -39.623610891018124 ], [ 175.717964126943258, -39.623618033956511 ], [ 175.718383033279764, -39.624135849042112 ], [ 175.718870970204222, -39.624731757615102 ], [ 175.71888793347253, -39.624752536977638 ], [ 175.718890133930472, -39.624755240615933 ], [ 175.718907023860794, -39.624776055688791 ], [ 175.719291517209683, -39.62525133806772 ], [ 175.719690999110156, -39.625784919764889 ], [ 175.719739803763218, -39.625855577493574 ], [ 175.720091162383909, -39.626409037935282 ], [ 175.720292635473413, -39.626755921255295 ], [ 175.720458923892295, -39.62703797133095 ], [ 175.720818683634405, -39.62758097003001 ], [ 175.721209884596703, -39.628165950097689 ], [ 175.721231765300672, -39.628198834200361 ], [ 175.721234598434791, -39.628203113629702 ], [ 175.72125630440928, -39.62823606690133 ], [ 175.721647504060996, -39.628832993183103 ], [ 175.721661946488183, -39.628855105817131 ], [ 175.721663818889738, -39.628857982450185 ], [ 175.721678182640602, -39.628880125709294 ], [ 175.722060200989688, -39.62947106804549 ], [ 175.722571553553479, -39.630385183328087 ], [ 175.722629345307041, -39.630506492097723 ], [ 175.723007094962298, -39.631458666090424 ], [ 175.723213426197532, -39.632104042600268 ], [ 175.723420710210576, -39.632907686059944 ], [ 175.723441463031605, -39.633012890243236 ], [ 175.723518741790514, -39.633831979102737 ], [ 175.723717421710262, -39.632998304844612 ], [ 175.723854202096561, -39.632502932372326 ], [ 175.72387430978003, -39.632438971198837 ], [ 175.724051437307367, -39.632021483331251 ], [ 175.724149726251426, -39.63123935811862 ], [ 175.724209251631294, -39.631062021713504 ], [ 175.725665643605168, -39.628478121808953 ], [ 175.725793117074119, -39.628323686305215 ], [ 175.727933142908853, -39.626456386723831 ], [ 175.728150632705194, -39.626164660718686 ], [ 175.728180293577594, -39.626126565870123 ], [ 175.728415649416917, -39.625836878944796 ], [ 175.728619557966027, -39.625596167008119 ], [ 175.729738171798175, -39.624478036744584 ], [ 175.729897395917675, -39.624342369604214 ], [ 175.732738977531625, -39.622577179726612 ], [ 175.732944611426177, -39.622486196769756 ], [ 175.736352353041127, -39.621486362075984 ], [ 175.7365842727055, -39.621448966364021 ], [ 175.740224708544673, -39.621312323503226 ], [ 175.740460220656729, -39.62133217430641 ], [ 175.743977140458327, -39.622072095840856 ], [ 175.744193200480282, -39.622147250932699 ], [ 175.747242464030364, -39.6236913374794 ], [ 175.747417928522452, -39.623814442908824 ], [ 175.748111926254268, -39.624482312513486 ], [ 175.749343285377279, -39.622643544279306 ], [ 175.749483799767404, -39.622496034936262 ], [ 175.752077923473479, -39.620516092032084 ], [ 175.752270493286375, -39.620409377079383 ], [ 175.752700504512802, -39.620242670546681 ], [ 175.753197140470263, -39.61942718864664 ], [ 175.753279355488928, -39.61931580485345 ], [ 175.754307319389682, -39.618146834403049 ], [ 175.754352155408128, -39.618103581476042 ], [ 175.755603875511866, -39.617073356724433 ], [ 175.755726564863437, -39.616987070049703 ], [ 175.757171217033914, -39.616120950767844 ], [ 175.757231137802478, -39.616090528669353 ], [ 175.758833156663741, -39.615409835790125 ], [ 175.75898431140763, -39.61535709011067 ], [ 175.760704258590522, -39.614878577606873 ], [ 175.760773399817452, -39.614863963295633 ], [ 175.761308696454279, -39.614761285001457 ], [ 175.762015179326681, -39.614639421169393 ], [ 175.762682004905287, -39.614515502866048 ], [ 175.762934609795394, -39.614470851907321 ], [ 175.762967527816585, -39.61446533043955 ], [ 175.763221354037597, -39.614425035737781 ], [ 175.763407918993607, -39.614397087172712 ], [ 175.763457730979582, -39.614383957918534 ], [ 175.764568101948413, -39.614087705842586 ], [ 175.76521134095205, -39.613914222830203 ], [ 175.765896511037568, -39.613747565062909 ], [ 175.765986361486682, -39.613728042855989 ], [ 175.767779405362745, -39.613453655192409 ], [ 175.767922674477802, -39.613440653044293 ], [ 175.769749134508544, -39.613386558797977 ], [ 175.769842386942116, -39.613389463824497 ], [ 175.770558822669528, -39.613428921370179 ], [ 175.771229831276656, -39.613481998179772 ], [ 175.771258047325034, -39.613484150968212 ], [ 175.772376763497419, -39.613291813645631 ], [ 175.772579834232545, -39.613258365207329 ], [ 175.772606281421275, -39.613254199198572 ], [ 175.772810090520267, -39.613223555193187 ], [ 175.773424337513234, -39.61313558364607 ], [ 175.774126838894006, -39.613023834669008 ], [ 175.774678037399866, -39.612934468757466 ], [ 175.775296549957687, -39.612832168146838 ], [ 175.775296608913067, -39.612832158395697 ], [ 175.776306106158273, -39.612665189899907 ], [ 175.776408006102457, -39.612648703320204 ], [ 175.77642126520999, -39.612646605887797 ], [ 175.77652335153644, -39.61263082427682 ], [ 175.777210801958006, -39.612527017074477 ], [ 175.778244548190912, -39.612351150003065 ], [ 175.778291457505105, -39.612343247624857 ], [ 175.778297558425265, -39.612342230039218 ], [ 175.778344509421402, -39.612334477253398 ], [ 175.779190691673875, -39.612196157449169 ], [ 175.77924884023858, -39.612186771780848 ], [ 175.779256403524101, -39.612185566558303 ], [ 175.779314613197698, -39.612176410341249 ], [ 175.78008776193164, -39.612056380291463 ], [ 175.78013742516444, -39.612048756779728 ], [ 175.780143884138198, -39.612047776579629 ], [ 175.78019358973367, -39.612040320089633 ], [ 175.780514751519149, -39.611992701032932 ], [ 175.783145908904658, -39.611557819964681 ], [ 175.783162485307287, -39.611555089740698 ], [ 175.783164640572238, -39.611554736024182 ], [ 175.783181222091713, -39.611552024455932 ], [ 175.783579095773661, -39.611487193440041 ], [ 175.783606808564286, -39.61148270496107 ], [ 175.783610412137676, -39.611482124846113 ], [ 175.78363813893742, -39.611477688479312 ], [ 175.783976532716252, -39.611423875579767 ], [ 175.783676093281485, -39.610045095937302 ], [ 175.78366510207195, -39.609949209964725 ], [ 175.783653359369026, -39.609031017570423 ], [ 175.783404175457235, -39.608915862519254 ], [ 175.783290303278733, -39.608853368031419 ], [ 175.782443086452133, -39.608341332677313 ], [ 175.781983450160823, -39.608036087878176 ], [ 175.781925000884598, -39.607997010133808 ], [ 175.781917424348734, -39.607991910588225 ], [ 175.781859311534049, -39.607952533785472 ], [ 175.781452211859204, -39.607674832904948 ], [ 175.781390387379673, -39.607632356612854 ], [ 175.78138237564599, -39.607626812693901 ], [ 175.781320942683863, -39.607583997925332 ], [ 175.780701060913572, -39.607148882215931 ], [ 175.77808913559403, -39.607480673392736 ], [ 175.777852277813338, -39.607481713192996 ], [ 175.774249964255716, -39.6070565197832 ], [ 175.774024288441979, -39.607000885586736 ], [ 175.772680396794755, -39.606478563181312 ], [ 175.771008380368187, -39.60808262849671 ], [ 175.770832691046309, -39.608205510032171 ], [ 175.76778065012769, -39.609745616542504 ], [ 175.767564459683996, -39.609820483305917 ], [ 175.764046416410253, -39.610555595501062 ], [ 175.763810893394577, -39.610575116460673 ], [ 175.76017134186128, -39.610433251138311 ], [ 175.759939550021386, -39.610395514836028 ], [ 175.756534895192743, -39.609390566388065 ], [ 175.756329532350463, -39.609299268279727 ], [ 175.754821295255766, -39.608500799063663 ], [ 175.754458089143128, -39.608274192894903 ], [ 175.754445695919259, -39.60826644982545 ], [ 175.754444085689045, -39.608265442373217 ], [ 175.753107009622653, -39.607283721767345 ], [ 175.753039171147321, -39.60722534658241 ], [ 175.752971126587852, -39.607167115124099 ], [ 175.751847096782996, -39.60603686577722 ], [ 175.751845967929427, -39.606035522722557 ], [ 175.75096660279857, -39.604782235967264 ], [ 175.750925408939281, -39.604710501768153 ], [ 175.750883961631246, -39.604638854992551 ], [ 175.750266530863513, -39.60329523616489 ], [ 175.750265993852196, -39.603293689003181 ], [ 175.750024125013226, -39.602283205463891 ], [ 175.749210363887727, -39.602342386173966 ], [ 175.748399081608454, -39.602379349353171 ], [ 175.748293526671802, -39.602381303444218 ], [ 175.747480887394801, -39.602374403203029 ], [ 175.746553651808455, -39.602341468623123 ], [ 175.744825128907024, -39.602179258034717 ], [ 175.744603709547022, -39.602145328706641 ], [ 175.742925785667694, -39.601785550491648 ], [ 175.742350960876024, -39.601625633690944 ], [ 175.741917669216463, -39.601519341699202 ], [ 175.740510763696392, -39.601094732594518 ], [ 175.74033325297475, -39.601030610008863 ], [ 175.738743210347195, -39.600333802900579 ], [ 175.738708944374196, -39.60031590173643 ], [ 175.737548864842267, -39.599601229665979 ], [ 175.737163761803117, -39.599429157808011 ], [ 175.736979735590126, -39.599313832152944 ], [ 175.736007402955096, -39.598478113001661 ], [ 175.735850136646121, -39.598379721200438 ], [ 175.735835570162493, -39.598370592816401 ], [ 175.735833677757398, -39.598369404949054 ], [ 175.735819130316372, -39.598360258450974 ], [ 175.735234484933244, -39.597992062569794 ], [ 175.735214008678355, -39.597979137070269 ], [ 175.735211349233623, -39.59797745442048 ], [ 175.735190910954032, -39.597964493000127 ] ], [ [ 175.815109283128805, -39.617101411957933 ], [ 175.815945329447658, -39.617667218808869 ], [ 175.816282417014293, -39.617918276636338 ], [ 175.81685721634031, -39.618084354883393 ], [ 175.817063434120655, -39.618174533176273 ], [ 175.819916410672164, -39.619928609425578 ], [ 175.820076513960544, -39.620063654255731 ], [ 175.822089137077455, -39.622413663734136 ], [ 175.822187452867468, -39.622580359496148 ], [ 175.823162655338876, -39.625296315812072 ], [ 175.82318955357249, -39.625478347753109 ], [ 175.823031753260949, -39.628294420232741 ], [ 175.822984591860461, -39.628473970464611 ], [ 175.821845305822364, -39.630832522879423 ], [ 175.821831184144656, -39.630996947698137 ], [ 175.822199460128871, -39.632043388339149 ], [ 175.822225146105382, -39.63222552492293 ], [ 175.822196034438832, -39.632689641479338 ], [ 175.82276287388251, -39.632386596707789 ], [ 175.822915171333079, -39.632315046130479 ], [ 175.824128698857123, -39.631818123254007 ], [ 175.824668844478452, -39.631627547390693 ], [ 175.826386577801941, -39.631143388817776 ], [ 175.826473459001562, -39.631124722448995 ], [ 175.826560229062324, -39.63110574954591 ], [ 175.82835313132739, -39.630828970561623 ], [ 175.829102190698194, -39.630759994455097 ], [ 175.829567285629309, -39.62803069116373 ], [ 175.82963460411662, -39.627855025239754 ], [ 175.831204185742337, -39.625311015617498 ], [ 175.831338399683801, -39.62516003149819 ], [ 175.833847618764565, -39.623115554668523 ], [ 175.834035587202948, -39.623004028368477 ], [ 175.837238819214832, -39.62165915791963 ], [ 175.837462145066212, -39.621598003017517 ], [ 175.841045914595725, -39.621084340077466 ], [ 175.841282744499154, -39.621079540713872 ], [ 175.844896380129256, -39.621447348767738 ], [ 175.845123540807805, -39.621499374687403 ], [ 175.848413450549344, -39.622712666084745 ], [ 175.848608713628181, -39.622816426674 ], [ 175.851252945105273, -39.62475647925735 ], [ 175.851397200042072, -39.62490182106805 ], [ 175.852393090392525, -39.626087365239087 ], [ 175.852703189706205, -39.626528870595585 ], [ 175.853102770458889, -39.627154360188449 ], [ 175.853150570328495, -39.627237105960248 ], [ 175.853486371675842, -39.627884628446481 ], [ 175.8538637648345, -39.628702684863605 ], [ 175.854181122230926, -39.629387868148271 ], [ 175.854191071258015, -39.629409434436596 ], [ 175.854192360022694, -39.629412239320843 ], [ 175.854202238144609, -39.62943382509782 ], [ 175.85469200905942, -39.630508400355083 ], [ 175.85469585447774, -39.630516850427149 ], [ 175.855060162871496, -39.63132063245051 ], [ 175.855228215817874, -39.631675795340037 ], [ 175.85526144002128, -39.631746934905081 ], [ 175.855265708891693, -39.631756196903837 ], [ 175.855282602374189, -39.631793342348061 ], [ 175.855385815304686, -39.631807513456899 ], [ 175.855399114198292, -39.631810186038834 ], [ 175.856439193544162, -39.632088177861178 ], [ 175.856982975150004, -39.632146557993046 ], [ 175.857830653452055, -39.63226238247681 ], [ 175.857939982657314, -39.632280564137396 ], [ 175.858641974925234, -39.632418465306266 ], [ 175.858662916163951, -39.632420244024964 ], [ 175.858796809341527, -39.632436335933512 ], [ 175.860575858499118, -39.632762386174043 ], [ 175.860673117897051, -39.632786580192267 ], [ 175.862364325565522, -39.633323783056802 ], [ 175.862485238706967, -39.633371076214765 ], [ 175.862509284955678, -39.633382395416007 ], [ 175.865875825514593, -39.632438268508359 ], [ 175.866108473078725, -39.632403508039928 ], [ 175.869751788006084, -39.632308193882537 ], [ 175.869986941895633, -39.632330716042667 ], [ 175.873490095782813, -39.633110492944283 ], [ 175.873704746467013, -39.633188094101428 ], [ 175.875672741565126, -39.634216723981311 ], [ 175.877374574217583, -39.633898218786669 ], [ 175.877584173070147, -39.633491207519839 ], [ 175.877582919973207, -39.633224951499066 ], [ 175.877468510629541, -39.63235673726173 ], [ 175.877409025692998, -39.631529450201228 ], [ 175.877407698010671, -39.631421855616566 ], [ 175.877446755814162, -39.630593841365993 ], [ 175.877550772595697, -39.629620615380226 ], [ 175.877554076212817, -39.629590327346641 ], [ 175.877554514271225, -39.629586390473683 ], [ 175.877557950013653, -39.629556111231068 ], [ 175.877694588954029, -39.628374777437145 ], [ 175.877697734203281, -39.628348033426299 ], [ 175.877698149785317, -39.628344557183787 ], [ 175.877701398106637, -39.62831782054073 ], [ 175.877755326239196, -39.627880932426805 ], [ 175.877782704294646, -39.627690939849629 ], [ 175.876085708314065, -39.62710876082788 ], [ 175.875886830099233, -39.627009174691587 ], [ 175.873174851102817, -39.625125783785421 ], [ 175.873025512763775, -39.624983544148208 ], [ 175.871387146256666, -39.622795477265889 ], [ 175.870510652208509, -39.622969211614794 ], [ 175.87027477512558, -39.622986376618059 ], [ 175.866637166289536, -39.6228081323871 ], [ 175.86640597795369, -39.6227680810224 ], [ 175.863017720696831, -39.621729156148298 ], [ 175.862813859762753, -39.621635810557144 ], [ 175.861318791647079, -39.620822312085437 ], [ 175.860895288333495, -39.620551071585112 ], [ 175.859676199961967, -39.619647360318169 ], [ 175.859529534670173, -39.619521634146146 ], [ 175.85841532199035, -39.618400885201766 ], [ 175.858405414826052, -39.618389111523562 ], [ 175.857531649865592, -39.617147351951751 ], [ 175.857442407017544, -39.616992726695273 ], [ 175.856830597760023, -39.615660537789282 ], [ 175.856825880286721, -39.615646972575682 ], [ 175.856491074532357, -39.614257161866078 ], [ 175.856467983988011, -39.614088775682411 ], [ 175.856418409802416, -39.612675567055341 ], [ 175.856419343176157, -39.612661538291718 ], [ 175.856656202671644, -39.611259729824503 ], [ 175.856701516268657, -39.611094066093656 ], [ 175.856998433856745, -39.610316037096929 ], [ 175.856950324108169, -39.610311121958986 ], [ 175.856924939766742, -39.610309995736898 ], [ 175.856743475673824, -39.610290811502551 ], [ 175.856731058865989, -39.610288720439968 ], [ 175.856644023839067, -39.610279828274606 ], [ 175.856549621884113, -39.610258165233112 ], [ 175.854957572227789, -39.609990040112649 ], [ 175.854905643403185, -39.609977925365115 ], [ 175.853202581619627, -39.609464737964394 ], [ 175.85303766886031, -39.60940311418716 ], [ 175.851459398874567, -39.608690150400164 ], [ 175.851414853691296, -39.608666215266027 ], [ 175.850000244261537, -39.607771038366572 ], [ 175.849868030003563, -39.607673009426058 ], [ 175.84977498233286, -39.60759226413591 ], [ 175.846734333206285, -39.606474577004064 ], [ 175.84653893876191, -39.606371016111368 ], [ 175.845028998883436, -39.605265773282738 ], [ 175.844087863560901, -39.605187249642924 ], [ 175.843451620927596, -39.605098013609961 ], [ 175.843394345206292, -39.605089865778268 ], [ 175.843386902831611, -39.605088792164928 ], [ 175.843329680480679, -39.605080422868191 ], [ 175.843225162823444, -39.605064926665513 ], [ 175.842962781519191, -39.605070115535383 ], [ 175.842920068904675, -39.605070899529188 ], [ 175.842914516042498, -39.605070993568816 ], [ 175.842871800008055, -39.605071656338438 ], [ 175.840532537533903, -39.605104607488116 ], [ 175.84007114168142, -39.60511726326785 ], [ 175.837556751043252, -39.60521774705758 ], [ 175.836848544080311, -39.605229354261361 ], [ 175.836756503026891, -39.605228696767533 ], [ 175.836720414040343, -39.605227589309756 ], [ 175.836506059990057, -39.605300914928364 ], [ 175.836393904362581, -39.605338732441375 ], [ 175.836386474715852, -39.60534186284508 ], [ 175.835956609200224, -39.605521526862326 ], [ 175.835041148188566, -39.605912093942969 ], [ 175.835004378759663, -39.605927714062645 ], [ 175.834999594022122, -39.605929738011447 ], [ 175.834962752104218, -39.605945255565743 ], [ 175.83446641296706, -39.606153412727025 ], [ 175.833815756245741, -39.606406255870283 ], [ 175.833729925548198, -39.606437048850708 ], [ 175.832016699526463, -39.606929405973496 ], [ 175.83187920488669, -39.606959663605899 ], [ 175.830087481122376, -39.607238620062397 ], [ 175.829993548204357, -39.607247386598566 ], [ 175.829268260284238, -39.607297339463187 ], [ 175.829211586165542, -39.607299864561362 ], [ 175.828727553026397, -39.607393887379629 ], [ 175.828718197653728, -39.607395701483654 ], [ 175.828062517539109, -39.607522275246019 ], [ 175.827646167317681, -39.60764081566834 ], [ 175.827615930929966, -39.607649387599565 ], [ 175.827611998214252, -39.607650497744871 ], [ 175.827581731283203, -39.607659004972206 ], [ 175.826885808580073, -39.607853765516353 ], [ 175.826050120233361, -39.608093026453489 ], [ 175.825979712394144, -39.608112985055079 ], [ 175.825970548668579, -39.608115556852859 ], [ 175.825899976115352, -39.608135164370921 ], [ 175.825239098968268, -39.608316920754838 ], [ 175.82438290803708, -39.608524025455623 ], [ 175.824270428505713, -39.608547595637674 ], [ 175.823396165749529, -39.608703108990014 ], [ 175.823081604108722, -39.60874927520868 ], [ 175.822581673556726, -39.60884224356429 ], [ 175.822488163665241, -39.60885931737765 ], [ 175.822475995747737, -39.608861498148343 ], [ 175.822382306909589, -39.608877974653247 ], [ 175.821471527655234, -39.609035090684536 ], [ 175.82074239150495, -39.609161471247468 ], [ 175.82029176587244, -39.609240236601131 ], [ 175.819390351269675, -39.60936918387106 ], [ 175.819272496461565, -39.609382356434395 ], [ 175.818623555389394, -39.609434819558771 ], [ 175.817881986009468, -39.610091277048937 ], [ 175.817700142687244, -39.610208687694524 ], [ 175.814571604699125, -39.611654214558236 ], [ 175.814351746189828, -39.611722408257556 ], [ 175.811369685875803, -39.612248572175595 ], [ 175.811373182775213, -39.612252650463937 ], [ 175.812887524983779, -39.614816496455198 ], [ 175.812951042407263, -39.614993003921953 ], [ 175.813105714198514, -39.616034355426635 ], [ 175.813120400630424, -39.61604138209227 ], [ 175.814094395168524, -39.616530381491643 ], [ 175.814996315326624, -39.617032027552682 ], [ 175.815109283128805, -39.617101411957933 ] ], [ [ 175.817825625483067, -39.66175121088726 ], [ 175.817215533385138, -39.66203913044005 ], [ 175.817301783213026, -39.662006482179294 ], [ 175.817320415990537, -39.66199944495385 ], [ 175.817322839300687, -39.661998531781101 ], [ 175.817341488217522, -39.661991520194988 ], [ 175.817677964930851, -39.661865297487829 ], [ 175.818233565546308, -39.661551163553163 ], [ 175.818666831394665, -39.661317653849309 ], [ 175.818724016481326, -39.661288299145752 ], [ 175.81917052125732, -39.661070197973835 ], [ 175.81979528906345, -39.660780115260394 ], [ 175.820245516907562, -39.660581463660236 ], [ 175.820304760240276, -39.660556657357922 ], [ 175.820765968363787, -39.660373673493602 ], [ 175.821302116423738, -39.660172468872211 ], [ 175.822305037734338, -39.659786883381294 ], [ 175.823287001786582, -39.658443870327517 ], [ 175.823434470921001, -39.658300428917997 ], [ 175.826121846946677, -39.656395097856773 ], [ 175.826319435687111, -39.656293895096077 ], [ 175.829636881853844, -39.655123616361237 ], [ 175.829865252628508, -39.655074555462058 ], [ 175.83307562937037, -39.654790366520047 ], [ 175.833553071623385, -39.654482530554631 ], [ 175.833966904430469, -39.654201047605234 ], [ 175.834834790165303, -39.653665209705785 ], [ 175.83495164740205, -39.653599859457927 ], [ 175.836512934932131, -39.652863619258369 ], [ 175.836596318090216, -39.652830939837557 ], [ 175.837105161095479, -39.652668933584366 ], [ 175.8375826730977, -39.652001058056641 ], [ 175.838311966763314, -39.65111634019825 ], [ 175.838385644972618, -39.651028097630132 ], [ 175.838395309297965, -39.65101666963902 ], [ 175.838470313016387, -39.650929096958194 ], [ 175.838837402563115, -39.650505867602064 ], [ 175.83883059731977, -39.650505561449457 ], [ 175.838154166487641, -39.650473318513242 ], [ 175.837250886646444, -39.650433960733565 ], [ 175.837241630944163, -39.650433551222797 ], [ 175.83531630109988, -39.650623864795669 ], [ 175.835079395402204, -39.650618385342064 ], [ 175.833445484765264, -39.650379399394687 ], [ 175.833390826318919, -39.650440108139875 ], [ 175.833226668668289, -39.650572263224944 ], [ 175.830320742231692, -39.652274942855904 ], [ 175.830111780916724, -39.652361410338948 ], [ 175.826667314184817, -39.65328649836394 ], [ 175.82643400910149, -39.653318811323238 ], [ 175.822788283243995, -39.653375721777053 ], [ 175.822553480707256, -39.653350716089591 ], [ 175.822146398902305, -39.653281850080482 ], [ 175.822233140892621, -39.653563058589043 ], [ 175.822251370997293, -39.653745731480136 ], [ 175.821959621920087, -39.656555396643398 ], [ 175.821903929711425, -39.656733483181846 ], [ 175.820503128048585, -39.659335932149432 ], [ 175.820378956870684, -39.659491998237868 ], [ 175.818006124931088, -39.661632445319945 ], [ 175.817825625483067, -39.66175121088726 ] ], [ [ 175.896668000071656, -39.664856477239802 ], [ 175.896565626707741, -39.665672823958531 ], [ 175.896350011123872, -39.666837156404881 ], [ 175.896160281802992, -39.667868312773521 ], [ 175.896337583614923, -39.668008565159198 ], [ 175.896474690544181, -39.668158035079266 ], [ 175.898092653263063, -39.670684262064022 ], [ 175.898163290856928, -39.670859158888057 ], [ 175.898691994212584, -39.673648127915833 ], [ 175.898689240218545, -39.673831333440411 ], [ 175.898076794556289, -39.67661005443226 ], [ 175.898000909247543, -39.676783635012661 ], [ 175.897135343160244, -39.678059416215739 ], [ 175.89717422701969, -39.678212240912096 ], [ 175.897200653153305, -39.678388110978233 ], [ 175.897220402611197, -39.678799811147826 ], [ 175.897820317263523, -39.679570439279374 ], [ 175.897909250734017, -39.679740281692787 ], [ 175.897991708518731, -39.680015636745765 ], [ 175.901328456923665, -39.68007880519022 ], [ 175.901561675396209, -39.680111886856494 ], [ 175.905002489531512, -39.681048215694211 ], [ 175.905211071126644, -39.681135358593139 ], [ 175.908109162505724, -39.682847353702662 ], [ 175.908265789905187, -39.682974428687601 ], [ 175.911120605916864, -39.683376914241514 ], [ 175.91113491553034, -39.683380794793031 ], [ 175.912545784841484, -39.683028677538267 ], [ 175.912650147439138, -39.683009465127448 ], [ 175.913459712272015, -39.682883652368858 ], [ 175.914273704048554, -39.682780167993371 ], [ 175.915506639424734, -39.682617743196865 ], [ 175.916330372001795, -39.682532434441526 ], [ 175.916437832308901, -39.682524304865225 ], [ 175.917474936363277, -39.682509025013537 ], [ 175.915929211625809, -39.680936618204434 ], [ 175.915817093508053, -39.68077517521948 ], [ 175.914968721912288, -39.678894660031851 ], [ 175.914611552056442, -39.678247823571219 ], [ 175.914553762048371, -39.678070130396456 ], [ 175.914489163379727, -39.677511549328187 ], [ 175.914101064562118, -39.676949066266914 ], [ 175.914025532892623, -39.676815247787601 ], [ 175.91342795810732, -39.675479058389392 ], [ 175.913415724362295, -39.675442672538836 ], [ 175.913327433558436, -39.675161613952092 ], [ 175.913103710076541, -39.674396012496999 ], [ 175.912949845289887, -39.673890531497641 ], [ 175.912653450834455, -39.672973819733564 ], [ 175.912647198231781, -39.672954389152927 ], [ 175.912646389027003, -39.67295186248306 ], [ 175.912640192325796, -39.672932421219556 ], [ 175.912375979026962, -39.672099495153752 ], [ 175.912369364637811, -39.672078534693064 ], [ 175.912368508990681, -39.672075809041665 ], [ 175.91236195957822, -39.672054836403895 ], [ 175.912115747089501, -39.671262241162459 ], [ 175.912101100353652, -39.671214518606398 ], [ 175.912099218145244, -39.671208310714469 ], [ 175.912084907828302, -39.67116052724117 ], [ 175.911853805111235, -39.670379168884885 ], [ 175.911075145227926, -39.667908024578566 ], [ 175.910829909399496, -39.667680429235162 ], [ 175.910086668080112, -39.666997163289238 ], [ 175.910069007017597, -39.666980888243231 ], [ 175.910066714311711, -39.666978770399425 ], [ 175.910049102975847, -39.66696246323334 ], [ 175.909320031580165, -39.666285752669019 ], [ 175.908664513255758, -39.665686345120001 ], [ 175.908575877722512, -39.665604313518735 ], [ 175.908564437363196, -39.665593596962516 ], [ 175.908477067367727, -39.66551075846926 ], [ 175.908270660347739, -39.665312668255027 ], [ 175.907156685438508, -39.664917143751076 ], [ 175.907120892315021, -39.664904378213905 ], [ 175.907116242852339, -39.6649027126169 ], [ 175.90708050578138, -39.664889853584512 ], [ 175.905831345025774, -39.664438378719012 ], [ 175.90581345680846, -39.664431899091646 ], [ 175.90581113226969, -39.664431055218991 ], [ 175.905793258351679, -39.664424552190241 ], [ 175.904968691390877, -39.664123887543134 ], [ 175.904957723502378, -39.664119882834484 ], [ 175.904956298020949, -39.664119361646549 ], [ 175.904945335425793, -39.664115348079051 ], [ 175.904252487531068, -39.663861342014087 ], [ 175.903342156630742, -39.6635379060085 ], [ 175.903304006254842, -39.663524286716516 ], [ 175.903299050852581, -39.66352250930418 ], [ 175.903260964271055, -39.663508783790981 ], [ 175.902256869396552, -39.663145220631115 ], [ 175.902233750053597, -39.663136825534565 ], [ 175.902230746089941, -39.663135731627776 ], [ 175.902207650607551, -39.663127297388968 ], [ 175.900390606783503, -39.662461827214273 ], [ 175.899515046529615, -39.662146684349636 ], [ 175.899499236905058, -39.662140982729433 ], [ 175.899497182372869, -39.662140240330345 ], [ 175.899481383810155, -39.662134520426207 ], [ 175.898479387507479, -39.66177103222936 ], [ 175.898475444669089, -39.661769601199346 ], [ 175.897385940411482, -39.661373674845393 ], [ 175.89653748018327, -39.661368714645135 ], [ 175.896584630618548, -39.662054826986441 ], [ 175.896588818414244, -39.662120255642705 ], [ 175.896589322811451, -39.662128762785372 ], [ 175.896592894972173, -39.662194213247268 ], [ 175.896640585984329, -39.663150575359211 ], [ 175.896680926794915, -39.663929944896559 ], [ 175.896675037092507, -39.66475010433539 ], [ 175.896668000071656, -39.664856477239802 ] ], [ [ 175.936900742820029, -39.668804570975553 ], [ 175.936918473709795, -39.668817609620838 ], [ 175.937554118316115, -39.66928661320398 ], [ 175.93792571184494, -39.669558392042461 ], [ 175.939494101274619, -39.670684756935557 ], [ 175.940320733452126, -39.671271581393924 ], [ 175.94037516398069, -39.671310468253658 ], [ 175.940382219085279, -39.671315540876577 ], [ 175.940436328627953, -39.67135469436959 ], [ 175.940958200985364, -39.671734729435109 ], [ 175.941058364265643, -39.671808541396985 ], [ 175.941071311346406, -39.671818196337163 ], [ 175.94117033392402, -39.671892921917575 ], [ 175.94166385871938, -39.672269796181823 ], [ 175.941724228833237, -39.67231623474251 ], [ 175.941732048310655, -39.672322293828536 ], [ 175.941791977849704, -39.672369071975965 ], [ 175.942546491340039, -39.672962320416119 ], [ 175.942738314094839, -39.673116770152305 ], [ 175.942762938929121, -39.673137074693642 ], [ 175.942949959776854, -39.673295002524753 ], [ 175.943415887004193, -39.673697955220383 ], [ 175.944186224063429, -39.673114019091017 ], [ 175.944241022308574, -39.6730727517742 ], [ 175.944248168779779, -39.673067405143591 ], [ 175.944303316245112, -39.673026416604721 ], [ 175.944615078926802, -39.67279621367863 ], [ 175.944684153604072, -39.672651319540556 ], [ 175.944721687048428, -39.672588327243922 ], [ 175.944758841509667, -39.6725252009294 ], [ 175.94565951676708, -39.67127077005587 ], [ 175.94566146352534, -39.671268504849806 ], [ 175.946808338971579, -39.670140444980227 ], [ 175.946869220854211, -39.670089497598397 ], [ 175.946929795867703, -39.670038332258024 ], [ 175.948266734107733, -39.669073368196877 ], [ 175.948403132936846, -39.668989386164903 ], [ 175.948659278353432, -39.668805403772517 ], [ 175.949331792960038, -39.668318845283814 ], [ 175.950483285372059, -39.667482791786938 ], [ 175.950490888505669, -39.667477276223451 ], [ 175.951950501220239, -39.666420815855048 ], [ 175.952195923203874, -39.666243065679055 ], [ 175.952849585492004, -39.66580372675287 ], [ 175.952937187584951, -39.665749129715877 ], [ 175.953631249955407, -39.665348513981932 ], [ 175.955508022744993, -39.664346933307492 ], [ 175.957909475547524, -39.663057886467548 ], [ 175.957936040201446, -39.663043668738013 ], [ 175.957939496912275, -39.663041824136201 ], [ 175.957966112424828, -39.663027663376077 ], [ 175.958342883996124, -39.662827795394762 ], [ 175.960822405114698, -39.661494997354566 ], [ 175.960839622029511, -39.661485760247693 ], [ 175.9608418616221, -39.661484560980213 ], [ 175.960859099978194, -39.661475347818339 ], [ 175.961311961677808, -39.661233775687691 ], [ 175.962779129632253, -39.6604470723763 ], [ 175.963683206274624, -39.659957370569117 ], [ 175.963711086781132, -39.659942315430811 ], [ 175.963714714932848, -39.659940362353282 ], [ 175.963742652144873, -39.659925370144954 ], [ 175.965114598998582, -39.659191403482332 ], [ 175.965133300045068, -39.659181419370114 ], [ 175.965135732816208, -39.659180123268222 ], [ 175.965154459017867, -39.659170167351377 ], [ 175.965957127942204, -39.658744307642863 ], [ 175.966205993399001, -39.658608777543122 ], [ 175.966520726659155, -39.658437374833923 ], [ 175.966571753926701, -39.658409742830798 ], [ 175.966578399770185, -39.65840616443603 ], [ 175.966629616233035, -39.658378744213394 ], [ 175.966717896318556, -39.65833175015171 ], [ 175.966997127767598, -39.658145677838277 ], [ 175.967016534112446, -39.658132774596545 ], [ 175.967019059317494, -39.658131099317629 ], [ 175.967038502280957, -39.65811822903774 ], [ 175.967598490620162, -39.657748364085251 ], [ 175.967869975375919, -39.657568320229899 ], [ 175.96954466356911, -39.656454479974656 ], [ 175.969709676463111, -39.656346766666211 ], [ 175.969731294095141, -39.656332918739295 ], [ 175.969898860157826, -39.656227587014087 ], [ 175.970045062294105, -39.656137410696793 ], [ 175.970617487259318, -39.655741577434895 ], [ 175.970737018849718, -39.65566005072138 ], [ 175.970752650970894, -39.655649534870328 ], [ 175.970873613552612, -39.655569279258316 ], [ 175.971112483732128, -39.655412974168726 ], [ 175.971767238469795, -39.65497439347385 ], [ 175.97293888936494, -39.654284717152009 ], [ 175.973097907548066, -39.654202839395744 ], [ 175.974372691539969, -39.653632856801551 ], [ 175.975560843398313, -39.653176440334548 ], [ 175.975605400751647, -39.653159415204222 ], [ 175.975611199283492, -39.653157211493713 ], [ 175.975655850112702, -39.653140333385473 ], [ 175.976233367015737, -39.652923206737661 ], [ 175.976593892259359, -39.652781545533252 ], [ 175.976724195785181, -39.652731134759811 ], [ 175.976741187561913, -39.652724663453796 ], [ 175.9768722959885, -39.652675515671994 ], [ 175.981121724343666, -39.651107727692974 ], [ 175.981373476404997, -39.651017666660664 ], [ 175.981406379722586, -39.651006261400866 ], [ 175.981660832562142, -39.650920856891872 ], [ 175.981927518037423, -39.650834246909135 ], [ 175.982153268536507, -39.650763068675218 ], [ 175.982182738051108, -39.650754053757431 ], [ 175.983930834113863, -39.650338574321829 ], [ 175.984131551044186, -39.650303916861553 ], [ 175.985942190160216, -39.650104915422396 ], [ 175.985973820692806, -39.650103380298191 ], [ 175.98621729223305, -39.650093538757197 ], [ 175.98756742943462, -39.650049895517519 ], [ 175.988949415765916, -39.650089155816147 ], [ 175.990280527024254, -39.64893420777711 ], [ 175.991641046662892, -39.647740511670939 ], [ 175.991649920509843, -39.647732734750669 ], [ 175.991651074861721, -39.647731724264865 ], [ 175.991659960274063, -39.64772395524998 ], [ 175.991786315149028, -39.647613603868521 ], [ 175.992112449844029, -39.646680767489521 ], [ 175.992180676704294, -39.646532842117566 ], [ 175.992928102244861, -39.64524255615661 ], [ 175.992944494611351, -39.645219335564256 ], [ 175.993943776962539, -39.64403531767524 ], [ 175.994067786147554, -39.643910929004399 ], [ 175.995294309419108, -39.642862326222733 ], [ 175.995319179709554, -39.642844157679541 ], [ 175.99674274461546, -39.641956784300596 ], [ 175.996910395339, -39.641868105390465 ], [ 175.998259425030483, -39.641253098757332 ], [ 175.998587030718568, -39.64112585440823 ], [ 175.999729669099224, -39.640739762214622 ], [ 175.999881254518158, -39.640695848896939 ], [ 176.001070701011571, -39.640406351112119 ], [ 176.002659063214367, -39.640090860183392 ], [ 176.003014023313227, -39.640028107791444 ], [ 175.999890821057704, -39.63896183273306 ], [ 175.999691682622228, -39.638862509419766 ], [ 175.997699917424058, -39.637484324423596 ], [ 175.996792608069939, -39.63710581304661 ], [ 175.996750623177491, -39.637088211528813 ], [ 175.996745171231169, -39.637085914691987 ], [ 175.996703280026253, -39.637068180258858 ], [ 175.996031240874487, -39.636782286901209 ], [ 175.995673504295127, -39.637016175544424 ], [ 175.995579898545685, -39.63707672749414 ], [ 175.99556767680366, -39.637084549754967 ], [ 175.995473255753438, -39.63714434027888 ], [ 175.994873320145786, -39.637520193816989 ], [ 175.994668889229786, -39.637645362473698 ], [ 175.99464208101503, -39.637661402434475 ], [ 175.994434077862905, -39.637783002398251 ], [ 175.994249414250902, -39.637888467270884 ], [ 175.994016853389581, -39.638028125527214 ], [ 175.993404711951371, -39.638395725857102 ], [ 175.992672350876745, -39.638848711183591 ], [ 175.99262491849214, -39.638877892938048 ], [ 175.992618739559447, -39.638881674138965 ], [ 175.992571111440412, -39.638910664706366 ], [ 175.991676049197054, -39.639452558793415 ], [ 175.99166292305236, -39.6394604938911 ], [ 175.991661215699224, -39.639461524510637 ], [ 175.991648074871819, -39.639469445098015 ], [ 175.990110588790856, -39.640394770819704 ], [ 175.990090897283892, -39.640406595591458 ], [ 175.990088335262755, -39.640408130692784 ], [ 175.990068611060309, -39.640419922864282 ], [ 175.98954295909769, -39.640733488492955 ], [ 175.989503380900118, -39.640756993387633 ], [ 175.989498227292643, -39.640760040490996 ], [ 175.987963001457018, -39.641528091549624 ], [ 175.987760185393824, -39.641612895305137 ], [ 175.986088421835063, -39.642185786588072 ], [ 175.986082302354419, -39.642187453111291 ], [ 175.984315181273701, -39.642551076033769 ], [ 175.984088391110816, -39.642583267261628 ], [ 175.982269438955086, -39.642728661632333 ], [ 175.982262952819838, -39.642728784386009 ], [ 175.982213056852828, -39.642729646034098 ], [ 175.981372066949262, -39.642742772875003 ], [ 175.98075911320916, -39.642759020109025 ], [ 175.980624278912643, -39.642761989754213 ], [ 175.980606748150848, -39.642762297355929 ], [ 175.979591733561989, -39.642718422028743 ], [ 175.979352552252294, -39.642759009855155 ], [ 175.979204149546376, -39.642783410997083 ], [ 175.979184831295839, -39.642786485905653 ], [ 175.979036030150382, -39.642809391048822 ], [ 175.978541757642148, -39.64288289068206 ], [ 175.978044157497266, -39.642948277434421 ], [ 175.977979261706707, -39.642955690784568 ], [ 175.977370257434416, -39.64298782962107 ], [ 175.976192965543618, -39.643287976123908 ], [ 175.976120094398283, -39.643301762262325 ], [ 175.975556147865746, -39.643397071247946 ], [ 175.97479983924967, -39.643509788716365 ], [ 175.974321577424831, -39.643593117863325 ], [ 175.973695610704425, -39.643688339899718 ], [ 175.973613857774325, -39.643698987855906 ], [ 175.972982087360094, -39.643767580500246 ], [ 175.972063780868893, -39.643847529230783 ], [ 175.971424713131768, -39.643889432259691 ], [ 175.971341503374219, -39.643893108530492 ], [ 175.969513248476119, -39.643862764453864 ], [ 175.969359702954677, -39.643850852171255 ], [ 175.967560108651838, -39.643599742562394 ], [ 175.967479503341877, -39.643583357293629 ], [ 175.966863951847245, -39.643444119214706 ], [ 175.966365303854445, -39.643319707628883 ], [ 175.96629008351556, -39.643300721861451 ], [ 175.966280315827049, -39.643298228071082 ], [ 175.966205264034755, -39.643278847833336 ], [ 175.966103351517035, -39.643252233723729 ], [ 175.965496210655942, -39.643395241592479 ], [ 175.965261491784105, -39.64342056419553 ], [ 175.961616064532393, -39.643368561688696 ], [ 175.961382714121982, -39.64333656203668 ], [ 175.957936570721984, -39.642416088774411 ], [ 175.957727439415976, -39.642329900552454 ], [ 175.954818022258394, -39.64063109370835 ], [ 175.954653586338651, -39.640499156638036 ], [ 175.954352547134761, -39.640165984934782 ], [ 175.954279020826704, -39.640141678557605 ], [ 175.9541335496599, -39.640086279964159 ], [ 175.953044134552329, -39.639613692824 ], [ 175.952645618140934, -39.639418392296314 ], [ 175.952063050936403, -39.639139747973609 ], [ 175.95200566619252, -39.639112122069903 ], [ 175.951998219715932, -39.639108514001215 ], [ 175.951941043281948, -39.639080631155949 ], [ 175.951049293717261, -39.638642950555315 ], [ 175.95062003119142, -39.638432294423595 ], [ 175.950117528439705, -39.638200248452975 ], [ 175.950008524545524, -39.638149285056308 ], [ 175.949994401311073, -39.63814260012159 ], [ 175.949886124675857, -39.638090718369632 ], [ 175.948745232730175, -39.637537342539524 ], [ 175.948650133137335, -39.637490718119224 ], [ 175.948637808365874, -39.637484610894496 ], [ 175.948543296090804, -39.637437278011575 ], [ 175.948469296763051, -39.637399824483978 ], [ 175.948257894970851, -39.637306639191372 ], [ 175.947943244623019, -39.637162839135385 ], [ 175.947902729391188, -39.637143653709586 ], [ 175.946423196500177, -39.636312951619956 ], [ 175.946278746014912, -39.636217606914137 ], [ 175.944985541672679, -39.635218162423449 ], [ 175.944954679316567, -39.635190235128235 ], [ 175.944721635461548, -39.634972530289083 ], [ 175.944630592814946, -39.634884711139939 ], [ 175.944531369539618, -39.63488345866547 ], [ 175.942666828136311, -39.634927086193407 ], [ 175.942448599281931, -39.634930608962136 ], [ 175.942420226471739, -39.63493086140398 ], [ 175.942201950564709, -39.634931222355846 ], [ 175.941024066758985, -39.634924632479574 ], [ 175.940446443321747, -39.634910314819905 ], [ 175.940371458163526, -39.634907015060406 ], [ 175.939795463976878, -39.634870567200558 ], [ 175.938818211378191, -39.634789813645305 ], [ 175.937750504993943, -39.634712265051505 ], [ 175.937003821734692, -39.634658929681144 ], [ 175.936700815294643, -39.634643619117625 ], [ 175.935711367389899, -39.634560683622645 ], [ 175.935583568950165, -39.634545677478314 ], [ 175.934606887965316, -39.634397749341026 ], [ 175.934219417014248, -39.634325650317408 ], [ 175.933357381260493, -39.634185610393487 ], [ 175.932938410851875, -39.634128513743242 ], [ 175.932115851486088, -39.633992575137441 ], [ 175.932009882754897, -39.633971943329321 ], [ 175.930277333385703, -39.633520221415814 ], [ 175.930159249508847, -39.633481211526941 ], [ 175.928539452753313, -39.632825461281456 ], [ 175.928446919991444, -39.632780516709495 ], [ 175.927751282778161, -39.632414908561707 ], [ 175.927539119770415, -39.632294519091026 ], [ 175.927083930433923, -39.632053652188389 ], [ 175.926033139235102, -39.631504351652353 ], [ 175.925129795296186, -39.630959036643006 ], [ 175.925089412396915, -39.630942893499622 ], [ 175.924461083890293, -39.63066864318224 ], [ 175.924381857381405, -39.630633745532116 ], [ 175.924371581054629, -39.630629177741262 ], [ 175.924292710229025, -39.630593801685798 ], [ 175.923825252157741, -39.630382235610817 ], [ 175.92072165995404, -39.629046354726846 ], [ 175.920682770228638, -39.629029539152995 ], [ 175.920677719988987, -39.629027345659878 ], [ 175.920638913719813, -39.629010415185583 ], [ 175.919881251143892, -39.628678377964732 ], [ 175.919219287897363, -39.628393517564419 ], [ 175.919193280024047, -39.62838229186837 ], [ 175.919189901418179, -39.628380829187648 ], [ 175.919163930739643, -39.628369552103258 ], [ 175.918574035078734, -39.62811263540673 ], [ 175.918567812478159, -39.62810992333992 ], [ 175.917490351682176, -39.627639455095881 ], [ 175.917015261729119, -39.627433704337207 ], [ 175.916500607899138, -39.62722734651274 ], [ 175.91649291813485, -39.627225031730887 ], [ 175.916474641957876, -39.627219424305004 ], [ 175.916334418159636, -39.627175584488405 ], [ 175.915658293483062, -39.626960237526625 ], [ 175.914323468007069, -39.626575946817219 ], [ 175.914192102816799, -39.626593154233127 ], [ 175.913572211375623, -39.626678194532253 ], [ 175.913246443330422, -39.626725214619071 ], [ 175.913222348228032, -39.62701021850976 ], [ 175.912960308001686, -39.628409363027998 ], [ 175.912908053486035, -39.628588071624435 ], [ 175.911557781470748, -39.631206328736226 ], [ 175.911436660544666, -39.63136380253939 ], [ 175.909105996079234, -39.633531222777563 ], [ 175.908927860609509, -39.633652043973001 ], [ 175.905844922011624, -39.635156411646697 ], [ 175.90562721051333, -39.635228749909018 ], [ 175.902376491888987, -39.635867246392145 ], [ 175.902237633137645, -39.63692743852981 ], [ 175.902206822867271, -39.637058748661715 ], [ 175.901740274826409, -39.638425690264846 ], [ 175.901718826843336, -39.638473088564929 ], [ 175.90154372745269, -39.638834954908766 ], [ 175.901123726720925, -39.639649279068507 ], [ 175.900694029818169, -39.64049087527777 ], [ 175.900688215714922, -39.640502239939366 ], [ 175.900687458586049, -39.64050371694745 ], [ 175.900681624552902, -39.64051507548718 ], [ 175.900324930046224, -39.641208161284489 ], [ 175.900154927559157, -39.641539755185214 ], [ 175.901797228981422, -39.640333592868345 ], [ 175.901992459638052, -39.640229737216799 ], [ 175.905282256735404, -39.639014846509355 ], [ 175.905428922064317, -39.638981187734935 ], [ 175.905509435421209, -39.638962710330638 ], [ 175.909123731865691, -39.63859315187208 ], [ 175.909249337593678, -39.638595635935921 ], [ 175.909360628627809, -39.638597836789089 ], [ 175.912945769160729, -39.639109773368894 ], [ 175.913169204169435, -39.639170821098169 ], [ 175.916374381495501, -39.640514161910147 ], [ 175.916492187103501, -39.64058395085452 ], [ 175.916562490503708, -39.640625599004231 ], [ 175.919074034659388, -39.642668894827118 ], [ 175.919152463080167, -39.64275698293762 ], [ 175.919208406508687, -39.642819816509309 ], [ 175.919235901285049, -39.642864299734661 ], [ 175.921268847841247, -39.64478735722593 ], [ 175.921388272915408, -39.644945614146188 ], [ 175.921804386563537, -39.645772445861525 ], [ 175.922115242495408, -39.645711398962014 ], [ 175.922447134039459, -39.645514498278871 ], [ 175.922655406258997, -39.645427064922963 ], [ 175.926092284620353, -39.644485947270859 ], [ 175.926325307148744, -39.644452541215053 ], [ 175.928360119729177, -39.644411180429827 ], [ 175.92838330884652, -39.644406377542381 ], [ 175.929114124451274, -39.644250546303105 ], [ 175.929211876435375, -39.644230055279671 ], [ 175.929224598922019, -39.644227434181978 ], [ 175.929322577503257, -39.644207600625229 ], [ 175.929761167199672, -39.644120389547922 ], [ 175.931107717620762, -39.643814985395402 ], [ 175.931169518910139, -39.643801111284901 ], [ 175.931177559457069, -39.643799324811638 ], [ 175.931239458889934, -39.643785714718405 ], [ 175.933406868750467, -39.643314129769301 ], [ 175.934355566051607, -39.643106451876932 ], [ 175.935156687536875, -39.642929047778907 ], [ 175.936948712558006, -39.642647572374926 ], [ 175.937183942985968, -39.642625291247946 ], [ 175.940827684161945, -39.642724344687508 ], [ 175.941060309914064, -39.642759344293225 ], [ 175.944486204329991, -39.6437239505902 ], [ 175.944693462935959, -39.643812806370029 ], [ 175.947566266971535, -39.64554857933657 ], [ 175.94772787530448, -39.645682596545498 ], [ 175.949766410730462, -39.6480196795317 ], [ 175.94986654863132, -39.648185743166039 ], [ 175.950871214110947, -39.650895415618081 ], [ 175.950900073283094, -39.651077272853932 ], [ 175.950772403823862, -39.653894320205978 ], [ 175.950727150265607, -39.654074170329537 ], [ 175.949479501976299, -39.656722834709143 ], [ 175.949364556854249, -39.656883071291283 ], [ 175.947118951330651, -39.659104046763851 ], [ 175.946945561478771, -39.659228981651395 ], [ 175.943921782348497, -39.660804810715952 ], [ 175.943706921183946, -39.660882210873936 ], [ 175.941993504105852, -39.661377044771278 ], [ 175.941174141359596, -39.661558488467136 ], [ 175.941157195300292, -39.661562230302131 ], [ 175.941154991842183, -39.661562715452099 ], [ 175.941138038546114, -39.661566437462817 ], [ 175.940161653859377, -39.661780176540802 ], [ 175.940151685858041, -39.661782354924931 ], [ 175.938031509661528, -39.662243666692966 ], [ 175.936550233287448, -39.662579626244195 ], [ 175.936361835728206, -39.662621028543533 ], [ 175.936337287254787, -39.662626251412746 ], [ 175.936148015998782, -39.662665200946094 ], [ 175.935611770465954, -39.662771830636316 ], [ 175.935049915578219, -39.662891634294162 ], [ 175.93599959649427, -39.665902210213915 ], [ 175.936018862968268, -39.665964237388557 ], [ 175.936021330645104, -39.665972307672803 ], [ 175.936040028429659, -39.666034438717539 ], [ 175.936275923779561, -39.666831058844281 ], [ 175.936499655945681, -39.667550476892636 ], [ 175.936750481122317, -39.668340327946922 ], [ 175.936900742820029, -39.668804570975553 ] ], [ [ 175.646674070871398, -39.740526898984015 ], [ 175.646670579324166, -39.740526213416629 ], [ 175.646643729383953, -39.740520915196548 ], [ 175.645251733492614, -39.740244867271322 ], [ 175.644027289124182, -39.740006465177729 ], [ 175.643957725132282, -39.73999274460963 ], [ 175.643948689009108, -39.739990939471284 ], [ 175.643879235721897, -39.739976888680076 ], [ 175.643553455968117, -39.739910153417362 ], [ 175.642404935408962, -39.740427330038166 ], [ 175.642309607286961, -39.740462833477096 ], [ 175.640603039043214, -39.740975255363608 ], [ 175.640476456112879, -39.741004671067969 ], [ 175.638687046444204, -39.741304654554988 ], [ 175.638582171078042, -39.741315674976903 ], [ 175.63777160134714, -39.741378691097509 ], [ 175.637369987764799, -39.741399010847481 ], [ 175.635539026043745, -39.741380481382322 ], [ 175.635358880710555, -39.741367698287846 ], [ 175.634530705290246, -39.741548180919175 ], [ 175.634319963509398, -39.74158058233651 ], [ 175.633637969903276, -39.74164302063852 ], [ 175.63681187410549, -39.742566208876134 ], [ 175.637018128765817, -39.742656824118789 ], [ 175.639869793838272, -39.744416911874985 ], [ 175.640029691841733, -39.744552291634101 ], [ 175.640430226457568, -39.745021964476841 ], [ 175.641483178409544, -39.7451140072721 ], [ 175.641508395615062, -39.745116232933917 ], [ 175.641511673441187, -39.745116525021324 ], [ 175.641536884329611, -39.745118793011805 ], [ 175.643817983951919, -39.745325920421273 ], [ 175.644004946295695, -39.745244297437559 ], [ 175.64403944235346, -39.745229296849338 ], [ 175.644043931112122, -39.74522735265024 ], [ 175.644078492879856, -39.745212442482945 ], [ 175.644762751480869, -39.744918420256312 ], [ 175.644956458828887, -39.744835108487749 ], [ 175.647116577039952, -39.743680132799597 ], [ 175.647863595698539, -39.7428428390714 ], [ 175.648740173443656, -39.741833836044613 ], [ 175.648704947623372, -39.740911771465854 ], [ 175.648558707752898, -39.740883600949616 ], [ 175.647760358565989, -39.740737198756086 ], [ 175.647684076459512, -39.74072300039542 ], [ 175.647674167938845, -39.740721128885809 ], [ 175.647598011266183, -39.740706534791286 ], [ 175.646700937042255, -39.740532147954561 ], [ 175.646674070871398, -39.740526898984015 ] ], [ [ 175.798357625264117, -39.646574818613409 ], [ 175.798975231798806, -39.645244183085715 ], [ 175.799032305940585, -39.645146181768595 ], [ 175.799188667819408, -39.644925740609906 ], [ 175.79918631952944, -39.644915242780151 ], [ 175.798865855667685, -39.644298593706672 ], [ 175.798246007975109, -39.643112735207104 ], [ 175.798050280141183, -39.642710967850363 ], [ 175.798026459349529, -39.642658299147222 ], [ 175.797560205637211, -39.64129132446481 ], [ 175.79753070477426, -39.641165476250819 ], [ 175.797346796696957, -39.639758940352159 ], [ 175.797345194211431, -39.639703158485567 ], [ 175.797346094767164, -39.639273840042129 ], [ 175.797359574332035, -39.638864436703237 ], [ 175.797360379770424, -39.638841156429081 ], [ 175.797360489536459, -39.638838130103188 ], [ 175.797361372806648, -39.638814851517182 ], [ 175.797387401716634, -39.638157823836735 ], [ 175.797391233380353, -39.638076375730954 ], [ 175.797015379121746, -39.637611007377259 ], [ 175.796922855862192, -39.637442335202678 ], [ 175.796042013909556, -39.634707157257907 ], [ 175.796021436000956, -39.634524634276488 ], [ 175.796276860177926, -39.631712866311936 ], [ 175.796330232742548, -39.631534359620616 ], [ 175.796756572495127, -39.630719130293926 ], [ 175.79674096556036, -39.630709417156069 ], [ 175.795875093362326, -39.630113269194901 ], [ 175.795080391339269, -39.629508677612925 ], [ 175.794798046301679, -39.629284970999855 ], [ 175.794642163653549, -39.629309543516449 ], [ 175.793634095243249, -39.629469254420641 ], [ 175.793152634520823, -39.629553612047204 ], [ 175.793044424474999, -39.629572153438261 ], [ 175.793030342656806, -39.629574512017676 ], [ 175.792921909346916, -39.629592256463432 ], [ 175.791806534817738, -39.629770492404433 ], [ 175.79176003984108, -39.629777845692395 ], [ 175.791753993001464, -39.629778792095415 ], [ 175.791707459676871, -39.629785998853777 ], [ 175.791019046439231, -39.62989148597449 ], [ 175.790624500152319, -39.629957292030419 ], [ 175.790569833550563, -39.629966303651727 ], [ 175.790562723299132, -39.629967461971972 ], [ 175.790508001418146, -39.629976270662027 ], [ 175.789627754783965, -39.630116259223897 ], [ 175.789483832210436, -39.63033024811201 ], [ 175.789342969047425, -39.630477569304766 ], [ 175.786743921457003, -39.632453969664148 ], [ 175.786551068311439, -39.632560416609913 ], [ 175.783289245872709, -39.633818965789438 ], [ 175.783063283747168, -39.633874115406329 ], [ 175.780569194408116, -39.634162926894007 ], [ 175.780695278993193, -39.634698996636658 ], [ 175.780805201826581, -39.635269563117056 ], [ 175.780816407586229, -39.63534401428192 ], [ 175.780878880642035, -39.635918850368377 ], [ 175.780915219700717, -39.636460637926376 ], [ 175.780915514168953, -39.63646504882275 ], [ 175.780982865180619, -39.637486298443463 ], [ 175.780965540159002, -39.63861690182236 ], [ 175.780951391011996, -39.638763192410913 ], [ 175.780751033716285, -39.639883213242655 ], [ 175.780690236762979, -39.640114822033901 ], [ 175.780684293876618, -39.640186437271936 ], [ 175.780679398090939, -39.640242679863412 ], [ 175.780678732058817, -39.640249989789304 ], [ 175.780673381195896, -39.640306207596176 ], [ 175.780622149847403, -39.640822386392337 ], [ 175.780573096191716, -39.641387171896596 ], [ 175.780549996259339, -39.641668408975768 ], [ 175.780835195233152, -39.641991130844154 ], [ 175.780908890812839, -39.64208343572561 ], [ 175.781744316458855, -39.643340966417433 ], [ 175.781781875602576, -39.643410430753121 ], [ 175.782352588189724, -39.64475351351912 ], [ 175.782385786108875, -39.644858906723783 ], [ 175.782592489995494, -39.645678785611715 ], [ 175.782727972824688, -39.646390477915709 ], [ 175.782784768695024, -39.646734730335886 ], [ 175.782791034678155, -39.646779576463615 ], [ 175.782830638457625, -39.647125264476053 ], [ 175.782832957367503, -39.647151175857843 ], [ 175.783136491528012, -39.647295607037471 ], [ 175.783153973050986, -39.647303941687838 ], [ 175.783156244412282, -39.647305026739417 ], [ 175.783173706909139, -39.647313385190316 ], [ 175.783701942682569, -39.647566721944528 ], [ 175.786831090748876, -39.648105139455438 ], [ 175.787051528888838, -39.648172427987269 ], [ 175.790191717305675, -39.649604970884397 ], [ 175.790374478531135, -39.649721620702351 ], [ 175.791059287152564, -39.650320918164148 ], [ 175.792297704239218, -39.650763166924555 ], [ 175.792494668383199, -39.65086507409282 ], [ 175.793539544746551, -39.651612870333572 ], [ 175.795606594248795, -39.65163105747402 ], [ 175.795840252788281, -39.651661773962189 ], [ 175.796451580908411, -39.651821279119915 ], [ 175.796630546547561, -39.651216081093999 ], [ 175.796680216795465, -39.651093379139809 ], [ 175.797129510634591, -39.650165777421805 ], [ 175.797561610101212, -39.649404045167003 ], [ 175.797719889777085, -39.648808094055411 ], [ 175.797736674807908, -39.648746005057681 ], [ 175.797738893588871, -39.648737939525951 ], [ 175.797756243648877, -39.648675943420059 ], [ 175.797974605004185, -39.647908751664666 ], [ 175.798156034771267, -39.64721965667438 ], [ 175.798331686486137, -39.64664842497811 ], [ 175.798357625264117, -39.646574818613409 ] ], [ [ 175.748321664402198, -39.637475414905929 ], [ 175.747942290707186, -39.637887517636031 ], [ 175.748917680294483, -39.63821496825333 ], [ 175.749001903304048, -39.637224375387326 ], [ 175.749013443830535, -39.637162918600268 ], [ 175.749058672585278, -39.637008511526645 ], [ 175.748886273260013, -39.636796788930724 ], [ 175.748739952285149, -39.636988790639883 ], [ 175.748693700583715, -39.637045682678526 ], [ 175.748321664402198, -39.637475414905929 ] ] ] ] } }
]
}
