{
"type": "FeatureCollection",
"name": "PowerCo_Well_P2_2026 - Captured_Area",
"crs": { "type": "name", "properties": { "name": "urn:ogc:def:crs:OGC:1.3:CRS84" } },
"xy_coordinate_resolution": 1e-15,
"features": [
{ "type": "Feature", "properties": { "Tasking_1": "Priority", "ID": 58, "Area": 2765.842, "Project": "PGRM3365", "layer": "Dissolved", "path": "MultiPolygon?crs=EPSG:32760&field=Tasking_1:string(100,0)&field=ID:long(10,0)&field=Area:double(10,3)&uid={07a855ee-f187-4af7-baf0-6b768c5b9858}", "SN_No": "AiDash Inc", "Company_Name": "SN14592", "Description": "NI Powerco Network (BOP/Coromandel) 2026/27 orthos", "Percentage_Coverage": 100.0 }, "geometry": { "type": "MultiPolygon", "coordinates": [ [ [ [ 175.837002850914047, -41.342671202013541 ], [ 175.837137608422722, -41.344080855904764 ], [ 175.837137560977254, -41.34408625638526 ], [ 175.836978041232925, -41.345494441462797 ], [ 175.836938430025413, -41.345675156177847 ], [ 175.835759342946773, -41.348349304774729 ], [ 175.835647558518161, -41.348511948928333 ], [ 175.833429441948766, -41.350780606865897 ], [ 175.83325642083588, -41.350909256555695 ], [ 175.830216356341623, -41.35255029632517 ], [ 175.829999035367194, -41.352632354650225 ], [ 175.826434657783665, -41.353485086098807 ], [ 175.826194316045303, -41.353512517674034 ], [ 175.822454658998055, -41.353493438023861 ], [ 175.822214832550713, -41.353463556665204 ], [ 175.818666113882983, -41.3525745363835 ], [ 175.818450288146579, -41.352490268429143 ], [ 175.815440003042028, -41.350818367057833 ], [ 175.815269310239842, -41.350687964404436 ], [ 175.8130921693961, -41.348396894784997 ], [ 175.812983317809397, -41.348233125925681 ], [ 175.811852382684748, -41.34554720763591 ], [ 175.811816021253776, -41.345366106349317 ], [ 175.811681808649837, -41.343956430369374 ], [ 175.811681858198341, -41.343951029927318 ], [ 175.811841917659166, -41.342542886773423 ], [ 175.811881595962291, -41.342362181502125 ], [ 175.813061540598255, -41.339688286438346 ], [ 175.813173365116455, -41.339525664529909 ], [ 175.81539178457723, -41.337257396983624 ], [ 175.815564803458074, -41.337128773843389 ], [ 175.818604500429643, -41.33548811220566 ], [ 175.818821777698787, -41.335406074593436 ], [ 175.82238525765419, -41.33455356458181 ], [ 175.822625530902855, -41.334526139970961 ], [ 175.826364102995541, -41.334545199780159 ], [ 175.826603862323793, -41.334575071694466 ], [ 175.830151723038739, -41.335463838434215 ], [ 175.83036750865827, -41.335548084142843 ], [ 175.833377490437954, -41.337219595114384 ], [ 175.83354818544376, -41.337349971217677 ], [ 175.835725693380851, -41.339640662698116 ], [ 175.835834588646122, -41.339804410844174 ], [ 175.836966421015802, -41.342490107691631 ], [ 175.837002850914047, -41.342671202013541 ] ] ], [ [ [ 175.252497954512592, -41.612539173442379 ], [ 175.250615439074892, -41.612511757827313 ], [ 175.250482860896597, -41.612501980450517 ], [ 175.249467318056901, -41.612394023606399 ], [ 175.248378853187688, -41.612242441096996 ], [ 175.247481000371209, -41.61209045048362 ], [ 175.247365460606034, -41.612067363105751 ], [ 175.246485779258848, -41.611864163452019 ], [ 175.245548998697416, -41.611617871951303 ], [ 175.244477275923458, -41.611342586372743 ], [ 175.24435510152145, -41.61131065030591 ], [ 175.244339249142399, -41.611306434469213 ], [ 175.244217540791794, -41.611273511510298 ], [ 175.24361329901663, -41.611107289735152 ], [ 175.242676439974559, -41.611003403111511 ], [ 175.241590811736813, -41.610889502572228 ], [ 175.241481913763209, -41.61087769447736 ], [ 175.241467766705796, -41.610876110736875 ], [ 175.241359017643788, -41.610863553593695 ], [ 175.240817293518347, -41.610799090085962 ], [ 175.240229123659162, -41.61083061958503 ], [ 175.24003690496599, -41.610831994042087 ], [ 175.238158576245297, -41.610734537914958 ], [ 175.23810685420645, -41.610728767547528 ], [ 175.236271981278946, -41.610411960599684 ], [ 175.236088608600681, -41.610368683348369 ], [ 175.234705496254293, -41.609970292703935 ], [ 175.233835688551636, -41.609672290618406 ], [ 175.233821240255651, -41.609667331777196 ], [ 175.233819362546626, -41.609666686194636 ], [ 175.233804923011377, -41.609661712996463 ], [ 175.232922151428653, -41.609357136848359 ], [ 175.232843915650989, -41.609329887205547 ], [ 175.232833762100427, -41.609326317358395 ], [ 175.2327557894086, -41.60929864627613 ], [ 175.231808709441509, -41.608959407500038 ], [ 175.230633186026154, -41.608476062888379 ], [ 175.230485515321107, -41.608407026936746 ], [ 175.228970500230702, -41.607568123611713 ], [ 175.228917120151408, -41.607533395333775 ], [ 175.227595655899364, -41.606526929727927 ], [ 175.22748364553749, -41.606427021638702 ], [ 175.226679323534597, -41.605622316696603 ], [ 175.226112821599713, -41.604984151342336 ], [ 175.226029016164489, -41.604888429316695 ], [ 175.226018227357343, -41.60487593394835 ], [ 175.22593605114281, -41.604779419539362 ], [ 175.225405565481225, -41.604147545090399 ], [ 175.224697014527123, -41.603175724832269 ], [ 175.22461558704876, -41.603045621268002 ], [ 175.224071405390646, -41.602015849132158 ], [ 175.223744483170407, -41.601265472303893 ], [ 175.223425116192914, -41.600533234601841 ], [ 175.223415787472362, -41.600511754567592 ], [ 175.223414579408114, -41.600508961026108 ], [ 175.223405322524542, -41.600487463499043 ], [ 175.223144598557354, -41.599879365105828 ], [ 175.222845820049002, -41.599227722512431 ], [ 175.222610705648378, -41.598653311274951 ], [ 175.22258349251635, -41.598577955833392 ], [ 175.222399942884834, -41.597993052675292 ], [ 175.222211739754698, -41.597288779212008 ], [ 175.221991040475785, -41.596540643710796 ], [ 175.221760876663637, -41.595799117246813 ], [ 175.221741353918389, -41.595735166121081 ], [ 175.22173885634345, -41.595726845644336 ], [ 175.221719954858372, -41.595662789435416 ], [ 175.221534542224902, -41.595023405756123 ], [ 175.221356946364949, -41.594471275395023 ], [ 175.221264177292085, -41.594158582428328 ], [ 175.221253084259899, -41.594117784188086 ], [ 175.221183619582064, -41.593836893408344 ], [ 175.221145999114725, -41.593720501893415 ], [ 175.221087967214288, -41.59353215998572 ], [ 175.22108077403422, -41.593507617570694 ], [ 175.221028141609992, -41.59331838386494 ], [ 175.220981778056796, -41.593142259728445 ], [ 175.220927644606093, -41.592965077919509 ], [ 175.220950905330966, -41.592961072939275 ], [ 175.220423825889441, -41.591311942410705 ], [ 175.220404720787712, -41.591129377527707 ], [ 175.220699673204905, -41.588320747329021 ], [ 175.220756648202752, -41.588142685397536 ], [ 175.221081441355608, -41.587554220399994 ], [ 175.22106630095854, -41.587551144235803 ], [ 175.221232307532119, -41.587090610902884 ], [ 175.221494218566249, -41.58645744052685 ], [ 175.221532253813962, -41.586376180275685 ], [ 175.221601936238585, -41.586243176883308 ], [ 175.22161340512946, -41.586198911003635 ], [ 175.221551597962019, -41.586125096550944 ], [ 175.221539703720879, -41.586110862133225 ], [ 175.221538159772081, -41.586109010578681 ], [ 175.221526300954594, -41.586094759541737 ], [ 175.220972910241898, -41.585428345026855 ], [ 175.220566281618261, -41.584944027603321 ], [ 175.220208729352805, -41.584667173922931 ], [ 175.220071226203714, -41.584558919076237 ], [ 175.220053507745945, -41.584544735436118 ], [ 175.219918419236222, -41.584434780437597 ], [ 175.218992168043201, -41.583668166231213 ], [ 175.218063766076682, -41.582796849754239 ], [ 175.2179528680754, -41.582678409354344 ], [ 175.217175145719636, -41.581727566988974 ], [ 175.216462586024619, -41.580721449608788 ], [ 175.216241150564855, -41.580392732597581 ], [ 175.216213540027496, -41.580349575229384 ], [ 175.215534294178582, -41.579031798341191 ], [ 175.215482494743043, -41.578901807041895 ], [ 175.215086180357872, -41.577520468357278 ], [ 175.215077684091966, -41.577473016862797 ], [ 175.215022273556599, -41.577107001364205 ], [ 175.214902168321288, -41.576137256670094 ], [ 175.214900299065789, -41.576122023544045 ], [ 175.214900058302845, -41.576120043083648 ], [ 175.214898223513273, -41.576104807587988 ], [ 175.214772460670133, -41.575050515755976 ], [ 175.214771393820484, -41.575041521292981 ], [ 175.214771255910904, -41.575040351961214 ], [ 175.214770201074316, -41.575031356704834 ], [ 175.214672601584198, -41.574194251725274 ], [ 175.214580354183283, -41.573551587002761 ], [ 175.214558262257839, -41.57338276699916 ], [ 175.214555665835377, -41.573360802033015 ], [ 175.214537812787881, -41.573191699481143 ], [ 175.214481549533758, -41.572586466438757 ], [ 175.214398680147923, -41.571944309691368 ], [ 175.214390994079281, -41.571882533553215 ], [ 175.21439003174595, -41.571874500165578 ], [ 175.214382912686091, -41.571812685724495 ], [ 175.214299853855323, -41.571061337788286 ], [ 175.214237804141334, -41.570527173093289 ], [ 175.214130909124634, -41.569626008785917 ], [ 175.214130306030285, -41.569620908225836 ], [ 175.213994024666306, -41.568458753760538 ], [ 175.213897191712363, -41.567756340076599 ], [ 175.21388500201283, -41.567663193216575 ], [ 175.213883501191475, -41.567651078267041 ], [ 175.213872601329342, -41.567557841288178 ], [ 175.213752006054989, -41.566460851445875 ], [ 175.213646668711959, -41.565691137145691 ], [ 175.213642353801333, -41.565659042020997 ], [ 175.213641802815943, -41.565654868913526 ], [ 175.213637641028384, -41.565622762384592 ], [ 175.213555878559959, -41.564980056689834 ], [ 175.213553849455565, -41.564963953740055 ], [ 175.213553588175671, -41.564961860180397 ], [ 175.213551597589117, -41.564945754519975 ], [ 175.213380197296914, -41.563545277669505 ], [ 175.213379701842314, -41.56354121939345 ], [ 175.213291540850321, -41.562814475073409 ], [ 175.213290144187681, -41.562802878647688 ], [ 175.213289963919351, -41.562801371024698 ], [ 175.213288587223161, -41.562789773250458 ], [ 175.213171534019381, -41.561796401996666 ], [ 175.213078008225665, -41.561065805841871 ], [ 175.213023335249375, -41.560273835897789 ], [ 175.213022271732939, -41.560170844589976 ], [ 175.213060581706969, -41.559378332858138 ], [ 175.213145030789349, -41.55859050268662 ], [ 175.213148207503849, -41.55856145426884 ], [ 175.213148628612004, -41.558557678486288 ], [ 175.213151930483889, -41.558528637941833 ], [ 175.213330497010418, -41.556987492224792 ], [ 175.213412326940016, -41.556242247638139 ], [ 175.213412470097751, -41.556240944987984 ], [ 175.213522841413578, -41.555238877383026 ], [ 175.21346693839439, -41.554635028017785 ], [ 175.213465937153245, -41.554624117056186 ], [ 175.213465808138636, -41.554622698571841 ], [ 175.213464824539926, -41.554611786697123 ], [ 175.213404339902951, -41.553934674236189 ], [ 175.21315333094438, -41.553664753629292 ], [ 175.213065079268887, -41.553551922468138 ], [ 175.212451016119104, -41.552655396824704 ], [ 175.212137306611226, -41.552126523507233 ], [ 175.21209407506862, -41.552052753730933 ], [ 175.212088512223261, -41.552043144957096 ], [ 175.212046161528548, -41.551969087443688 ], [ 175.211735115031701, -41.551418380081444 ], [ 175.211686608839244, -41.551335667687233 ], [ 175.210847112532605, -41.550672394045414 ], [ 175.210651516678752, -41.550514094848793 ], [ 175.210626421449348, -41.550493289840745 ], [ 175.210435936847972, -41.550331511999353 ], [ 175.210058099735335, -41.550002751228078 ], [ 175.209407157153237, -41.549383441292051 ], [ 175.209327389235, -41.549300302763562 ], [ 175.208751132668283, -41.548640558827515 ], [ 175.208173771443342, -41.54791180224872 ], [ 175.208056232206957, -41.547760094414272 ], [ 175.208041209461584, -41.54774026238762 ], [ 175.207242065603623, -41.546461103444102 ], [ 175.207166724345512, -41.546310854716296 ], [ 175.206643812663998, -41.544953526462237 ], [ 175.206637683786596, -41.544931177598492 ], [ 175.206592769150348, -41.544758918029025 ], [ 175.206416977833641, -41.544048042883361 ], [ 175.2063030834328, -41.543490861052938 ], [ 175.206291308106358, -41.54341815036986 ], [ 175.206269242731025, -41.54302863233989 ], [ 175.205581739500076, -41.542541760951806 ], [ 175.204718879378476, -41.541932629630729 ], [ 175.204679142220954, -41.541904448560501 ], [ 175.204673987535472, -41.541900776192243 ], [ 175.204634421839046, -41.541872459289443 ], [ 175.203834835914989, -41.541297575116097 ], [ 175.202961263367229, -41.54067616980857 ], [ 175.202948992289151, -41.54066742845265 ], [ 175.202947398117658, -41.54066629123183 ], [ 175.202935143480175, -41.540657536882748 ], [ 175.202086172717998, -41.540050191235281 ], [ 175.201224194766013, -41.539438172330186 ], [ 175.200358008259741, -41.538824201163244 ], [ 175.200333526348516, -41.538806798665043 ], [ 175.200330347941076, -41.538804532982468 ], [ 175.200305931276574, -41.538787078825848 ], [ 175.199012276608528, -41.537859687094596 ], [ 175.198188101977337, -41.537286085805931 ], [ 175.198115765680228, -41.537235322505701 ], [ 175.198106398399233, -41.537228694210157 ], [ 175.198034622681519, -41.537177483732918 ], [ 175.197243165752099, -41.536608099115206 ], [ 175.196383215858674, -41.53600425345067 ], [ 175.196297099293474, -41.535943180901093 ], [ 175.196285956627889, -41.535935200102514 ], [ 175.196200647568787, -41.535873491136002 ], [ 175.195473613132464, -41.535342352817423 ], [ 175.194796037833527, -41.534861972037213 ], [ 175.194785555094967, -41.534854531037496 ], [ 175.194784193113406, -41.534853563091218 ], [ 175.19477372228954, -41.534846112609614 ], [ 175.193990613356902, -41.534288214591527 ], [ 175.193706557846156, -41.534079011246881 ], [ 175.193670241493805, -41.534051361870638 ], [ 175.193395583888844, -41.533835190220181 ], [ 175.192510360574801, -41.533114891435545 ], [ 175.192390574179655, -41.533015956353346 ], [ 175.192375129950392, -41.533003008597142 ], [ 175.192257312817389, -41.53290274743209 ], [ 175.191572667865302, -41.532311317864668 ], [ 175.190958501680569, -41.531783583822794 ], [ 175.18983551400197, -41.530650186278756 ], [ 175.189823099311752, -41.530635354145396 ], [ 175.18985879640465, -41.53061848314735 ], [ 175.189621136828578, -41.530394899730659 ], [ 175.189520790829818, -41.530266718421956 ], [ 175.188697466830206, -41.528996329683288 ], [ 175.188680539182855, -41.528963980850065 ], [ 175.188555244488043, -41.528713690566356 ], [ 175.188123012855328, -41.527809735253214 ], [ 175.188111954211763, -41.527786507287523 ], [ 175.188110522095457, -41.527783486177213 ], [ 175.188099548180077, -41.52776023552282 ], [ 175.187685751274358, -41.526879676450797 ], [ 175.187278467911284, -41.526031386754134 ], [ 175.187140072164709, -41.525726114583975 ], [ 175.187123032085537, -41.525686199846696 ], [ 175.186690884384149, -41.52431099637171 ], [ 175.1866620993504, -41.524171050752805 ], [ 175.186521549560865, -41.522761974639096 ], [ 175.186521757046904, -41.522720056374176 ], [ 175.186531037466523, -41.52239762965381 ], [ 175.186569525470588, -41.52166638933808 ], [ 175.186571786594897, -41.521625753025006 ], [ 175.186572096413556, -41.521620470830015 ], [ 175.186574601729859, -41.521579842604844 ], [ 175.186620824556002, -41.520865150808611 ], [ 175.186633401639995, -41.520661344290218 ], [ 175.186623116421998, -41.520494308209784 ], [ 175.186621515618071, -41.520450819269549 ], [ 175.186717139552343, -41.519039617707335 ], [ 175.186741185903742, -41.51890075758655 ], [ 175.187129354534818, -41.517518171144609 ], [ 175.187145712464428, -41.517476438816665 ], [ 175.187279481477788, -41.517157178741478 ], [ 175.187378249887672, -41.516935892655361 ], [ 175.187731716200773, -41.516277928425076 ], [ 175.187988828210138, -41.515209943522045 ], [ 175.188009775984881, -41.515150168174245 ], [ 175.188187074366539, -41.514693557424529 ], [ 175.1885899136864, -41.513749529904374 ], [ 175.1887469807169, -41.513405497797557 ], [ 175.188768592445655, -41.5133611017338 ], [ 175.18894401346239, -41.513022117445516 ], [ 175.18940148318714, -41.512188330268806 ], [ 175.189558391251779, -41.511915231308429 ], [ 175.189579563707412, -41.511879991324257 ], [ 175.189748385688148, -41.511610936663345 ], [ 175.190128728836015, -41.511029844333414 ], [ 175.190479891830648, -41.510465329398698 ], [ 175.190887055011018, -41.509806736838073 ], [ 175.190929989309041, -41.50973804794971 ], [ 175.19093562072149, -41.509729136230469 ], [ 175.190979323536936, -41.509660721745512 ], [ 175.191373319549911, -41.509050537095753 ], [ 175.191744296043822, -41.508463796760942 ], [ 175.192125508573497, -41.507853967208568 ], [ 175.192189478342613, -41.507753258900884 ], [ 175.192197902000373, -41.507740206055466 ], [ 175.192263526963586, -41.507640101355847 ], [ 175.192525979510123, -41.507245930341981 ], [ 175.192942919888878, -41.506499865822335 ], [ 175.19297460032044, -41.506443710116862 ], [ 175.19297875161655, -41.506436420443052 ], [ 175.193010937278842, -41.506380427320536 ], [ 175.193613397276522, -41.505341986152679 ], [ 175.193923816399604, -41.504798677938389 ], [ 175.194274253055738, -41.504135474757888 ], [ 175.194713788431613, -41.503281882485197 ], [ 175.194733697089276, -41.503243479909962 ], [ 175.194736300397381, -41.503238492053484 ], [ 175.194756442633661, -41.503200158375343 ], [ 175.195127934606774, -41.502497852779896 ], [ 175.195473601963357, -41.501834011047421 ], [ 175.195497310901089, -41.501788837562984 ], [ 175.19550041410173, -41.501782971300145 ], [ 175.195524446711801, -41.501737894586896 ], [ 175.195913480130343, -41.501013854853404 ], [ 175.19593147356926, -41.500979404502132 ], [ 175.195918960647361, -41.50064811024145 ], [ 175.195950222842612, -41.500466495835376 ], [ 175.196767126827524, -41.49837621059293 ], [ 175.196834269315161, -41.497673162041806 ], [ 175.196904800038226, -41.496871533773394 ], [ 175.196966609243219, -41.496092094315486 ], [ 175.196967430344017, -41.49608183823549 ], [ 175.196967538098789, -41.496080504991291 ], [ 175.196968374763571, -41.496070249622079 ], [ 175.197034067954576, -41.495272455499077 ], [ 175.19703989294797, -41.495205732055503 ], [ 175.197040693019972, -41.495197060241097 ], [ 175.197047176825691, -41.495130371155291 ], [ 175.197071354777137, -41.494893772783499 ], [ 175.19697458772302, -41.494160090274825 ], [ 175.196967033932452, -41.4941008225723 ], [ 175.196966085829132, -41.494093115414351 ], [ 175.196959053414304, -41.494033811456141 ], [ 175.196867853233869, -41.493234865293552 ], [ 175.196861776284379, -41.493179634111499 ], [ 175.196861015674955, -41.493172452298055 ], [ 175.196855390940271, -41.49311719404232 ], [ 175.196783586266577, -41.492382041872709 ], [ 175.196709961638277, -41.491723452043601 ], [ 175.19663560433284, -41.491075362171216 ], [ 175.19653297256886, -41.490294989557107 ], [ 175.196513471568323, -41.490131508200996 ], [ 175.19651119424455, -41.490110240017962 ], [ 175.196495659484412, -41.489946518558604 ], [ 175.196452181777573, -41.489420850454039 ], [ 175.196379016881167, -41.488939781992919 ], [ 175.19624876448745, -41.488162657304898 ], [ 175.196177873484885, -41.487595681613357 ], [ 175.196171764901607, -41.487521829456661 ], [ 175.19614867725511, -41.486952618133643 ], [ 175.196149900686635, -41.486142502159915 ], [ 175.196136169919384, -41.485481575549137 ], [ 175.196089986620734, -41.484706420911742 ], [ 175.19608589190716, -41.484630537921809 ], [ 175.196085414923431, -41.484620671620561 ], [ 175.19608217142428, -41.484544765360447 ], [ 175.196049198920747, -41.483656429901053 ], [ 175.196045508004687, -41.483519850686086 ], [ 175.196045207303627, -41.483502093672705 ], [ 175.196044272043224, -41.483365488066354 ], [ 175.19604716281259, -41.482473347221045 ], [ 175.196050296096871, -41.482288137388366 ], [ 175.19605103265161, -41.482264065806447 ], [ 175.196059230962931, -41.482078943609004 ], [ 175.196113318716982, -41.481146100782041 ], [ 175.196115527707917, -41.48110969486887 ], [ 175.196115827610441, -41.481104962556572 ], [ 175.196118232504432, -41.481068563665303 ], [ 175.196134114802589, -41.480837608675721 ], [ 175.196094026462987, -41.479423208945114 ], [ 175.196126986397815, -41.479241764726694 ], [ 175.197208438203774, -41.476544329798564 ], [ 175.197314334598758, -41.476379424349169 ], [ 175.197438678130339, -41.476244764737956 ], [ 175.197455890284289, -41.476139703431862 ], [ 175.19760091659316, -41.47540173624062 ], [ 175.197881342147099, -41.474384560595205 ], [ 175.197927799928749, -41.474254346392335 ], [ 175.198137399854176, -41.473778441464745 ], [ 175.198089707221243, -41.473016675878462 ], [ 175.198116443663224, -41.472834653493642 ], [ 175.198449920664814, -41.471918089448522 ], [ 175.198636051986, -41.470859489375975 ], [ 175.198681709084838, -41.47069839154836 ], [ 175.199216328641995, -41.469343765264476 ], [ 175.199225212974198, -41.469326386995839 ], [ 175.199254245228843, -41.469280673187043 ], [ 175.199234271423677, -41.468117817367087 ], [ 175.199269249020261, -41.467936587044768 ], [ 175.199408498325624, -41.467599476753819 ], [ 175.199411710003091, -41.467582015278545 ], [ 175.199588568984183, -41.466846690704728 ], [ 175.199641813981117, -41.466667993661694 ], [ 175.200341041068725, -41.46534177385044 ], [ 175.200380572024983, -41.465246064876141 ], [ 175.200436287943006, -41.465161114977008 ], [ 175.201022586781676, -41.464049031747301 ], [ 175.20114663097911, -41.463891454929389 ], [ 175.20353558858335, -41.461721575277046 ], [ 175.203718285012485, -41.461600539979521 ], [ 175.206829348617589, -41.46011698486496 ], [ 175.206785355566467, -41.459497253516844 ], [ 175.206810562239411, -41.459315107213612 ], [ 175.207183949901207, -41.458262640967163 ], [ 175.207183422278433, -41.458131648566201 ], [ 175.207290629055535, -41.457612264502721 ], [ 175.207288217113756, -41.457477825423538 ], [ 175.207323050073882, -41.457296579181758 ], [ 175.207427823520874, -41.45694758588791 ], [ 175.207758056441406, -41.455347614612023 ], [ 175.207832575038452, -41.455173275706358 ], [ 175.208301269576623, -41.454476012479944 ], [ 175.208248527046152, -41.454462042218125 ], [ 175.208298307221099, -41.454355672561817 ], [ 175.208369486740537, -41.45437452633729 ], [ 175.208383965692974, -41.454352986065217 ], [ 175.208724037605919, -41.453430278550343 ], [ 175.208824970700562, -41.453263632877587 ], [ 175.209328924133303, -41.452690747035952 ], [ 175.209133976471406, -41.452256722534813 ], [ 175.209088792747821, -41.452154099266785 ], [ 175.209083025524507, -41.452140732195296 ], [ 175.209039482733033, -41.45203770821005 ], [ 175.208797495503632, -41.451453020232236 ], [ 175.208522646902452, -41.450926250661333 ], [ 175.208432076207032, -41.450761789252198 ], [ 175.208427320929133, -41.450757944069984 ], [ 175.208399979074954, -41.45073202358185 ], [ 175.207351480623231, -41.449559663164983 ], [ 175.20725325837472, -41.44942870112466 ], [ 175.206584068448905, -41.448384636571163 ], [ 175.206302209830085, -41.447861189342092 ], [ 175.206061653744285, -41.447374580625301 ], [ 175.206032830362972, -41.447310696030335 ], [ 175.205829949539606, -41.446814464895972 ], [ 175.20548662869345, -41.445879617403826 ], [ 175.205124496613166, -41.444911531487065 ], [ 175.204759101702052, -41.443525480737861 ], [ 175.204745628281501, -41.44343943191933 ], [ 175.20473203744001, -41.443353393556208 ], [ 175.204657384001393, -41.441941454271252 ], [ 175.204776659426471, -41.439627925399407 ], [ 175.204779326542962, -41.437895769564904 ], [ 175.204874809503139, -41.436770841956992 ], [ 175.204899312438016, -41.436625757678506 ], [ 175.205281467821322, -41.435242273876099 ], [ 175.205295311405507, -41.435206514761973 ], [ 175.205960329487283, -41.433885048332947 ], [ 175.206043204328637, -41.433752762000346 ], [ 175.206974693298434, -41.432525846170684 ], [ 175.207002541087547, -41.432495056078146 ], [ 175.208177557480013, -41.431392895573104 ], [ 175.208310686858482, -41.431286353857374 ], [ 175.209403035259783, -41.430515127853106 ], [ 175.210017548799669, -41.430132751629614 ], [ 175.210130982240031, -41.430063042851884 ], [ 175.210145801702538, -41.430054048956748 ], [ 175.210260359994038, -41.429985390115796 ], [ 175.211252207841767, -41.429398358708902 ], [ 175.21125969282474, -41.429393932178108 ], [ 175.211855650250442, -41.429042220729642 ], [ 175.211535718111037, -41.428833972636134 ], [ 175.210994719486138, -41.428467031783512 ], [ 175.209933219804839, -41.427749562754435 ], [ 175.209292100972476, -41.427317570171432 ], [ 175.208679725318234, -41.42696581426334 ], [ 175.208671120519227, -41.426960866936284 ], [ 175.208026435240441, -41.426589315405067 ], [ 175.207428504153143, -41.426403894403059 ], [ 175.205960256754764, -41.425959787406626 ], [ 175.205940305289829, -41.425953736748717 ], [ 175.205937712542408, -41.425952948409098 ], [ 175.205917775585078, -41.425946870765344 ], [ 175.204627300074719, -41.425552451818135 ], [ 175.204621042743838, -41.425550537762348 ], [ 175.203052322087984, -41.425069676897571 ], [ 175.201425171275815, -41.424571622319796 ], [ 175.201420340229987, -41.424570142628248 ], [ 175.200991547131025, -41.424438598315746 ], [ 175.200942153715403, -41.424446982756599 ], [ 175.197206771671745, -41.424629184801091 ], [ 175.196964499993612, -41.424612289866602 ], [ 175.193337196839252, -41.423916648388669 ], [ 175.193113726270298, -41.423844223680121 ], [ 175.189949701606793, -41.422338863233762 ], [ 175.189766913792454, -41.422218001078285 ], [ 175.187375947020541, -41.420050330222715 ], [ 175.187251735543384, -41.41989286523107 ], [ 175.186568925274059, -41.418601309039929 ], [ 175.186567863678079, -41.41860058524253 ], [ 175.186415317693218, -41.418457926394488 ], [ 175.184553537568263, -41.416013827463104 ], [ 175.184467030963702, -41.415842665846512 ], [ 175.184254144284267, -41.415077536395188 ], [ 175.184154704889266, -41.415029103670527 ], [ 175.184065481863257, -41.414985221084486 ], [ 175.184053916867214, -41.414979477560287 ], [ 175.183965216877596, -41.414934998235942 ], [ 175.183278896102649, -41.414587500050906 ], [ 175.18188035071131, -41.413907685659964 ], [ 175.180810943900099, -41.414810412321174 ], [ 175.180622619336191, -41.414926338195684 ], [ 175.17739029348536, -41.416346616668058 ], [ 175.177163590033814, -41.416413053233448 ], [ 175.173506343942961, -41.417011797024742 ], [ 175.173263460592807, -41.417022238600673 ], [ 175.16953943345959, -41.416740817448037 ], [ 175.169304155456416, -41.416694241715994 ], [ 175.165878031780409, -41.415560217639488 ], [ 175.165673398488423, -41.415461185800332 ], [ 175.16288065257973, -41.41358560957525 ], [ 175.162726698897728, -41.4134438190857 ], [ 175.160840717549718, -41.411010342768598 ], [ 175.160752511241242, -41.410839676737062 ], [ 175.160211257120665, -41.409486658782292 ], [ 175.160149500380271, -41.409272704825014 ], [ 175.160058552097041, -41.408924727283058 ], [ 175.160047916480835, -41.408879332493029 ], [ 175.159931849330178, -41.40825814727782 ], [ 175.159926917901174, -41.408222889464824 ], [ 175.159862128381747, -41.407164799224198 ], [ 175.159863862927011, -41.407062618637987 ], [ 175.159979191550377, -41.405924948371414 ], [ 175.159987708895244, -41.405879301024257 ], [ 175.160132285743288, -41.405261515772366 ], [ 175.160142066902324, -41.405226836274302 ], [ 175.160514720648166, -41.404205457083535 ], [ 175.160558307256935, -41.404108680749815 ], [ 175.161134901995212, -41.403053517550781 ], [ 175.161161736123802, -41.403012085613611 ], [ 175.161552772405429, -41.402458168341553 ], [ 175.161576306928481, -41.402427461494383 ], [ 175.161762092476835, -41.402193319257925 ], [ 175.162058480944552, -41.401832314050466 ], [ 175.162065438683555, -41.401823849833704 ], [ 175.162066343996798, -41.40182274986244 ], [ 175.162073314153588, -41.401814291444431 ], [ 175.162338296368006, -41.401493124854021 ], [ 175.162397839882971, -41.401418305385683 ], [ 175.16218275123677, -41.401362123040116 ], [ 175.161346119955851, -41.401153949712651 ], [ 175.161282131810367, -41.401137876820371 ], [ 175.16127382124634, -41.4011357696955 ], [ 175.161209954560547, -41.401119425282182 ], [ 175.160789920762937, -41.401010935569637 ], [ 175.160443014191117, -41.400945770079758 ], [ 175.158663402085324, -41.400497191085663 ], [ 175.158439536587792, -41.400425607910769 ], [ 175.155266736545343, -41.398932171795465 ], [ 175.155083216920531, -41.39881199918144 ], [ 175.155062321118606, -41.398793240255706 ], [ 175.154473649685997, -41.399089439849448 ], [ 175.152487030601975, -41.40088961274374 ], [ 175.152304239129023, -41.401010417632811 ], [ 175.149140471817361, -41.402514788532152 ], [ 175.14891703804264, -41.402587143483174 ], [ 175.145290597763051, -41.403281656024511 ], [ 175.145048400130719, -41.403298475829232 ], [ 175.141314405963698, -41.403115121595945 ], [ 175.141077162504047, -41.403074759330316 ], [ 175.139284680139383, -41.402656125496925 ], [ 175.139104716890046, -41.402602110609294 ], [ 175.138680322132927, -41.402467543965194 ], [ 175.138625618608472, -41.402449257115343 ], [ 175.136975411714843, -41.401776289758288 ], [ 175.136821058601527, -41.401700984786515 ], [ 175.135331031512123, -41.400841912653739 ], [ 175.135286513355084, -41.400811791863191 ], [ 175.133993357657317, -41.399787776746123 ], [ 175.133877473958449, -41.39968024131062 ], [ 175.132813032466231, -41.398516504423284 ], [ 175.13278305762114, -41.398477499056796 ], [ 175.131973530285137, -41.397202702953905 ], [ 175.131907457712288, -41.397073466139418 ], [ 175.131372766672229, -41.395719005745086 ], [ 175.131360267978977, -41.395674934701205 ], [ 175.131113560539632, -41.394274165248781 ], [ 175.131103760894064, -41.394135879454346 ], [ 175.131151092812104, -41.392723294020023 ], [ 175.131157291419015, -41.392678471612157 ], [ 175.131497477325894, -41.391288851987291 ], [ 175.131544902205974, -41.391155053734309 ], [ 175.132169545965525, -41.389822613764579 ], [ 175.132193832677899, -41.389781427279203 ], [ 175.132388753089714, -41.389467316942152 ], [ 175.132470946565206, -41.389341249048321 ], [ 175.132655870660955, -41.389037657260772 ], [ 175.132698217972461, -41.388968899813982 ], [ 175.132703772968739, -41.388959978950339 ], [ 175.132746887138268, -41.388891492340683 ], [ 175.132889394141245, -41.388667559127448 ], [ 175.1330447960394, -41.388411126030377 ], [ 175.13310813840144, -41.388308320112571 ], [ 175.133116223098114, -41.388295411843401 ], [ 175.133133684271257, -41.388255875873682 ], [ 175.133310275584648, -41.387865448423661 ], [ 175.133332053472202, -41.387817737443577 ], [ 175.133334907644155, -41.387811541037152 ], [ 175.133357040093841, -41.387763922687419 ], [ 175.133434003326556, -41.387599810130183 ], [ 175.133519788521426, -41.387401660364873 ], [ 175.13355393018395, -41.387323997166199 ], [ 175.133558429398391, -41.387313916341085 ], [ 175.133593506418634, -41.387236489922195 ], [ 175.13374974111187, -41.386896685185903 ], [ 175.133896731846136, -41.386572528098597 ], [ 175.133927507334278, -41.386505522478267 ], [ 175.133931553614531, -41.386496823743627 ], [ 175.13396302859141, -41.38643000267701 ], [ 175.134103199629493, -41.386136096381286 ], [ 175.134182794771334, -41.385964369423739 ], [ 175.134254804826696, -41.385789623543054 ], [ 175.134384635920583, -41.385492851426932 ], [ 175.13440239743008, -41.385454503153035 ], [ 175.134545820271939, -41.385161301806619 ], [ 175.134708043514138, -41.384846605821451 ], [ 175.134759212836002, -41.384749030584224 ], [ 175.134765962719428, -41.384736375414327 ], [ 175.135062685276409, -41.384226255549301 ], [ 175.13509618002584, -41.38417319886603 ], [ 175.13536743620719, -41.383769942313599 ], [ 175.135637649562653, -41.383392068101195 ], [ 175.136381049261473, -41.382485417905357 ], [ 175.13648659445721, -41.382372264593471 ], [ 175.137366966090696, -41.381538093567229 ], [ 175.1376269510925, -41.381319642146515 ], [ 175.13768815677949, -41.381268607437285 ], [ 175.137696147032386, -41.381261995903031 ], [ 175.137757868312747, -41.381211314700423 ], [ 175.138029421615386, -41.380990034978169 ], [ 175.13822779517011, -41.380818721218446 ], [ 175.138395228320121, -41.380677162592391 ], [ 175.138417249349374, -41.380658934553914 ], [ 175.138588601263734, -41.380520061812817 ], [ 175.138924505137425, -41.380253507693332 ], [ 175.139313878265682, -41.379958476985607 ], [ 175.1393656453983, -41.379921023734482 ], [ 175.139776756006285, -41.379637170423941 ], [ 175.139777284739154, -41.379636822095947 ], [ 175.139790953567399, -41.379627825233989 ], [ 175.140049154135824, -41.379392049064279 ], [ 175.140231299147132, -41.379270743918688 ], [ 175.141462045206026, -41.378680549132149 ], [ 175.141441013273038, -41.378658963898651 ], [ 175.142529851302442, -41.378057070798967 ], [ 175.14260763670427, -41.378014433010705 ], [ 175.142617778243817, -41.37800892082803 ], [ 175.142696016527168, -41.377966755805524 ], [ 175.142958277542732, -41.377826612693248 ], [ 175.14315867816822, -41.377708215189557 ], [ 175.143264309990741, -41.37764652246269 ], [ 175.143278101206477, -41.377638560471354 ], [ 175.143384641934432, -41.377577761023232 ], [ 175.144286191757516, -41.377069216352375 ], [ 175.145174592483471, -41.376554660074852 ], [ 175.145237724503772, -41.376518344573178 ], [ 175.145245952394504, -41.376513644144545 ], [ 175.145309403309028, -41.376477645359714 ], [ 175.145683260896732, -41.376266998941347 ], [ 175.145801894451893, -41.376160581733572 ], [ 175.145876299078736, -41.376093823816028 ], [ 175.145895139861125, -41.376063512896344 ], [ 175.146182283010745, -41.375567906965252 ], [ 175.146508146218054, -41.374990489680592 ], [ 175.146547468564194, -41.374921609102358 ], [ 175.146552629865255, -41.374912670811426 ], [ 175.146592712149925, -41.374844039221188 ], [ 175.146992653801789, -41.374166885854514 ], [ 175.147021386133417, -41.374118619864902 ], [ 175.147025145766406, -41.374112353603387 ], [ 175.147054253942287, -41.374064215569362 ], [ 175.147544546438922, -41.373259648457235 ], [ 175.147624822782007, -41.373130615956477 ], [ 175.147635434217733, -41.37311390497311 ], [ 175.148575142564653, -41.371890942392504 ], [ 175.148699262105481, -41.371755218949943 ], [ 175.14988133248093, -41.370658033479152 ], [ 175.149898278864356, -41.370644610083723 ], [ 175.150009866142511, -41.37055760947856 ], [ 175.149679073781357, -41.369839709849401 ], [ 175.149636266261581, -41.369659441321019 ], [ 175.149561724291345, -41.366842614390464 ], [ 175.149594958807768, -41.366661203782712 ], [ 175.150679462165357, -41.363964881646822 ], [ 175.150785475808874, -41.36380008546783 ], [ 175.152922739798328, -41.361488168349787 ], [ 175.153091149154932, -41.361356114902733 ], [ 175.156071914009516, -41.359654854341287 ], [ 175.156286233873431, -41.359568466156034 ], [ 175.159818767417931, -41.358644338937559 ], [ 175.160058024523778, -41.358612069267195 ], [ 175.162421524227739, -41.358576322786078 ], [ 175.159436157291367, -41.357746823092299 ], [ 175.159224078722332, -41.357657358051547 ], [ 175.156287356437105, -41.355913314621702 ], [ 175.156122361762129, -41.355778846065455 ], [ 175.154044822695113, -41.35343635392617 ], [ 175.153943061669764, -41.353270048322585 ], [ 175.152928006883968, -41.350558458804123 ], [ 175.152899433793465, -41.350376598039652 ], [ 175.152825751259883, -41.348964634219129 ], [ 175.152861795034056, -41.348272754590305 ], [ 175.152865170447768, -41.348213020554503 ], [ 175.152865643455414, -41.348205256313065 ], [ 175.152869545082154, -41.348145540480424 ], [ 175.152920421200918, -41.347416157509805 ], [ 175.152965504915898, -41.3466819843105 ], [ 175.153008697112142, -41.345978614950944 ], [ 175.153010103589168, -41.345948461002514 ], [ 175.152517419679128, -41.345397085759096 ], [ 175.152492357425643, -41.345363642458175 ], [ 175.15230517321578, -41.345104002219124 ], [ 175.151721319982613, -41.344261466979447 ], [ 175.151695207532754, -41.344272907615306 ], [ 175.151547142301723, -41.344485069179122 ], [ 175.150938658265375, -41.345260195599124 ], [ 175.150853073966175, -41.345357732572275 ], [ 175.150144875834201, -41.346083174354504 ], [ 175.149425237781003, -41.346747921008742 ], [ 175.149302435860193, -41.346859508283373 ], [ 175.149286317671255, -41.346873916847287 ], [ 175.149161147453555, -41.34698399978388 ], [ 175.148394138372595, -41.347647659749121 ], [ 175.147698398986535, -41.348200554578554 ], [ 175.147604082191748, -41.348269420992295 ], [ 175.146848794028131, -41.348776009056103 ], [ 175.146099698382812, -41.349237148071381 ], [ 175.145965460686568, -41.349318573831297 ], [ 175.145947909387615, -41.349329063806124 ], [ 175.145812127101721, -41.349409022272525 ], [ 175.145051439481534, -41.34985034396265 ], [ 175.144260764760674, -41.350312309716742 ], [ 175.144214747291329, -41.350339061104258 ], [ 175.144208753830526, -41.350342527800606 ], [ 175.142636210873945, -41.351112322593096 ], [ 175.142429208760461, -41.351197044230979 ], [ 175.14071618006804, -41.351771964767174 ], [ 175.140709058039732, -41.351773865960837 ], [ 175.140654225996371, -41.351788390127346 ], [ 175.139715710759589, -41.352035052763696 ], [ 175.138858861684952, -41.354038635483768 ], [ 175.13874904681694, -41.354202005972745 ], [ 175.136558492583703, -41.356485290137947 ], [ 175.136387040885978, -41.356615091490895 ], [ 175.133367108830384, -41.358276504521875 ], [ 175.13315080342224, -41.358360027099813 ], [ 175.131803700739567, -41.358692438662899 ], [ 175.131746870605156, -41.358790558071441 ], [ 175.131707508439831, -41.358857768947033 ], [ 175.131702344134226, -41.358866490488097 ], [ 175.13166225544353, -41.358933457166941 ], [ 175.131406864684351, -41.359355472826465 ], [ 175.130998937379275, -41.36007617798748 ], [ 175.130919938001341, -41.360212611742426 ], [ 175.130909474198432, -41.360230282965588 ], [ 175.130827491988015, -41.360365714180283 ], [ 175.130529851916805, -41.360846825520284 ], [ 175.130248225792741, -41.361331744364612 ], [ 175.129882628423871, -41.361964132100972 ], [ 175.129831645482909, -41.362051062238216 ], [ 175.129824938721725, -41.362062336489842 ], [ 175.129772740720398, -41.36214885637704 ], [ 175.129444606250928, -41.362685212387419 ], [ 175.129404382602957, -41.362750276372552 ], [ 175.129399108863026, -41.362758718854849 ], [ 175.129358198050312, -41.362823539212243 ], [ 175.129048754739557, -41.363308829457772 ], [ 175.128212222859105, -41.364667793374565 ], [ 175.127373452270717, -41.365806506198091 ], [ 175.127279279944645, -41.365915029694172 ], [ 175.12788417794286, -41.366718239681163 ], [ 175.127969581486809, -41.366889694619594 ], [ 175.128719595776801, -41.36964982655094 ], [ 175.128730491957441, -41.369832771364393 ], [ 175.128311565617651, -41.372632408048666 ], [ 175.12824687771635, -41.372808934950001 ], [ 175.126699868675018, -41.37537401247593 ], [ 175.12656592023302, -41.375526839660452 ], [ 175.124042162203637, -41.377606224915034 ], [ 175.12385206130179, -41.377720389033577 ], [ 175.12059858777593, -41.379110479717411 ], [ 175.120370945350402, -41.379174801953056 ], [ 175.116706311910349, -41.379739478596704 ], [ 175.116463419017236, -41.379747660315658 ], [ 175.112746489221223, -41.379431628840898 ], [ 175.112512132040706, -41.379382869035794 ], [ 175.11148080163008, -41.379029806420213 ], [ 175.109903039604887, -41.379530940860505 ], [ 175.109666988929348, -41.379574823251708 ], [ 175.108494833305514, -41.379649953772436 ], [ 175.108488068044579, -41.379652122496879 ], [ 175.10774187688628, -41.379886535929941 ], [ 175.106896418996911, -41.380182209134375 ], [ 175.105803959434894, -41.380564265237531 ], [ 175.105769133332217, -41.380576393285828 ], [ 175.105764602591421, -41.38057796445537 ], [ 175.105729724989402, -41.380590008246131 ], [ 175.104530551969219, -41.381002339911554 ], [ 175.103294483950037, -41.381354901989113 ], [ 175.102780217531802, -41.381823332776698 ], [ 175.10259787155249, -41.381944469203788 ], [ 175.099439928209165, -41.383454587637935 ], [ 175.099216796727717, -41.383527349030707 ], [ 175.095593719113509, -41.384228465930128 ], [ 175.095351650947464, -41.384245727287343 ], [ 175.091618228565949, -41.384069187595976 ], [ 175.091380929056555, -41.384029258759206 ], [ 175.087902767986918, -41.382992353889321 ], [ 175.087693474724233, -41.382899145177333 ], [ 175.08699519598872, -41.382464123030012 ], [ 175.086714061640862, -41.382535866762424 ], [ 175.08647440672928, -41.382566777590981 ], [ 175.082734026572865, -41.382602006793128 ], [ 175.082493420456046, -41.382575619398537 ], [ 175.079625299659938, -41.381903388537921 ], [ 175.079453378843141, -41.381894908775386 ], [ 175.076870221670248, -41.381709949309773 ], [ 175.075022253271555, -41.381466230868533 ], [ 175.074786787900422, -41.381420587887241 ], [ 175.071354754580028, -41.38030016423911 ], [ 175.071149549871308, -41.380201945933344 ], [ 175.068345348412436, -41.378337492821593 ], [ 175.068190495276838, -41.378196316999635 ], [ 175.066288635190858, -41.375770397586884 ], [ 175.066199289530317, -41.375600087192609 ], [ 175.065385859671181, -41.372850216126885 ], [ 175.065370759656929, -41.372667444751158 ], [ 175.065725242557193, -41.36986281995442 ], [ 175.065785856183936, -41.369685478782834 ], [ 175.067273401880669, -41.36710062232779 ], [ 175.067403787127319, -41.366946068732382 ], [ 175.069878682072471, -41.364833960127214 ], [ 175.070066071883815, -41.364717319377334 ], [ 175.073286041402667, -41.363284649077301 ], [ 175.073512094957664, -41.36321733511474 ], [ 175.077162024369244, -41.3626042941546 ], [ 175.077404621567041, -41.362592893717299 ], [ 175.079279916019431, -41.362615829813748 ], [ 175.081117048664794, -41.362747366765198 ], [ 175.081162735983924, -41.362746583616968 ], [ 175.081246398384565, -41.36274537020654 ], [ 175.081257275097101, -41.362745241143152 ], [ 175.081340946735963, -41.362744468962831 ], [ 175.082016180813184, -41.362740016144166 ], [ 175.082184910137613, -41.362716070388203 ], [ 175.082268434766434, -41.362704447996293 ], [ 175.082279299954877, -41.362702966166189 ], [ 175.082362932072044, -41.362691791171677 ], [ 175.083082497063657, -41.36259762517416 ], [ 175.083949209079378, -41.362508671740642 ], [ 175.084062291925164, -41.362500226869827 ], [ 175.084935316676535, -41.362459259178003 ], [ 175.087141941170302, -41.362416651326463 ], [ 175.088221599567419, -41.362393147923115 ], [ 175.088246356230798, -41.362392628208156 ], [ 175.088249574683147, -41.362392563157051 ], [ 175.088274332671318, -41.362392082085648 ], [ 175.088376993095835, -41.36239016742077 ], [ 175.08837701180326, -41.362390167071851 ], [ 175.089028836457913, -41.362378010540652 ], [ 175.090070181026874, -41.362345418416865 ], [ 175.090159996626483, -41.362342861736082 ], [ 175.090171674147342, -41.362342562441597 ], [ 175.090261512715642, -41.362340514591914 ], [ 175.091367379135988, -41.362318435981059 ], [ 175.092404850067055, -41.362292876558413 ], [ 175.093572276392763, -41.362261755688081 ], [ 175.0936026990519, -41.362260973753877 ], [ 175.093606654166422, -41.362260875896212 ], [ 175.093637079423246, -41.362260152327799 ], [ 175.094793711599749, -41.362233750219609 ], [ 175.09507379405477, -41.362229829455273 ], [ 175.095110207701538, -41.362229641216182 ], [ 175.09608835077222, -41.362254770189203 ], [ 175.096178893799845, -41.362259898233027 ], [ 175.096873848247753, -41.362314687047693 ], [ 175.097377733003071, -41.362365667004767 ], [ 175.09746390681417, -41.3623363073348 ], [ 175.09749203089234, -41.362326976636432 ], [ 175.097709311865742, -41.362256813698657 ], [ 175.098517726051568, -41.362002860792508 ], [ 175.098598567683695, -41.36197537012881 ], [ 175.099074195518313, -41.3613450876922 ], [ 175.099107142599479, -41.361301707671466 ], [ 175.099111446456277, -41.361296077266665 ], [ 175.099144712556352, -41.361252835674968 ], [ 175.099668585423984, -41.360576195334012 ], [ 175.100250598586172, -41.35979630827903 ], [ 175.10055419987313, -41.359412128744665 ], [ 175.100590453857876, -41.359368740370648 ], [ 175.100621364920443, -41.359306553640494 ], [ 175.100741167545237, -41.359147216681976 ], [ 175.101097004879335, -41.358810543135277 ], [ 175.101111485724175, -41.358794598930182 ], [ 175.101136331285915, -41.358769369826177 ], [ 175.101243220416194, -41.358672200744778 ], [ 175.103070478661095, -41.356943266529619 ], [ 175.10324975801916, -41.35681961674409 ], [ 175.105510721775573, -41.355693280955244 ], [ 175.105877272870487, -41.355363653125238 ], [ 175.105991666507407, -41.355177918780029 ], [ 175.106026165842422, -41.355122399676496 ], [ 175.106030683304851, -41.355115193778282 ], [ 175.106065683391421, -41.355059852909079 ], [ 175.106368841015552, -41.35458467827327 ], [ 175.106598366374953, -41.354209718184968 ], [ 175.106914743643216, -41.35366279990685 ], [ 175.106919287726754, -41.353654954565748 ], [ 175.107269890163792, -41.353051624576317 ], [ 175.107327478925527, -41.35295410100079 ], [ 175.107335064909421, -41.352941456812282 ], [ 175.107394183590287, -41.352844454410246 ], [ 175.107666790065736, -41.352404056724993 ], [ 175.107721649547614, -41.352307194725768 ], [ 175.108258942796482, -41.350360793055884 ], [ 175.108345044774694, -41.350189543480354 ], [ 175.109709292221083, -41.348390841774318 ], [ 175.110179573192653, -41.346614935916364 ], [ 175.110263823428426, -41.346443165284867 ], [ 175.112092527719142, -41.343985856549963 ], [ 175.112243081251222, -41.343842109398331 ], [ 175.114560560655917, -41.342229523865683 ], [ 175.114653390691728, -41.340793543350863 ], [ 175.114703036175371, -41.340614277349189 ], [ 175.11602981622903, -41.337980330451202 ], [ 175.116150527271287, -41.337821398542701 ], [ 175.118492180544251, -41.335625322414771 ], [ 175.118672136227758, -41.335502278599463 ], [ 175.120155220735029, -41.334637888912503 ], [ 175.120670753835043, -41.334383474226328 ], [ 175.121542779317366, -41.333951446781143 ], [ 175.122394367907191, -41.333526739904869 ], [ 175.122962046188263, -41.333280640045935 ], [ 175.122884486870277, -41.333225674614795 ], [ 175.122721082276001, -41.333090149227935 ], [ 175.120670927819305, -41.33073437822776 ], [ 175.120571092854306, -41.33056742444991 ], [ 175.119587186593321, -41.327849415256694 ], [ 175.119560686882835, -41.327667378372261 ], [ 175.119739205549962, -41.324853215019054 ], [ 175.119788625130354, -41.324673914675529 ], [ 175.121111941217549, -41.322039058354804 ], [ 175.121232433390276, -41.321880044019927 ], [ 175.123570899032671, -41.319682372370103 ], [ 175.123750664292459, -41.319559206117617 ], [ 175.124417125520239, -41.319229597846359 ], [ 175.122535659290094, -41.317075358263473 ], [ 175.122435460952119, -41.316908534860126 ], [ 175.121445504641656, -41.314191809105964 ], [ 175.121418591485138, -41.314009806641906 ], [ 175.121590595476448, -41.311195405963716 ], [ 175.121639592022291, -41.311016040729825 ], [ 175.122956566549306, -41.308379449753204 ], [ 175.123076667500072, -41.308220277581739 ], [ 175.125409585166096, -41.306019543908072 ], [ 175.125589029284527, -41.305896142330582 ], [ 175.128709498193558, -41.304346632438524 ], [ 175.128930721450786, -41.304271077127957 ], [ 175.130870864089701, -41.303868990599973 ], [ 175.130857899322592, -41.303496376995938 ], [ 175.130863998611517, -41.302887934642989 ], [ 175.130868332259524, -41.302808947601193 ], [ 175.131092445032692, -41.3014060341864 ], [ 175.131119796182674, -41.301303455587131 ], [ 175.131632157645981, -41.299944249716603 ], [ 175.131668644546068, -41.299870138091201 ], [ 175.131974864298314, -41.2993072029495 ], [ 175.132537199591951, -41.298365360843313 ], [ 175.132562144124989, -41.298323861879872 ], [ 175.132565404989037, -41.298318473235561 ], [ 175.132590627595249, -41.298277069978681 ], [ 175.132646588510937, -41.298185818414808 ], [ 175.132655686133887, -41.298145418833784 ], [ 175.132872039923768, -41.297181610045996 ], [ 175.132873074965033, -41.297177006245612 ], [ 175.133011988198689, -41.296561588455674 ], [ 175.133023916985536, -41.296464301682555 ], [ 175.133053074540015, -41.295931495926197 ], [ 175.133053224472889, -41.295928766041037 ], [ 175.133097128767048, -41.295136781286303 ], [ 175.133098755094608, -41.295108508461219 ], [ 175.133098974174231, -41.295104833253539 ], [ 175.133100718302359, -41.295076564422011 ], [ 175.133110559733353, -41.294922275730123 ], [ 175.13308611007082, -41.294374019201065 ], [ 175.133088790646411, -41.294329043181882 ], [ 175.133088803590169, -41.294328826063001 ], [ 175.133090156574184, -41.294306146561865 ], [ 175.133092240316927, -41.294272610109012 ], [ 175.133092521978284, -41.294268250766159 ], [ 175.133182296988082, -41.293738956706747 ], [ 175.13317321845247, -41.293738351300789 ], [ 175.133200635405899, -41.293504490829463 ], [ 175.133230107385174, -41.292994678533375 ], [ 175.133230918983543, -41.29298088229212 ], [ 175.133231026314633, -41.292979088842962 ], [ 175.133231865964007, -41.292965293558666 ], [ 175.133273735074596, -41.292288708047437 ], [ 175.133307681712211, -41.291614227457416 ], [ 175.133309767599314, -41.291575034753947 ], [ 175.13331005347564, -41.291569940172067 ], [ 175.133312365685498, -41.291530754692694 ], [ 175.133356669352281, -41.290815019167276 ], [ 175.133397124731005, -41.290116572992495 ], [ 175.13343554740041, -41.2894221072928 ], [ 175.133453512020793, -41.28909156525134 ], [ 175.133451871825827, -41.289084012352248 ], [ 175.133337427636633, -41.288514918385076 ], [ 175.133213572633309, -41.288030212311241 ], [ 175.133034752394934, -41.287350027170078 ], [ 175.133025187333089, -41.287313242697998 ], [ 175.133023957076517, -41.287308458784807 ], [ 175.133014595114133, -41.287271644592607 ], [ 175.132837698524071, -41.286568112212876 ], [ 175.132666808311399, -41.285896608832374 ], [ 175.132487322836596, -41.285204933392293 ], [ 175.132467336808503, -41.285126048807832 ], [ 175.132464799305097, -41.285115785276453 ], [ 175.132445746817979, -41.285036769378287 ], [ 175.132278938540509, -41.284326998355816 ], [ 175.132216141595705, -41.284031257478169 ], [ 175.132208827789185, -41.283992719402875 ], [ 175.132159104571343, -41.283695566819958 ], [ 175.132054237659304, -41.282972227453101 ], [ 175.132049679180739, -41.282940256042693 ], [ 175.132049096418285, -41.282936098974361 ], [ 175.13204468932085, -41.28290411548727 ], [ 175.131948130510892, -41.282190975380075 ], [ 175.13194678548706, -41.282180987190081 ], [ 175.131850181595382, -41.281453341517448 ], [ 175.131846008557631, -41.281421330364118 ], [ 175.131845475917288, -41.281417168196661 ], [ 175.131841454488779, -41.281385146004496 ], [ 175.131761050025602, -41.280732475312867 ], [ 175.131687844106153, -41.280232585520046 ], [ 175.131348675765395, -41.280042133347905 ], [ 175.131179013657146, -41.279911148807571 ], [ 175.129018934616369, -41.277612770647252 ], [ 175.128911243030387, -41.277448645253557 ], [ 175.127798498313524, -41.274759199890752 ], [ 175.127763312505749, -41.27457800224618 ], [ 175.127806696535202, -41.271760781261506 ], [ 175.127847450988298, -41.271580249129549 ], [ 175.129042563611421, -41.268911017161315 ], [ 175.12915525956879, -41.268748820837061 ], [ 175.131384995375299, -41.266488823583643 ], [ 175.131558595866608, -41.266360836756206 ], [ 175.134329094982519, -41.264878668735079 ], [ 175.134730963543859, -41.26432209707491 ], [ 175.135150902298733, -41.263730957650097 ], [ 175.135489352623978, -41.263242563758986 ], [ 175.135849492003956, -41.262691637350365 ], [ 175.135851261775059, -41.262688931128721 ], [ 175.136265755034856, -41.262055788962854 ], [ 175.136353915948519, -41.261923857661515 ], [ 175.136365562534877, -41.261906778685663 ], [ 175.136456579868678, -41.261775956509858 ], [ 175.136766806011849, -41.261338805949279 ], [ 175.136781184442896, -41.261275875307042 ], [ 175.136627669330835, -41.260268421584641 ], [ 175.136619252260942, -41.260091770173659 ], [ 175.136691243766904, -41.25872920308376 ], [ 175.136737734384269, -41.258427169935914 ], [ 175.137099054642846, -41.257040655286374 ], [ 175.137164418648211, -41.256864290223824 ], [ 175.138720045216587, -41.254303084154067 ], [ 175.138854421697346, -41.254150591132117 ], [ 175.141382533051171, -41.252077453620714 ], [ 175.141547056848339, -41.251979121232502 ], [ 175.141600571051526, -41.251819508401653 ], [ 175.141696162932789, -41.251651183276998 ], [ 175.143685411727148, -41.249267050473627 ], [ 175.143845237616119, -41.249129253539394 ], [ 175.145209379338183, -41.248271387136569 ], [ 175.145323448561527, -41.248163487642238 ], [ 175.145813725104972, -41.24767297704426 ], [ 175.145898245715529, -41.247589433765093 ], [ 175.145909316986973, -41.24757862190144 ], [ 175.145995123629177, -41.247495828815708 ], [ 175.146513632680779, -41.247001496447886 ], [ 175.146569193937211, -41.246948929757444 ], [ 175.146576450598474, -41.246942116534413 ], [ 175.146632530284251, -41.246889864408558 ], [ 175.147174798434008, -41.246388440706333 ], [ 175.14756671489107, -41.245993417529725 ], [ 175.147633101560189, -41.24592714342625 ], [ 175.147641784291949, -41.245918558021131 ], [ 175.147708978111211, -41.245852748968353 ], [ 175.148240549163887, -41.245337064437607 ], [ 175.148770139186354, -41.24480822611936 ], [ 175.148824463846722, -41.244754399533292 ], [ 175.148831560777012, -41.244747422199602 ], [ 175.148886419659476, -41.244693905190097 ], [ 175.149423308750784, -41.244174188691773 ], [ 175.149962365227765, -41.243639662455038 ], [ 175.150001341200948, -41.243601228342882 ], [ 175.150006425827598, -41.243596242220285 ], [ 175.150045674879522, -41.243557966754203 ], [ 175.150186284198952, -41.243421603493438 ], [ 175.150388343665128, -41.242874939948983 ], [ 175.150647185960452, -41.242155875744423 ], [ 175.150866524050855, -41.241540568836392 ], [ 175.151051580420727, -41.240948880545361 ], [ 175.151092654271025, -41.240821693417729 ], [ 175.151098152794418, -41.240805189257919 ], [ 175.151141671607292, -41.240678466233611 ], [ 175.151300483266851, -41.240229477719176 ], [ 175.151309030252719, -41.240205446955123 ], [ 175.151310147076174, -41.240202324120034 ], [ 175.151318781989033, -41.240178311267329 ], [ 175.151673753573021, -41.239196520491141 ], [ 175.151681016105755, -41.239176523894784 ], [ 175.151681964198019, -41.239173925161474 ], [ 175.151689287700606, -41.239153941245412 ], [ 175.151944072988982, -41.238461792778864 ], [ 175.152053839559642, -41.238181333663697 ], [ 175.152068889560468, -41.238145058455721 ], [ 175.152190661415801, -41.237867437434481 ], [ 175.152572051208921, -41.237043022740572 ], [ 175.15258997437391, -41.237004559329044 ], [ 175.15259231936804, -41.236999563092539 ], [ 175.152610473035878, -41.23696116132718 ], [ 175.152893767451303, -41.236366140805607 ], [ 175.153141005868974, -41.235817327206242 ], [ 175.153313847228844, -41.235458760900002 ], [ 175.153337614316001, -41.235412527440566 ], [ 175.153405163366187, -41.235288954273216 ], [ 175.153594396631092, -41.234898957629945 ], [ 175.15362689842874, -41.234830007902772 ], [ 175.153683165607845, -41.234648329955327 ], [ 175.153686961837877, -41.234636110898499 ], [ 175.153687456813657, -41.234634522681908 ], [ 175.153691275595662, -41.234622307637203 ], [ 175.1539248107633, -41.233877616721095 ], [ 175.153937083747451, -41.233838863103081 ], [ 175.153938693991279, -41.233833827821748 ], [ 175.153951193988831, -41.233795115572988 ], [ 175.154179775576921, -41.233093939985899 ], [ 175.154187571481458, -41.23307016508857 ], [ 175.154188590514536, -41.233067075397777 ], [ 175.154196472042258, -41.233043316590738 ], [ 175.154387964063687, -41.232469372878342 ], [ 175.154573174458335, -41.231859106971378 ], [ 175.154891795325568, -41.231004989950755 ], [ 175.154940352455924, -41.230895762866858 ], [ 175.155368763062427, -41.23006946280892 ], [ 175.155503358190998, -41.229843363840985 ], [ 175.155626434047235, -41.229321413588757 ], [ 175.155838047271629, -41.228597895352976 ], [ 175.15587063120509, -41.22850485080864 ], [ 175.156160308434806, -41.22779691431937 ], [ 175.156476399573876, -41.22712393323495 ], [ 175.156951253387206, -41.226258648412774 ], [ 175.157020554222271, -41.226148885775942 ], [ 175.157611865910752, -41.225325514052997 ], [ 175.158125714533554, -41.22469111851273 ], [ 175.158132377802417, -41.224682901846634 ], [ 175.158133244782277, -41.224681834032033 ], [ 175.158139919665274, -41.224673622781275 ], [ 175.158621621117902, -41.224081751171774 ], [ 175.158646168917016, -41.224051720758069 ], [ 175.158649370248838, -41.224047821539109 ], [ 175.158674073708625, -41.224017863969081 ], [ 175.159152120922244, -41.223440659353905 ], [ 175.159606160385067, -41.222878127135182 ], [ 175.160114236091005, -41.222299996066837 ], [ 175.160184019101933, -41.222226870068106 ], [ 175.161393843251432, -41.221148716926663 ], [ 175.161481125106775, -41.221082289649793 ], [ 175.162899392892456, -41.220160288305777 ], [ 175.162995684078737, -41.220107020375231 ], [ 175.163757301909044, -41.219718824935136 ], [ 175.164494598933373, -41.219373466386742 ], [ 175.165271802654928, -41.218996479882271 ], [ 175.165381042769411, -41.218944121540524 ], [ 175.165395292452843, -41.218937373313373 ], [ 175.165505278238783, -41.218885912775164 ], [ 175.165966780993102, -41.218672588529238 ], [ 175.166230258338572, -41.218492322478838 ], [ 175.167775311579845, -41.216693644967037 ], [ 175.167937495691802, -41.216557478568291 ], [ 175.169981415175357, -41.215306192803936 ], [ 175.170169374980844, -41.215155367446165 ], [ 175.170232156787932, -41.215107800873227 ], [ 175.170729000631638, -41.214752371174747 ], [ 175.171304842557504, -41.214363479154379 ], [ 175.171907466256414, -41.21393820833589 ], [ 175.173090523666815, -41.213204826879242 ], [ 175.173251771615554, -41.213117316651399 ], [ 175.174549453146568, -41.212504385633494 ], [ 175.175443920474265, -41.212139983081272 ], [ 175.175447077326879, -41.212138697428564 ], [ 175.176281048200082, -41.21179936312943 ], [ 175.176347192487981, -41.211772651655522 ], [ 175.17635580561884, -41.211769199616292 ], [ 175.176422171036535, -41.21174280279412 ], [ 175.177230106610182, -41.211423888942726 ], [ 175.178951370728413, -41.210869535171788 ], [ 175.178974047624706, -41.210863772730846 ], [ 175.179004605717864, -41.210817379129239 ], [ 175.181168246033451, -41.208522050903824 ], [ 175.181338051782149, -41.208391303687442 ], [ 175.184334878282925, -41.20671315123441 ], [ 175.18454986409327, -41.206628423895815 ], [ 175.186891676636776, -41.20603465372146 ], [ 175.187640821906399, -41.204069481142803 ], [ 175.187743535552812, -41.203903584656565 ], [ 175.189832865041097, -41.201569426131947 ], [ 175.189998419585692, -41.20143561721671 ], [ 175.191519226639173, -41.200540107210053 ], [ 175.191709000335607, -41.200245287944057 ], [ 175.192386373486613, -41.199332081977552 ], [ 175.192483252730852, -41.199217624712595 ], [ 175.193611553628756, -41.19809040780693 ], [ 175.193653496378658, -41.198054713419744 ], [ 175.195001328382062, -41.197074672981337 ], [ 175.195140286250535, -41.19698842576215 ], [ 175.196260316058954, -41.196371981377517 ], [ 175.197168150608661, -41.195930938750948 ], [ 175.197295369755039, -41.195869987131772 ], [ 175.197311973844421, -41.195862142650881 ], [ 175.197440202228506, -41.195802409947504 ], [ 175.198031502581955, -41.195530840954525 ], [ 175.198311267995592, -41.195312993054209 ], [ 175.198386233276892, -41.195367919726245 ], [ 175.198449467205734, -41.19533887735291 ], [ 175.198733632216204, -41.195098602833738 ], [ 175.198663904021458, -41.19504492030245 ], [ 175.199140384808288, -41.194691808121839 ], [ 175.199636000510026, -41.194295802107426 ], [ 175.199723149785967, -41.194226901431549 ], [ 175.199734541600293, -41.194217989866019 ], [ 175.199822651006173, -41.194149789532844 ], [ 175.200493192528796, -41.193636219973399 ], [ 175.200506204257067, -41.193626269601985 ], [ 175.200507897111891, -41.193624977045282 ], [ 175.200520929304474, -41.193615041928872 ], [ 175.201131829474207, -41.193150038678802 ], [ 175.201713962209197, -41.192694269540269 ], [ 175.201777509614203, -41.192644895001706 ], [ 175.201785803137341, -41.192638500261694 ], [ 175.201849848396051, -41.192589494184311 ], [ 175.202502199811391, -41.192094125032739 ], [ 175.203098142994747, -41.191632071684971 ], [ 175.203714876851052, -41.191148906845839 ], [ 175.203758925524028, -41.191114580414421 ], [ 175.203764667487718, -41.191110129490127 ], [ 175.203808956717921, -41.191075980163063 ], [ 175.20448474217801, -41.190557666659345 ], [ 175.205199206242867, -41.190052883458399 ], [ 175.205295490669783, -41.189990248030568 ], [ 175.206804382570169, -41.189154969188095 ], [ 175.206903140757731, -41.189108830492344 ], [ 175.207009312038423, -41.189067549724783 ], [ 175.207074266367727, -41.189003057918249 ], [ 175.207132420495668, -41.188945795381755 ], [ 175.207140019890971, -41.188938374253993 ], [ 175.207198779536611, -41.188881465593681 ], [ 175.207766186291991, -41.188336443625055 ], [ 175.208316049035318, -41.187797161592897 ], [ 175.208517249428411, -41.18760528181749 ], [ 175.208543849294358, -41.187580610544657 ], [ 175.208751877601941, -41.187392932263478 ], [ 175.209516615284741, -41.186721738784797 ], [ 175.209601668051903, -41.186647904004353 ], [ 175.209612793617879, -41.186638351152517 ], [ 175.209698903403648, -41.186565218980874 ], [ 175.210269379398142, -41.186085983580178 ], [ 175.210866377373037, -41.185562666916688 ], [ 175.210911399155862, -41.185523430550504 ], [ 175.210917271401001, -41.185518342611047 ], [ 175.210962591851455, -41.185479302985421 ], [ 175.211578423772437, -41.184951885991666 ], [ 175.211581078269035, -41.184949613335675 ], [ 175.212281678354174, -41.184350303029476 ], [ 175.212288300287554, -41.184344643121278 ], [ 175.213155623552524, -41.183604905394795 ], [ 175.213520692098314, -41.183307318924975 ], [ 175.213569279962087, -41.183269459718581 ], [ 175.21395171701198, -41.18298459679967 ], [ 175.214770449140133, -41.182401630657075 ], [ 175.215336684941406, -41.181992285660947 ], [ 175.215357256738514, -41.181977449157749 ], [ 175.215359934113422, -41.181975522825013 ], [ 175.215380552699287, -41.181960723440042 ], [ 175.216123546209587, -41.181428691227453 ], [ 175.216130800525406, -41.181423500893779 ], [ 175.216845791530403, -41.180913023016295 ], [ 175.216854984072825, -41.180906466709132 ], [ 175.217565155798297, -41.180401318130109 ], [ 175.218428944250206, -41.179843128987358 ], [ 175.218545554677377, -41.179774769353187 ], [ 175.219475773210775, -41.179281271278839 ], [ 175.220238161883913, -41.178916520161792 ], [ 175.2202416411927, -41.178914856155721 ], [ 175.221148015578478, -41.178481791499635 ], [ 175.22165264400715, -41.17823612428468 ], [ 175.222017435471002, -41.177973050800318 ], [ 175.222077559963253, -41.177929991720205 ], [ 175.22208540179372, -41.177924414627334 ], [ 175.22214592084714, -41.177881672278588 ], [ 175.222834535879713, -41.177398699942813 ], [ 175.223455972175088, -41.176960307395618 ], [ 175.224027960645969, -41.176546738977969 ], [ 175.224034008969056, -41.176551514342584 ], [ 175.224287279097524, -41.176347991327596 ], [ 175.224926801554375, -41.175905573618984 ], [ 175.225286563398953, -41.175653247123392 ], [ 175.225515058377653, -41.17546880066071 ], [ 175.226044940497559, -41.175017684659053 ], [ 175.22607626653263, -41.174991120794886 ], [ 175.226080347927933, -41.174987673583587 ], [ 175.226111812589579, -41.174961203427891 ], [ 175.226761555814647, -41.174416756874777 ], [ 175.226784277869115, -41.174397771219745 ], [ 175.226787236371081, -41.174395306261601 ], [ 175.226810029731524, -41.174376369483532 ], [ 175.22742405015785, -41.173867688182256 ], [ 175.228136271512739, -41.173271208601122 ], [ 175.22765644252982, -41.172607818881971 ], [ 175.227574907934923, -41.172435351740901 ], [ 175.227465440574633, -41.17199580938906 ], [ 175.227382211983979, -41.171855375934669 ], [ 175.226409390254787, -41.169135410702552 ], [ 175.226383538821665, -41.168953314927641 ], [ 175.226570674744437, -41.166139317850927 ], [ 175.226620552514078, -41.165960097746868 ], [ 175.227949176354059, -41.163327513674552 ], [ 175.228069891865402, -41.16316871085759 ], [ 175.230409837460968, -41.160975195156361 ], [ 175.230589569416452, -41.1608523510113 ], [ 175.233711758189202, -41.159312563864582 ], [ 175.233932914444893, -41.159237699522045 ], [ 175.237531790019887, -41.158502315037637 ], [ 175.237772729139465, -41.158482756078385 ], [ 175.241365883108074, -41.158618802852679 ], [ 175.241522457935702, -41.158569220366211 ], [ 175.241737695414542, -41.15851563031795 ], [ 175.2435540307483, -41.158180113830589 ], [ 175.243569716359985, -41.158178186285888 ], [ 175.243808944062977, -41.15816320928343 ], [ 175.243871195491863, -41.15808949342145 ], [ 175.243906020170954, -41.158048500133368 ], [ 175.243910566414314, -41.158043180298414 ], [ 175.243945683941206, -41.158002329971467 ], [ 175.244419963551053, -41.157453872617147 ], [ 175.244913190789077, -41.15688193567135 ], [ 175.245410531620252, -41.156300368832078 ], [ 175.245421553638408, -41.156287504086571 ], [ 175.245422988382415, -41.156285832592275 ], [ 175.245434039348396, -41.156272982040846 ], [ 175.245605949033973, -41.156073448854862 ], [ 175.245704151182224, -41.155953756262662 ], [ 175.246365395021741, -41.155229387750737 ], [ 175.246457230886136, -41.155138615041473 ], [ 175.247208846115512, -41.154466479741281 ], [ 175.247393594348551, -41.154316761601073 ], [ 175.247820537058772, -41.153988040357511 ], [ 175.247877448529039, -41.153946406940385 ], [ 175.248326066913592, -41.153634613987641 ], [ 175.248890570435748, -41.153261955761955 ], [ 175.249459397235597, -41.152878381620795 ], [ 175.250163582688089, -41.1523932774465 ], [ 175.250293250382242, -41.152305253438932 ], [ 175.250310216983308, -41.152293904103914 ], [ 175.250441573921705, -41.152207322955483 ], [ 175.251000604256376, -41.15184425196697 ], [ 175.251138222406269, -41.151750285831817 ], [ 175.250435012455824, -41.15131757245026 ], [ 175.250259690505857, -41.15119115934511 ], [ 175.247998226874074, -41.14895133581134 ], [ 175.247883177529616, -41.148790157380887 ], [ 175.247809974861269, -41.148632583902604 ], [ 175.247381227889633, -41.14823476570988 ], [ 175.247360517122758, -41.148215494618462 ], [ 175.247357829296874, -41.148212986574727 ], [ 175.247337188896466, -41.148193672377921 ], [ 175.245753306262941, -41.146707327538444 ], [ 175.245020470350028, -41.146019620727792 ], [ 175.245005363427595, -41.146005414510604 ], [ 175.24500340200305, -41.146003566202289 ], [ 175.244988333163747, -41.145989336906794 ], [ 175.244293384441477, -41.145331734857983 ], [ 175.243538458717182, -41.144627208143973 ], [ 175.243533827302429, -41.144622883167564 ], [ 175.24284547150657, -41.143979028644814 ], [ 175.242845092646434, -41.14397867425366 ], [ 175.241361345965316, -41.142590535167088 ], [ 175.241353059078108, -41.142582773254823 ], [ 175.241351982522502, -41.14258176375553 ], [ 175.241343707015687, -41.142573994909512 ], [ 175.240604167283152, -41.141878935588295 ], [ 175.239550480369189, -41.140711685155914 ], [ 175.239430047135272, -41.140552776575085 ], [ 175.23810598773855, -41.137919004745775 ], [ 175.238056411027372, -41.137739738809252 ], [ 175.237873766608402, -41.134925551934018 ], [ 175.237899890043593, -41.134743477757475 ], [ 175.238876386934379, -41.132024350586839 ], [ 175.23897564364205, -41.131857289859141 ], [ 175.24101556604154, -41.129499358029122 ], [ 175.241178233629455, -41.129363660884238 ], [ 175.24408184236205, -41.12759768173926 ], [ 175.244291997077653, -41.127506627412345 ], [ 175.247775103321203, -41.126505412284246 ], [ 175.248012179050846, -41.126467910678009 ], [ 175.251733948713735, -41.126329429904537 ], [ 175.251974748114833, -41.126349150620129 ], [ 175.25557102052332, -41.127086957101859 ], [ 175.255791982199071, -41.127161970735244 ], [ 175.258910858637478, -41.128703874258363 ], [ 175.259090359777844, -41.128826840883434 ], [ 175.260372704621915, -41.129854896742316 ], [ 175.261103518527193, -41.130541555904934 ], [ 175.262577903157649, -41.131920538270364 ], [ 175.263257519503782, -41.132556037301484 ], [ 175.264035234123128, -41.133281622506892 ], [ 175.26406060289429, -41.133305372665845 ], [ 175.264063893904677, -41.133308464403264 ], [ 175.26408915606217, -41.133332279435415 ], [ 175.26479500229118, -41.133999998319325 ], [ 175.265511892331375, -41.134672546226653 ], [ 175.265511979673818, -41.134672628166555 ], [ 175.26707425453219, -41.136138271943054 ], [ 175.268150827151743, -41.137136885542553 ], [ 175.268166809972143, -41.137151742911698 ], [ 175.268168885020913, -41.137153676037826 ], [ 175.268184826027692, -41.137168559070702 ], [ 175.269912569498274, -41.1387850947171 ], [ 175.269945666976184, -41.138816033967331 ], [ 175.270457171006996, -41.138779585342803 ], [ 175.27050902226614, -41.138745330654366 ], [ 175.270978986371574, -41.138426922286712 ], [ 175.270985367106732, -41.13842260228401 ], [ 175.271508425411639, -41.138069119624944 ], [ 175.271994271819295, -41.137737822865866 ], [ 175.2720977031953, -41.137668113211674 ], [ 175.272111218519768, -41.137659110377967 ], [ 175.272215715212667, -41.137590314897338 ], [ 175.272679816043393, -41.137288341009331 ], [ 175.273103627499665, -41.137001849173636 ], [ 175.273597325023275, -41.136665103974984 ], [ 175.273691808302601, -41.136601342962848 ], [ 175.273704149051497, -41.136593103624264 ], [ 175.273799523447991, -41.136530105580412 ], [ 175.27432165636489, -41.136188898689518 ], [ 175.27478626222009, -41.135881395754758 ], [ 175.275256845508466, -41.13556198695008 ], [ 175.275297720205799, -41.135534371128657 ], [ 175.275303044812034, -41.135530790333682 ], [ 175.275344087132936, -41.135503317001735 ], [ 175.275826554497399, -41.135181849401356 ], [ 175.276465181317661, -41.134748931997926 ], [ 175.277171495077965, -41.134265477046057 ], [ 175.277216008435573, -41.134235161975369 ], [ 175.277221808241364, -41.134231232041714 ], [ 175.277266522665172, -41.1342010865947 ], [ 175.277978584006831, -41.133723449816081 ], [ 175.277994695814556, -41.133712661849465 ], [ 175.277996792022719, -41.13371126084575 ], [ 175.278012929571474, -41.133700494908801 ], [ 175.278719686924262, -41.133229843900061 ], [ 175.279400960280555, -41.132773129278917 ], [ 175.279927142585279, -41.132440339789547 ], [ 175.279997136250472, -41.132398601525814 ], [ 175.28054777965005, -41.132089263761827 ], [ 175.280957511341342, -41.131872644475031 ], [ 175.281828787346257, -41.131453315743627 ], [ 175.2819449624848, -41.131402614336253 ], [ 175.283632012330855, -41.130794348058075 ], [ 175.283733615891975, -41.130764866170125 ], [ 175.285525720914961, -41.130363600276205 ], [ 175.28565692891425, -41.130342519513434 ], [ 175.286675526272546, -41.130213471182039 ], [ 175.287906162806877, -41.130098759936864 ], [ 175.288020706964318, -41.130088507720757 ], [ 175.288035605888268, -41.13008722947005 ], [ 175.288150275946634, -41.130077816290466 ], [ 175.288829116164862, -41.130024601652707 ], [ 175.289027840843346, -41.12982469156703 ], [ 175.289097461829982, -41.129755355215657 ], [ 175.289106569954498, -41.129746374772367 ], [ 175.289177073959792, -41.129677550457174 ], [ 175.28966823300064, -41.129202844721299 ], [ 175.290159106018677, -41.128707598232509 ], [ 175.290199530830904, -41.128667051511897 ], [ 175.290204805663706, -41.128661791681161 ], [ 175.290245532125709, -41.128621417928542 ], [ 175.290806471985974, -41.12806856856055 ], [ 175.290809177409301, -41.128065893366731 ], [ 175.290726342211173, -41.127957797033005 ], [ 175.290639188771252, -41.127786918189564 ], [ 175.289858802135228, -41.125031778608609 ], [ 175.289845752644709, -41.124848899198405 ], [ 175.290229509160639, -41.122046259494404 ], [ 175.290291831008943, -41.121869281236862 ], [ 175.291802017551362, -41.11929346872224 ], [ 175.291933601683269, -41.119139713450458 ], [ 175.293699032158884, -41.117652237363352 ], [ 175.294126094922063, -41.115204407596622 ], [ 175.294194939823484, -41.115028818221639 ], [ 175.29469678046641, -41.114233681708797 ], [ 175.294660643229406, -41.114211968218406 ], [ 175.294620131995487, -41.114183783162943 ], [ 175.294209339162308, -41.113883913243995 ], [ 175.294195868853791, -41.113873597071496 ], [ 175.294092900968252, -41.113793756598533 ], [ 175.294013560719492, -41.113731469618585 ], [ 175.293334674754732, -41.113482846028617 ], [ 175.29313591492766, -41.113378221789894 ], [ 175.29044874047716, -41.111426629042704 ], [ 175.290302468517353, -41.11128067046414 ], [ 175.290139003473087, -41.111049709946776 ], [ 175.289748075838531, -41.110697804372656 ], [ 175.289208745590003, -41.110174285607592 ], [ 175.289099144166585, -41.110059402980497 ], [ 175.288128108797139, -41.10885206611681 ], [ 175.288103134299774, -41.108814691205616 ], [ 175.28739379973814, -41.107507323409557 ], [ 175.287336506516965, -41.107372446792695 ], [ 175.286979094194407, -41.106314691334426 ], [ 175.286795460955801, -41.105590775789885 ], [ 175.286588462490812, -41.10418630557065 ], [ 175.286580599104667, -41.104003256298085 ], [ 175.287043510279972, -41.101207468401725 ], [ 175.287110809462888, -41.101031539746948 ], [ 175.288693105807539, -41.098480772612703 ], [ 175.288828971528091, -41.098329183534354 ], [ 175.291375672614777, -41.096273078323833 ], [ 175.29156680192898, -41.096160663869277 ], [ 175.294828612960544, -41.094800429484685 ], [ 175.295056299515892, -41.094738189987055 ], [ 175.298714016279376, -41.094206929103549 ], [ 175.298955980384335, -41.094200954757774 ], [ 175.302651702882116, -41.094550652568778 ], [ 175.302884269398618, -41.094601528135854 ], [ 175.306256381079436, -41.095797970670645 ], [ 175.306456793095691, -41.095900718256011 ], [ 175.309175302477428, -41.097826835036287 ], [ 175.309323945736878, -41.097971400536387 ], [ 175.309587629756805, -41.098333091839905 ], [ 175.312732448019943, -41.098549399596273 ], [ 175.312755709119273, -41.09850422621836 ], [ 175.31287779487559, -41.098346068719216 ], [ 175.315236005385685, -41.09616507176225 ], [ 175.315416712326282, -41.096043189700168 ], [ 175.318550267015695, -41.094520121987252 ], [ 175.318771907682901, -41.094446442333648 ], [ 175.322374139169625, -41.093730341790099 ], [ 175.322615024781015, -41.09371207419796 ], [ 175.32633345596048, -41.093873012301252 ], [ 175.326570016804197, -41.093911944375598 ], [ 175.328227497409074, -41.094400128965717 ], [ 175.328354787836901, -41.094271296297279 ], [ 175.328387233157827, -41.094238612695115 ], [ 175.328391463770913, -41.094234371088731 ], [ 175.32841441364863, -41.094211469837404 ], [ 175.328438264790748, -41.09415888153525 ], [ 175.329708475967294, -41.092346823519975 ], [ 175.329418593725904, -41.091067005641655 ], [ 175.329415536336228, -41.090883871664062 ], [ 175.32995162470695, -41.088095544071017 ], [ 175.330023513829445, -41.087920657995504 ], [ 175.331672124291998, -41.085394114387164 ], [ 175.331811914829132, -41.085244593002798 ], [ 175.334411580472079, -41.0832271021238 ], [ 175.334482697603164, -41.083186953594485 ], [ 175.33531862170085, -41.080526055495078 ], [ 175.335410744582617, -41.080356690299126 ], [ 175.337349179056531, -41.077950895116309 ], [ 175.337505949366573, -41.077811356828434 ], [ 175.338823489232709, -41.076809793982285 ], [ 175.339559194852825, -41.076332092102675 ], [ 175.339592127747835, -41.076283099038307 ], [ 175.340027101129863, -41.075692043984802 ], [ 175.340045698608321, -41.075668866197361 ], [ 175.340047725055712, -41.074601800646143 ], [ 175.340085929261988, -41.074420947218108 ], [ 175.341241570531878, -41.0717424137801 ], [ 175.3413517486226, -41.071579344465121 ], [ 175.343544436076343, -41.069302118520902 ], [ 175.343715797408777, -41.069172792538552 ], [ 175.344447265662325, -41.068771765927202 ], [ 175.344717905963535, -41.068025965629076 ], [ 175.344769840965711, -41.067923154916109 ], [ 175.345480818727964, -41.066768104580738 ], [ 175.345527968558741, -41.066703821013775 ], [ 175.345971436220964, -41.066147485744956 ], [ 175.345975244731136, -41.066143075777433 ], [ 175.34659878137515, -41.065487296560391 ], [ 175.346684724551437, -41.065404965581699 ], [ 175.347953626450135, -41.064368225591146 ], [ 175.348030133718481, -41.064314810272982 ], [ 175.349497655950984, -41.06344105057898 ], [ 175.349613001969544, -41.063382846412011 ], [ 175.351243013725366, -41.06269357439723 ], [ 175.351337581307149, -41.062660664360259 ], [ 175.353089957704213, -41.062172846504055 ], [ 175.353223418026346, -41.062144464643133 ], [ 175.355055024711675, -41.061870107622418 ], [ 175.35515839855185, -41.061860923162683 ], [ 175.357024154064419, -41.061806780615122 ], [ 175.357162669623051, -41.061810998251602 ], [ 175.359016652632192, -41.061978402599422 ], [ 175.359118717983563, -41.061993842462343 ], [ 175.360915296239767, -41.062378674303396 ], [ 175.361045313858881, -41.062415078865094 ], [ 175.362028842316931, -41.062729098307422 ], [ 175.362850266303582, -41.063024869881005 ], [ 175.363148920871964, -41.063136309783701 ], [ 175.363187470653401, -41.063151205199446 ], [ 175.36477874591742, -41.063890539314286 ], [ 175.364939765139326, -41.063979225414229 ], [ 175.366358682411175, -41.064897845243429 ], [ 175.366389265881764, -41.064921027104852 ], [ 175.367600886079543, -41.065996321968377 ], [ 175.367717824150731, -41.066118324622884 ], [ 175.367955660762561, -41.066412547017052 ], [ 175.36829916696189, -41.066727333003584 ], [ 175.368975956311061, -41.067411168564064 ], [ 175.369058176476528, -41.067503021915641 ], [ 175.36998097542002, -41.068731607717794 ], [ 175.370021775474896, -41.068797475881659 ], [ 175.37010355959552, -41.068962001396109 ], [ 175.370193731405635, -41.068915724855614 ], [ 175.370596726500509, -41.068732630751825 ], [ 175.37127807200153, -41.06815890583345 ], [ 175.371968669575068, -41.067334285838143 ], [ 175.372128601852552, -41.06719683204382 ], [ 175.374295754784328, -41.065838327208276 ], [ 175.375027471398909, -41.064896819012461 ], [ 175.375181278636688, -41.064755421260827 ], [ 175.377967950507127, -41.06288697765666 ], [ 175.378171950764994, -41.062788467539669 ], [ 175.381584952984156, -41.061663131432759 ], [ 175.381819181725803, -41.061617148497348 ], [ 175.38365771314534, -41.061370745422622 ], [ 175.384032711523474, -41.061343205751363 ], [ 175.384575245148454, -41.061024541901972 ], [ 175.384661693034985, -41.060974243789929 ], [ 175.384672970597478, -41.060967744141749 ], [ 175.384707149308241, -41.060948232367096 ], [ 175.385805960745103, -41.060226010297391 ], [ 175.385439228275743, -41.059360545660766 ], [ 175.385346429030335, -41.059131072670617 ], [ 175.385334892363034, -41.059101124822291 ], [ 175.385250204391326, -41.058869861690511 ], [ 175.384896386293065, -41.057851107385211 ], [ 175.38438783744769, -41.056391136082752 ], [ 175.384327819575901, -41.056211340186536 ], [ 175.384320335996364, -41.056187908392751 ], [ 175.384265221861085, -41.056007215156043 ], [ 175.384068330199966, -41.055329955395081 ], [ 175.383911209116548, -41.05499953290083 ], [ 175.383901400525701, -41.054972972681774 ], [ 175.382528646300045, -41.054249156664817 ], [ 175.382474887771593, -41.054215556218942 ], [ 175.381185691803665, -41.053277886684974 ], [ 175.381070439175801, -41.053180428458774 ], [ 175.379894417139639, -41.052004977562156 ], [ 175.379856962081789, -41.051960373400675 ], [ 175.379014627557666, -41.050768031590671 ], [ 175.378944853669424, -41.050648454146419 ], [ 175.378307347078618, -41.049258374191737 ], [ 175.378289887765902, -41.049207118853381 ], [ 175.377974349158876, -41.047871418309853 ], [ 175.377956851834483, -41.047741443185053 ], [ 175.377917697288126, -41.046279003267856 ], [ 175.377921967403211, -41.046226099876471 ], [ 175.378168597155508, -41.04487176701474 ], [ 175.378205054940281, -41.044744132068281 ], [ 175.378758849786863, -41.043356924202008 ], [ 175.37878445568964, -41.043307536546635 ], [ 175.379561587461922, -41.042092124805109 ], [ 175.379583319043093, -41.042018989639544 ], [ 175.379526390856171, -41.041538831183942 ], [ 175.379542720153069, -41.041356096217157 ], [ 175.379778318891653, -41.040575403079153 ], [ 175.379772066106398, -41.040437993769423 ], [ 175.379798121440388, -41.040255906530568 ], [ 175.380082636615157, -41.039462115176015 ], [ 175.380222649745292, -41.038755124172589 ], [ 175.380301774364852, -41.038403273264841 ], [ 175.38031325326898, -41.038357704894928 ], [ 175.380410727075258, -41.038008503940986 ], [ 175.380656623312518, -41.037206461787491 ], [ 175.38091752682277, -41.036332057360141 ], [ 175.380931911598537, -41.036284447735355 ], [ 175.380933803767533, -41.036278262368732 ], [ 175.380948529283813, -41.036230712506885 ], [ 175.381265584112526, -41.035219246256318 ], [ 175.381270810059362, -41.035202644219495 ], [ 175.381271492132356, -41.035200486444175 ], [ 175.38127675961627, -41.035183891937514 ], [ 175.381501708211005, -41.034478156481043 ], [ 175.381721165107535, -41.033770311889427 ], [ 175.38192221636919, -41.033205063020084 ], [ 175.381951477322758, -41.033132301108076 ], [ 175.38263354216582, -41.031816832301956 ], [ 175.38269571358245, -41.031720031471949 ], [ 175.383641104436833, -41.03050154545619 ], [ 175.383698622828092, -41.030439190703099 ], [ 175.384161664702162, -41.029970432244035 ], [ 175.384597383109593, -41.029557985142176 ], [ 175.384579094991352, -41.029341888754701 ], [ 175.384555595590257, -41.028873472780511 ], [ 175.38455463470379, -41.028812559758364 ], [ 175.384678819107052, -41.027402463454642 ], [ 175.384702258972737, -41.027281015878756 ], [ 175.385116186896994, -41.025902989998571 ], [ 175.385140127897188, -41.025844833237485 ], [ 175.385339666162025, -41.025401104025164 ], [ 175.385606406657018, -41.024854932335245 ], [ 175.385972993655912, -41.024187855166232 ], [ 175.386025162382907, -41.024102721155849 ], [ 175.386461170626148, -41.0234600440535 ], [ 175.387140619927408, -41.022550253406095 ], [ 175.38818386019156, -41.021378517722901 ], [ 175.388334375519321, -41.021235162857721 ], [ 175.391076945663485, -41.01933116813148 ], [ 175.391278575130343, -41.019230050379797 ], [ 175.394663628154689, -41.018061018039347 ], [ 175.394896638977258, -41.018012032149045 ], [ 175.398592924511405, -41.017692354206936 ], [ 175.398834516627943, -41.017700293493441 ], [ 175.402480365004436, -41.018261252181908 ], [ 175.402706899597348, -41.018325339998391 ], [ 175.405945567907963, -41.019712049488284 ], [ 175.406134877556497, -41.019826015056204 ], [ 175.408649417406195, -41.021902784633042 ], [ 175.408782973176642, -41.022055475883775 ], [ 175.410327227143625, -41.024619073189641 ], [ 175.410391951560086, -41.024795547003841 ], [ 175.410814655162568, -41.027595070336432 ], [ 175.410804203887238, -41.027778053995839 ], [ 175.410236510248694, -41.029895445811512 ], [ 175.410357504003201, -41.030014567740743 ], [ 175.4104375356726, -41.030107655555504 ], [ 175.411180078831904, -41.031140416183113 ], [ 175.411896770233426, -41.030303439807433 ], [ 175.412058484856061, -41.030167243843323 ], [ 175.414948542281991, -41.028392399312793 ], [ 175.415157909961408, -41.028300705494424 ], [ 175.418630648572872, -41.027288921271278 ], [ 175.418867180120628, -41.027250702084942 ], [ 175.422582779066289, -41.027100982649216 ], [ 175.422823330321705, -41.027119977897755 ], [ 175.423389039368402, -41.027234389795709 ], [ 175.423601634151481, -41.027230828618528 ], [ 175.425377925084035, -41.026207844420881 ], [ 175.425590964501367, -41.02612114493612 ], [ 175.429103618444259, -41.025191954245209 ], [ 175.429341603433215, -41.025159345725875 ], [ 175.432784088651005, -41.025102156699496 ], [ 175.433175662367603, -41.024272810694903 ], [ 175.433291710436635, -41.024112118080083 ], [ 175.435565662719966, -41.021881849804387 ], [ 175.435741588533091, -41.021756176455163 ], [ 175.438814098086311, -41.02016716118888 ], [ 175.439032681618073, -41.020088805174623 ], [ 175.442603048343585, -41.019296534920763 ], [ 175.442842899613424, -41.019273163502795 ], [ 175.44548334545334, -41.01933139661034 ], [ 175.44621676107414, -41.018881597802846 ], [ 175.445674509389164, -41.018383365423837 ], [ 175.445551778457173, -41.018225550238057 ], [ 175.444188384240192, -41.015603792606953 ], [ 175.444136054697339, -41.015424975906029 ], [ 175.443909086238051, -41.01261242778547 ], [ 175.443932271336536, -41.012430114808872 ], [ 175.444050595683734, -41.012083608483834 ], [ 175.444083420875842, -41.01153380786738 ], [ 175.44409332032717, -41.011473514373144 ], [ 175.443455624982562, -41.010737772822452 ], [ 175.443389695351755, -41.01064687899472 ], [ 175.442923511117698, -41.009930647053864 ], [ 175.442530215531775, -41.009252089498197 ], [ 175.442042592559432, -41.008438690775662 ], [ 175.442032345620845, -41.008421550196836 ], [ 175.442031016593347, -41.008419320869656 ], [ 175.442020816955051, -41.008402164107139 ], [ 175.441601532157193, -41.007694906501271 ], [ 175.441596958287704, -41.007687181535843 ], [ 175.441486937101075, -41.007500765633061 ], [ 175.441197628482342, -41.007239535142922 ], [ 175.441057242547743, -41.007090414232046 ], [ 175.439397879392573, -41.004568538638324 ], [ 175.43932520282425, -41.004393852547992 ], [ 175.438775853093205, -41.001606956273605 ], [ 175.438777991687488, -41.001423806487331 ], [ 175.439392283621544, -40.998644704333408 ], [ 175.439469018089966, -40.998471018583565 ], [ 175.441186678492386, -40.995971727374965 ], [ 175.441330489726937, -40.995824504845977 ], [ 175.443983298151068, -40.993849624586488 ], [ 175.444180106225275, -40.99374327282851 ], [ 175.447508393562742, -40.992486061896969 ], [ 175.447738936994455, -40.992430987895652 ], [ 175.451417001278514, -40.992014467200171 ], [ 175.451658721154274, -40.99201605999103 ], [ 175.455326673640002, -40.992480987485699 ], [ 175.455555918676254, -40.99253909139756 ], [ 175.458854856608127, -40.993839977747861 ], [ 175.459049194508822, -40.993948907548557 ], [ 175.460457086916762, -40.994875961675213 ], [ 175.460988156153036, -40.995285308222577 ], [ 175.461591163251171, -40.995786520428581 ], [ 175.461666208100127, -40.99585382006093 ], [ 175.462217737000486, -40.996387987083622 ], [ 175.4626448542042, -40.996835392124098 ], [ 175.46332980636322, -40.99763964513695 ], [ 175.463411277432499, -40.997747482281 ], [ 175.463979725251448, -40.998602262902239 ], [ 175.464314841730896, -40.999180777481023 ], [ 175.464480928938173, -40.999462028368363 ], [ 175.464504985983922, -40.99946984132653 ], [ 175.46470955165907, -40.999567451283589 ], [ 175.467507978225257, -41.001423610751054 ], [ 175.467662729276384, -41.001564331391542 ], [ 175.467757878472355, -41.001685260062487 ], [ 175.468562186331809, -41.001761237778538 ], [ 175.468794461499812, -41.001812052365892 ], [ 175.472162569140721, -41.003007639227199 ], [ 175.472362758387987, -41.003110337920049 ], [ 175.474068087599164, -41.004319451988437 ], [ 175.474544303609633, -41.004005013873893 ], [ 175.474568901710086, -41.003993335577299 ], [ 175.474016220313501, -41.003191631268706 ], [ 175.473994213650712, -41.003152499394631 ], [ 175.473558177394267, -41.002169558073646 ], [ 175.473313959421375, -41.001857365862122 ], [ 175.473224754291522, -41.0016871308638 ], [ 175.472975184930363, -41.000844876589234 ], [ 175.471807013885552, -41.000176177404235 ], [ 175.471639299963499, -41.000044258536612 ], [ 175.469509997750748, -40.997733908338226 ], [ 175.469404309700479, -40.997569180060324 ], [ 175.46832167650868, -40.994873384625869 ], [ 175.468288353481825, -40.994691974512982 ], [ 175.468358237239727, -40.991874646466322 ], [ 175.468400531490346, -40.991694313053337 ], [ 175.469314725819544, -40.989691241278663 ], [ 175.469314702592612, -40.989691216141559 ], [ 175.469208747921755, -40.989526590755489 ], [ 175.468121672412309, -40.986831848839664 ], [ 175.468088045617918, -40.986650471107588 ], [ 175.468108529710776, -40.985763929081301 ], [ 175.468107229659807, -40.985762807713726 ], [ 175.466120278212117, -40.983380985177369 ], [ 175.466024681020116, -40.983212761820489 ], [ 175.465106358972577, -40.980482220634642 ], [ 175.465084042471801, -40.980299844209071 ], [ 175.465324107012918, -40.977487893562397 ], [ 175.465377245881342, -40.977309216855566 ], [ 175.466752048236771, -40.974691100109368 ], [ 175.466875431991753, -40.974533611485292 ], [ 175.469250289458984, -40.972365567255096 ], [ 175.469431835885899, -40.972244679443492 ], [ 175.472574256528191, -40.970738874804908 ], [ 175.472796196108021, -40.970666417476743 ], [ 175.476398645947029, -40.969970201032197 ], [ 175.476639260682532, -40.969953264230291 ], [ 175.477188466283707, -40.969947408094058 ], [ 175.476980121005738, -40.969548578991557 ], [ 175.476915256980362, -40.969388778210515 ], [ 175.476532699349661, -40.968132399568347 ], [ 175.476479083350966, -40.967872614355549 ], [ 175.476336331431355, -40.966463483963011 ], [ 175.476336791243114, -40.966280324413759 ], [ 175.476925293588096, -40.963498013640525 ], [ 175.477000395463193, -40.963323925678431 ], [ 175.478694229895439, -40.960815619927949 ], [ 175.478836614461159, -40.960667642154945 ], [ 175.481469891129137, -40.958678824357968 ], [ 175.481665617978479, -40.958571438271662 ], [ 175.484980577489921, -40.957296731135401 ], [ 175.485210490837801, -40.95724044495303 ], [ 175.488882733959372, -40.956804581556703 ], [ 175.489124336474447, -40.956804902926194 ], [ 175.492794543417801, -40.957250533820591 ], [ 175.493024195291696, -40.957307431470483 ], [ 175.493941691939852, -40.957663327358773 ], [ 175.493977257688556, -40.957604843901514 ], [ 175.494187303946632, -40.957229922219099 ], [ 175.494465998467945, -40.956705391640099 ], [ 175.494517201015697, -40.956610581888228 ], [ 175.494523949585073, -40.956598285716872 ], [ 175.494576571179692, -40.956503923601133 ], [ 175.494997734982348, -40.955760490860605 ], [ 175.494997756652367, -40.955760452608729 ], [ 175.495319462736575, -40.955192582495066 ], [ 175.495464767019655, -40.95491495723698 ], [ 175.495591106327424, -40.954665660931802 ], [ 175.495558762432097, -40.953645873245549 ], [ 175.495590808726632, -40.953464330564024 ], [ 175.496654008077655, -40.950764217882117 ], [ 175.496758474537501, -40.950599067088731 ], [ 175.498870023105894, -40.948280164072713 ], [ 175.499036677789604, -40.948147568267949 ], [ 175.501353630035027, -40.946805376226884 ], [ 175.500795376149654, -40.946149455679155 ], [ 175.500738623432539, -40.9460696541395 ], [ 175.499985414151581, -40.944776894617213 ], [ 175.499944778537298, -40.94468907955774 ], [ 175.499467578550139, -40.943322891779665 ], [ 175.499446129212771, -40.943233698256378 ], [ 175.499411258183585, -40.94297492325439 ], [ 175.499352710317794, -40.94279514354956 ], [ 175.499049228662017, -40.941400711494481 ], [ 175.499028718402968, -40.941218211244077 ], [ 175.499296275512506, -40.938407650993007 ], [ 175.499351138178525, -40.938229276627894 ], [ 175.500750835303535, -40.935618957556528 ], [ 175.500875691757614, -40.935462167802328 ], [ 175.503270411080422, -40.933307564750045 ], [ 175.503453035086608, -40.933187703908651 ], [ 175.506608342654232, -40.931699668213582 ], [ 175.506830859350998, -40.931628465443765 ], [ 175.510437961528481, -40.930952606809093 ], [ 175.510678596513515, -40.930937029390137 ], [ 175.514384540169544, -40.931139481522209 ], [ 175.514619748225755, -40.931181053818712 ], [ 175.518061918647987, -40.932242009972789 ], [ 175.518268684768316, -40.932336664395407 ], [ 175.521110244092455, -40.934152312121554 ], [ 175.521268332991212, -40.934290786605317 ], [ 175.523231151857431, -40.936683453862074 ], [ 175.523325087051575, -40.936852197215913 ], [ 175.52338679978115, -40.936992986994547 ], [ 175.523803787070079, -40.937403451591877 ], [ 175.523924857392359, -40.937542007443199 ], [ 175.524431976301258, -40.938223123886345 ], [ 175.5246555187816, -40.938290650213744 ], [ 175.524003471298414, -40.936972225390143 ], [ 175.523955077900638, -40.936792776429584 ], [ 175.523789241801808, -40.933977690182715 ], [ 175.523816340121272, -40.93379568355077 ], [ 175.524805656383762, -40.931079508488871 ], [ 175.524905584228236, -40.930912759268381 ], [ 175.526953083892636, -40.928561342269774 ], [ 175.527116053275506, -40.928426170123466 ], [ 175.530021256688201, -40.926669631214359 ], [ 175.530231314368763, -40.926579264015423 ], [ 175.530414528570446, -40.926514281653695 ], [ 175.531452702911793, -40.92598107202982 ], [ 175.532740349989155, -40.925405841982553 ], [ 175.532913271298128, -40.925339330067679 ], [ 175.534285954131605, -40.924891298887182 ], [ 175.535290807422285, -40.924618756839727 ], [ 175.535996916883533, -40.924445907663525 ], [ 175.536089546376445, -40.924425633007516 ], [ 175.536717087704886, -40.924304247753561 ], [ 175.537089050914773, -40.923269971983032 ], [ 175.537188262564541, -40.92310298010613 ], [ 175.538196367455868, -40.921937021847853 ], [ 175.538145860311147, -40.921864521517541 ], [ 175.538135724780318, -40.921849940191926 ], [ 175.538134409449185, -40.921848043705943 ], [ 175.53812430911654, -40.921833448324037 ], [ 175.537931461954031, -40.921554154372686 ], [ 175.537684194900834, -40.921213149260133 ], [ 175.537666447063998, -40.921188673129087 ], [ 175.537584168187863, -40.921082681855609 ], [ 175.537573506219729, -40.921068625683681 ], [ 175.537492478418955, -40.92096007042359 ], [ 175.537215764372036, -40.920583283193153 ], [ 175.537198591698711, -40.920559817721873 ], [ 175.537196365249031, -40.920556764694382 ], [ 175.537179284850367, -40.920533260511974 ], [ 175.536730553189415, -40.919913576037864 ], [ 175.536286435432629, -40.919301446265742 ], [ 175.535907422474963, -40.918782791158684 ], [ 175.53551704640401, -40.918274034716312 ], [ 175.535420812542753, -40.918146226065979 ], [ 175.535408481970933, -40.918129534506924 ], [ 175.535315014723238, -40.918000549943216 ], [ 175.534952701526009, -40.917490728737313 ], [ 175.53480919204145, -40.917382003098361 ], [ 175.534787421017541, -40.917365466035704 ], [ 175.534784594467283, -40.917363313435615 ], [ 175.534762880102221, -40.917346733573787 ], [ 175.534002222365018, -40.91676442147908 ], [ 175.533582578810751, -40.916449884934536 ], [ 175.533532072638252, -40.916411800859009 ], [ 175.533525526471436, -40.91640683503519 ], [ 175.533475322385328, -40.916368521820992 ], [ 175.532935340831699, -40.915953951922027 ], [ 175.53278972805299, -40.915840170376434 ], [ 175.532770971547535, -40.915825253499541 ], [ 175.532628022703165, -40.915709544634886 ], [ 175.532218009358502, -40.915371747690557 ], [ 175.532176171262364, -40.915337097386413 ], [ 175.532170747840297, -40.915332582114324 ], [ 175.532129148673874, -40.915297766694124 ], [ 175.531654737098449, -40.914898628268553 ], [ 175.531362238965386, -40.914643039180781 ], [ 175.531325050648604, -40.914609282378045 ], [ 175.530246207517735, -40.913457045137044 ], [ 175.530151757419191, -40.913337254774753 ], [ 175.529323840454254, -40.912071168446545 ], [ 175.52930222530324, -40.91203034582135 ], [ 175.529231027877842, -40.911888216459808 ], [ 175.527663522139363, -40.911191956389246 ], [ 175.526378278564323, -40.912250952598491 ], [ 175.526188965960586, -40.912364633277932 ], [ 175.522951605321396, -40.913746345201353 ], [ 175.522725243463327, -40.913810075055878 ], [ 175.52241967501584, -40.913856651670017 ], [ 175.522050060261932, -40.914315776791241 ], [ 175.521893530349672, -40.914455236402652 ], [ 175.519072501598544, -40.916288538301764 ], [ 175.518866813192119, -40.916384473042299 ], [ 175.515436910590239, -40.917466650815591 ], [ 175.5152022025772, -40.917509666683223 ], [ 175.511499277660647, -40.917734750927217 ], [ 175.511258533818562, -40.917720635683025 ], [ 175.507645204157654, -40.917066587136347 ], [ 175.50742199993195, -40.916996723219079 ], [ 175.504252096459993, -40.91552759258569 ], [ 175.504191439932214, -40.915488398484328 ], [ 175.503833366648308, -40.915440932920632 ], [ 175.502991053674691, -40.915305225889327 ], [ 175.502882540069066, -40.915284596476098 ], [ 175.502055413526591, -40.915102928044924 ], [ 175.500992363869329, -40.914837378982952 ], [ 175.500425178134179, -40.914697497168447 ], [ 175.499350220406598, -40.914591334271755 ], [ 175.499118615758391, -40.914539564856796 ], [ 175.497633366224903, -40.914004118434903 ], [ 175.49719751509673, -40.914055191209194 ], [ 175.497121825774002, -40.91406387083677 ], [ 175.497111981467867, -40.914064975109788 ], [ 175.497036219927992, -40.91407328429775 ], [ 175.496021100188699, -40.914182079841396 ], [ 175.495811401742287, -40.914207643117571 ], [ 175.495607024382281, -40.914449728783374 ], [ 175.495446603128158, -40.914586618573587 ], [ 175.492574597310096, -40.916373766321854 ], [ 175.492366254893057, -40.916466344720902 ], [ 175.488906674780907, -40.917492676468925 ], [ 175.488670810254405, -40.917531878099439 ], [ 175.484962416836709, -40.917696892893034 ], [ 175.484722127364336, -40.917678879029012 ], [ 175.481128074258521, -40.916966420079497 ], [ 175.480906890724526, -40.916892954941929 ], [ 175.479154492778889, -40.916041271949744 ], [ 175.478667203309016, -40.916055273783385 ], [ 175.478441435275812, -40.916048302441801 ], [ 175.476591586554008, -40.915880188040489 ], [ 175.476576212973725, -40.915877850895733 ], [ 175.476458075083286, -40.915859417132928 ], [ 175.47624174379294, -40.915824791607115 ], [ 175.47572858763121, -40.915792659436775 ], [ 175.473889587950111, -40.915566225478912 ], [ 175.47365502606425, -40.915522783149079 ], [ 175.470228695866581, -40.914434381452139 ], [ 175.470023319962394, -40.9143380740719 ], [ 175.467208213591107, -40.912499672252409 ], [ 175.467052131516226, -40.912359930463523 ], [ 175.465123830127027, -40.909951540447167 ], [ 175.465032318425699, -40.909782046787839 ], [ 175.464179504928808, -40.907039467536372 ], [ 175.464161514178784, -40.906856815708871 ], [ 175.464467531435531, -40.904048532868821 ], [ 175.464524812865506, -40.903870602484716 ], [ 175.465959557659545, -40.901271498415362 ], [ 175.466086495482415, -40.901115704671135 ], [ 175.468509421797052, -40.898980155616165 ], [ 175.468693586236554, -40.898861745287292 ], [ 175.471867502258419, -40.897398737370423 ], [ 175.472090867870548, -40.897329297649954 ], [ 175.475705161164939, -40.896681991351308 ], [ 175.475945870584411, -40.896668317002138 ], [ 175.477808391846054, -40.896673689118337 ], [ 175.47794327817553, -40.896682134805395 ], [ 175.478099798804351, -40.896654447075342 ], [ 175.478136314618155, -40.896650245353563 ], [ 175.479994027393701, -40.89654862412528 ], [ 175.480198858177744, -40.896549644081162 ], [ 175.481773792845075, -40.896637186886259 ], [ 175.482179058244895, -40.896680423124344 ], [ 175.482264070900669, -40.896687085116874 ], [ 175.482542868604128, -40.896677359653403 ], [ 175.484526569665178, -40.896726428642445 ], [ 175.484786170988372, -40.896735526317066 ], [ 175.484821702846801, -40.896723605639224 ], [ 175.485131447162132, -40.896623647617048 ], [ 175.485171948552335, -40.896611088809728 ], [ 175.48548530257662, -40.896517834401855 ], [ 175.487363080087022, -40.895982167230194 ], [ 175.488676163548291, -40.89567214584882 ], [ 175.488849362424759, -40.895639468218633 ], [ 175.490200879444274, -40.895446756401533 ], [ 175.490804041485376, -40.895387946226798 ], [ 175.492128290662919, -40.895226512940816 ], [ 175.492239651384239, -40.895213347964578 ], [ 175.492254138656506, -40.895211688703185 ], [ 175.492365659049, -40.89519932658083 ], [ 175.493418644689712, -40.89508646862776 ], [ 175.494249462337706, -40.894989107920985 ], [ 175.496074694620603, -40.894198300209865 ], [ 175.496300449517435, -40.894133480167866 ], [ 175.499936390261325, -40.893560753527943 ], [ 175.500177489956201, -40.893552035523683 ], [ 175.503868718091127, -40.893859817512357 ], [ 175.504101571941305, -40.893908054743193 ], [ 175.507486910637056, -40.895066232340298 ], [ 175.507679112032832, -40.895161915148336 ], [ 175.507768101749377, -40.89510840019863 ], [ 175.508905428591589, -40.894413273289835 ], [ 175.508213916197718, -40.893988590277388 ], [ 175.507595892512796, -40.893609438337847 ], [ 175.50715528659552, -40.893375922740198 ], [ 175.506420632014056, -40.893000899589161 ], [ 175.505757143729795, -40.892669295278871 ], [ 175.504286940979568, -40.891801700524582 ], [ 175.504108619353133, -40.891678261884699 ], [ 175.501790546661141, -40.889476887375594 ], [ 175.501671228509906, -40.889317671318764 ], [ 175.50036314689666, -40.886680420282005 ], [ 175.500314506656508, -40.886501015089571 ], [ 175.500144344739908, -40.88368607533242 ], [ 175.500171134473703, -40.883504043742576 ], [ 175.501155398608404, -40.880786963747013 ], [ 175.501254986349835, -40.880620123292957 ], [ 175.503297202276428, -40.878266838646084 ], [ 175.503459833331533, -40.878131517929738 ], [ 175.50636003846995, -40.87637233159834 ], [ 175.506569792697917, -40.876281773042649 ], [ 175.510044131325571, -40.875288831929815 ], [ 175.510280481770906, -40.87525189693514 ], [ 175.513988976817245, -40.875122361748545 ], [ 175.514228797025936, -40.875142664460896 ], [ 175.517808585333711, -40.875889212410542 ], [ 175.518028409629665, -40.875964766443026 ], [ 175.519659124341104, -40.876646952669944 ], [ 175.520210417052112, -40.876922451961896 ], [ 175.521047172253503, -40.876475595177403 ], [ 175.521263822650326, -40.876394929017117 ], [ 175.524811592687115, -40.875564899663829 ], [ 175.52505047564955, -40.875538990127183 ], [ 175.52804798243983, -40.875573418338305 ], [ 175.528395817975053, -40.874986372244379 ], [ 175.528528004290507, -40.874833133636791 ], [ 175.531022383007127, -40.872746089614694 ], [ 175.531089992807978, -40.872704846910757 ], [ 175.53111572509232, -40.871041201700805 ], [ 175.531156266861046, -40.870860640178712 ], [ 175.532344716266067, -40.868191029231475 ], [ 175.532456769376864, -40.86802881364904 ], [ 175.53295047307148, -40.867525475313158 ], [ 175.532957477969148, -40.867511827302827 ], [ 175.532943188539406, -40.867505588884285 ], [ 175.532997426830008, -40.867433992717743 ], [ 175.533199365039167, -40.867040542175125 ], [ 175.533321050393795, -40.866882377170135 ], [ 175.534304428260555, -40.865969865206736 ], [ 175.534406535924177, -40.86580002531602 ], [ 175.534787591149694, -40.865211679978678 ], [ 175.535058377166592, -40.864681154006753 ], [ 175.535070351233003, -40.864657790672851 ], [ 175.535071913425838, -40.864654755089795 ], [ 175.535083973095311, -40.864631417145873 ], [ 175.535547452857799, -40.8637381332614 ], [ 175.535969536533742, -40.862914659143961 ], [ 175.535971414109895, -40.86291099832291 ], [ 175.536509682414277, -40.861863210317523 ], [ 175.53651743695346, -40.861848155087046 ], [ 175.536518447356428, -40.861846198594428 ], [ 175.536526237478597, -40.861831153938404 ], [ 175.537054204659995, -40.860814182086017 ], [ 175.537157160950017, -40.860633036684149 ], [ 175.536977236463002, -40.859991985959638 ], [ 175.53696448709519, -40.859809075851793 ], [ 175.537350548617013, -40.857006421714452 ], [ 175.537412866327344, -40.85682947230621 ], [ 175.538920622653336, -40.854254551145274 ], [ 175.53905189889872, -40.854100881480846 ], [ 175.541533662117786, -40.852005700905167 ], [ 175.541721042839526, -40.851890349787382 ], [ 175.542219638759292, -40.85167147994207 ], [ 175.542119739382827, -40.851650050951271 ], [ 175.540549164092056, -40.851209486915579 ], [ 175.539911946631349, -40.851014630158097 ], [ 175.539830143719314, -40.850987499094202 ], [ 175.539208855061474, -40.85076495496439 ], [ 175.538176236545326, -40.850366908270139 ], [ 175.537714195871274, -40.850178936306321 ], [ 175.537654871006339, -40.850153504202289 ], [ 175.537204221523609, -40.849950213075822 ], [ 175.536181046430443, -40.849465099400156 ], [ 175.53610932866863, -40.849430824577553 ], [ 175.536100026444387, -40.849426343614965 ], [ 175.536028633064461, -40.849391680551783 ], [ 175.535095120983186, -40.848934856898936 ], [ 175.534450323673184, -40.848626566158771 ], [ 175.533437033164745, -40.848083920859942 ], [ 175.533310515643052, -40.848008347822812 ], [ 175.531942480342366, -40.847050069840826 ], [ 175.531887501455827, -40.847004999628822 ], [ 175.530733760078562, -40.845895995809975 ], [ 175.530644195622926, -40.845794431433347 ], [ 175.530009095280832, -40.844985781152673 ], [ 175.529457601596505, -40.844191980810734 ], [ 175.52872099831086, -40.842894067375425 ], [ 175.528643209708605, -40.842720689035993 ], [ 175.528010674445454, -40.839943993609005 ], [ 175.528007244133391, -40.839760845886076 ], [ 175.52853548061799, -40.836971606511561 ], [ 175.528606734503427, -40.836796617116782 ], [ 175.5302438920817, -40.834267845611947 ], [ 175.530382847316417, -40.834118141494606 ], [ 175.532968580577744, -40.83209732539688 ], [ 175.533161632149586, -40.831987557091963 ], [ 175.536442830614959, -40.830672451519803 ], [ 175.536671084284848, -40.830613360406133 ], [ 175.540326648936201, -40.830132651956468 ], [ 175.540567769593508, -40.830130020154506 ], [ 175.54424001084675, -40.830530747373189 ], [ 175.544470405790833, -40.830584832563268 ], [ 175.547800002230076, -40.831827787797224 ], [ 175.547997126821059, -40.831933297972633 ], [ 175.549252061352945, -40.832859299406394 ], [ 175.550794561982116, -40.833008618358853 ], [ 175.551153485829559, -40.833030150288586 ], [ 175.552459925399489, -40.832872550187091 ], [ 175.552467797811119, -40.832871602497775 ], [ 175.553707779898303, -40.832723151739351 ], [ 175.553736947377757, -40.832719687931473 ], [ 175.553740739884972, -40.832719241221199 ], [ 175.553769918670724, -40.832715832563558 ], [ 175.555161892426071, -40.832554560499965 ], [ 175.555866092024104, -40.832489270917293 ], [ 175.555957890096039, -40.832482869545288 ], [ 175.556665968888723, -40.832449676462794 ], [ 175.558661824468913, -40.832401547060279 ], [ 175.559873031424416, -40.832419346501901 ], [ 175.56002992223506, -40.832427754405032 ], [ 175.561232421855266, -40.832539307445508 ], [ 175.562092240480069, -40.832653176344806 ], [ 175.563216615028296, -40.83242875550345 ], [ 175.563456567841683, -40.832410486938684 ], [ 175.567160596234316, -40.83257145894904 ], [ 175.567396240542735, -40.832610396344037 ], [ 175.568399666044513, -40.832907129869824 ], [ 175.569194058775111, -40.833045679832004 ], [ 175.569340220564897, -40.833077008124974 ], [ 175.570448880846925, -40.833360155821651 ], [ 175.57069204043043, -40.83343257801468 ], [ 175.571808519869023, -40.83352247188585 ], [ 175.571871843278529, -40.833527700730315 ], [ 175.571880072860949, -40.833528397265006 ], [ 175.571943358411801, -40.833533884338948 ], [ 175.572740221979984, -40.833604619285097 ], [ 175.573226030120566, -40.833525956931929 ], [ 175.574712489962081, -40.83328415775582 ], [ 175.57481712587861, -40.833267510385241 ], [ 175.574830741112322, -40.833265392834747 ], [ 175.574935570331064, -40.833249462505584 ], [ 175.575801644495186, -40.8331209270846 ], [ 175.576381789899273, -40.832907685035423 ], [ 175.576612625397416, -40.832854669344236 ], [ 175.579163382139257, -40.832588412266233 ], [ 175.579801041755701, -40.83249428126144 ], [ 175.580717600954159, -40.832387030826553 ], [ 175.580837288525828, -40.832376645157808 ], [ 175.582696917573514, -40.832326874543661 ], [ 175.582818239431958, -40.832330867716209 ], [ 175.584665231822129, -40.832502637710519 ], [ 175.584783288249326, -40.832520848476264 ], [ 175.585684200103344, -40.832687919179442 ], [ 175.586517515116299, -40.832868944943051 ], [ 175.586559810699754, -40.832878197398138 ], [ 175.586565306167017, -40.832879407962196 ], [ 175.586607556233446, -40.832888779569473 ], [ 175.587430498676866, -40.833072574797448 ], [ 175.588840278823852, -40.833385275482961 ], [ 175.589893600059696, -40.833615715714778 ], [ 175.589920320011373, -40.833621587009091 ], [ 175.589923792422553, -40.833622353370181 ], [ 175.589950494181267, -40.833628272246465 ], [ 175.590838901001717, -40.833826056944105 ], [ 175.591953734983122, -40.834069528706294 ], [ 175.591969925333927, -40.834073073931492 ], [ 175.591972029647962, -40.834073535946189 ], [ 175.591988213359514, -40.834077098639469 ], [ 175.592955508411251, -40.834290600750641 ], [ 175.594184603637842, -40.834559012581146 ], [ 175.594354945684216, -40.834596054855389 ], [ 175.594542274519313, -40.834525639663937 ], [ 175.594772489969415, -40.834471074378257 ], [ 175.596321500280879, -40.834298773566125 ], [ 175.596555412022752, -40.834258507954054 ], [ 175.59686364611278, -40.834208708545106 ], [ 175.596903822682748, -40.834202640047579 ], [ 175.598370242086446, -40.834070852764476 ], [ 175.598443538376586, -40.834062697908301 ], [ 175.598459415197851, -40.834062838146664 ], [ 175.59875177094986, -40.834036561570329 ], [ 175.598952235578196, -40.834030582272959 ], [ 175.599027348306663, -40.834032824786838 ], [ 175.599117088315609, -40.834026258346547 ], [ 175.599675316330888, -40.834052168037914 ], [ 175.600811639590745, -40.834086080941965 ], [ 175.60085231896997, -40.834089737740491 ], [ 175.601164745324496, -40.834121024655119 ], [ 175.601168816885831, -40.834121474263014 ], [ 175.602820393791063, -40.834198093397241 ], [ 175.603055846242171, -40.834237721912857 ], [ 175.604048434464261, -40.834534600621765 ], [ 175.604279266310726, -40.834570875914437 ], [ 175.604370426464271, -40.834584589471937 ], [ 175.605582178354751, -40.834633842770096 ], [ 175.605818019036519, -40.834672122433993 ], [ 175.606745398241486, -40.834943382369886 ], [ 175.607347817367668, -40.835034819182212 ], [ 175.60858669358015, -40.835028803034298 ], [ 175.608825128515093, -40.835056298340376 ], [ 175.609244653452862, -40.835157577125663 ], [ 175.611916035484171, -40.83339588360267 ], [ 175.612120624120934, -40.833298905797527 ], [ 175.612802040629276, -40.833079556040651 ], [ 175.612777591355893, -40.833042553061127 ], [ 175.61220953881778, -40.832194781486272 ], [ 175.611696858649481, -40.831429877326165 ], [ 175.611274940997021, -40.830802204680722 ], [ 175.611270799689805, -40.830796037959693 ], [ 175.610744923360443, -40.830011060681301 ], [ 175.610726530803959, -40.829983488574761 ], [ 175.610724147876738, -40.829979901094909 ], [ 175.610705880014422, -40.829952281203838 ], [ 175.610254112546386, -40.829266296569465 ], [ 175.609785490980101, -40.82856006818831 ], [ 175.609372861086598, -40.827940877295653 ], [ 175.608964114357349, -40.827329627887174 ], [ 175.608957913484659, -40.827320341571308 ], [ 175.608957108290298, -40.82731913399671 ], [ 175.608950921557039, -40.827309842241917 ], [ 175.608443546165887, -40.826546718615063 ], [ 175.607953823838585, -40.825818619437221 ], [ 175.607947409192661, -40.825809068258494 ], [ 175.607946576261554, -40.825807826227901 ], [ 175.6079401765829, -40.825798269243656 ], [ 175.607403187850224, -40.824995161676298 ], [ 175.607381104908939, -40.824961964907793 ], [ 175.607378245870564, -40.824957644843337 ], [ 175.607356343606, -40.824924379081736 ], [ 175.606942567067961, -40.824292660031418 ], [ 175.606517558289227, -40.823646981929784 ], [ 175.606101805661467, -40.823021807162441 ], [ 175.606100835035278, -40.823020347274088 ], [ 175.605614901746833, -40.822289040433624 ], [ 175.605602747192336, -40.822270696205564 ], [ 175.605601170682093, -40.822268310091154 ], [ 175.605589071233396, -40.822249944866883 ], [ 175.605133724360115, -40.821556812346678 ], [ 175.604683977453959, -40.820887900639761 ], [ 175.604658286911786, -40.820849463679409 ], [ 175.604654962902799, -40.82084446083136 ], [ 175.603949541917729, -40.819536638647591 ], [ 175.603878134326379, -40.819367491569871 ], [ 175.603553997660981, -40.818324303997223 ], [ 175.603412541340901, -40.81829642753106 ], [ 175.603392283401746, -40.818292323407825 ], [ 175.603236735845911, -40.818259947872505 ], [ 175.602409460282473, -40.818083151048434 ], [ 175.601534339870909, -40.817916228047665 ], [ 175.601186118458486, -40.81784551333606 ], [ 175.60114104411619, -40.81783579973952 ], [ 175.600499086163921, -40.817655035749169 ], [ 175.600118736331268, -40.817853337129158 ], [ 175.600072361380512, -40.817877392740229 ], [ 175.6000663229201, -40.817880509104057 ], [ 175.600019798479792, -40.817904397551665 ], [ 175.599176692941086, -40.81833508615415 ], [ 175.597980262157932, -40.818977991371668 ], [ 175.597901866932034, -40.81901975658694 ], [ 175.597891646852446, -40.819025154708171 ], [ 175.597812810085344, -40.819066437511644 ], [ 175.597545319654017, -40.819205300744514 ], [ 175.595805729060373, -40.820418236662313 ], [ 175.595604773320758, -40.820519456165471 ], [ 175.592230482352363, -40.821690043326107 ], [ 175.591998182081397, -40.821739126118402 ], [ 175.588312815954424, -40.82206017614385 ], [ 175.588071918879592, -40.822052315884839 ], [ 175.584436373879925, -40.821492391798365 ], [ 175.584210470496402, -40.821428358384452 ], [ 175.584050116631602, -40.821359544365713 ], [ 175.583504796251901, -40.821242433038535 ], [ 175.582614846263795, -40.821029492027876 ], [ 175.582589515230751, -40.821023407168262 ], [ 175.582586223367883, -40.821022613334371 ], [ 175.582560910356477, -40.821016485364915 ], [ 175.581030543661655, -40.820644554669492 ], [ 175.580127216385904, -40.820425664076176 ], [ 175.579383800110861, -40.82025275425778 ], [ 175.579362892750197, -40.820253666395438 ], [ 175.578492173100727, -40.820290034392116 ], [ 175.577190779486614, -40.820290036763353 ], [ 175.577022108004229, -40.820282992869721 ], [ 175.575728557973378, -40.820174623034298 ], [ 175.574966123625444, -40.820078321123106 ], [ 175.574595853903389, -40.820038467325979 ], [ 175.573845362119215, -40.819970519596609 ], [ 175.573012080645299, -40.819939714414353 ], [ 175.571166677093458, -40.819760449685333 ], [ 175.570930651869503, -40.819723031414966 ], [ 175.56746279666271, -40.818722864913802 ], [ 175.567253552388308, -40.818631862792927 ], [ 175.564362412633045, -40.816866454148503 ], [ 175.564200436402501, -40.816730779377394 ], [ 175.562169046042129, -40.814372994693166 ], [ 175.562070192040579, -40.814205931734946 ], [ 175.561180163622907, -40.811718148851426 ], [ 175.560731082530253, -40.811276924899275 ], [ 175.560599023574298, -40.811123682457115 ], [ 175.559077828219586, -40.80855364223023 ], [ 175.559014565251488, -40.808376893318822 ], [ 175.558613129275955, -40.805575470381854 ], [ 175.558624846304667, -40.805392518148935 ], [ 175.559382317849838, -40.802633944964214 ], [ 175.559467858142824, -40.80246269752466 ], [ 175.561309954488024, -40.8000169776153 ], [ 175.561460937538612, -40.799874195281454 ], [ 175.564207268383655, -40.797980682906889 ], [ 175.564408913011533, -40.797880338558436 ], [ 175.567790666207657, -40.796724328091074 ], [ 175.568023238169786, -40.796676240805866 ], [ 175.571709486086746, -40.796370850131566 ], [ 175.571950228221709, -40.796379725295374 ], [ 175.575580282323017, -40.7969548384918 ], [ 175.575805638896384, -40.797019807863386 ], [ 175.579024300303928, -40.798419153633759 ], [ 175.579212219073611, -40.798533860135301 ], [ 175.58056639021126, -40.79950266365973 ], [ 175.581839768330184, -40.80056876991096 ], [ 175.582379497327224, -40.801088838894799 ], [ 175.582458707339015, -40.801092090179722 ], [ 175.582674456702449, -40.80111265047514 ], [ 175.584319315540569, -40.801360224895184 ], [ 175.58502321204233, -40.801506143579715 ], [ 175.58519379346501, -40.80154254769495 ], [ 175.585215921279143, -40.801547405893537 ], [ 175.585385767770816, -40.801585743296378 ], [ 175.586242678111972, -40.80178446714708 ], [ 175.586247951777807, -40.801785691131535 ], [ 175.586290791485595, -40.801795655059585 ], [ 175.586966790769992, -40.8014432397948 ], [ 175.587430880259632, -40.801192585448199 ], [ 175.587479216907781, -40.801166616462808 ], [ 175.587485511724935, -40.801163252437938 ], [ 175.587534018417983, -40.801137467194565 ], [ 175.588965089645882, -40.800380755883751 ], [ 175.589459849027463, -40.800141784078562 ], [ 175.589918967329737, -40.799591808031821 ], [ 175.590078336785183, -40.799454388722275 ], [ 175.592935114311416, -40.797657705463919 ], [ 175.59314255399201, -40.797564430911088 ], [ 175.59658997856036, -40.796526446134102 ], [ 175.596825187754234, -40.796486443535422 ], [ 175.59708948318854, -40.796473755394778 ], [ 175.596923099072143, -40.795818773885657 ], [ 175.596914995941461, -40.795635706642052 ], [ 175.597371587477653, -40.792839139744252 ], [ 175.59743831499074, -40.792663129046616 ], [ 175.598501315888598, -40.790936310837125 ], [ 175.5984882736945, -40.790767703655263 ], [ 175.598485691970581, -40.790710400026036 ], [ 175.59848004123063, -40.790269233085375 ], [ 175.598497498879141, -40.789370285456421 ], [ 175.598508840806687, -40.789087440352944 ], [ 175.598511074752309, -40.789050697163304 ], [ 175.598534101166422, -40.788768262423467 ], [ 175.598621304927207, -40.787915801375284 ], [ 175.598623036191242, -40.787899078644379 ], [ 175.598623263918711, -40.787896904850548 ], [ 175.598625036154345, -40.787880184599103 ], [ 175.59873322183617, -40.786871222005075 ], [ 175.598734215562985, -40.786862012490573 ], [ 175.598734345555442, -40.786860815304173 ], [ 175.598735351712349, -40.786851606566316 ], [ 175.5987922967808, -40.786333640115302 ], [ 175.598848487451221, -40.785798330370952 ], [ 175.599103042145913, -40.784527173883937 ], [ 175.59915144324529, -40.784364556127137 ], [ 175.599641516428164, -40.783133900097361 ], [ 175.599675318268908, -40.783066733946725 ], [ 175.599644190938506, -40.782799266372002 ], [ 175.599641472266455, -40.782775548487059 ], [ 175.599641124200815, -40.782772464812133 ], [ 175.599638488016495, -40.782748741544189 ], [ 175.59960113063994, -40.7824071754765 ], [ 175.599489894243817, -40.781962284477224 ], [ 175.599335827053665, -40.781349846281969 ], [ 175.599331914670017, -40.781334219085636 ], [ 175.59933140842071, -40.781332187210154 ], [ 175.599327532353783, -40.781316554783878 ], [ 175.599103718627248, -40.780409487502119 ], [ 175.599103662310426, -40.780409259243505 ], [ 175.598901960778505, -40.779591581480943 ], [ 175.598746952229789, -40.779247949027969 ], [ 175.598725318315417, -40.779199542031641 ], [ 175.598722529425629, -40.779193243105212 ], [ 175.59870125734264, -40.779144743541032 ], [ 175.59840621307282, -40.778465628717932 ], [ 175.598042066497726, -40.777637607282401 ], [ 175.598033864166609, -40.777618887857003 ], [ 175.598032801371772, -40.777616453447436 ], [ 175.5980246530128, -40.777597720417845 ], [ 175.597658876772357, -40.776753691473324 ], [ 175.597289413494423, -40.775908312488795 ], [ 175.597287640558818, -40.775904252554341 ], [ 175.59690965719858, -40.775036922163643 ], [ 175.596618200417055, -40.774382664256393 ], [ 175.596607705737938, -40.774358997758846 ], [ 175.596606347043689, -40.774355919681831 ], [ 175.59659593873377, -40.774332231148563 ], [ 175.596302628848122, -40.773661579912471 ], [ 175.596012304058434, -40.772998120792792 ], [ 175.595781135575066, -40.772476611731953 ], [ 175.595459463257129, -40.771609951218423 ], [ 175.595425149845056, -40.771495979614443 ], [ 175.595153824256215, -40.770097744988789 ], [ 175.595147862417861, -40.770031122441054 ], [ 175.595149613016105, -40.769905697904441 ], [ 175.595001713566887, -40.769788386772504 ], [ 175.594988310634307, -40.769777738330689 ], [ 175.594986569743043, -40.769776352949307 ], [ 175.594973189733395, -40.769765687831452 ], [ 175.594164040916098, -40.769119654011902 ], [ 175.593917531149515, -40.768928231154725 ], [ 175.593856684702757, -40.768880632070747 ], [ 175.59384880476739, -40.768874422113001 ], [ 175.593788421439285, -40.768826483385666 ], [ 175.593027227689078, -40.768217683183444 ], [ 175.592244511642548, -40.76752439158944 ], [ 175.592149026264678, -40.767430576478567 ], [ 175.591462736014421, -40.766680559313514 ], [ 175.591020008190156, -40.76614016689102 ], [ 175.590476501282041, -40.765401537140676 ], [ 175.590411929326734, -40.765303205870637 ], [ 175.589962020663904, -40.764529047261561 ], [ 175.589647738946667, -40.763911247058743 ], [ 175.589507856551052, -40.763621619899524 ], [ 175.589490525286976, -40.763583742622401 ], [ 175.58901936768666, -40.762216529587157 ], [ 175.588986013931191, -40.762075335444052 ], [ 175.58880195982087, -40.760668912775742 ], [ 175.588800871323969, -40.760628817215846 ], [ 175.588893942388694, -40.759407909809674 ], [ 175.588886013329841, -40.759379997347025 ], [ 175.588712390239237, -40.758730204255109 ], [ 175.588532772098034, -40.758067157885783 ], [ 175.588532407216178, -40.758065810425968 ], [ 175.588006517860066, -40.756121797990964 ], [ 175.587997130320758, -40.756086742205461 ], [ 175.587995921848119, -40.756082183128505 ], [ 175.5879867175002, -40.756047099268613 ], [ 175.587816684463576, -40.755392208343899 ], [ 175.587702044919695, -40.75487046746175 ], [ 175.587689772741953, -40.754802366983228 ], [ 175.587582687560058, -40.753391345165547 ], [ 175.587585845798827, -40.75327640514832 ], [ 175.587770339361157, -40.751870015957351 ], [ 175.587786340681589, -40.751802364671612 ], [ 175.587929529292353, -40.75128471985078 ], [ 175.588160208213026, -40.750557483542813 ], [ 175.588165206008853, -40.750541789075982 ], [ 175.588165858126615, -40.7505397492396 ], [ 175.588170892912046, -40.750524061608189 ], [ 175.588396127436909, -40.749824977806526 ], [ 175.58856237124823, -40.749300727148729 ], [ 175.589138462512835, -40.747956976291974 ], [ 175.589230857732588, -40.74778781865426 ], [ 175.591170051053552, -40.745386528606304 ], [ 175.591326646479416, -40.745247361224912 ], [ 175.594146445791324, -40.743419278753258 ], [ 175.594351911465708, -40.743323720626506 ], [ 175.597776322054614, -40.742247736068535 ], [ 175.598010550232573, -40.742205137877718 ], [ 175.6017044751284, -40.741986538171766 ], [ 175.60194454678097, -40.742001068197808 ], [ 175.60554654707451, -40.742661245135501 ], [ 175.60576897198203, -40.74273148182121 ], [ 175.608926590414967, -40.74420584046257 ], [ 175.609109602863725, -40.744324911280934 ], [ 175.611513814552637, -40.746469182356094 ], [ 175.611639501323566, -40.746625435499659 ], [ 175.612022267426227, -40.747329729637016 ], [ 175.612348435840005, -40.74745932838529 ], [ 175.612541833685356, -40.747568501350663 ], [ 175.615135158079397, -40.74958136053835 ], [ 175.615274741674114, -40.749730638328742 ], [ 175.616923402622746, -40.752254409935077 ], [ 175.616995505128614, -40.752429183637673 ], [ 175.617408842197619, -40.754553084826192 ], [ 175.618513072586921, -40.755314909014665 ], [ 175.618663957196361, -40.755457694249976 ], [ 175.620504852112816, -40.757903467204365 ], [ 175.620590336518916, -40.758074718522437 ], [ 175.621347309712604, -40.760833355278635 ], [ 175.621359018612594, -40.761016311740811 ], [ 175.620957833854391, -40.763817797991415 ], [ 175.620894611291931, -40.763994550745352 ], [ 175.620502209614529, -40.764657969825308 ], [ 175.620502760653153, -40.765142823202176 ], [ 175.620830518982473, -40.765346669142851 ], [ 175.620990837306096, -40.765483396665317 ], [ 175.622941298572442, -40.767791745481226 ], [ 175.624203581437598, -40.768350915794521 ], [ 175.624390215215811, -40.768466752979727 ], [ 175.6268595526019, -40.770568390468441 ], [ 175.626989980231059, -40.77072240312075 ], [ 175.628484370383546, -40.773301290126724 ], [ 175.628545820438319, -40.773478405714947 ], [ 175.62891887865797, -40.776282142708688 ], [ 175.628905327317312, -40.776465025611571 ], [ 175.628856258848657, -40.776637201381241 ], [ 175.629258429246022, -40.777303989636899 ], [ 175.629323356488754, -40.777480387552842 ], [ 175.629751491805933, -40.780279573927537 ], [ 175.62974153515836, -40.780462590225504 ], [ 175.629010763466312, -40.783225341919554 ], [ 175.628926887761367, -40.783397061226509 ], [ 175.628301281999683, -40.784242057242764 ], [ 175.628371273370504, -40.785020479923666 ], [ 175.628349891660548, -40.785202930034316 ], [ 175.628224448546007, -40.785582796428109 ], [ 175.628265202719206, -40.785651639902376 ], [ 175.628346541265273, -40.78582406365306 ], [ 175.629036573981864, -40.78859286640423 ], [ 175.629043833592732, -40.788775955719231 ], [ 175.628574373412988, -40.791571312737332 ], [ 175.628506833625067, -40.791747145624136 ], [ 175.626923690296877, -40.794295411416542 ], [ 175.626787954183555, -40.794446774002857 ], [ 175.62551618519899, -40.79547328175866 ], [ 175.625647389499647, -40.795730699004288 ], [ 175.62612772905797, -40.796905773805257 ], [ 175.626176184847765, -40.797061054578137 ], [ 175.626441315059424, -40.79827491541436 ], [ 175.626544032482315, -40.799084425120157 ], [ 175.626549016594197, -40.799124648167563 ], [ 175.626549649093846, -40.799129878241658 ], [ 175.626554395745643, -40.799170117872613 ], [ 175.626628624699066, -40.79981566391956 ], [ 175.626871902142312, -40.799939426776682 ], [ 175.626915359280162, -40.799965507853067 ], [ 175.628280033930281, -40.800925810315213 ], [ 175.628406305115135, -40.801029793129146 ], [ 175.629556534759104, -40.802140487301543 ], [ 175.629587261637596, -40.802175496141054 ], [ 175.629955155007593, -40.802675677882576 ], [ 175.633160517964967, -40.803376855882419 ], [ 175.633378882943276, -40.803454437751896 ], [ 175.636451344691068, -40.805032610857239 ], [ 175.636627482852788, -40.805157666238692 ], [ 175.638907934494881, -40.807379996330695 ], [ 175.639024604672642, -40.807540287635803 ], [ 175.640289780117001, -40.810189291615124 ], [ 175.640335556408246, -40.810369131466686 ], [ 175.640461494371095, -40.813185540675498 ], [ 175.640431886649878, -40.813367326331282 ], [ 175.639406109541625, -40.816075452462378 ], [ 175.639304006505114, -40.816241388421339 ], [ 175.637226799078604, -40.818576109241796 ], [ 175.637062189115824, -40.818709949593455 ], [ 175.635689280815001, -40.81966377329946 ], [ 175.635411740454003, -40.819828162980514 ], [ 175.634730918858452, -40.820513958259042 ], [ 175.634150969169269, -40.821101457483365 ], [ 175.634106697659064, -40.82114601637587 ], [ 175.63410091878302, -40.821151795425401 ], [ 175.634056284507636, -40.821196144987155 ], [ 175.633527515162768, -40.821718174625907 ], [ 175.633771290877263, -40.822081873561338 ], [ 175.634192848340859, -40.822708691718752 ], [ 175.634196438595694, -40.822714034381825 ], [ 175.634716245298677, -40.823489172519409 ], [ 175.63471664589926, -40.823489769945972 ], [ 175.635301814909212, -40.824362640772044 ], [ 175.635316952259899, -40.824385299131585 ], [ 175.635318914642482, -40.824388246820291 ], [ 175.635333967793343, -40.824410937517555 ], [ 175.635834716655495, -40.825168399142811 ], [ 175.635861375023637, -40.825148681276985 ], [ 175.636058326684434, -40.825042999532748 ], [ 175.639041432128778, -40.823926100259889 ], [ 175.639144621097529, -40.823873573376254 ], [ 175.640766738307008, -40.823181322886121 ], [ 175.640798634559758, -40.823170113124149 ], [ 175.642543308399496, -40.822679123216034 ], [ 175.642741834719857, -40.822636367155532 ], [ 175.644566118408562, -40.822358720637695 ], [ 175.644601012964586, -40.822355545850023 ], [ 175.64646000610864, -40.822298079393093 ], [ 175.646666207813297, -40.82230401239319 ], [ 175.648514155167959, -40.822468138003444 ], [ 175.648548633709964, -40.822473308854946 ], [ 175.65034005074682, -40.822854989881627 ], [ 175.650533751781239, -40.822909031551532 ], [ 175.650989609449766, -40.823068062595588 ], [ 175.65108964240693, -40.82297418956091 ], [ 175.651205320087115, -40.822885172643737 ], [ 175.651254817999018, -40.82285036323492 ], [ 175.651229915830527, -40.822785642428912 ], [ 175.651220224083858, -40.822735450656452 ], [ 175.651155451896301, -40.822338945198112 ], [ 175.65113781904239, -40.822207144543952 ], [ 175.651197090882647, -40.820018020231586 ], [ 175.651206768069073, -40.819966748211407 ], [ 175.651381622782537, -40.819248809541058 ], [ 175.651419986948468, -40.819120581875985 ], [ 175.652185544593095, -40.817393509099091 ], [ 175.652214079901938, -40.817345756320172 ], [ 175.652903110791669, -40.816359966196799 ], [ 175.652993271180861, -40.816248281093365 ], [ 175.653820196281828, -40.815351262305811 ], [ 175.65382467757783, -40.815346980770833 ], [ 175.65412936796443, -40.815067611203737 ], [ 175.654169924035472, -40.815031913794023 ], [ 175.654489173189148, -40.814762092400485 ], [ 175.6544939824594, -40.814758188785099 ], [ 175.655540124178771, -40.814006279301793 ], [ 175.655672485303455, -40.813922107867974 ], [ 175.655749042536712, -40.813879291282547 ], [ 175.655764767137271, -40.813854310821981 ], [ 175.655764810227396, -40.813854254257187 ], [ 175.656820526563536, -40.812689909826275 ], [ 175.65689604775676, -40.812619213107261 ], [ 175.656971558376341, -40.812548509953899 ], [ 175.6582538943712, -40.811523906044663 ], [ 175.658253958355061, -40.811523862363522 ], [ 175.659731491187074, -40.810664330463219 ], [ 175.659832064892271, -40.810614822310995 ], [ 175.659932631165816, -40.810565305542752 ], [ 175.66156885493487, -40.809891876754115 ], [ 175.661568933549745, -40.809891850231118 ], [ 175.662042048604036, -40.809764967109672 ], [ 175.662104777743821, -40.809691236689531 ], [ 175.662084877415936, -40.809682169934398 ], [ 175.662088002960985, -40.809678209521827 ], [ 175.662712498487309, -40.808965957143499 ], [ 175.662751523371611, -40.808925729998307 ], [ 175.662768774742347, -40.808910777165742 ], [ 175.662784430682194, -40.808892374961026 ], [ 175.662869217827819, -40.808808952102162 ], [ 175.66287937561512, -40.808814912307461 ], [ 175.664071252388737, -40.807781811686368 ], [ 175.664093498881954, -40.807765534523114 ], [ 175.66465704890453, -40.807417661786488 ], [ 175.66464138517992, -40.807403995983506 ], [ 175.664651197036164, -40.807397502952291 ], [ 175.665628954083189, -40.806815982986329 ], [ 175.665681048544258, -40.806788215182316 ], [ 175.665697983671009, -40.806780640000163 ], [ 175.665753007846405, -40.806752158850621 ], [ 175.665755483306015, -40.806754920042216 ], [ 175.667307126831446, -40.806060841333846 ], [ 175.66733490310861, -40.806050583507371 ], [ 175.668001319807217, -40.805856189966434 ], [ 175.667991279719274, -40.805838265495147 ], [ 175.668016331455675, -40.805830163607737 ], [ 175.668951827658418, -40.805578918429156 ], [ 175.669232937130914, -40.805496914353505 ], [ 175.669349825765693, -40.805471306985247 ], [ 175.669350073220556, -40.805471959160208 ], [ 175.669415920244887, -40.805454274051591 ], [ 175.669475378121433, -40.805441424291203 ], [ 175.671084406404901, -40.805183777661384 ], [ 175.671114994331447, -40.805180542918215 ], [ 175.672742481744194, -40.805094548557712 ], [ 175.672892560693413, -40.805094483914786 ], [ 175.673689872590103, -40.805114534916818 ], [ 175.673750268365467, -40.805117602096665 ], [ 175.673819586802466, -40.805124022165622 ], [ 175.677149308966023, -40.804630595728185 ], [ 175.677390217928462, -40.804624086450325 ], [ 175.681071516543966, -40.804965677919895 ], [ 175.681303286163768, -40.805016047555917 ], [ 175.684665603401498, -40.806205220600248 ], [ 175.68486555471236, -40.806307540705014 ], [ 175.685767254109663, -40.806851719298152 ], [ 175.685817922994858, -40.806873830745559 ], [ 175.685931223280448, -40.806931616291429 ], [ 175.686936308209226, -40.807505211218782 ], [ 175.686956891618877, -40.807518310594801 ], [ 175.687560333090175, -40.807929824634989 ], [ 175.6876169595009, -40.80797118292206 ], [ 175.688041872428983, -40.80829776274544 ], [ 175.68804677794131, -40.808301730392181 ], [ 175.688680133479693, -40.808864573723362 ], [ 175.688682732046487, -40.80886296778074 ], [ 175.688701746967894, -40.808880730745734 ], [ 175.688712450307321, -40.808893292336464 ], [ 175.6887673529464, -40.808942081938866 ], [ 175.688846707864769, -40.809019672831468 ], [ 175.688829029475073, -40.809030110932568 ], [ 175.690094277024116, -40.810514976254396 ], [ 175.690131455251475, -40.810571101086488 ], [ 175.690620340043637, -40.811413850281127 ], [ 175.690676830103655, -40.811526509158988 ], [ 175.691354590172239, -40.813571633512268 ], [ 175.691365413804618, -40.813634864352679 ], [ 175.691442242774173, -40.814245821504969 ], [ 175.691451859643678, -40.814365105490339 ], [ 175.69123470263736, -40.816716469786947 ], [ 175.691217567596539, -40.816780270998002 ], [ 175.691103675402275, -40.817161833618002 ], [ 175.691066012546543, -40.817276413024459 ], [ 175.689827995179741, -40.819601412507168 ], [ 175.68978403437967, -40.819659191695713 ], [ 175.689598561490612, -40.819894613466325 ], [ 175.689517841219725, -40.819993617780938 ], [ 175.688531615888706, -40.821030656777623 ], [ 175.688004924438189, -40.821508854641827 ], [ 175.68798917246167, -40.8215232863339 ], [ 175.686964728737081, -40.822453939473995 ], [ 175.686952025258421, -40.822465460146063 ], [ 175.68695037216051, -40.822466956787252 ], [ 175.686937643363905, -40.822478461364263 ], [ 175.686436616230367, -40.822930530540866 ], [ 175.686410750452751, -40.822953788708638 ], [ 175.686407381183386, -40.822956807943534 ], [ 175.686381412047268, -40.822979999543506 ], [ 175.685886999710391, -40.823420018516089 ], [ 175.685512517150727, -40.823737745338789 ], [ 175.685462574570437, -40.823778151323765 ], [ 175.685068709733088, -40.824082054970958 ], [ 175.684985287721418, -40.824143445068493 ], [ 175.685479344566318, -40.824756764266105 ], [ 175.685493663955356, -40.824777890874898 ], [ 175.685553825623799, -40.824867887796579 ], [ 175.685646989084489, -40.825009208037045 ], [ 175.686341770630293, -40.826306170946616 ], [ 175.686342322335832, -40.826307485297434 ], [ 175.686599698412465, -40.827020527970362 ], [ 175.686606898663172, -40.827044254885699 ], [ 175.686793883785214, -40.827810504592989 ], [ 175.686822827174382, -40.82796650383419 ], [ 175.686938683995862, -40.829272953846619 ], [ 175.68693867402169, -40.829274333372069 ], [ 175.68693858906741, -40.82928494506919 ], [ 175.686938542060005, -40.829290298202743 ], [ 175.686935655437225, -40.829437831153435 ], [ 175.686935073393073, -40.829457006815446 ], [ 175.686929005482909, -40.829604484049298 ], [ 175.686928722655182, -40.829609929147097 ], [ 175.686784590077394, -40.830533612122984 ], [ 175.686822286721878, -40.83055107872471 ], [ 175.68832992328953, -40.831379514857126 ], [ 175.688453767704317, -40.831459523191818 ], [ 175.689772266040507, -40.832456882539034 ], [ 175.689823848845606, -40.83250256466448 ], [ 175.690208744821689, -40.832861715036721 ], [ 175.690696254553558, -40.833341280085364 ], [ 175.69094951313221, -40.833580095769236 ], [ 175.691958055134336, -40.834692538286653 ], [ 175.692074194959872, -40.834843787650435 ], [ 175.692882705875917, -40.836116805739806 ], [ 175.692886608449442, -40.83612442700155 ], [ 175.693422988226672, -40.837477830976475 ], [ 175.693471912057163, -40.837648935523013 ], [ 175.693722939122466, -40.839049403578947 ], [ 175.693723549962954, -40.839057567752938 ], [ 175.693683023078393, -40.840470617521689 ], [ 175.693659933243708, -40.840644829684592 ], [ 175.693328830460445, -40.84203566648609 ], [ 175.693326089335329, -40.842043574418199 ], [ 175.693309457041551, -40.842079748250377 ], [ 175.69462509101453, -40.842181181324051 ], [ 175.694718245217871, -40.842194108140042 ], [ 175.694811468542866, -40.842206744410767 ], [ 175.695965810413355, -40.842436373101421 ], [ 175.696002643929717, -40.842388346665452 ], [ 175.696057130750404, -40.842328754824614 ], [ 175.696111305349149, -40.842268999062732 ], [ 175.697299962419152, -40.841158368260061 ], [ 175.697302076512358, -40.841156685836964 ], [ 175.698306555593177, -40.840475025943029 ], [ 175.698337104374559, -40.840437898264952 ], [ 175.698376507060885, -40.840392400131513 ], [ 175.698690324822763, -40.84004776959123 ], [ 175.699183470832054, -40.839532251901048 ], [ 175.699249421401845, -40.839463985765086 ], [ 175.699258049698784, -40.839455141964109 ], [ 175.699779017447355, -40.838989704844124 ], [ 175.70049811260759, -40.838060656074532 ], [ 175.700541843229473, -40.838013132918498 ], [ 175.701724271247429, -40.836921714796539 ], [ 175.701839117935691, -40.836831225262628 ], [ 175.703231749287909, -40.835893710603109 ], [ 175.703292672387931, -40.835858775114488 ], [ 175.704861220431468, -40.835098242207991 ], [ 175.705007257140238, -40.835039131521263 ], [ 175.706172401591971, -40.834653338678635 ], [ 175.706237632460443, -40.834617278903728 ], [ 175.706326306062067, -40.83457175217287 ], [ 175.707024431912942, -40.834239549680873 ], [ 175.707252875898178, -40.834139061576977 ], [ 175.707441969527167, -40.833985010522788 ], [ 175.707457951574725, -40.833972015944262 ], [ 175.707460031433214, -40.833970328208785 ], [ 175.707476047208786, -40.83395735762619 ], [ 175.708181438877062, -40.833387208702035 ], [ 175.708248101367275, -40.833329689819166 ], [ 175.708865855055336, -40.832835662957173 ], [ 175.708949243253727, -40.832773836426746 ], [ 175.709614384958627, -40.832316685620384 ], [ 175.709871479858492, -40.832152979722494 ], [ 175.70994577939436, -40.832110396010599 ], [ 175.710388899513845, -40.831745894395922 ], [ 175.710391361515519, -40.831515194543677 ], [ 175.710465671564123, -40.830578794178891 ], [ 175.710483639981561, -40.830457773810863 ], [ 175.71083659562396, -40.829070040590587 ], [ 175.710858280703377, -40.829010379596809 ], [ 175.711492670011182, -40.827681667667839 ], [ 175.711558989378176, -40.827570787257486 ], [ 175.712127682805914, -40.82673806624004 ], [ 175.712452144294957, -40.826318030824439 ], [ 175.712760191022483, -40.825908525419663 ], [ 175.712775779534354, -40.825887865939634 ], [ 175.712777810710861, -40.82588518224572 ], [ 175.712792681536399, -40.825865594113957 ], [ 175.712363495460579, -40.825625986631152 ], [ 175.712273279744778, -40.825571558826397 ], [ 175.711599943119268, -40.825133154277289 ], [ 175.710674780464615, -40.824483638866859 ], [ 175.710617725588662, -40.824443317652872 ], [ 175.710610331214212, -40.824438057434492 ], [ 175.710553626483517, -40.824397452211954 ], [ 175.710074706013785, -40.824052238071204 ], [ 175.709143696331694, -40.823391259005341 ], [ 175.708124655552268, -40.822855487471507 ], [ 175.706618107342052, -40.82207343252756 ], [ 175.706586731536589, -40.822057088669112 ], [ 175.706582657178757, -40.822054959000461 ], [ 175.706551350556424, -40.822038538725579 ], [ 175.706546650930164, -40.822036065310186 ], [ 175.706362529411649, -40.821956107755931 ], [ 175.704824723599671, -40.82116053799669 ], [ 175.70463669103745, -40.821045870426161 ], [ 175.702142852684005, -40.818959665494567 ], [ 175.702010677478739, -40.81880646609892 ], [ 175.700487636168674, -40.816236895472713 ], [ 175.700424252433862, -40.816060163813773 ], [ 175.700020992325022, -40.813258795675168 ], [ 175.700032595903167, -40.813075833229412 ], [ 175.700788443737792, -40.810316894974029 ], [ 175.700873888994778, -40.810145610875693 ], [ 175.702714720748901, -40.80769914203362 ], [ 175.70286563645746, -40.807556300197668 ], [ 175.705611185183301, -40.805661728479642 ], [ 175.70581279672399, -40.805561307613623 ], [ 175.709194326370692, -40.804404031045685 ], [ 175.709426902712693, -40.804355857708842 ], [ 175.713113507222573, -40.804049117901258 ], [ 175.713354290763533, -40.804057905885138 ], [ 175.716985246652825, -40.804631718681165 ], [ 175.717210677612172, -40.804696608258688 ], [ 175.718893080586554, -40.805299448007396 ], [ 175.71955189733805, -40.805585521065652 ], [ 175.719991725550813, -40.805786217257726 ], [ 175.720048133775691, -40.805813235394886 ], [ 175.720379671590052, -40.805979757631896 ], [ 175.721730737245878, -40.804271751368709 ], [ 175.721662292606879, -40.804235022251987 ], [ 175.721669005236123, -40.804227799553651 ], [ 175.722086429492578, -40.803822070505134 ], [ 175.722140096520945, -40.803754221788978 ], [ 175.722249435074872, -40.803654807968854 ], [ 175.722254924745272, -40.803658294213292 ], [ 175.722379104147393, -40.803537591954154 ], [ 175.722417638080714, -40.803503675021048 ], [ 175.724475359106151, -40.802160869163977 ], [ 175.72442674414566, -40.802111436836277 ], [ 175.724448951916258, -40.802098825245459 ], [ 175.724966640505244, -40.801840260298242 ], [ 175.725088713359895, -40.801760595079593 ], [ 175.725221063134654, -40.801697468831108 ], [ 175.725230252961666, -40.801708594631734 ], [ 175.72564319486591, -40.801502341580232 ], [ 175.725692804734138, -40.801480698527918 ], [ 175.725939818678228, -40.801404905510189 ], [ 175.726426530869617, -40.800723246550142 ], [ 175.726523884298871, -40.800604462694643 ], [ 175.727252980885112, -40.799823297823423 ], [ 175.72725050006116, -40.799806710903034 ], [ 175.727248990760359, -40.799796196653524 ], [ 175.727237861447662, -40.799715277963934 ], [ 175.727235978420481, -40.799700961797178 ], [ 175.727177812415931, -40.7988959702259 ], [ 175.727176422736278, -40.79879127400379 ], [ 175.727303637050539, -40.797381178500217 ], [ 175.727318868237205, -40.797303000670318 ], [ 175.727734769878367, -40.795925387533181 ], [ 175.727776018834902, -40.79582548887057 ], [ 175.728470349170834, -40.794514275999099 ], [ 175.728516620910682, -40.79444350075746 ], [ 175.729472269875913, -40.793230969357538 ], [ 175.72955211517322, -40.793145645753775 ], [ 175.730745542007128, -40.792061645597919 ], [ 175.730818322398108, -40.79200519960704 ], [ 175.732220138587252, -40.791076415332661 ], [ 175.732330762667203, -40.791014016830388 ], [ 175.73390645320444, -40.790263310629491 ], [ 175.733998617991944, -40.790226717618118 ], [ 175.735709393630486, -40.789672568282619 ], [ 175.735839969574045, -40.789639200881176 ], [ 175.736858319376381, -40.789416941547998 ], [ 175.736865260179286, -40.789415678920371 ], [ 175.737708884759513, -40.789286625479015 ], [ 175.737804473912178, -40.789274728777855 ], [ 175.739464294247199, -40.789158420846341 ], [ 175.73960898178737, -40.789156049270886 ], [ 175.741923783422664, -40.789290955024477 ], [ 175.742019709521571, -40.789303817350088 ], [ 175.743210613116872, -40.789512119511386 ], [ 175.743349008352055, -40.789542112182524 ], [ 175.745867082017526, -40.790335549118055 ], [ 175.7459532648422, -40.790372038399568 ], [ 175.746674011110514, -40.790703230950506 ], [ 175.746793265983825, -40.790762526770713 ], [ 175.749102632140136, -40.792264786583267 ], [ 175.749169943332873, -40.792321458807763 ], [ 175.749539397254949, -40.792647873854854 ], [ 175.749628534800763, -40.792730544080953 ], [ 175.751318374995066, -40.794827134372795 ], [ 175.751359530710516, -40.794898570088201 ], [ 175.751521667571808, -40.795194192962811 ], [ 175.751572655632003, -40.795292020873163 ], [ 175.752325261378132, -40.797561914336022 ], [ 175.75251021529121, -40.798762616179481 ], [ 175.752514178237959, -40.79878867123066 ], [ 175.752514939613263, -40.798793741729305 ], [ 175.752520684502514, -40.798832755263014 ], [ 175.752613910335214, -40.799478576731104 ], [ 175.75268441622265, -40.800509647610326 ], [ 175.75268345941663, -40.800643645071041 ], [ 175.752598230871143, -40.801674073539608 ], [ 175.7523593824437, -40.803177821359903 ], [ 175.752354665855563, -40.803207112035778 ], [ 175.752354044491995, -40.803210919050493 ], [ 175.752349201640584, -40.803240197831521 ], [ 175.752158187431831, -40.804379912879249 ], [ 175.752049907034433, -40.804902839309136 ], [ 175.752033214834228, -40.804970446858896 ], [ 175.751547837511282, -40.806334890717451 ], [ 175.751497038370388, -40.806443134954364 ], [ 175.750736702566371, -40.807733079590996 ], [ 175.750693329921063, -40.807793458121566 ], [ 175.750341721918289, -40.80825045520276 ], [ 175.749636206322066, -40.809108508824195 ], [ 175.749343922388078, -40.809446820795188 ], [ 175.749304644428179, -40.809490130694719 ], [ 175.748992652003778, -40.809818124815394 ], [ 175.747992548626002, -40.810821233342992 ], [ 175.747732176207961, -40.81124475304243 ], [ 175.747727703032666, -40.811257057970892 ], [ 175.747714275359698, -40.81129369359148 ], [ 175.747712516535984, -40.811298453401236 ], [ 175.747698885382476, -40.811335045622997 ], [ 175.747350694790697, -40.812262258776173 ], [ 175.746877219459407, -40.813285176436587 ], [ 175.746805373518214, -40.813414863966493 ], [ 175.746468009434949, -40.81393399599645 ], [ 175.747102494592809, -40.815595637237067 ], [ 175.747132620650007, -40.815777378263157 ], [ 175.747014669955206, -40.818594053566891 ], [ 175.746969397293867, -40.818773972127914 ], [ 175.74571144699172, -40.82142508812219 ], [ 175.745595198117428, -40.821585571035513 ], [ 175.744573063141445, -40.82276658632874 ], [ 175.744322750987436, -40.823011515265087 ], [ 175.744285746144243, -40.823047535103782 ], [ 175.74428091990896, -40.823052208382542 ], [ 175.744243674978634, -40.8230880851401 ], [ 175.743760746955758, -40.823550849601716 ], [ 175.74364663959139, -40.823655892762481 ], [ 175.743620103380806, -40.823701346816065 ], [ 175.742610153527949, -40.824886488595482 ], [ 175.742593193663055, -40.824966219793247 ], [ 175.742517962598981, -40.825140253177821 ], [ 175.740823364209859, -40.827647175072983 ], [ 175.740681008692377, -40.827795028601344 ], [ 175.739408206932609, -40.828755768581352 ], [ 175.73902152956407, -40.829584140637941 ], [ 175.738895463458476, -40.829931509423965 ], [ 175.738809942517832, -40.830155769222038 ], [ 175.738798329209203, -40.830184808653378 ], [ 175.738119450304083, -40.831500790104066 ], [ 175.738031392427672, -40.831638549822195 ], [ 175.737581629036242, -40.832220880132972 ], [ 175.737189531341983, -40.83333642499953 ], [ 175.737091640435409, -40.833503832232516 ], [ 175.736018865885228, -40.834761005675176 ], [ 175.73519388279334, -40.837120451741718 ], [ 175.735096275236231, -40.83728795606298 ], [ 175.73473758569591, -40.83770949206275 ], [ 175.734231740657947, -40.838985963746424 ], [ 175.736514181583885, -40.840437458038487 ], [ 175.739039626106887, -40.840705643012868 ], [ 175.73927033268302, -40.840759073285227 ], [ 175.742606712855434, -40.841992581006011 ], [ 175.742804396857963, -40.842097533038029 ], [ 175.745475730994826, -40.844053578591442 ], [ 175.745621044949047, -40.844199782477304 ], [ 175.747308811929884, -40.846564369610753 ], [ 175.747314281792342, -40.84657586094032 ], [ 175.747375303798634, -40.84670722705836 ], [ 175.747448550610812, -40.846868883538782 ], [ 175.747912048846956, -40.84822819197278 ], [ 175.747913310236498, -40.848233598552753 ], [ 175.747925254600432, -40.84828568400534 ], [ 175.747926781186408, -40.848292458516198 ], [ 175.747938322760461, -40.848344596307506 ], [ 175.747939482787757, -40.848349932346657 ], [ 175.748095901285069, -40.849652473250906 ], [ 175.74809998098354, -40.849822029058046 ], [ 175.747987860702779, -40.851232862137145 ], [ 175.74798535547805, -40.85124647797317 ], [ 175.747583948227202, -40.852626621577919 ], [ 175.747518822707036, -40.852788835583638 ], [ 175.746837992971564, -40.854104302383682 ], [ 175.746830068670931, -40.854116663881463 ], [ 175.745886569572178, -40.855335058042023 ], [ 175.745758606278116, -40.855474049582895 ], [ 175.744575656935723, -40.856565362672427 ], [ 175.744563088798259, -40.85657525957653 ], [ 175.743169818126688, -40.857512613984468 ], [ 175.742991540018863, -40.857614774328567 ], [ 175.741422253494306, -40.858375080079803 ], [ 175.741406271764021, -40.858381543333437 ], [ 175.739699622854999, -40.858946075012305 ], [ 175.739488483714382, -40.859001400726569 ], [ 175.737823521411883, -40.859337202024228 ], [ 175.735722035895975, -40.85963902007741 ], [ 175.734998783917177, -40.859725428247039 ], [ 175.734904394246286, -40.85973444859895 ], [ 175.734175497833945, -40.859786815042462 ], [ 175.733705850332996, -40.859809479522454 ], [ 175.732812698665981, -40.859859734263004 ], [ 175.731307189009755, -40.859948810870968 ], [ 175.730092392407499, -40.859973275415584 ], [ 175.729934668866321, -40.85997031376192 ], [ 175.728082969963651, -40.859824599985494 ], [ 175.728000188140214, -40.859813044318201 ], [ 175.726201328604105, -40.859449170028576 ], [ 175.726052533705001, -40.859409344238315 ], [ 175.724350825040347, -40.858836272061978 ], [ 175.724276801040645, -40.858805857807127 ], [ 175.722714156706587, -40.85803770530643 ], [ 175.722588860488486, -40.857964915402334 ], [ 175.721203767052032, -40.857020603068712 ], [ 175.721145748691526, -40.856974308497762 ], [ 175.719972311957889, -40.855877096430518 ], [ 175.719882780855528, -40.855778469963454 ], [ 175.719245331002355, -40.854992986034027 ], [ 175.718634719277816, -40.854146306890783 ], [ 175.718113532785225, -40.854058497347211 ], [ 175.718034816010629, -40.854043574396819 ], [ 175.717433283380245, -40.853916678012695 ], [ 175.717419826730861, -40.853913547360733 ], [ 175.717437646085898, -40.854163045783409 ], [ 175.717465412163904, -40.854709475339178 ], [ 175.717391014908344, -40.856121734845665 ], [ 175.717362489327002, -40.856303623978953 ], [ 175.716352452276027, -40.859015335400649 ], [ 175.716251288101404, -40.859181628237572 ], [ 175.715778526693811, -40.859717971803533 ], [ 175.715667335257677, -40.860146671340168 ], [ 175.715619349767479, -40.862460577117702 ], [ 175.715577859304062, -40.862641022234385 ], [ 175.715570710469024, -40.862656872383404 ], [ 175.715586205927906, -40.862886057900006 ], [ 175.715589404258196, -40.862936078458148 ], [ 175.715589796227022, -40.862942581957974 ], [ 175.715592628186386, -40.86299261524335 ], [ 175.71562803471798, -40.863661497967776 ], [ 175.715628225771127, -40.863665125198338 ], [ 175.715689605148327, -40.864845622563706 ], [ 175.715668432664501, -40.864846257027004 ], [ 175.715639484301221, -40.866384183435407 ], [ 175.71545770401346, -40.867588220749447 ], [ 175.715336321107429, -40.868566937648303 ], [ 175.715325804806355, -40.868647817878426 ], [ 175.715324375224782, -40.868658327411971 ], [ 175.715312897961979, -40.868739132313301 ], [ 175.715188747465959, -40.869577679914109 ], [ 175.715227887539555, -40.869924208259228 ], [ 175.715210637807047, -40.870106913207252 ], [ 175.714369238860826, -40.872851633832887 ], [ 175.714360247754485, -40.872868441662597 ], [ 175.714291160938131, -40.873117336595982 ], [ 175.714298387094857, -40.873150195577111 ], [ 175.714306058838247, -40.873185512658111 ], [ 175.714307044143339, -40.87319010536455 ], [ 175.714314530940072, -40.873225445305664 ], [ 175.714471524977654, -40.873976006965663 ], [ 175.71448798811457, -40.87405709651739 ], [ 175.714490065029281, -40.874067645339252 ], [ 175.714619950880774, -40.875477585781589 ], [ 175.714619696935813, -40.875499671048601 ], [ 175.714865720651972, -40.877793306556846 ], [ 175.714847435527588, -40.877975953340425 ], [ 175.714561093686882, -40.879372525762768 ], [ 175.714559377860269, -40.879378015429616 ], [ 175.714004504975151, -40.880694067370804 ], [ 175.713915554620627, -40.880859960017631 ], [ 175.713080428558868, -40.882123245782452 ], [ 175.713077621798817, -40.882126770861447 ], [ 175.711992362370125, -40.883275338883202 ], [ 175.711840213109156, -40.883412246882187 ], [ 175.71053153250034, -40.884417807178039 ], [ 175.710527427621457, -40.884420501349176 ], [ 175.709027554808642, -40.885258288233132 ], [ 175.708827098626216, -40.885352806472142 ], [ 175.707172967139286, -40.886002181419357 ], [ 175.707167965992198, -40.886003780876159 ], [ 175.705400321553896, -40.886448751240707 ], [ 175.705171184955532, -40.886491624424572 ], [ 175.70333356603976, -40.886721226036329 ], [ 175.703328158330237, -40.886721574155352 ], [ 175.701465833399681, -40.88673015497131 ], [ 175.70123045453002, -40.886717184814721 ], [ 175.699444506623337, -40.886514216221677 ], [ 175.699442303287498, -40.886513833845086 ], [ 175.699515415414282, -40.886775468371034 ], [ 175.700709338489531, -40.887110500342224 ], [ 175.70166690532497, -40.887446156468137 ], [ 175.70320894090878, -40.888096244844689 ], [ 175.703400048125701, -40.888191562566433 ], [ 175.704871379702269, -40.889058088865092 ], [ 175.704880866824709, -40.889064643003337 ], [ 175.706155502734987, -40.890095158694685 ], [ 175.706298454349735, -40.890230624895089 ], [ 175.707078091019355, -40.891101581852766 ], [ 175.7082087005208, -40.890739768380563 ], [ 175.708443042088533, -40.89069587165401 ], [ 175.712143111067064, -40.89045678127831 ], [ 175.712383858235967, -40.890469978835959 ], [ 175.713219553377741, -40.890617924810378 ], [ 175.713256918531357, -40.890608627496839 ], [ 175.715066750358545, -40.890274983902714 ], [ 175.715157257332635, -40.890263915195483 ], [ 175.717013575363978, -40.89014920072394 ], [ 175.717163976082333, -40.890148889787547 ], [ 175.719021090889015, -40.890255927254785 ], [ 175.719111676057935, -40.890266621588971 ], [ 175.719805263072516, -40.89036460616633 ], [ 175.72045387643621, -40.890471459900695 ], [ 175.720485528554889, -40.890476708564719 ], [ 175.720489642096339, -40.890477395151095 ], [ 175.720521275230794, -40.890482709354295 ], [ 175.721257380652418, -40.890607168605229 ], [ 175.72303791374236, -40.891021807447288 ], [ 175.723262404210061, -40.891089116007016 ], [ 175.726460193292098, -40.892521835789189 ], [ 175.726646298135961, -40.892638488317353 ], [ 175.729104320194693, -40.894750905418945 ], [ 175.729233823856958, -40.894905486827 ], [ 175.730711449023971, -40.89749087894122 ], [ 175.730771670409666, -40.897668261024393 ], [ 175.731124153349469, -40.900473591699864 ], [ 175.731109188808517, -40.900656412730733 ], [ 175.730301877503734, -40.903407085156594 ], [ 175.730213182065967, -40.903577448734524 ], [ 175.728324966521001, -40.906004181927422 ], [ 175.72817121521291, -40.906145409032703 ], [ 175.725386856837815, -40.908010606853615 ], [ 175.72520405417248, -40.908098763533779 ], [ 175.725036408863843, -40.90831267086898 ], [ 175.725029095119226, -40.908321990039632 ], [ 175.72502814337011, -40.908323201098383 ], [ 175.725020814820795, -40.908332513600776 ], [ 175.724630919091283, -40.908827278635371 ], [ 175.723905183113573, -40.909782257056833 ], [ 175.72286218774758, -40.911154160112751 ], [ 175.72284049548287, -40.911182572507954 ], [ 175.722837666446623, -40.911186262436495 ], [ 175.722815836416572, -40.911214616409836 ], [ 175.722468390296683, -40.911664010595992 ], [ 175.721445785430205, -40.912999169900083 ], [ 175.720997092311677, -40.91358997395708 ], [ 175.720951028866182, -40.91365008836712 ], [ 175.720945000938258, -40.913657885588265 ], [ 175.720898327030852, -40.913717728426441 ], [ 175.720568349011387, -40.914137103125817 ], [ 175.720199417045052, -40.914618538551153 ], [ 175.720200560298053, -40.914777670204728 ], [ 175.720087049250196, -40.91607018581886 ], [ 175.720029623169893, -40.916382712478061 ], [ 175.719911205356766, -40.91705770711598 ], [ 175.719910149220055, -40.917063711905818 ], [ 175.719782531264656, -40.917784580225529 ], [ 175.719771860814461, -40.917843382581118 ], [ 175.719770440464487, -40.917851023337079 ], [ 175.719759259375991, -40.917909771073127 ], [ 175.719724971110708, -40.91808582416504 ], [ 175.719744454537164, -40.91829145203171 ], [ 175.719770362049587, -40.918685322626509 ], [ 175.7197722510586, -40.918736557178015 ], [ 175.719774279609339, -40.918990190437185 ], [ 175.719982766535196, -40.919585888862784 ], [ 175.720011424553064, -40.919669381386299 ], [ 175.720015081484291, -40.919680248699322 ], [ 175.720042683945394, -40.91976394560713 ], [ 175.720281150701965, -40.920502018969501 ], [ 175.720379012833064, -40.920831508236724 ], [ 175.720390671939924, -40.920874507674831 ], [ 175.720472180599614, -40.921206548236782 ], [ 175.720620578322809, -40.921881111102714 ], [ 175.720640133958483, -40.922023081925381 ], [ 175.720913927032598, -40.922430191747125 ], [ 175.720988660417447, -40.922604372119089 ], [ 175.721268489582002, -40.92394036249631 ], [ 175.722094456933974, -40.923503237316893 ], [ 175.722311685860689, -40.923423211973081 ], [ 175.725866397012851, -40.922603692475249 ], [ 175.726105592689066, -40.922578491582598 ], [ 175.729249779388653, -40.922623910628076 ], [ 175.72942649593702, -40.922475087713991 ], [ 175.729443293778672, -40.922460971332377 ], [ 175.729445480047929, -40.922459137954093 ], [ 175.729462317117623, -40.92244504851589 ], [ 175.730037546497044, -40.921964705313414 ], [ 175.730612651374713, -40.921480658739078 ], [ 175.730616977323479, -40.921477019658688 ], [ 175.731163447159162, -40.921017952844053 ], [ 175.73163901679672, -40.92061071811937 ], [ 175.731684813567767, -40.920571729829234 ], [ 175.731690786463133, -40.920566674483652 ], [ 175.73173688038969, -40.920527888225969 ], [ 175.732425445732304, -40.91995184582084 ], [ 175.733012978751844, -40.919454323565034 ], [ 175.733063846468923, -40.919411524609316 ], [ 175.733070482663152, -40.919405976845461 ], [ 175.733121710241903, -40.919363425587825 ], [ 175.733728084470243, -40.9188629702669 ], [ 175.734306834708462, -40.918371865197301 ], [ 175.734330565890019, -40.918351788179244 ], [ 175.734333656085255, -40.918349181676128 ], [ 175.734357466368493, -40.918329158646173 ], [ 175.734941422312801, -40.917839556629374 ], [ 175.735532973690283, -40.917331453626467 ], [ 175.735651066831821, -40.917231528527424 ], [ 175.735666545633222, -40.917218625729596 ], [ 175.735786587897536, -40.917120046244406 ], [ 175.736431778308713, -40.916598060505052 ], [ 175.736531424182175, -40.916518420273981 ], [ 175.736544460834523, -40.916508127315815 ], [ 175.736645378843264, -40.916429414343092 ], [ 175.73722294400352, -40.91598438541569 ], [ 175.737250436118984, -40.915963271492089 ], [ 175.737254016044744, -40.915960531154731 ], [ 175.737281599710315, -40.915939486042319 ], [ 175.738013353546137, -40.915383019460961 ], [ 175.738660970277266, -40.914883546762553 ], [ 175.73870924970106, -40.914846525613648 ], [ 175.738715544309571, -40.914841726666914 ], [ 175.738764105016429, -40.914804917865922 ], [ 175.739434731158781, -40.914299510435391 ], [ 175.739496888792161, -40.914253008845371 ], [ 175.739504998465037, -40.914246986252209 ], [ 175.739567605030061, -40.914200832562813 ], [ 175.740372404993479, -40.913611872098613 ], [ 175.740463636421254, -40.913545813056416 ], [ 175.740475556280899, -40.913537273401353 ], [ 175.740567707309054, -40.913471953134099 ], [ 175.741095267472474, -40.913101955610365 ], [ 175.741095364092644, -40.913102034892773 ], [ 175.741221960441123, -40.913014194359619 ], [ 175.741817267088891, -40.912607882803407 ], [ 175.742306828989854, -40.912291512241808 ], [ 175.742371892752431, -40.912251721169405 ], [ 175.743909607358091, -40.911453717351947 ], [ 175.744047091992798, -40.911393801530856 ], [ 175.745730394274062, -40.91078808520313 ], [ 175.745808479200718, -40.910765491979809 ], [ 175.747595934592113, -40.910366973353206 ], [ 175.747751092277412, -40.910342215523208 ], [ 175.749598703628294, -40.910160702585394 ], [ 175.749682168826098, -40.910157517973644 ], [ 175.75010640294613, -40.91015006015359 ], [ 175.750520495759559, -40.910037669252681 ], [ 175.752318468425614, -40.909667428339098 ], [ 175.752555727203202, -40.909633460997867 ], [ 175.756268673992992, -40.909550452256511 ], [ 175.756508157476929, -40.909573761304294 ], [ 175.757097347819638, -40.90970455933175 ], [ 175.757331157986698, -40.909583174824895 ], [ 175.757414301068337, -40.909352518758638 ], [ 175.757419938969861, -40.909336932964258 ], [ 175.757420674292121, -40.909334907312171 ], [ 175.757426349040571, -40.909319329228303 ], [ 175.757711539903994, -40.908539151838596 ], [ 175.757951902029021, -40.907958530153707 ], [ 175.757986472334238, -40.90788393584814 ], [ 175.758740387414917, -40.906591454815114 ], [ 175.758805937428605, -40.90649936693211 ], [ 175.759817033358388, -40.905312266811229 ], [ 175.759880290563672, -40.905249427042143 ], [ 175.760388416611278, -40.904778522122243 ], [ 175.761260078734665, -40.904024191422458 ], [ 175.761521223185355, -40.90380552599477 ], [ 175.761555776356261, -40.903777528928352 ], [ 175.761826219147395, -40.903565470234732 ], [ 175.762860249537681, -40.902780789574656 ], [ 175.763143421714602, -40.902572914501846 ], [ 175.763180814821936, -40.902546361585962 ], [ 175.76347292122486, -40.902345730237023 ], [ 175.764305556454104, -40.90179262549087 ], [ 175.764338223567421, -40.901771004809859 ], [ 175.764342477039833, -40.90176820001308 ], [ 175.764375247963983, -40.90174666997428 ], [ 175.764755807307296, -40.901497567094992 ], [ 175.764856111274412, -40.90127121637876 ], [ 175.764859007092525, -40.901264689663769 ], [ 175.765194170857285, -40.900511698999942 ], [ 175.765665930506941, -40.899447223459774 ], [ 175.765668973646626, -40.899440365815451 ], [ 175.766047888141259, -40.89858935834507 ], [ 175.766501330354828, -40.897561603639595 ], [ 175.766505296273635, -40.897552630151154 ], [ 175.766505812650024, -40.897551463804774 ], [ 175.766509790983321, -40.897542493502719 ], [ 175.767014578493047, -40.896406257884841 ], [ 175.767370157017979, -40.895605603630173 ], [ 175.767726027585752, -40.894797944577014 ], [ 175.767825557572337, -40.894581271679463 ], [ 175.767838967097475, -40.894553233816254 ], [ 175.768609789264076, -40.893266552943388 ], [ 175.768707790755855, -40.893132092973708 ], [ 175.769734334211137, -40.891952746192921 ], [ 175.769758503640844, -40.891929224569019 ], [ 175.770267365339265, -40.891507003430689 ], [ 175.769833495731291, -40.890867948205781 ], [ 175.769832382948096, -40.890866308740776 ], [ 175.769322217653723, -40.890114189478616 ], [ 175.768838259308524, -40.889409354945514 ], [ 175.768831556829866, -40.889399578782353 ], [ 175.768830686532937, -40.889398307477585 ], [ 175.768823999828072, -40.889388525105879 ], [ 175.768459821129369, -40.888854943596733 ], [ 175.768081465685356, -40.888303665670968 ], [ 175.766080648949298, -40.888840074160385 ], [ 175.765843285538637, -40.888873316912075 ], [ 175.762131073230364, -40.888944859675924 ], [ 175.761891792302919, -40.888920802969672 ], [ 175.758332207328408, -40.888118172641178 ], [ 175.758114440877023, -40.888039172419489 ], [ 175.755056044849283, -40.886440968726674 ], [ 175.754881115440782, -40.88631476106162 ], [ 175.752623336520799, -40.884077480893524 ], [ 175.752508367775732, -40.883916423586925 ], [ 175.751272171064727, -40.881259121505643 ], [ 175.751228411360898, -40.881078983000947 ], [ 175.751134685391605, -40.878261808028618 ], [ 175.751166408922586, -40.878080222727796 ], [ 175.752224177739009, -40.875378940251466 ], [ 175.752328269684028, -40.875213681883203 ], [ 175.752568463457152, -40.874898563532078 ], [ 175.750331451148099, -40.874618696746055 ], [ 175.750102416547833, -40.874560998708972 ], [ 175.746805196323464, -40.873265812587448 ], [ 175.746610870562563, -40.873157209963288 ], [ 175.744002465148242, -40.871151935988451 ], [ 175.743861872941352, -40.871003063146134 ], [ 175.742197606421286, -40.868484047961687 ], [ 175.742124506556848, -40.868309481081006 ], [ 175.741567196602716, -40.865523347395531 ], [ 175.741568736421357, -40.865340176323883 ], [ 175.742172791872861, -40.862559664978889 ], [ 175.742248810763812, -40.862385819585171 ], [ 175.743954960938481, -40.859883086192845 ], [ 175.744098009836108, -40.85973558134129 ], [ 175.745315982089011, -40.858666671301052 ], [ 175.745879695055862, -40.858244063284531 ], [ 175.745912780677543, -40.858219356032741 ], [ 175.745917090065177, -40.858216150488232 ], [ 175.745950302714391, -40.858191541670614 ], [ 175.746497630703317, -40.857787580363514 ], [ 175.747429221291156, -40.857168404405591 ], [ 175.747555521656864, -40.857092921803989 ], [ 175.748567014110705, -40.856550826265781 ], [ 175.749166868038742, -40.856263723019644 ], [ 175.749756193762067, -40.855999377104467 ], [ 175.749834047208424, -40.855966717970411 ], [ 175.751529010365715, -40.855382363348319 ], [ 175.751672852557249, -40.855342780822035 ], [ 175.753467319102157, -40.854966913308168 ], [ 175.753554652109642, -40.854954116383432 ], [ 175.753588363303265, -40.85494993867588 ], [ 175.753680686941124, -40.854710852875847 ], [ 175.753722122702271, -40.854618115579008 ], [ 175.754080211002986, -40.853914888850895 ], [ 175.754136078590477, -40.853817500969541 ], [ 175.753459959273442, -40.852492603505048 ], [ 175.75340905991078, -40.852313551507542 ], [ 175.753203156690319, -40.849499803926427 ], [ 175.753227616388244, -40.849317572234661 ], [ 175.754176810898002, -40.846593219385923 ], [ 175.754274225734576, -40.846425645219242 ], [ 175.75628547498971, -40.844057335946225 ], [ 175.75644630280766, -40.843920819795983 ], [ 175.757088574929782, -40.843523263887739 ], [ 175.757195177330971, -40.843380669043199 ], [ 175.757934304602173, -40.842510603301456 ], [ 175.758132572947204, -40.84176768257425 ], [ 175.75813994999254, -40.841740259037522 ], [ 175.758140916299396, -40.841736695118072 ], [ 175.758148405513367, -40.841709289124871 ], [ 175.758405103541492, -40.840777196348327 ], [ 175.757919136791827, -40.839757798780724 ], [ 175.75790610519104, -40.839721874042944 ], [ 175.757811653723849, -40.839444318199611 ], [ 175.7576737850234, -40.839010808660589 ], [ 175.757380135334472, -40.837615109230391 ], [ 175.757360882778386, -40.837432517461771 ], [ 175.757646925724458, -40.834622806218015 ], [ 175.757702904270758, -40.834444632382088 ], [ 175.759118028005389, -40.831839558464544 ], [ 175.759243749362753, -40.83168324165716 ], [ 175.761597679871699, -40.829583831576727 ], [ 175.761329579597032, -40.828848592543594 ], [ 175.761321933267027, -40.828818660876671 ], [ 175.761267062605953, -40.82858783550067 ], [ 175.761113601913138, -40.827890450840677 ], [ 175.761107010102279, -40.827860177769097 ], [ 175.76110616199469, -40.827856241172647 ], [ 175.761099705996315, -40.827825951221932 ], [ 175.760942697273293, -40.827081259000799 ], [ 175.760825913981336, -40.826758710738751 ], [ 175.760808565598865, -40.826710267709707 ], [ 175.760806333432726, -40.826703965390692 ], [ 175.760789340797629, -40.826655449665544 ], [ 175.760405194422844, -40.825546220997317 ], [ 175.760403606746735, -40.825541631632937 ], [ 175.760101711927859, -40.824666567896621 ], [ 175.759842590993401, -40.823922623523991 ], [ 175.759777740351979, -40.823885468411078 ], [ 175.75720191715169, -40.821857440374259 ], [ 175.757063701123258, -40.821707343357595 ], [ 175.755439064392561, -40.819173878884875 ], [ 175.755368676764618, -40.818998680886665 ], [ 175.754854162469542, -40.816207816187827 ], [ 175.754858484985476, -40.816024668758757 ], [ 175.755504312266083, -40.813249606508471 ], [ 175.755582911959721, -40.813076437119229 ], [ 175.757325722772379, -40.810588798375804 ], [ 175.757470898111251, -40.810442555657659 ], [ 175.75921887582362, -40.809161115187798 ], [ 175.759415498131858, -40.808655670557769 ], [ 175.760734208939738, -40.805656840504049 ], [ 175.761012609591091, -40.805088185141692 ], [ 175.761052035036954, -40.80501526942988 ], [ 175.761380179342609, -40.804462144467252 ], [ 175.761629628507166, -40.804076852528986 ], [ 175.761676333545267, -40.804005511118639 ], [ 175.761682459058733, -40.803996257321884 ], [ 175.761729992688345, -40.803925232627968 ], [ 175.762228688047912, -40.803188159091448 ], [ 175.76289924192605, -40.802320061378076 ], [ 175.762994425791476, -40.802211256184847 ], [ 175.763788238195588, -40.801405427011694 ], [ 175.76493935218943, -40.800363681148198 ], [ 175.764981160525593, -40.800326053560141 ], [ 175.764986613162449, -40.800321173299196 ], [ 175.765028691547201, -40.800283719949661 ], [ 175.765646189933221, -40.799737120018357 ], [ 175.765878203890139, -40.799537777265606 ], [ 175.765908862739678, -40.79951220689118 ], [ 175.766148523387869, -40.799318159251541 ], [ 175.766718938888488, -40.798869763397867 ], [ 175.768112578598419, -40.797933759441925 ], [ 175.768305157758874, -40.797823595561397 ], [ 175.771580249856385, -40.79650179867798 ], [ 175.771808191868303, -40.796442243974823 ], [ 175.775460391136278, -40.795954137987543 ], [ 175.775701391329903, -40.79595101992728 ], [ 175.779373336931144, -40.796344366858598 ], [ 175.779603814379044, -40.796397990673498 ], [ 175.782936213979553, -40.797634304606099 ], [ 175.78313361600209, -40.79773942341123 ], [ 175.785800361110944, -40.799697731032921 ], [ 175.785945367813326, -40.799844058592988 ], [ 175.787685421188485, -40.802332723464701 ], [ 175.787763835407048, -40.802505939736747 ], [ 175.788406782272261, -40.805281399487363 ], [ 175.788410920396132, -40.805464551022936 ], [ 175.787893682724047, -40.80825514155584 ], [ 175.787823129828354, -40.808430300194281 ], [ 175.786196195041299, -40.810962841462583 ], [ 175.786057849267678, -40.811112859267851 ], [ 175.784874095661479, -40.812203199456121 ], [ 175.78456299365962, -40.812447803634669 ], [ 175.784248264423582, -40.812726464474444 ], [ 175.784171284590201, -40.812901665905862 ], [ 175.784177248486827, -40.813028912816485 ], [ 175.784168086907727, -40.813190894469848 ], [ 175.783942633793828, -40.814593896249562 ], [ 175.783937068787196, -40.814614750673414 ], [ 175.783892342275237, -40.814774873773509 ], [ 175.783392078561633, -40.816488941366075 ], [ 175.783513738690147, -40.816849218695658 ], [ 175.783834089924113, -40.81776714123621 ], [ 175.783846603010545, -40.817803297985627 ], [ 175.783848216866033, -40.817808000907704 ], [ 175.783860532325406, -40.817844196805588 ], [ 175.784194736814356, -40.818834910243112 ], [ 175.784519900066016, -40.81976748006187 ], [ 175.784523471450569, -40.819777747112887 ], [ 175.784523934694562, -40.819779082036312 ], [ 175.784527490140647, -40.819789352268614 ], [ 175.784830567162231, -40.82066690906511 ], [ 175.784930066022554, -40.820953911632103 ], [ 175.784967409725226, -40.820967283635291 ], [ 175.785166752806362, -40.821070343008138 ], [ 175.787869399095598, -40.823000777182877 ], [ 175.788017074481758, -40.823145585239345 ], [ 175.789351832084947, -40.824992584899086 ], [ 175.790477068922002, -40.825241723458724 ], [ 175.790632559147525, -40.825240574316737 ], [ 175.790873130463382, -40.825253168635555 ], [ 175.794488796283247, -40.825884290265307 ], [ 175.794712476200715, -40.82595273195642 ], [ 175.797894570383335, -40.827401594967824 ], [ 175.798079470538141, -40.827519187148852 ], [ 175.800516575866283, -40.82964401744286 ], [ 175.800644598499105, -40.829799253042623 ], [ 175.802098130827062, -40.832392112980898 ], [ 175.802156739722449, -40.8325697997305 ], [ 175.802484311122242, -40.835376921310264 ], [ 175.802467760444898, -40.835559667618114 ], [ 175.801637157599885, -40.838306278075379 ], [ 175.801547057691948, -40.838476194815655 ], [ 175.79963945181396, -40.840893410282177 ], [ 175.799484615289629, -40.841033862152045 ], [ 175.796686667716983, -40.842885017991634 ], [ 175.796482249495881, -40.84298225290938 ], [ 175.793067866154729, -40.84408608948474 ], [ 175.792833880590194, -40.844130586143265 ], [ 175.790998511987652, -40.844365277909105 ], [ 175.78997788029767, -40.84443386603526 ], [ 175.789627508544612, -40.844453442878049 ], [ 175.789581920568821, -40.844455475021171 ], [ 175.787721079826838, -40.844427323050866 ], [ 175.787526028010745, -40.844412689916297 ], [ 175.785693909133698, -40.844163789570985 ], [ 175.785649726223625, -40.844155022662818 ], [ 175.785311173404523, -40.844083761533945 ], [ 175.784708242312746, -40.843949516383312 ], [ 175.784214001750911, -40.844081343187483 ], [ 175.783242808252254, -40.844304509825534 ], [ 175.783238385609081, -40.844321242895745 ], [ 175.783229181507352, -40.844355717553547 ], [ 175.783227973454387, -40.844360197467417 ], [ 175.783218592125337, -40.84439464456144 ], [ 175.782885663343052, -40.845605171046863 ], [ 175.782829251957281, -40.845816842709873 ], [ 175.783249528270005, -40.8460737450105 ], [ 175.783411458589143, -40.846209512454053 ], [ 175.785441818413744, -40.848568452131857 ], [ 175.785540584494271, -40.848735571936395 ], [ 175.786511732340671, -40.851455485321367 ], [ 175.78653765956858, -40.851637601312881 ], [ 175.786354401579274, -40.854452270999687 ], [ 175.786304942327291, -40.854631557052194 ], [ 175.784985067726041, -40.857265455880466 ], [ 175.784865054433453, -40.857424360609677 ], [ 175.782537651243103, -40.859619625100471 ], [ 175.782358826813322, -40.859742590532157 ], [ 175.779559456804577, -40.861131576930127 ], [ 175.779404023280733, -40.86192723952415 ], [ 175.779331726669739, -40.862101999153651 ], [ 175.778519322914804, -40.863342491898173 ], [ 175.778528422937967, -40.863357900887735 ], [ 175.778550941464545, -40.863405781527504 ], [ 175.778713624805789, -40.863776950276865 ], [ 175.778876746822476, -40.864177981663509 ], [ 175.778913719144867, -40.864270639987502 ], [ 175.778918440143798, -40.864282704831041 ], [ 175.778954098572342, -40.864375659485006 ], [ 175.779139499691667, -40.864868817519444 ], [ 175.779168326018265, -40.864946821026244 ], [ 175.7791720132997, -40.864956974070516 ], [ 175.779199914378864, -40.865035171244969 ], [ 175.779289797096652, -40.865291645504797 ], [ 175.779351973189819, -40.865442585162306 ], [ 175.779374813110252, -40.865498672524936 ], [ 175.779377750971832, -40.865505971149737 ], [ 175.779400108921209, -40.865562170322299 ], [ 175.779673591585322, -40.86625777352058 ], [ 175.779688305941818, -40.866295499527475 ], [ 175.779690204690439, -40.866300407056436 ], [ 175.779704701851301, -40.866338181495223 ], [ 175.779777295393387, -40.866528883700788 ], [ 175.779834611777943, -40.866635658594227 ], [ 175.779849398784506, -40.866657199201327 ], [ 175.779994065546532, -40.866875089450645 ], [ 175.780012363500191, -40.866903603335366 ], [ 175.780149203696453, -40.867124388245387 ], [ 175.780603870937085, -40.867884519269282 ], [ 175.780737617259632, -40.868116742665094 ], [ 175.780754441464467, -40.868147111401136 ], [ 175.780879529035047, -40.868382099339058 ], [ 175.78115065783399, -40.868912807341815 ], [ 175.781503774627055, -40.869542041315327 ], [ 175.781808386267016, -40.870080487564024 ], [ 175.78219479123004, -40.870360789300356 ], [ 175.782257503199617, -40.870406616052655 ], [ 175.782265626865325, -40.870412596147773 ], [ 175.78232789436791, -40.870458770858747 ], [ 175.785080264077976, -40.872514734879474 ], [ 175.785150430002545, -40.872567583332646 ], [ 175.785159513725773, -40.872574482347986 ], [ 175.786368419730138, -40.87364948672154 ], [ 175.786502750200327, -40.873789906464808 ], [ 175.787475270098668, -40.87499521778016 ], [ 175.787481101199319, -40.875003909778435 ], [ 175.787525588985318, -40.875070913103684 ], [ 175.787982722096189, -40.875766589853548 ], [ 175.788206512500977, -40.876055073340737 ], [ 175.788314316131704, -40.876222912729823 ], [ 175.788834517842702, -40.876436094227756 ], [ 175.789026323055992, -40.87654726079375 ], [ 175.791588448979041, -40.878586811606567 ], [ 175.791725619293771, -40.878737522989034 ], [ 175.792377189967652, -40.879767983286698 ], [ 175.793937537783137, -40.881211941068507 ], [ 175.794059514211938, -40.881370001056908 ], [ 175.79541182783413, -40.883994551766655 ], [ 175.795463486426655, -40.88417348317725 ], [ 175.795681052574025, -40.886986738733164 ], [ 175.795657327563418, -40.887169027939315 ], [ 175.7956514249056, -40.887186175091621 ], [ 175.795942730731355, -40.887658146147274 ], [ 175.795991361948012, -40.887746104193837 ], [ 175.79657500560495, -40.88908831529983 ], [ 175.796602704010809, -40.889174133169902 ], [ 175.796763688862171, -40.889923208379976 ], [ 175.797408161423249, -40.889690610935325 ], [ 175.797436603058458, -40.889682353659715 ], [ 175.799222973047137, -40.889282443725207 ], [ 175.799429656171839, -40.889249286162368 ], [ 175.799432468683818, -40.889248986120812 ], [ 175.801869496595117, -40.888321936729234 ], [ 175.802099539420283, -40.888266477828466 ], [ 175.805770939089257, -40.887843863159794 ], [ 175.806012303824332, -40.88784505837797 ], [ 175.80885747321301, -40.888201461278392 ], [ 175.808885294533525, -40.888196810486853 ], [ 175.810041827920287, -40.887999855089362 ], [ 175.810714645410343, -40.887900661865238 ], [ 175.810802529047038, -40.887889692999266 ], [ 175.812658322308977, -40.88777043760679 ], [ 175.812811319509962, -40.887769747164484 ], [ 175.814668850848932, -40.887872245239045 ], [ 175.814756900206902, -40.887882420171522 ], [ 175.81657045021197, -40.888204150213127 ], [ 175.81671624351344, -40.888239368736279 ], [ 175.818441174629385, -40.888772411235614 ], [ 175.818520774292523, -40.888802734429184 ], [ 175.819124203545044, -40.889049410488724 ], [ 175.823546114805652, -40.890983922693145 ], [ 175.824010190300498, -40.891197809477745 ], [ 175.824069650948331, -40.891226646948603 ], [ 175.824520354716839, -40.891456413618577 ], [ 175.824884293394263, -40.891651258475619 ], [ 175.82609285632833, -40.890877817918408 ], [ 175.826299451826429, -40.890783085420601 ], [ 175.829739089965869, -40.889720868091644 ], [ 175.829974143547872, -40.889679211976343 ], [ 175.832518881324461, -40.889539244527406 ], [ 175.832861148174118, -40.889429847720933 ], [ 175.833198187890844, -40.888862965996722 ], [ 175.833314707349189, -40.888635008452198 ], [ 175.833426780903721, -40.888365369416931 ], [ 175.833811866760641, -40.887170653235245 ], [ 175.832947179678285, -40.886779611291971 ], [ 175.832750168856592, -40.886673784271572 ], [ 175.830092232295499, -40.884705853730765 ], [ 175.829947965445655, -40.884559000163406 ], [ 175.82822155799758, -40.882064008401912 ], [ 175.828144153968452, -40.881890506858312 ], [ 175.827518180707074, -40.879112726410455 ], [ 175.827515208376752, -40.878929562579295 ], [ 175.828050801019572, -40.876140918793404 ], [ 175.828122541446504, -40.875966021983515 ], [ 175.829767128962317, -40.873439468655747 ], [ 175.829906551652499, -40.873289956768026 ], [ 175.832499061071502, -40.871272764445564 ], [ 175.832692515241547, -40.871163269201247 ], [ 175.835979172663627, -40.869852838228958 ], [ 175.836207724663353, -40.869794074268157 ], [ 175.838018994171108, -40.869558749155999 ], [ 175.838113747589261, -40.869184518569412 ], [ 175.838195802295019, -40.869012256085476 ], [ 175.83998870270716, -40.866544587210811 ], [ 175.840136854553521, -40.866400001697706 ], [ 175.842846338076271, -40.864473639041464 ], [ 175.843046082667314, -40.864370879908414 ], [ 175.84376784612985, -40.864113926482695 ], [ 175.843934515463701, -40.863981106917059 ], [ 175.844126224050711, -40.863869876687325 ], [ 175.845730296084696, -40.863211709553362 ], [ 175.845195490464164, -40.862992654903799 ], [ 175.845094185529547, -40.86294728902525 ], [ 175.844332472984888, -40.862575728018932 ], [ 175.844096372076677, -40.862450643777152 ], [ 175.843824416468152, -40.862413612257086 ], [ 175.841490376865181, -40.86202747294876 ], [ 175.840410082875252, -40.861869391957356 ], [ 175.840328287938718, -40.861857195932167 ], [ 175.840317662065445, -40.861855582104432 ], [ 175.840235982028929, -40.861842950010661 ], [ 175.839152546259754, -40.861672375412788 ], [ 175.839140917123387, -40.861670539929158 ], [ 175.838282509669796, -40.861534183478206 ], [ 175.837186264767581, -40.861514306183864 ], [ 175.837134011425206, -40.861510228601006 ], [ 175.835302712984571, -40.861255827833268 ], [ 175.835119797736809, -40.861218955430353 ], [ 175.833735773384831, -40.860869524205938 ], [ 175.832002320135928, -40.860339945068034 ], [ 175.830700434723411, -40.860061340434036 ], [ 175.830500780047373, -40.860007085683279 ], [ 175.828802648304418, -40.859427826942387 ], [ 175.828776743842894, -40.859417061728493 ], [ 175.827218907279928, -40.858643226212038 ], [ 175.827051115789288, -40.858544780226858 ], [ 175.825671944532075, -40.857595427185259 ], [ 175.825651690828295, -40.857579110726363 ], [ 175.824485142450726, -40.856477625309424 ], [ 175.82436564078526, -40.856344627854611 ], [ 175.823539485677088, -40.855273356200243 ], [ 175.822354881577212, -40.85346131622606 ], [ 175.822284258294872, -40.853351416288902 ], [ 175.822275205428355, -40.853337082632684 ], [ 175.822206553838328, -40.853226464783226 ], [ 175.821832727075844, -40.852613354364522 ], [ 175.820501313336536, -40.851544208512401 ], [ 175.819858365277867, -40.850983208602635 ], [ 175.819778886835593, -40.850907784847436 ], [ 175.818733580248932, -40.849738282989065 ], [ 175.818676780692414, -40.849662557908019 ], [ 175.817885311517813, -40.848383279645056 ], [ 175.817840421814168, -40.848292897348429 ], [ 175.817532948878409, -40.847586814598159 ], [ 175.816988994500122, -40.846139758522845 ], [ 175.81693806040272, -40.846000005341594 ], [ 175.816931631983863, -40.845981798130921 ], [ 175.816883667323225, -40.845841440379779 ], [ 175.816510892994245, -40.8447133075694 ], [ 175.816341553906398, -40.843975948516437 ], [ 175.815136731330739, -40.842887979337753 ], [ 175.814866574934285, -40.842634862450765 ], [ 175.814832249780579, -40.842601485666663 ], [ 175.813805290704266, -40.841422712968203 ], [ 175.813715163091388, -40.841299177713481 ], [ 175.812943695369484, -40.840012906843711 ], [ 175.812924633365441, -40.839973108046074 ], [ 175.812785295284414, -40.839664948925133 ], [ 175.812366452445758, -40.838681036214943 ], [ 175.812290554402864, -40.838495958591565 ], [ 175.812281029699307, -40.838471820653986 ], [ 175.812210393826518, -40.838285545394768 ], [ 175.811757300733831, -40.837040431285608 ], [ 175.811496906487662, -40.83634154979886 ], [ 175.811292451020478, -40.835705366230492 ], [ 175.811269862944272, -40.835622038290417 ], [ 175.811038763713583, -40.834219556834661 ], [ 175.811032794884483, -40.834120994902911 ], [ 175.811093404307599, -40.832708322095378 ], [ 175.811105824591692, -40.832623771052475 ], [ 175.811456630760659, -40.831235690843812 ], [ 175.811491052311851, -40.831140551747907 ], [ 175.812123399000996, -40.829811240284513 ], [ 175.812169607406361, -40.829733742142508 ], [ 175.813067909543804, -40.828495926615219 ], [ 175.813139347532484, -40.82841352214907 ], [ 175.814281475465947, -40.82729767524328 ], [ 175.814356945830468, -40.827234814724385 ], [ 175.814960637848003, -40.826767311276555 ], [ 175.8155695970473, -40.82632880703509 ], [ 175.816208180521954, -40.825858335413422 ], [ 175.816592962140419, -40.825587139407972 ], [ 175.816643986002219, -40.825552741891983 ], [ 175.818128256316442, -40.824700373835334 ], [ 175.818274461327178, -40.824629375887156 ], [ 175.819915953437373, -40.823963855918741 ], [ 175.819978470495954, -40.823943117258558 ], [ 175.82046401889167, -40.823791675385451 ], [ 175.820945221479803, -40.82365095792678 ], [ 175.822728726012599, -40.823248217604743 ], [ 175.82296454388873, -40.823209957868876 ], [ 175.826669049162376, -40.823059661322759 ], [ 175.826908889647882, -40.823078623012115 ], [ 175.830493284044849, -40.823805177627158 ], [ 175.830713679497535, -40.823879505534038 ], [ 175.83382722633192, -40.825411820937006 ], [ 175.834006609394265, -40.825534242165162 ], [ 175.836344591920835, -40.827722376925074 ], [ 175.836465404207075, -40.827880911728784 ], [ 175.837798930906644, -40.830510730715076 ], [ 175.837849341402716, -40.830689863748844 ], [ 175.838047764241111, -40.833503978267281 ], [ 175.838026706090119, -40.833657849014202 ], [ 175.838512413065331, -40.834213079972891 ], [ 175.838573362135946, -40.834283464348786 ], [ 175.838581229016114, -40.834292642256806 ], [ 175.838641308870336, -40.834363456466249 ], [ 175.839523626477302, -40.835414153972401 ], [ 175.840364918797007, -40.836604325434081 ], [ 175.840458441313814, -40.836764388508612 ], [ 175.841077524982495, -40.838097321623366 ], [ 175.84108029316846, -40.83810520619307 ], [ 175.841417221716938, -40.839495280446386 ], [ 175.841441045333966, -40.839669458677768 ], [ 175.841469678923062, -40.840433594456009 ], [ 175.841532660085903, -40.840483072152068 ], [ 175.84154720844603, -40.840494658733839 ], [ 175.842721972040181, -40.84159093418031 ], [ 175.842847227504336, -40.841728619584238 ], [ 175.842850530305128, -40.841732939663331 ], [ 175.84322985334768, -40.84189376856532 ], [ 175.843419473156075, -40.842006983500461 ], [ 175.844542438572574, -40.842927092123247 ], [ 175.845278732939164, -40.843043008711895 ], [ 175.846421479544603, -40.843210221486679 ], [ 175.846562051444891, -40.843231459612845 ], [ 175.84658030316649, -40.843234304304296 ], [ 175.846720526986076, -40.843256830662504 ], [ 175.848286290937608, -40.843515866877937 ], [ 175.848583371649198, -40.843530823498405 ], [ 175.848686096102057, -40.843536335257618 ], [ 175.848699445935949, -40.843537095790893 ], [ 175.84880210354396, -40.84354328454377 ], [ 175.849727789494523, -40.843602157750304 ], [ 175.850424215125798, -40.843635667837184 ], [ 175.850473360205399, -40.843638110209298 ], [ 175.85047974816797, -40.843638437787597 ], [ 175.852321173655042, -40.843844001242672 ], [ 175.852550166988379, -40.843883707849322 ], [ 175.854326599746685, -40.844305467919213 ], [ 175.854332541932507, -40.844307278344893 ], [ 175.856000253424781, -40.844934857579524 ], [ 175.856201890314907, -40.845026352660007 ], [ 175.857719831369224, -40.845844301111541 ], [ 175.857724746302068, -40.845847417238097 ], [ 175.859055541822642, -40.846835603707774 ], [ 175.859070358414385, -40.846848482145489 ], [ 175.859998240536243, -40.847254121264889 ], [ 175.860166887433564, -40.847339548435876 ], [ 175.861407055354249, -40.848061710815372 ], [ 175.86259651495908, -40.848854061426081 ], [ 175.863028357701126, -40.8491414012205 ], [ 175.863281629733024, -40.849302377839614 ], [ 175.863371791270481, -40.849360264968659 ], [ 175.863383462671607, -40.849367834398741 ], [ 175.86347286115182, -40.849426400041111 ], [ 175.863868285889026, -40.849688061659194 ], [ 175.86387612501423, -40.849684071935201 ], [ 175.867244227870998, -40.84850051612419 ], [ 175.867476304392056, -40.84845053451447 ], [ 175.869396747126274, -40.848275740059918 ], [ 175.869723242947231, -40.848031586493683 ], [ 175.870767315626722, -40.847247840124993 ], [ 175.871464608419643, -40.846722884261332 ], [ 175.871495413303904, -40.846699777065822 ], [ 175.871499425145004, -40.846696778689555 ], [ 175.871530340892917, -40.846673757019488 ], [ 175.872211332444977, -40.846168492955542 ], [ 175.873032367657686, -40.845544383247102 ], [ 175.873088746967198, -40.845501812187145 ], [ 175.873096100613651, -40.845496296663448 ], [ 175.873152854326293, -40.845454013512423 ], [ 175.874245450052257, -40.844645421634027 ], [ 175.874234260362556, -40.844438188995028 ], [ 175.874224416575373, -40.844029447197229 ], [ 175.874224724966666, -40.843976316077395 ], [ 175.874239313075321, -40.843567656029094 ], [ 175.874314390637352, -40.842423630926319 ], [ 175.874355742219535, -40.84163487695271 ], [ 175.874407802078906, -40.8405082022689 ], [ 175.874413122664862, -40.840408737344035 ], [ 175.874413908399163, -40.840395810201109 ], [ 175.874420676030894, -40.840296396003836 ], [ 175.874519911610633, -40.838979766204538 ], [ 175.874540352227314, -40.838144377263745 ], [ 175.87454286814372, -40.83806189086431 ], [ 175.87454325987045, -40.838051168994866 ], [ 175.874546770518066, -40.837968703556868 ], [ 175.874550837242822, -40.83788504104681 ], [ 175.87419960039901, -40.837923693497537 ], [ 175.873958429372124, -40.837921277911015 ], [ 175.870301469310249, -40.837443691325085 ], [ 175.870073090240908, -40.837384785288847 ], [ 175.866789555907616, -40.836072205251071 ], [ 175.866596331857153, -40.835962577259103 ], [ 175.864007721373696, -40.833943535873836 ], [ 175.863868569093626, -40.8337939206695 ], [ 175.862228267071686, -40.831266112112047 ], [ 175.862156804294671, -40.831091158523698 ], [ 175.862128233423221, -40.830941242528525 ], [ 175.861783601073768, -40.830458738325135 ], [ 175.861339142631152, -40.830116362426985 ], [ 175.86124697163828, -40.830044565429276 ], [ 175.861235058195291, -40.830035181441048 ], [ 175.861143945449925, -40.82996260938986 ], [ 175.860303811473472, -40.829285922574684 ], [ 175.859863585602284, -40.828910908963429 ], [ 175.859808190491748, -40.82886098306443 ], [ 175.859396183837106, -40.828467906030951 ], [ 175.858945925121958, -40.82801283702188 ], [ 175.858831295424693, -40.827894997969274 ], [ 175.858816558598363, -40.827879587838531 ], [ 175.85870446788806, -40.827760347959007 ], [ 175.858407630640073, -40.827439082510359 ], [ 175.857662672409987, -40.826897433296395 ], [ 175.85688124053047, -40.826357578350041 ], [ 175.85662431915955, -40.826174713276657 ], [ 175.856591391400201, -40.826150569405009 ], [ 175.856341731859374, -40.825961990316102 ], [ 175.855834566842049, -40.825567354356309 ], [ 175.854982549768323, -40.824827592303997 ], [ 175.854879015855886, -40.824727125253759 ], [ 175.853850576523314, -40.823549218797069 ], [ 175.853814731043514, -40.823500203520659 ], [ 175.853041555100219, -40.822214579488133 ], [ 175.85298396392173, -40.822094725221717 ], [ 175.852607277405127, -40.82115437924346 ], [ 175.852401277101933, -40.82051713868205 ], [ 175.85237595253929, -40.820437226449378 ], [ 175.852372722811708, -40.820426826663855 ], [ 175.852348359256752, -40.820346742196023 ], [ 175.85214784727566, -40.819673656726984 ], [ 175.851999771082859, -40.819086781111572 ], [ 175.851983871869265, -40.8190100863957 ], [ 175.851839519331719, -40.817600909054669 ], [ 175.851839641453012, -40.81749481579849 ], [ 175.851987231493695, -40.816085831864712 ], [ 175.852003306170388, -40.816009158309221 ], [ 175.85243918548781, -40.814635060240761 ], [ 175.85248245244324, -40.814534187905629 ], [ 175.853195870605504, -40.813228806923902 ], [ 175.85324234171901, -40.813159659329472 ], [ 175.853623043304083, -40.812636767755144 ], [ 175.854188941868415, -40.811916948944727 ], [ 175.854222307101764, -40.811874770172373 ], [ 175.85422666426075, -40.811869295973928 ], [ 175.854380158944593, -40.811706778012095 ], [ 175.855311833501759, -40.809781578584413 ], [ 175.855429405983131, -40.809621656788281 ], [ 175.857722414191727, -40.807406581536604 ], [ 175.857899262388486, -40.807282088149954 ], [ 175.860980748171698, -40.805713739574379 ], [ 175.861199561874855, -40.805636857196603 ], [ 175.861980220152759, -40.805468818962147 ], [ 175.864319530152073, -40.804460340910239 ], [ 175.864545232265954, -40.804395983213688 ], [ 175.868178626383354, -40.803830748779305 ], [ 175.868419451867965, -40.803822530422238 ], [ 175.872104893034788, -40.804138004584587 ], [ 175.872337278043432, -40.804186729834953 ], [ 175.875714155225893, -40.805352046242589 ], [ 175.875915360667193, -40.805452947542626 ], [ 175.878354623103178, -40.807146748300752 ], [ 175.878429304681362, -40.807101629955156 ], [ 175.87863915489595, -40.807011459832083 ], [ 175.882113419670674, -40.806025000584363 ], [ 175.882349664640884, -40.80598850942318 ], [ 175.886055027928734, -40.805865980561222 ], [ 175.886294551489954, -40.805886739044347 ], [ 175.886713502647893, -40.805975062112026 ], [ 175.889217315368711, -40.806071604549643 ], [ 175.889453208258004, -40.806109390201023 ], [ 175.891055645571299, -40.806574432527988 ], [ 175.891571650629345, -40.805930779941534 ], [ 175.891647719947031, -40.805850776968725 ], [ 175.89226705539744, -40.805254138996304 ], [ 175.892627291421746, -40.804935699680037 ], [ 175.892879904171707, -40.804744964193276 ], [ 175.89346742412539, -40.803956539680996 ], [ 175.894027242713264, -40.80318566227271 ], [ 175.894033837346228, -40.803176593586684 ], [ 175.894034695539347, -40.803175415033969 ], [ 175.894041303877543, -40.803166352139506 ], [ 175.894294644250607, -40.802819381421614 ], [ 175.894306399668977, -40.802803319939876 ], [ 175.894307930675154, -40.802801233133167 ], [ 175.894319729197719, -40.802785189896341 ], [ 175.894759713295912, -40.802188338355769 ], [ 175.895200040283953, -40.801586161045954 ], [ 175.895205071107114, -40.801579287951967 ], [ 175.89606018149189, -40.800414068328692 ], [ 175.896066251161784, -40.800405807402811 ], [ 175.896432893402164, -40.799908356685982 ], [ 175.896539307701829, -40.799766990088372 ], [ 175.896553359013637, -40.799748708957438 ], [ 175.896663118736853, -40.799608827383565 ], [ 175.89717804005619, -40.798965870515985 ], [ 175.896972653957675, -40.798851067214137 ], [ 175.896959267602398, -40.798845340265018 ], [ 175.895871635312432, -40.798318845925202 ], [ 175.895735554872033, -40.798244767232156 ], [ 175.894313177729458, -40.797334024710935 ], [ 175.894260296142846, -40.79729437175353 ], [ 175.893042947922652, -40.79622573358666 ], [ 175.892943658109914, -40.796123321905725 ], [ 175.891961312728142, -40.794923108120962 ], [ 175.891927146341374, -40.794872976671172 ], [ 175.891203981744667, -40.793570747411131 ], [ 175.891151199598482, -40.793450029940999 ], [ 175.890705009965757, -40.792077855265518 ], [ 175.890692901427371, -40.792022153448634 ], [ 175.890534655098605, -40.790613824157198 ], [ 175.890533541750671, -40.790486619032734 ], [ 175.890595113996625, -40.789507763356767 ], [ 175.890702710363115, -40.788710329775107 ], [ 175.891036984445577, -40.787319895107004 ], [ 175.891098772874699, -40.787142834577786 ], [ 175.892598245741311, -40.78456537772098 ], [ 175.89272898766751, -40.784411493603471 ], [ 175.895202795805062, -40.782312331564647 ], [ 175.895389689401355, -40.782196683684887 ], [ 175.898595665355572, -40.780781240914813 ], [ 175.898820418335987, -40.780715146097585 ], [ 175.902444815280688, -40.780121928070855 ], [ 175.902685434649953, -40.780111853742447 ], [ 175.906373608912901, -40.780398907367598 ], [ 175.90660655097156, -40.780445839392875 ], [ 175.909997624525175, -40.781585079143191 ], [ 175.910200095750071, -40.781684425429276 ], [ 175.912962225667712, -40.78356437748063 ], [ 175.913114410667902, -40.783706416742405 ], [ 175.913433035297572, -40.784123213595052 ], [ 175.914056633986604, -40.784471145757365 ], [ 175.914206319728635, -40.784566340778021 ], [ 175.915206640313812, -40.785289326024085 ], [ 175.915971272629633, -40.785260390012759 ], [ 175.916204785268292, -40.785265500929739 ], [ 175.917997096467019, -40.785408916433177 ], [ 175.918834999103723, -40.785525455988548 ], [ 175.919298410681989, -40.785597198297673 ], [ 175.919358385497503, -40.785607434431583 ], [ 175.919817663486072, -40.785693171124372 ], [ 175.921360928490174, -40.786006192580416 ], [ 175.921732036911521, -40.786086401878585 ], [ 175.921780045009797, -40.786097423064703 ], [ 175.922147522763794, -40.786186770488747 ], [ 175.924813433112774, -40.786871463548081 ], [ 175.926611499293472, -40.787092850446818 ], [ 175.926840451409532, -40.787150067877675 ], [ 175.928425216012016, -40.787769115039069 ], [ 175.929499885367164, -40.787840093820805 ], [ 175.929733774174991, -40.787884304449236 ], [ 175.933147832419394, -40.788983874979415 ], [ 175.933352308159442, -40.789080849141058 ], [ 175.934530544212834, -40.789858290337314 ], [ 175.935739256095957, -40.790280363214393 ], [ 175.937203519268422, -40.790890007045469 ], [ 175.937385604557534, -40.790979031202909 ], [ 175.938865952565237, -40.791834638176773 ], [ 175.938884448392201, -40.791847185341318 ], [ 175.94017050110412, -40.792868246038907 ], [ 175.940307487997956, -40.792995674188965 ], [ 175.941270178983132, -40.794032434879831 ], [ 175.941765457754798, -40.794654638709744 ], [ 175.942664651497921, -40.795101274365393 ], [ 175.943343703987125, -40.795429635646393 ], [ 175.944893593720622, -40.794755214617751 ], [ 175.945118930659078, -40.794690179828862 ], [ 175.948748889345012, -40.794114049884797 ], [ 175.948989638890339, -40.794105109635801 ], [ 175.952676207602508, -40.794409540521904 ], [ 175.952908813329543, -40.794457569706339 ], [ 175.956291270907371, -40.79561277549189 ], [ 175.956492972162067, -40.795713074654486 ], [ 175.959240317820871, -40.797606019064027 ], [ 175.959391374479196, -40.797748773662178 ], [ 175.961234691153152, -40.800194218323234 ], [ 175.961320314470044, -40.800365458130507 ], [ 175.962079087579298, -40.803124073537802 ], [ 175.962090888677466, -40.803307038776978 ], [ 175.961690705866971, -40.806108813327036 ], [ 175.96162751974984, -40.806285594328749 ], [ 175.96010740771456, -40.808856256944289 ], [ 175.959975411055751, -40.80900954717643 ], [ 175.95948177971141, -40.809494902270153 ], [ 175.959052948237115, -40.809966896516599 ], [ 175.958974978839763, -40.810051667743245 ], [ 175.95896475987567, -40.810062643425184 ], [ 175.958885514440169, -40.810146728842732 ], [ 175.958288991760242, -40.810772060774759 ], [ 175.957119419679202, -40.811819596533525 ], [ 175.956954629742825, -40.811946200505488 ], [ 175.955673244819963, -40.812787093050169 ], [ 175.954679406427147, -40.814679643422096 ], [ 175.954556123657682, -40.814837071337209 ], [ 175.952184043918265, -40.817003774377547 ], [ 175.952002752572582, -40.817124549346055 ], [ 175.94886532124093, -40.81862822859005 ], [ 175.948643768823757, -40.818700524659661 ], [ 175.945048166351796, -40.819393939415917 ], [ 175.944808046863528, -40.819410677140027 ], [ 175.941106368963631, -40.819225925869979 ], [ 175.940871196701352, -40.819185466288623 ], [ 175.93742593790509, -40.818140642944172 ], [ 175.937218742001022, -40.818046948229146 ], [ 175.934367255399621, -40.816244367569567 ], [ 175.934208322193086, -40.816106612527079 ], [ 175.932229756024185, -40.813722779480585 ], [ 175.932134641551698, -40.813554452190168 ], [ 175.931803685752726, -40.812563215146767 ], [ 175.930756462333136, -40.812081788506873 ], [ 175.930641878352617, -40.812028434868424 ], [ 175.930627034667197, -40.812021434965082 ], [ 175.930513254257846, -40.811967097783736 ], [ 175.929043484190714, -40.811256312036569 ], [ 175.928982557053899, -40.81122664783674 ], [ 175.928974652093444, -40.811222773158086 ], [ 175.928913964454182, -40.811192826917008 ], [ 175.927754527030601, -40.810616862528498 ], [ 175.925682118354473, -40.809605372308326 ], [ 175.925038713753082, -40.809268054850136 ], [ 175.924957064284399, -40.809222156866454 ], [ 175.923553015854338, -40.808294922301378 ], [ 175.923454707675262, -40.808218920192544 ], [ 175.922258890481487, -40.807136199748008 ], [ 175.922199908516035, -40.807073375919487 ], [ 175.921767184617067, -40.80657874274327 ], [ 175.921677734410679, -40.806468795765348 ], [ 175.920935213227523, -40.806211805256517 ], [ 175.920695180904374, -40.806511993795155 ], [ 175.920681426950921, -40.806529151479921 ], [ 175.920679635664641, -40.806531380461578 ], [ 175.920665831367671, -40.80654851480223 ], [ 175.920055113941487, -40.807304651475761 ], [ 175.919592480016178, -40.807884112816076 ], [ 175.919588405579276, -40.80788921234447 ], [ 175.918352307902381, -40.809433316119282 ], [ 175.918108402525405, -40.809764380735395 ], [ 175.917268470335387, -40.810909420863396 ], [ 175.916822472948297, -40.81151962481642 ], [ 175.916812559991655, -40.811533159927102 ], [ 175.916811269317009, -40.811534918647922 ], [ 175.916801325740835, -40.811548440780356 ], [ 175.916363451822377, -40.812142692533023 ], [ 175.916129724751613, -40.812462944295532 ], [ 175.915543640160195, -40.813270352880906 ], [ 175.915512073004749, -40.813313559446357 ], [ 175.915507949023493, -40.813319167704151 ], [ 175.915476070313758, -40.813362242027878 ], [ 175.914661420469429, -40.814455936574568 ], [ 175.913920539047353, -40.815472609396181 ], [ 175.913905646455873, -40.815492983105841 ], [ 175.91390370591219, -40.815495629780251 ], [ 175.913888743985495, -40.815515974138229 ], [ 175.913098533430173, -40.816587178978189 ], [ 175.91240501619373, -40.817537499220101 ], [ 175.91238580102808, -40.81756372599046 ], [ 175.912383295585641, -40.817567132298088 ], [ 175.912363965483308, -40.817593310260669 ], [ 175.910948687851914, -40.819502435037286 ], [ 175.910701285463659, -40.819847934610856 ], [ 175.910653959820223, -40.819913377170543 ], [ 175.910647761170338, -40.819921865183446 ], [ 175.910599722968811, -40.819987007437561 ], [ 175.910332776994977, -40.820345504221358 ], [ 175.908896982852212, -40.822312987591985 ], [ 175.908442353501613, -40.822884848824991 ], [ 175.90837970582632, -40.822957424622153 ], [ 175.907870524521087, -40.823502113871363 ], [ 175.906775963979499, -40.824585499119152 ], [ 175.906640082479214, -40.824717431729596 ], [ 175.906622209437472, -40.824734456706182 ], [ 175.906483121062507, -40.824864446808377 ], [ 175.905869045058751, -40.825427565768514 ], [ 175.905196791771175, -40.826078751030643 ], [ 175.905192270281248, -40.826083128014723 ], [ 175.905038449303987, -40.826231791149198 ], [ 175.905692288823985, -40.827486278427322 ], [ 175.90574489230363, -40.827665049499814 ], [ 175.905900961434213, -40.829549684952482 ], [ 175.908001194763244, -40.828983229630502 ], [ 175.908238279484436, -40.828949691370021 ], [ 175.909321563792616, -40.828927425145899 ], [ 175.909507545312806, -40.828870416711133 ], [ 175.909547854283687, -40.828858126011205 ], [ 175.909553098282458, -40.828856535514475 ], [ 175.909593466215938, -40.828844357033667 ], [ 175.910436608839092, -40.828591344530203 ], [ 175.911165103103002, -40.828358725600999 ], [ 175.912246329479757, -40.828059470914425 ], [ 175.912389039451739, -40.828025833015822 ], [ 175.913503352405741, -40.827807581254604 ], [ 175.914961984944625, -40.827578564249279 ], [ 175.915024482373013, -40.827568884258582 ], [ 175.915032611433674, -40.827567642464011 ], [ 175.915095176476967, -40.827558217922594 ], [ 175.91523313189964, -40.827537729506929 ], [ 175.916404267078235, -40.826700099343334 ], [ 175.916603537793748, -40.826596931944522 ], [ 175.919958299431244, -40.825393525043779 ], [ 175.920189779547883, -40.825342175109128 ], [ 175.92386983637374, -40.824985026820542 ], [ 175.924110875407337, -40.824990518950933 ], [ 175.927612533891988, -40.825493933503822 ], [ 175.928145833867291, -40.825424404452761 ], [ 175.928289026962517, -40.825410945226565 ], [ 175.92939690367561, -40.825346650457618 ], [ 175.930416605209388, -40.825323874996648 ], [ 175.930424007626186, -40.825323711361634 ], [ 175.931222357519374, -40.825306543045343 ], [ 175.93141996794651, -40.825303544746731 ], [ 175.931445659793297, -40.82530331759807 ], [ 175.931643308555408, -40.825302821301847 ], [ 175.932571871013295, -40.825306363777216 ], [ 175.934426111045212, -40.825424315457404 ], [ 175.934664100269458, -40.825453874892759 ], [ 175.938186793878515, -40.826338066232559 ], [ 175.938401118126734, -40.826422036930261 ], [ 175.941391854799605, -40.828089765257438 ], [ 175.941561540109973, -40.828219930669079 ], [ 175.943727608369983, -40.83050800144877 ], [ 175.943836044505815, -40.830671623779686 ], [ 175.944965364405419, -40.833356117555141 ], [ 175.945001930876714, -40.833537183214929 ], [ 175.944983832956638, -40.836355354220167 ], [ 175.94494494091893, -40.83653614023531 ], [ 175.943781046545979, -40.839212123859589 ], [ 175.943670493715018, -40.83937493234059 ], [ 175.941474613737597, -40.841646749577166 ], [ 175.941303216199003, -40.841775640604958 ], [ 175.940908448632968, -40.841991211109296 ], [ 175.941116975930044, -40.84205861175986 ], [ 175.9413537869832, -40.842137480139847 ], [ 175.941384421647683, -40.842147986609689 ], [ 175.941618913136466, -40.842230756232532 ], [ 175.942719402747827, -40.842630327487022 ], [ 175.942893904591784, -40.842675620216163 ], [ 175.943006568657751, -40.842708661350969 ], [ 175.943860092384114, -40.842988635147179 ], [ 175.944843845720953, -40.843346684812822 ], [ 175.946410202286529, -40.844032829372651 ], [ 175.946603720778427, -40.844133261429917 ], [ 175.94801457388499, -40.844992227583468 ], [ 175.949259401072396, -40.845876544695422 ], [ 175.950077110457471, -40.846518003971674 ], [ 175.950177717488486, -40.846605184031311 ], [ 175.950907808335899, -40.847304957057887 ], [ 175.951405194919403, -40.847833520590179 ], [ 175.951723497341959, -40.848162763068395 ], [ 175.952610367349621, -40.848560067177587 ], [ 175.952796407581502, -40.848676680012851 ], [ 175.955253820944932, -40.850788603169065 ], [ 175.955383311070847, -40.85094316084723 ], [ 175.95686113379216, -40.853528325779493 ], [ 175.956921394088226, -40.853705702425195 ], [ 175.957274862171715, -40.856511095147191 ], [ 175.957259985217661, -40.856693929587109 ], [ 175.957061295594201, -40.85737242199874 ], [ 175.957952506725832, -40.859388525494488 ], [ 175.957992549114323, -40.859569168093685 ], [ 175.95802838482345, -40.862387235474174 ], [ 175.957992941915791, -40.862568431264521 ], [ 175.957364203078384, -40.864087218440083 ], [ 175.95720204614895, -40.865107250756743 ], [ 175.957160474953554, -40.865264026897599 ], [ 175.956650964205551, -40.866623527525213 ], [ 175.956640176483432, -40.866645569543671 ], [ 175.955856766509527, -40.867927818691754 ], [ 175.955753407190997, -40.868067167870016 ], [ 175.954715372826598, -40.86924058593511 ], [ 175.954696139433764, -40.869259018100685 ], [ 175.953429036851247, -40.870294705702094 ], [ 175.953274002579974, -40.870402984624491 ], [ 175.951809027200881, -40.871275430925799 ], [ 175.951783230564672, -40.871288448502121 ], [ 175.951583469976867, -40.871387070957731 ], [ 175.950623231803064, -40.871850787117772 ], [ 175.950503376443152, -40.871940948734654 ], [ 175.948969598614696, -40.873116441436053 ], [ 175.947559458506277, -40.874039534498451 ], [ 175.947364900509143, -40.874147912464956 ], [ 175.944064860915688, -40.875439263453877 ], [ 175.943835696602832, -40.875496693748786 ], [ 175.940171379533922, -40.87595066225888 ], [ 175.939930049147421, -40.875951521091977 ], [ 175.936260286988414, -40.875523653313927 ], [ 175.936030423521402, -40.875467856703615 ], [ 175.932714581029842, -40.87420005404347 ], [ 175.932518693082841, -40.874093066004271 ], [ 175.929881435646649, -40.872109476321171 ], [ 175.929738701085824, -40.871961773146289 ], [ 175.928038180744466, -40.869456620519358 ], [ 175.927962568297602, -40.869282663927876 ], [ 175.927365154463331, -40.866501215054576 ], [ 175.927364057559799, -40.866318035239146 ], [ 175.927928085798044, -40.863532573875361 ], [ 175.928001601923, -40.863358101663188 ], [ 175.929671718476015, -40.860841269431646 ], [ 175.929812643404631, -40.860692581125406 ], [ 175.930986127911467, -40.859639696102242 ], [ 175.930159394207948, -40.859401426451356 ], [ 175.930154110902748, -40.859399902667697 ], [ 175.930012390903528, -40.859358953644971 ], [ 175.92892693290878, -40.859636679521117 ], [ 175.928434713063183, -40.859763557322033 ], [ 175.927418984774107, -40.860048889334834 ], [ 175.927215797949657, -40.860104375213709 ], [ 175.927189299371491, -40.860111405264064 ], [ 175.926984815770936, -40.860164074003912 ], [ 175.926292389155378, -40.860337100280056 ], [ 175.925671853187197, -40.860507344916698 ], [ 175.924908666076419, -40.86071823035649 ], [ 175.924728684078588, -40.86081940225948 ], [ 175.924663665134375, -40.860850267216456 ], [ 175.923012524165159, -40.861503263878639 ], [ 175.922860434487205, -40.861552312491284 ], [ 175.921663809376753, -40.861881885554233 ], [ 175.920925476273396, -40.86205180339401 ], [ 175.919738280757201, -40.862274999471062 ], [ 175.919582387591731, -40.862297905658416 ], [ 175.918371228465816, -40.86242711222301 ], [ 175.916878761025345, -40.86252710602686 ], [ 175.915720370114229, -40.862561538472995 ], [ 175.915569851012066, -40.862560424360936 ], [ 175.914388070973104, -40.862480997785958 ], [ 175.913298814340607, -40.862475021570425 ], [ 175.912047269095353, -40.862414295553009 ], [ 175.91155258742134, -40.862402438655941 ], [ 175.9113144139545, -40.862394910189238 ], [ 175.911283467483486, -40.862393695416799 ], [ 175.911045541410033, -40.862382535077423 ], [ 175.909886396130929, -40.862319275928535 ], [ 175.908045637320612, -40.862107610431771 ], [ 175.907944973834219, -40.862089807516732 ], [ 175.907844246592674, -40.862072213790981 ], [ 175.906053194919735, -40.861643577267024 ], [ 175.906051238035246, -40.861642975926721 ], [ 175.904371736856348, -40.861005130155178 ], [ 175.904283250261358, -40.860964579521593 ], [ 175.90419461789287, -40.860924212877286 ], [ 175.902678208663104, -40.860104240730081 ], [ 175.901725460218699, -40.859498133348247 ], [ 175.901569364885887, -40.859397071996099 ], [ 175.901549223645731, -40.859383801791417 ], [ 175.901395453746375, -40.859280706151551 ], [ 175.900662507700673, -40.85878066319048 ], [ 175.900379647165664, -40.858627796416094 ], [ 175.900255622667828, -40.858559850502679 ], [ 175.900239575158736, -40.858550938988863 ], [ 175.898827840606629, -40.857629559092032 ], [ 175.898671642287525, -40.857510203950937 ], [ 175.898000289799711, -40.856909502081322 ], [ 175.895117735021785, -40.857429175449461 ], [ 175.894877168249053, -40.857443089322977 ], [ 175.893249919806038, -40.857342719863411 ], [ 175.892154396280461, -40.858180916459489 ], [ 175.892085072637883, -40.858233519260097 ], [ 175.892076023506661, -40.858240329241042 ], [ 175.892006129745937, -40.858292495377476 ], [ 175.890850123116451, -40.859148178066974 ], [ 175.890767456938818, -40.859211029677724 ], [ 175.89010325347391, -40.861573600251184 ], [ 175.89001659454334, -40.86174455790939 ], [ 175.888157785959862, -40.864183936779064 ], [ 175.888005773953097, -40.8643261935105 ], [ 175.885244865724957, -40.866210036517451 ], [ 175.885042378761568, -40.866309663584971 ], [ 175.881675350115785, -40.867444845703282 ], [ 175.880730320687263, -40.868607028768842 ], [ 175.880647633292114, -40.868692834346014 ], [ 175.87943377718446, -40.869764610119049 ], [ 175.879361426834635, -40.86981917333425 ], [ 175.87794160917727, -40.870733587595467 ], [ 175.877828033744663, -40.870795793638351 ], [ 175.877003556362268, -40.871176485353701 ], [ 175.875439243427621, -40.872958721381096 ], [ 175.875275668097061, -40.873093397250209 ], [ 175.872363029904079, -40.874840956126718 ], [ 175.87215262444019, -40.874930665261765 ], [ 175.870273358622626, -40.875458961369823 ], [ 175.870189464774313, -40.875500274217764 ], [ 175.870098973378703, -40.875541609522578 ], [ 175.869037364789961, -40.876847829755164 ], [ 175.868408931410784, -40.87754551650265 ], [ 175.868321814048102, -40.877633109904842 ], [ 175.867086688425729, -40.878690895242528 ], [ 175.867016521332374, -40.878742235768577 ], [ 175.865578549666395, -40.879640325539967 ], [ 175.865460028298344, -40.87970319532495 ], [ 175.863854621385173, -40.880419467928036 ], [ 175.863766982344231, -40.880451835671579 ], [ 175.862033681326551, -40.88096864835483 ], [ 175.861895359784938, -40.881000638326952 ], [ 175.860816116834144, -40.881208780824224 ], [ 175.860546663367899, -40.881250641127636 ], [ 175.860195843769361, -40.881453810509207 ], [ 175.860185054496696, -40.881513787108759 ], [ 175.860172361149154, -40.881572988677277 ], [ 175.860152773117647, -40.881651587330538 ], [ 175.860342601477896, -40.882346509098696 ], [ 175.860364282327623, -40.882448233762673 ], [ 175.860516510800835, -40.883856928774946 ], [ 175.860516860946461, -40.883937618193627 ], [ 175.860468985161248, -40.884419586577309 ], [ 175.860860408594647, -40.884723252177452 ], [ 175.861000124880917, -40.884872620140918 ], [ 175.862649545937728, -40.887397480168637 ], [ 175.862721613345286, -40.887572303455926 ], [ 175.863262308566362, -40.890360405096764 ], [ 175.863259664405973, -40.89054357279484 ], [ 175.862638561793148, -40.893322011607935 ], [ 175.86256145500144, -40.893495593774318 ], [ 175.860839211042872, -40.895992376294451 ], [ 175.8606951815934, -40.89613937914482 ], [ 175.858040297799306, -40.898110055320004 ], [ 175.857843441609987, -40.898216085596211 ], [ 175.854640975545436, -40.899420617255636 ], [ 175.85430597147689, -40.899973204692017 ], [ 175.853829703034563, -40.900771195191361 ], [ 175.853818969555249, -40.900789126755463 ], [ 175.85381757084582, -40.900791456697888 ], [ 175.853806785718405, -40.90080937040203 ], [ 175.853314400597725, -40.901624832562689 ], [ 175.853282565004349, -40.901677114159121 ], [ 175.853278397778723, -40.901683900657531 ], [ 175.852361612085218, -40.902914303972196 ], [ 175.852232121890893, -40.903060063135406 ], [ 175.851072899344359, -40.904166489873496 ], [ 175.851066171675171, -40.904171967011777 ], [ 175.849693056580406, -40.905127167499579 ], [ 175.849510528546716, -40.90523542795458 ], [ 175.84922833516012, -40.905377226168717 ], [ 175.848221335628182, -40.906680856715454 ], [ 175.848068173072591, -40.906822458554018 ], [ 175.845291567482832, -40.908694428745761 ], [ 175.845088215556871, -40.908793186242974 ], [ 175.841684894529266, -40.90992248005908 ], [ 175.841451263042671, -40.909968722823351 ], [ 175.837754471666045, -40.910244756956423 ], [ 175.837693565763573, -40.910242027924248 ], [ 175.837145782040722, -40.910543664599935 ], [ 175.836123680592095, -40.911047796666715 ], [ 175.835986727193301, -40.911107991941613 ], [ 175.834306323548162, -40.911718398120634 ], [ 175.834228084264765, -40.911741283931114 ], [ 175.832442475051892, -40.912144722706138 ], [ 175.8322877013278, -40.912169860636176 ], [ 175.830440870013462, -40.912356393088501 ], [ 175.830357136878746, -40.912359814407665 ], [ 175.828494578045365, -40.91232484698466 ], [ 175.828337140303404, -40.912312465976235 ], [ 175.827132537662266, -40.912169989722322 ], [ 175.823884174728335, -40.911654904322482 ], [ 175.823869519886983, -40.911652572995706 ], [ 175.823867615011352, -40.911652269012009 ], [ 175.823852964073836, -40.911649923666701 ], [ 175.822233192788957, -40.911389806189568 ], [ 175.821462759542925, -40.911269295543249 ], [ 175.82061777098059, -40.911112431130597 ], [ 175.820509054300146, -40.911089014814763 ], [ 175.819681479116014, -40.910885628355246 ], [ 175.815611224161842, -40.909758626273408 ], [ 175.814176517651902, -40.909277652122498 ], [ 175.8139962536371, -40.909206070625423 ], [ 175.812657669803286, -40.908585792223327 ], [ 175.810697379512817, -40.907536489639696 ], [ 175.80921509975073, -40.907782112117239 ], [ 175.80917726527673, -40.907788332218139 ], [ 175.809172345068589, -40.907789134744689 ], [ 175.808285873248963, -40.907907247860912 ], [ 175.808175003206259, -40.907918752381235 ], [ 175.807317921659717, -40.907983758289454 ], [ 175.807125241515479, -40.907993031426408 ], [ 175.806805069128956, -40.908217214402377 ], [ 175.805864166149377, -40.908882557352364 ], [ 175.805675773905278, -40.909154281977607 ], [ 175.805183962662738, -40.909898210512836 ], [ 175.805134260601591, -40.909972530331004 ], [ 175.805127740549153, -40.909982169022271 ], [ 175.805077134110462, -40.910056136761838 ], [ 175.804536932133516, -40.910836844437149 ], [ 175.804530669858138, -40.910845882191246 ], [ 175.804529854885033, -40.910847056748317 ], [ 175.804523579112896, -40.910856089102893 ], [ 175.804006370197953, -40.91159944632755 ], [ 175.803529804386841, -40.91229369207889 ], [ 175.802952774173974, -40.913150111320334 ], [ 175.802950102618837, -40.913154073957074 ], [ 175.802412965310992, -40.913949546079273 ], [ 175.802408439957901, -40.913956240978415 ], [ 175.801830944175265, -40.914808353465126 ], [ 175.801619502709599, -40.915106423680889 ], [ 175.80159106526483, -40.915144767368233 ], [ 175.800552875218273, -40.916318420178889 ], [ 175.800438665051871, -40.916427873706176 ], [ 175.799175838093475, -40.917460057481946 ], [ 175.800983859186516, -40.919490370001157 ], [ 175.801086066445464, -40.919656329787564 ], [ 175.802112614301336, -40.92236470323769 ], [ 175.802142213705793, -40.922546497544836 ], [ 175.802015154810732, -40.925362931629714 ], [ 175.801969239304839, -40.925542765935077 ], [ 175.800700860720525, -40.928191562506136 ], [ 175.800583915701992, -40.928351831859246 ], [ 175.798298261178331, -40.930573670331206 ], [ 175.798121728926105, -40.930698683226879 ], [ 175.795042500208268, -40.932276019159659 ], [ 175.794823661788655, -40.932353534763337 ], [ 175.791252334171986, -40.933131915799677 ], [ 175.791012617520948, -40.933154343580263 ], [ 175.787298906845422, -40.933057548091483 ], [ 175.787061786766799, -40.933022691892049 ], [ 175.783569367336895, -40.932060200891954 ], [ 175.78335806392974, -40.931971474199187 ], [ 175.78180350109065, -40.931191933819825 ], [ 175.781363560894675, -40.930931505886448 ], [ 175.781193646931939, -40.930826371227404 ], [ 175.780632034977316, -40.930923448350633 ], [ 175.779591945526874, -40.93110577353788 ], [ 175.778259071586888, -40.931342569145947 ], [ 175.776909226129561, -40.931520800324527 ], [ 175.776732570339902, -40.931536228195199 ], [ 175.775934123074734, -40.931570738145275 ], [ 175.775433811184541, -40.93196137502698 ], [ 175.775279216893296, -40.932079865053481 ], [ 175.775258933381451, -40.932095126393421 ], [ 175.775101473644753, -40.932211426208141 ], [ 175.774420041041111, -40.93270549056939 ], [ 175.773772728068195, -40.933174923025874 ], [ 175.771407328253446, -40.934905447797085 ], [ 175.771187097767324, -40.935062507002506 ], [ 175.771158129745629, -40.935082645062806 ], [ 175.769689685371475, -40.935953022307416 ], [ 175.769520717895375, -40.936037866713242 ], [ 175.767890770898617, -40.936723297908749 ], [ 175.767855013293257, -40.936735660765926 ], [ 175.767578358253218, -40.936828104442931 ], [ 175.766563624382457, -40.937155537248842 ], [ 175.766218596470708, -40.937270691667614 ], [ 175.766192062388058, -40.937279518180816 ], [ 175.766188611115155, -40.937280662435185 ], [ 175.766162048692081, -40.937289439835283 ], [ 175.764945062104687, -40.937690238253715 ], [ 175.764944443389368, -40.937690441999244 ], [ 175.763729440260306, -40.9380904594667 ], [ 175.763718230003747, -40.938094144959479 ], [ 175.763716772346186, -40.93809462350476 ], [ 175.7637055571019, -40.93809830024712 ], [ 175.762514372570053, -40.93848825153853 ], [ 175.761224453271069, -40.938914194545852 ], [ 175.760347495776983, -40.939204667376238 ], [ 175.75916491011003, -40.939598791411441 ], [ 175.759122291759581, -40.939612919212891 ], [ 175.759116746652126, -40.939614747592877 ], [ 175.759074055657322, -40.939628748714149 ], [ 175.758299948238346, -40.939881261340282 ], [ 175.7575561262816, -40.940127463542964 ], [ 175.757521459063781, -40.940138888332115 ], [ 175.757516949221696, -40.940140368111777 ], [ 175.757482234253445, -40.940151709163523 ], [ 175.756656989417451, -40.940420124879147 ], [ 175.755976713258406, -40.940644074843732 ], [ 175.755957871506382, -40.94065026288272 ], [ 175.755955421165964, -40.940651065720679 ], [ 175.755936565373361, -40.940657229035224 ], [ 175.75513302401805, -40.940919251027246 ], [ 175.754368962577246, -40.941174405603867 ], [ 175.754311220673173, -40.941193549426551 ], [ 175.754303705569839, -40.941196023004338 ], [ 175.754245830499826, -40.941214934224192 ], [ 175.753439398883245, -40.9414765179217 ], [ 175.753423663142684, -40.941481611912302 ], [ 175.753421616872998, -40.941482273011893 ], [ 175.752903340517776, -40.941620176381122 ], [ 175.755250053205714, -40.943203702923206 ], [ 175.755403172636505, -40.943345378560352 ], [ 175.756261547743946, -40.944457630306388 ], [ 175.75841442095097, -40.944526280652774 ], [ 175.759195668329681, -40.944551033805396 ], [ 175.761279648757096, -40.944615435085304 ], [ 175.761377178667686, -40.944618752577973 ], [ 175.761389855006342, -40.944619223344276 ], [ 175.761487345690796, -40.944623148410251 ], [ 175.764181257744951, -40.944739994509831 ], [ 175.764201427029121, -40.944740882144629 ], [ 175.76420404890348, -40.944740999227413 ], [ 175.764224216148477, -40.944741912866384 ], [ 175.767904975183427, -40.944910985194902 ], [ 175.768036366094776, -40.9449170114016 ], [ 175.771736292875005, -40.944844486459033 ], [ 175.771765788675964, -40.944843935605242 ], [ 175.771769623241113, -40.944843867604554 ], [ 175.771799120750671, -40.944843372294024 ], [ 175.772792415797824, -40.944827624643153 ], [ 175.773651177794363, -40.944837550424097 ], [ 175.773762609532298, -40.944841896764672 ], [ 175.774618182610084, -40.944898837796174 ], [ 175.778742225120027, -40.945287566753329 ], [ 175.782139564782852, -40.945600630495413 ], [ 175.787112460062929, -40.945896589621732 ], [ 175.791510091592613, -40.945957306695611 ], [ 175.791548150247365, -40.945957877682545 ], [ 175.791553097703911, -40.945957957920392 ], [ 175.79159115376541, -40.945958621361825 ], [ 175.793826049517776, -40.946000277456676 ], [ 175.795223070038958, -40.946020173089998 ], [ 175.796902023807888, -40.946043412709031 ], [ 175.797448293313039, -40.946060510094526 ], [ 175.797519203333707, -40.946063970173512 ], [ 175.798063857389195, -40.946100104782744 ], [ 175.800501075884256, -40.946304717228948 ], [ 175.800607161732927, -40.946258938581899 ], [ 175.80070514744915, -40.94622406443802 ], [ 175.801471295161036, -40.945975852539604 ], [ 175.802556532594195, -40.945657892902119 ], [ 175.802927760733638, -40.945554476673806 ], [ 175.802976302050496, -40.945541645245122 ], [ 175.803351863451297, -40.945447654864203 ], [ 175.803957490904196, -40.945304515397488 ], [ 175.804368489967715, -40.945213502551169 ], [ 175.80442218358516, -40.945202404612736 ], [ 175.806253519085715, -40.944938808970818 ], [ 175.806438864545584, -40.944923419728937 ], [ 175.808302030904258, -40.944880260804894 ], [ 175.808357619365609, -40.944882285055414 ], [ 175.808784852934423, -40.944903699486069 ], [ 175.809845781938179, -40.944971450717446 ], [ 175.810419904727553, -40.945018792101102 ], [ 175.810494299423368, -40.945026317863501 ], [ 175.811064710605393, -40.945094757462009 ], [ 175.811791964779957, -40.945195808157024 ], [ 175.811887968968165, -40.945209456971156 ], [ 175.811900439683797, -40.94521127018718 ], [ 175.81199629265987, -40.945225517004033 ], [ 175.812329743227792, -40.945276158057879 ], [ 175.812366925663724, -40.945281851715698 ], [ 175.812371757810581, -40.945282597740366 ], [ 175.81240891609562, -40.945288381385332 ], [ 175.812994781987953, -40.945380308431538 ], [ 175.813019514534005, -40.945384139981584 ], [ 175.813077777837094, -40.945381740645509 ], [ 175.814074204348202, -40.94536938916896 ], [ 175.814077234059482, -40.945369351889404 ], [ 175.816335337640055, -40.94534210190303 ], [ 175.816383081979893, -40.945341598042148 ], [ 175.81638928889285, -40.945341541997493 ], [ 175.816437035521318, -40.945341183632927 ], [ 175.817929064557433, -40.945332249053408 ], [ 175.81856903651709, -40.945325873128894 ], [ 175.819781290422839, -40.945360758174836 ], [ 175.819938167731266, -40.945371373989595 ], [ 175.821139412672181, -40.945499809316622 ], [ 175.824310071871508, -40.94596501904185 ], [ 175.827317008167597, -40.946402892447672 ], [ 175.827356156584642, -40.946408644404613 ], [ 175.827361244210152, -40.946409398632653 ], [ 175.827400366954805, -40.946415250184216 ], [ 175.828910776214144, -40.946643147354692 ], [ 175.829994778876284, -40.946803762687587 ], [ 175.830334241538026, -40.946857971480981 ], [ 175.830378226625442, -40.946865505562492 ], [ 175.830715457654691, -40.946927205722822 ], [ 175.83385714632405, -40.947538900069723 ], [ 175.833879654576663, -40.947543299933834 ], [ 175.833882579910494, -40.947543874086129 ], [ 175.833905076793513, -40.947548307334181 ], [ 175.834070374810835, -40.947581011830529 ], [ 175.836919597593322, -40.946860017890288 ], [ 175.83715790038147, -40.946829920559885 ], [ 175.840874491891498, -40.946807376807399 ], [ 175.841113399349894, -40.946834579545069 ], [ 175.844657351518691, -40.947683831859472 ], [ 175.844873487156548, -40.947765673091332 ], [ 175.845038456606147, -40.947855017418007 ], [ 175.845673495217341, -40.94754764539227 ], [ 175.846497900527027, -40.94714685739941 ], [ 175.847966463705177, -40.946539007125033 ], [ 175.848163749250546, -40.946470545476593 ], [ 175.849914384332067, -40.945984980499233 ], [ 175.849938362524597, -40.945979906512243 ], [ 175.850666188153639, -40.945871698940266 ], [ 175.850777331411479, -40.945829904874635 ], [ 175.850962156753582, -40.945772061412001 ], [ 175.852642799025404, -40.945354078022305 ], [ 175.852671567091818, -40.945348683538704 ], [ 175.852893384910146, -40.945308797370018 ], [ 175.854762357519888, -40.94498703989693 ], [ 175.855225559423161, -40.9449358475173 ], [ 175.857192557516157, -40.944622325891309 ], [ 175.858286563124011, -40.94444431320467 ], [ 175.858399255598499, -40.944334233056232 ], [ 175.858455785620833, -40.944222240359295 ], [ 175.858576368832473, -40.944063514713761 ], [ 175.858754207706824, -40.943896656920565 ], [ 175.85905312282361, -40.942981145871187 ], [ 175.859306623804116, -40.942315569807974 ], [ 175.859343914733415, -40.942230133096537 ], [ 175.859664119738056, -40.94158129803165 ], [ 175.859873743541954, -40.941201685093162 ], [ 175.859940971137462, -40.941082359842781 ], [ 175.859949857600071, -40.941066896095386 ], [ 175.860019344810269, -40.940948317538151 ], [ 175.860208254533632, -40.940632102181482 ], [ 175.86045776833933, -40.940206370589657 ], [ 175.860542347482607, -40.940065337433602 ], [ 175.860553549863539, -40.940047076178672 ], [ 175.860641315036389, -40.939907166948792 ], [ 175.860947306587576, -40.939429994216873 ], [ 175.861381163895345, -40.938749190072059 ], [ 175.861791398595415, -40.938091675418001 ], [ 175.861817636318108, -40.938049899605474 ], [ 175.861821065592721, -40.938044475428335 ], [ 175.862756199443311, -40.936821833348112 ], [ 175.862888957719662, -40.936675970004465 ], [ 175.864064751709464, -40.935579301837166 ], [ 175.864070223143045, -40.935574946623902 ], [ 175.864112424544459, -40.935541526954793 ], [ 175.865475104677103, -40.934467915641804 ], [ 175.866663078713344, -40.932047936010996 ], [ 175.86678171946636, -40.931888379622769 ], [ 175.869090743501943, -40.929680406621735 ], [ 175.869268579862421, -40.929556459748618 ], [ 175.87236408093969, -40.927997617628741 ], [ 175.872583706053007, -40.927921409360913 ], [ 175.876162735925988, -40.927164237076667 ], [ 175.876402657968583, -40.927143224482435 ], [ 175.880115006712458, -40.927261811736024 ], [ 175.880351750136214, -40.927298050952984 ], [ 175.881772344751056, -40.927698960696247 ], [ 175.884046615992759, -40.927087338092463 ], [ 175.884178607421489, -40.927052501465539 ], [ 175.884195800836352, -40.927048049422353 ], [ 175.884328323484908, -40.927014393076448 ], [ 175.885127662875476, -40.926815342914061 ], [ 175.88605803334778, -40.926571605957342 ], [ 175.886149024681032, -40.926548079907434 ], [ 175.886160869677042, -40.926545057877171 ], [ 175.886252109052094, -40.926522091153615 ], [ 175.887010728423348, -40.926333710349923 ], [ 175.887733459779469, -40.926149134694406 ], [ 175.887794343498712, -40.926133724383639 ], [ 175.887802265460522, -40.926131737277615 ], [ 175.887863258077005, -40.926116576726329 ], [ 175.888423617068923, -40.925978560714832 ], [ 175.88857579092749, -40.925939783062447 ], [ 175.889321400203471, -40.925638430918561 ], [ 175.889357549267004, -40.925623880994308 ], [ 175.889362252928635, -40.925621995649585 ], [ 175.889398467889947, -40.92560754027037 ], [ 175.890251505634552, -40.925268463168187 ], [ 175.891641643611848, -40.924799337499792 ], [ 175.891826758922122, -40.924747362903709 ], [ 175.893284551570673, -40.924416878556833 ], [ 175.894215781724057, -40.924254217177648 ], [ 175.89515052669924, -40.92408841396152 ], [ 175.895181161550795, -40.924083012311904 ], [ 175.895185145302349, -40.924082314097781 ], [ 175.895215798936249, -40.924076973991625 ], [ 175.896165865658816, -40.92391246464102 ], [ 175.897056113864011, -40.923756135769409 ], [ 175.897375200077192, -40.923698946178433 ], [ 175.897660954981376, -40.923222559901262 ], [ 175.897847026707836, -40.922738427851243 ], [ 175.897893885403079, -40.922619560052418 ], [ 175.897900117035732, -40.922604139790486 ], [ 175.897949129608236, -40.922485772789216 ], [ 175.89809514269524, -40.922141456680521 ], [ 175.898101904796647, -40.922125561325068 ], [ 175.898102786394702, -40.922123495548682 ], [ 175.898109587340258, -40.922107609728975 ], [ 175.898380011629399, -40.921477927208478 ], [ 175.899011525128884, -40.920298030403387 ], [ 175.899107468408857, -40.920149800779271 ], [ 175.900057370226421, -40.918933822587867 ], [ 175.900071221319706, -40.918918900152043 ], [ 175.900104828633062, -40.918888138217945 ], [ 175.900989175724703, -40.91768730294978 ], [ 175.901138473333191, -40.917543328024905 ], [ 175.903863786757398, -40.915628124006197 ], [ 175.904064418155627, -40.915526187047725 ], [ 175.907436395230917, -40.914343467838307 ], [ 175.90766872514584, -40.914293543758021 ], [ 175.911357392868439, -40.913959040315852 ], [ 175.911598687752985, -40.913966014188929 ], [ 175.915243120762625, -40.914512458566101 ], [ 175.915469770859659, -40.914575648148521 ], [ 175.918713365167207, -40.915949573828073 ], [ 175.918903191830793, -40.916062796184043 ], [ 175.9214285188269, -40.918129762876227 ], [ 175.92156294268031, -40.918281938652704 ], [ 175.923122791852563, -40.920839673499465 ], [ 175.923188650633506, -40.921015910061008 ], [ 175.923401187759879, -40.922362720718567 ], [ 175.923749196431629, -40.922468527616815 ], [ 175.924789902150962, -40.922017753232822 ], [ 175.925015768691708, -40.921952917569037 ], [ 175.927853597440532, -40.921505981554724 ], [ 175.928046089357053, -40.921201334943497 ], [ 175.928632374396273, -40.920384525302516 ], [ 175.928715604564701, -40.920281603387309 ], [ 175.929811515213089, -40.919138467738179 ], [ 175.929865436819824, -40.919090618837117 ], [ 175.931183564999458, -40.918091583994418 ], [ 175.931304643751787, -40.91801320562405 ], [ 175.932277096693269, -40.917446812218579 ], [ 175.932617105252262, -40.917269158506471 ], [ 175.931977591240383, -40.916335258302603 ], [ 175.931901170793338, -40.916161492884626 ], [ 175.931291267214277, -40.913381572334039 ], [ 175.931289374633764, -40.913198397585695 ], [ 175.931841711546753, -40.910411562017302 ], [ 175.931914522180705, -40.91023690829487 ], [ 175.933574889604472, -40.907715934179755 ], [ 175.93371526822861, -40.907566895569786 ], [ 175.936321049287699, -40.905558507089033 ], [ 175.93651525160891, -40.90544966897501 ], [ 175.939811374388768, -40.904150404636212 ], [ 175.940040393596917, -40.904092417336869 ], [ 175.943704299294438, -40.9036294130062 ], [ 175.943945725409264, -40.903627950589375 ], [ 175.945084754339831, -40.903757756595148 ], [ 175.945484336681261, -40.903661158418309 ], [ 175.945723009588363, -40.903633534297569 ], [ 175.949437319306213, -40.903649533951821 ], [ 175.94967556365998, -40.903679212449681 ], [ 175.953201645076206, -40.904565161143672 ], [ 175.953416149192179, -40.904649238423779 ], [ 175.956408964381183, -40.906318448530598 ], [ 175.956578736704444, -40.906448697621485 ], [ 175.95818323547374, -40.908143931119717 ], [ 175.959501106778163, -40.907825834922427 ], [ 175.959669259075611, -40.907796032912621 ], [ 175.96151111541846, -40.90758346279226 ], [ 175.961580313496682, -40.907579653351497 ], [ 175.961862353439528, -40.907568955417517 ], [ 175.962292103232414, -40.907319451140609 ], [ 175.962818848547698, -40.907030622507968 ], [ 175.962888627883558, -40.9069945241448 ], [ 175.963435410919004, -40.906727993247074 ], [ 175.964375800497635, -40.906296709021824 ], [ 175.964442432831902, -40.906266374848052 ], [ 175.964451111947767, -40.906262452951992 ], [ 175.964518004473575, -40.906232450263367 ], [ 175.965426498691386, -40.90582800333015 ], [ 175.965794311898719, -40.905663257263498 ], [ 175.965900178833635, -40.905589342233192 ], [ 175.965903200419717, -40.905587233316226 ], [ 175.966766181445479, -40.904985439443394 ], [ 175.967952428969681, -40.904259044918795 ], [ 175.968113977788022, -40.904172498016301 ], [ 175.969715387650837, -40.903450305905444 ], [ 175.969754963963965, -40.903435512823435 ], [ 175.971485531294093, -40.902912257282864 ], [ 175.971674416986758, -40.902867816458439 ], [ 175.973156363107222, -40.902596874947299 ], [ 175.973821651052219, -40.902509069908106 ], [ 175.973922721140525, -40.902496071120133 ], [ 175.973935869619993, -40.902494424343281 ], [ 175.97403708383203, -40.902482088102701 ], [ 175.974948774428839, -40.902374026251934 ], [ 175.976059287343617, -40.902282742875279 ], [ 175.976204069332312, -40.902276048912817 ], [ 175.977320973047853, -40.90226434820341 ], [ 175.977478227402258, -40.902268316707783 ], [ 175.977784767858054, -40.902197977245102 ], [ 175.9792019436521, -40.901867313908916 ], [ 175.979514198045791, -40.901797993047921 ], [ 175.979554946181821, -40.901789404960425 ], [ 175.979869586219166, -40.901726601391864 ], [ 175.981028262770394, -40.901508151066842 ], [ 175.982182460295604, -40.901286600149014 ], [ 175.982196842606413, -40.901283846600805 ], [ 175.982198712598489, -40.901283489526243 ], [ 175.982213099397029, -40.901280749619424 ], [ 175.983315858573746, -40.901071283182283 ], [ 175.984302150445018, -40.900878720947489 ], [ 175.985341059553093, -40.900673381154888 ], [ 175.985395096116633, -40.900662803411826 ], [ 175.98540212508982, -40.900661440838732 ], [ 175.985456226575451, -40.90065105591875 ], [ 175.986401921694323, -40.900471316083326 ], [ 175.98715097065687, -40.900319922785741 ], [ 175.987282636199211, -40.900293922914273 ], [ 175.987299777675361, -40.900290617449585 ], [ 175.987431827152903, -40.900265764017696 ], [ 175.988281717039456, -40.900109716660658 ], [ 175.988345282465616, -40.900098185646684 ], [ 175.988353551345568, -40.90009670388298 ], [ 175.988417199457302, -40.900085438532507 ], [ 175.989452398801518, -40.899904487071467 ], [ 175.989561899075994, -40.899885759165485 ], [ 175.989576148957838, -40.899883375647548 ], [ 175.989685877636134, -40.899865434046475 ], [ 175.990696710068761, -40.899703939312793 ], [ 175.991741501679343, -40.89952856653175 ], [ 175.992732997389226, -40.899361124111664 ], [ 175.993616548945198, -40.89920321358165 ], [ 175.993732766659747, -40.899182909272085 ], [ 175.993747892049754, -40.899180327351516 ], [ 175.993759615449875, -40.899178373043377 ], [ 175.993856911257694, -40.897935722563439 ], [ 175.993908751170579, -40.897756812799514 ], [ 175.995263868045072, -40.895132900877655 ], [ 175.995386023131999, -40.894974901227656 ], [ 175.995780560690633, -40.894610408250912 ], [ 175.996141036812332, -40.893923169476821 ], [ 175.996189180328201, -40.893848937097559 ], [ 175.997140240770023, -40.892633615078353 ], [ 175.997216974364164, -40.892551079374989 ], [ 175.998406821969496, -40.891463606904374 ], [ 175.998482833659551, -40.891404295437404 ], [ 175.999088800242646, -40.890963746120953 ], [ 176.000740803676649, -40.889844920314161 ], [ 176.000774938332029, -40.889821891210794 ], [ 176.000779383408656, -40.889818903916975 ], [ 176.000813634547512, -40.889795974653772 ], [ 176.00159058551813, -40.88927785520265 ], [ 176.002739316875761, -40.888617126929326 ], [ 176.000897933022827, -40.888518687837596 ], [ 176.000662766939797, -40.888477386643672 ], [ 175.99722040690537, -40.88742023907114 ], [ 175.997013577015366, -40.887325803548883 ], [ 175.994838057111508, -40.885938779316632 ], [ 175.993977551555815, -40.886170804285513 ], [ 175.993744468227248, -40.886218398486477 ], [ 175.990051772216361, -40.88651581498597 ], [ 175.989810717055207, -40.886506408788442 ], [ 175.986177697725338, -40.885923136607673 ], [ 175.985952276720042, -40.885857651252138 ], [ 175.982734696086368, -40.884450809639652 ], [ 175.98254698228024, -40.884335657855274 ], [ 175.980059873068825, -40.882243008048327 ], [ 175.97992824312081, -40.882089465349196 ], [ 175.978415043085818, -40.879515906511884 ], [ 175.978352377701412, -40.879339006074026 ], [ 175.977961107086685, -40.876536496934605 ], [ 175.977973531752951, -40.876353556765409 ], [ 175.978742343157677, -40.873596436537632 ], [ 175.978828631839008, -40.8734253635972 ], [ 175.980682132002471, -40.870983493906941 ], [ 175.980833830904913, -40.870841031441358 ], [ 175.983590512893841, -40.868953389766084 ], [ 175.983792770750824, -40.868853479342214 ], [ 175.985428259897105, -40.86817787625467 ], [ 175.98721748542161, -40.867571588526417 ], [ 175.988177694752096, -40.867283543682355 ], [ 175.988304429119694, -40.867250286956931 ], [ 175.989293980187938, -40.867026689620715 ], [ 175.990551873125526, -40.866787133854153 ], [ 175.990552550379107, -40.866787004888252 ], [ 175.99168427057495, -40.866571559674483 ], [ 175.992092010611628, -40.866499713747729 ], [ 175.992145217242268, -40.866491086237531 ], [ 175.99255604082299, -40.866430201227395 ], [ 175.992569055910195, -40.866428452661509 ], [ 175.992852641294519, -40.866236449225788 ], [ 175.993055632641699, -40.866137408944958 ], [ 175.996454045558295, -40.865003291983811 ], [ 175.996687409918422, -40.864956711746792 ], [ 176.000381079812996, -40.864675227425032 ], [ 176.000621982537524, -40.864685665106265 ], [ 176.00424949514391, -40.865284357569216 ], [ 176.004474364798455, -40.865350791991787 ], [ 176.006151170659535, -40.865965161660874 ], [ 176.006693594988718, -40.866205428453704 ], [ 176.006920739216781, -40.866308636168704 ], [ 176.006950067204912, -40.866322301517911 ], [ 176.007174122802724, -40.866429329951252 ], [ 176.008138195370407, -40.866901323809515 ], [ 176.009121243626367, -40.867346302127309 ], [ 176.009136624661721, -40.867353276217791 ], [ 176.00913862329088, -40.867354183993506 ], [ 176.009153990396499, -40.867361175683335 ], [ 176.009810389895051, -40.86766033106548 ], [ 176.011173957694325, -40.868183176818938 ], [ 176.011185748508723, -40.868187704033957 ], [ 176.011187280879795, -40.868188293218438 ], [ 176.011199065005144, -40.868192830380053 ], [ 176.013408663373042, -40.869044719389294 ], [ 176.013418257376543, -40.869048422224907 ], [ 176.013708675886903, -40.869160829670065 ], [ 176.014942907012966, -40.86881972344316 ], [ 176.014944613742927, -40.868819364807472 ], [ 176.016786077544481, -40.868549155496531 ], [ 176.016891572168447, -40.868540161489683 ], [ 176.01699703928179, -40.868530983532914 ], [ 176.018871434119546, -40.868481113796385 ], [ 176.018873203301894, -40.868481173021813 ], [ 176.020734541816552, -40.868656100822768 ], [ 176.020838535564963, -40.868672290736832 ], [ 176.020942578054246, -40.8686882992534 ], [ 176.022732807721525, -40.869076891626314 ], [ 176.023660831124147, -40.869339675414238 ], [ 176.024624801052852, -40.869604326301243 ], [ 176.02467793925311, -40.86961902350626 ], [ 176.024684841182818, -40.869620946626732 ], [ 176.024737886516988, -40.869635835890513 ], [ 176.025465105568117, -40.86984145219823 ], [ 176.02548364383091, -40.869846707057498 ], [ 176.025486053052987, -40.86984739171389 ], [ 176.025504579745558, -40.869852670029722 ], [ 176.026567966294266, -40.870156394131669 ], [ 176.026626629608984, -40.870173283691258 ], [ 176.026634248142301, -40.87017549462113 ], [ 176.026692793033362, -40.870192619367529 ], [ 176.027320857838333, -40.870377778879934 ], [ 176.027458997893234, -40.870416456203124 ], [ 176.030007192107576, -40.870723186191825 ], [ 176.030236686815073, -40.870779822319399 ], [ 176.033544412805554, -40.872059637840565 ], [ 176.03373962944903, -40.872167329926121 ], [ 176.034928976390489, -40.873070352766767 ], [ 176.035029057369854, -40.873104180001199 ], [ 176.035112710858158, -40.87313866050291 ], [ 176.035745411516956, -40.873418977686271 ], [ 176.035804052013191, -40.873446834731766 ], [ 176.037300177271362, -40.874288373651332 ], [ 176.03748220608577, -40.874408646598368 ], [ 176.039866915086066, -40.876568726221286 ], [ 176.039991081335444, -40.876725807047634 ], [ 176.04107306784482, -40.878762200646356 ], [ 176.042583885373887, -40.878592470084222 ], [ 176.043335189351382, -40.878506218331879 ], [ 176.043335326768414, -40.878506202556196 ], [ 176.045759414496018, -40.878227915666301 ], [ 176.047415653722112, -40.877313084772688 ], [ 176.047826738418649, -40.877095933681488 ], [ 176.047880940062811, -40.877068572244134 ], [ 176.048303726866521, -40.876864778101549 ], [ 176.049105268481469, -40.876496187983541 ], [ 176.049214323957642, -40.876448797147916 ], [ 176.051456716382461, -40.874923973911272 ], [ 176.051614135968038, -40.874818812764182 ], [ 176.051634758005093, -40.874805280108284 ], [ 176.051794600529519, -40.87470224654561 ], [ 176.052126417405731, -40.874492159417301 ], [ 176.052303894765259, -40.874396661633853 ], [ 176.053331840673195, -40.872190056712633 ], [ 176.053446893840686, -40.8720290302604 ], [ 176.055705604024155, -40.869792364055726 ], [ 176.055880567635683, -40.869666203061179 ], [ 176.057708482329161, -40.868711515724605 ], [ 176.058710959918784, -40.86696749989774 ], [ 176.058840876104142, -40.866813129837361 ], [ 176.061304287721953, -40.864704776260055 ], [ 176.061490672128372, -40.864588434133417 ], [ 176.064691569549723, -40.863161084339872 ], [ 176.064916179623566, -40.863094154906996 ], [ 176.068541311852414, -40.862487479343912 ], [ 176.068782168536103, -40.862476511680356 ], [ 176.070349792161437, -40.862592512661557 ], [ 176.071246260021127, -40.86196459075763 ], [ 176.071447011686104, -40.861862963825381 ], [ 176.074819569531883, -40.860685474856929 ], [ 176.075051853749613, -40.860635912311253 ], [ 176.076878167995517, -40.860361410140257 ], [ 176.077438683926715, -40.860311426971926 ], [ 176.079035482936916, -40.860251363400231 ], [ 176.079242815816855, -40.860254183410206 ], [ 176.081095920243428, -40.860390290227208 ], [ 176.081129675092257, -40.860394820581803 ], [ 176.082931937719536, -40.860749313258353 ], [ 176.083127979871449, -40.860800631631108 ], [ 176.084835041813449, -40.861364782574846 ], [ 176.084865301792803, -40.861377009531282 ], [ 176.086435140034638, -40.862136935300221 ], [ 176.086600708103191, -40.862231730671638 ], [ 176.087809464691048, -40.863026213978394 ], [ 176.087846793534908, -40.863054304740629 ], [ 176.088024351146629, -40.863044980015168 ], [ 176.088158891299088, -40.863038497064437 ], [ 176.088176387259182, -40.86303772973038 ], [ 176.088311015725566, -40.863032407541581 ], [ 176.088793761684627, -40.863015409267192 ], [ 176.092581446536286, -40.862754849213388 ], [ 176.093340196526782, -40.862310149589 ], [ 176.095165712039346, -40.861183748496131 ], [ 176.095338841956959, -40.861040573907545 ], [ 176.096278045635614, -40.860345271505963 ], [ 176.096406339132216, -40.860260274515447 ], [ 176.09654093428739, -40.860180609001695 ], [ 176.096564417151399, -40.860104267438068 ], [ 176.097128744084046, -40.858757277869309 ], [ 176.097219693019213, -40.858587603501419 ], [ 176.099139449429032, -40.856175535418004 ], [ 176.099294995409707, -40.856035500879479 ], [ 176.101442358599797, -40.854625284712569 ], [ 176.10315254264367, -40.852905569670462 ], [ 176.103326249730117, -40.852778444412301 ], [ 176.106368618842737, -40.851164141659481 ], [ 176.106585551025148, -40.851083990647268 ], [ 176.11013587150282, -40.850262456738427 ], [ 176.110374800150282, -40.85023712285836 ], [ 176.114076732886502, -40.850288620941761 ], [ 176.114180232718724, -40.850169966055013 ], [ 176.114777443638076, -40.849444862594865 ], [ 176.115216658381456, -40.848948965056216 ], [ 176.1152765076435, -40.848886006639773 ], [ 176.115758050626823, -40.848413312976689 ], [ 176.116379271645371, -40.847843596384457 ], [ 176.116606894688545, -40.847641014073638 ], [ 176.116636991703359, -40.847615016205474 ], [ 176.116872399651896, -40.847417631297382 ], [ 176.117847281121868, -40.846624092231643 ], [ 176.117885372521044, -40.846593231418609 ], [ 176.117890336776384, -40.846589228363065 ], [ 176.117928618536382, -40.846558503706035 ], [ 176.118905785324472, -40.84577790203101 ], [ 176.119972000399713, -40.844925231907006 ], [ 176.120848507635486, -40.844207449687552 ], [ 176.120858721200506, -40.8441990961526 ], [ 176.120860049866735, -40.844198010832514 ], [ 176.120870277320421, -40.844189667135161 ], [ 176.122872696642588, -40.842558078621714 ], [ 176.12305927202226, -40.842409481623569 ], [ 176.123083813492684, -40.842390376412858 ], [ 176.123274799196111, -40.842245047084745 ], [ 176.123795705795288, -40.841857595375863 ], [ 176.123981917245686, -40.84169644758785 ], [ 176.124020815669439, -40.841664030079912 ], [ 176.124326184152267, -40.841418921025671 ], [ 176.126311726207376, -40.839883772782677 ], [ 176.126374967965802, -40.839835244101501 ], [ 176.126383220751052, -40.839828959124539 ], [ 176.126446944919479, -40.839780795851844 ], [ 176.128480311979075, -40.838255509693489 ], [ 176.128855189557129, -40.837965317027546 ], [ 176.129616358552056, -40.837324994183994 ], [ 176.12963978430875, -40.837305345511091 ], [ 176.129642834598087, -40.837302794591565 ], [ 176.129666336369951, -40.837283198348523 ], [ 176.130681163084688, -40.836439496828405 ], [ 176.130695897967456, -40.836427269001625 ], [ 176.130697815425634, -40.836425680724126 ], [ 176.130712579899523, -40.836413473512529 ], [ 176.131643241311679, -40.83564541277871 ], [ 176.132222309352471, -40.835150307984343 ], [ 176.133030973604576, -40.834427517299893 ], [ 176.133066985755391, -40.834395480949354 ], [ 176.133071680128069, -40.834391324559576 ], [ 176.133107889095299, -40.834359416451854 ], [ 176.133954039820594, -40.833617274474484 ], [ 176.134147352864687, -40.833451868013995 ], [ 176.134172827234721, -40.833430602702613 ], [ 176.134371427573711, -40.833268850517101 ], [ 176.135282088008665, -40.832545158749738 ], [ 176.136184085836419, -40.831818573626535 ], [ 176.13646974472303, -40.831596269876385 ], [ 176.136507525144339, -40.831567865204555 ], [ 176.136803103510204, -40.83135317397705 ], [ 176.137684396336027, -40.830734782313186 ], [ 176.13848529070907, -40.830165882993541 ], [ 176.138519211456185, -40.830122660316043 ], [ 176.139143746638098, -40.829302263131787 ], [ 176.139319639175284, -40.829078724513074 ], [ 176.139343053306419, -40.829049921583298 ], [ 176.139527378153275, -40.828830338191516 ], [ 176.139750099077816, -40.828573285684158 ], [ 176.139891873233495, -40.828336305630707 ], [ 176.139918951801121, -40.828291370388293 ], [ 176.139922493080888, -40.828285536185462 ], [ 176.139949895739818, -40.828240714460975 ], [ 176.140134368306576, -40.827941130312226 ], [ 176.14040960688763, -40.827467652409162 ], [ 176.140498958161487, -40.827317668833665 ], [ 176.14051080737147, -40.827298253213463 ], [ 176.140603751628845, -40.827149534936574 ], [ 176.141580366324945, -40.825622992347789 ], [ 176.14165572935633, -40.825507305184843 ], [ 176.141665667872218, -40.825492319940601 ], [ 176.142630674161808, -40.824283748225604 ], [ 176.142758770391367, -40.824148521628295 ], [ 176.143960739838263, -40.823069490285491 ], [ 176.14397628697742, -40.823057571081151 ], [ 176.144096744922308, -40.822966535739184 ], [ 176.144510817017135, -40.82265805300672 ], [ 176.144926342832434, -40.822335630267283 ], [ 176.145272953064421, -40.822030563436719 ], [ 176.145680726766614, -40.82172399314787 ], [ 176.145676610321146, -40.821721125317993 ], [ 176.146380765038231, -40.821137827815235 ], [ 176.145986179124719, -40.821038536600042 ], [ 176.143763303227217, -40.820483836852979 ], [ 176.142120136251521, -40.819967126734653 ], [ 176.141914339832766, -40.819888195638583 ], [ 176.140391411410945, -40.819190582973299 ], [ 176.138052599540345, -40.817928308987348 ], [ 176.138052322161116, -40.817928159273634 ], [ 176.136602083550173, -40.817145323023205 ], [ 176.135782731862946, -40.816660641948523 ], [ 176.135680049606833, -40.816594213601228 ], [ 176.134362523264656, -40.815596179934857 ], [ 176.134292917807727, -40.815534445846751 ], [ 176.133197155108832, -40.814392101791171 ], [ 176.133126523809295, -40.814304816573468 ], [ 176.132621948500457, -40.813615297108768 ], [ 176.132017278806643, -40.812696389357917 ], [ 176.13196370856582, -40.812617384746545 ], [ 176.129230488574478, -40.812098655976584 ], [ 176.129008589350292, -40.81202700142692 ], [ 176.125863833949893, -40.810532396910439 ], [ 176.12568194896869, -40.810412145627367 ], [ 176.123299151384543, -40.808252283000819 ], [ 176.123175086046189, -40.80809520969941 ], [ 176.121787462904905, -40.805481566584497 ], [ 176.121733356833857, -40.805303049913931 ], [ 176.121476628924, -40.802491505900278 ], [ 176.121497769477287, -40.802309021844586 ], [ 176.122396918289411, -40.799574796708228 ], [ 176.122491226402985, -40.799406207332183 ], [ 176.123350962704762, -40.798152749149779 ], [ 176.123957074598309, -40.79741645950854 ], [ 176.124551123823437, -40.79679780166407 ], [ 176.124513427185349, -40.796606142388427 ], [ 176.124136488497072, -40.794475178354915 ], [ 176.124124244109737, -40.794403795404321 ], [ 176.124122701156296, -40.794394510935035 ], [ 176.124111207797256, -40.794323055896527 ], [ 176.123918720013393, -40.793085278579433 ], [ 176.123897160522972, -40.792935969285111 ], [ 176.123894570917997, -40.792916542666958 ], [ 176.123876290324063, -40.792766980913065 ], [ 176.123796017045976, -40.79204490186553 ], [ 176.123755300400006, -40.791821525154589 ], [ 176.123108917529919, -40.790506938178076 ], [ 176.123060902460139, -40.790327419583811 ], [ 176.122899768419529, -40.787511770147297 ], [ 176.122927092167174, -40.787329760846333 ], [ 176.123918557512923, -40.784614068180943 ], [ 176.124018535875507, -40.784447383580236 ], [ 176.12606542170866, -40.782097448284674 ], [ 176.126228261751692, -40.781962401776212 ], [ 176.129130147997216, -40.780208199480285 ], [ 176.129339909080102, -40.780118006664622 ], [ 176.131357506974268, -40.779544725208211 ], [ 176.132159179973627, -40.777949919986263 ], [ 176.132279353541719, -40.777791132208904 ], [ 176.134608050615185, -40.775598150692595 ], [ 176.134786880194781, -40.775475360110185 ], [ 176.134921050459297, -40.775408896488109 ], [ 176.135212015110653, -40.774351190018194 ], [ 176.135214884807056, -40.774340788629253 ], [ 176.135215258916759, -40.774339436615975 ], [ 176.135218144754475, -40.774329037800776 ], [ 176.135390198198479, -40.773710860622799 ], [ 176.135403313748952, -40.773664343649635 ], [ 176.135405039762162, -40.773658299907723 ], [ 176.135418478260675, -40.773611836236057 ], [ 176.135646593121066, -40.772832930013514 ], [ 176.135538005609277, -40.772752834887662 ], [ 176.135393441143748, -40.772606273073428 ], [ 176.13366079625186, -40.770114721010145 ], [ 176.133582888974615, -40.76994136937239 ], [ 176.132947859772258, -40.767164705104712 ], [ 176.13294422792751, -40.766981534693308 ], [ 176.133468833887378, -40.764191575030246 ], [ 176.133539823148737, -40.764016515853051 ], [ 176.135172569056863, -40.761486344267681 ], [ 176.135311222447825, -40.761336530173061 ], [ 176.137892193767186, -40.75931377208034 ], [ 176.13808493573228, -40.759203864403808 ], [ 176.139950863792308, -40.758453650659689 ], [ 176.141326141458137, -40.757426885436836 ], [ 176.1415223318985, -40.75732056987313 ], [ 176.144839906404513, -40.756064073374382 ], [ 176.145069691920753, -40.756009054907864 ], [ 176.14873543489756, -40.755593507279258 ], [ 176.148976330613664, -40.755595169464904 ], [ 176.152631557266659, -40.75606123243606 ], [ 176.15285999245765, -40.756119412732559 ], [ 176.156147044514711, -40.757421484556247 ], [ 176.156340666122816, -40.757530490173636 ], [ 176.158937868179834, -40.759541161908516 ], [ 176.159077725921065, -40.759690326179467 ], [ 176.159364478275478, -40.760127900429559 ], [ 176.162502786072224, -40.760165970699028 ], [ 176.162565825103542, -40.760166862131555 ], [ 176.162574019715493, -40.760166994596318 ], [ 176.162637051637518, -40.760168141083533 ], [ 176.166162449270757, -40.760239347507493 ], [ 176.167331788031305, -40.760329638440254 ], [ 176.16747510175523, -40.760183349117476 ], [ 176.167511936251771, -40.76014724244331 ], [ 176.167802406628539, -40.759873703518174 ], [ 176.168933198254791, -40.758850318215011 ], [ 176.169647533979997, -40.758259399015742 ], [ 176.16974470870511, -40.758185874404965 ], [ 176.171161230743991, -40.757270529529386 ], [ 176.171245973985776, -40.757223954333966 ], [ 176.172833327498978, -40.756488357121022 ], [ 176.172955620174974, -40.756441261393221 ], [ 176.174674727829597, -40.75590351786942 ], [ 176.174774247460732, -40.755879132127809 ], [ 176.176582793632946, -40.755552478743375 ], [ 176.176718236770228, -40.755536420293197 ], [ 176.177743247045498, -40.755450246387284 ], [ 176.17898797224413, -40.754529351369371 ], [ 176.179257671124674, -40.754309620245621 ], [ 176.179503416830414, -40.754100335353883 ], [ 176.179707257648118, -40.753931125120523 ], [ 176.179734120999711, -40.753909387985253 ], [ 176.179786066252291, -40.753868413738196 ], [ 176.179538306662778, -40.75350881722192 ], [ 176.177966405345018, -40.752869798937091 ], [ 176.176563023612403, -40.752301846147752 ], [ 176.175464077532638, -40.751859657348604 ], [ 176.173894424320878, -40.751102565571259 ], [ 176.173701751209478, -40.750992610361415 ], [ 176.171122099820082, -40.748969149326456 ], [ 176.170983546944797, -40.748819293857146 ], [ 176.16935250207726, -40.74628860317349 ], [ 176.16928162851454, -40.746113519786952 ], [ 176.168758755061958, -40.743323364643061 ], [ 176.168762490212913, -40.743140193719796 ], [ 176.169398826548786, -40.74036370825015 ], [ 176.169476794974173, -40.740190379626256 ], [ 176.171209912027734, -40.737699325188395 ], [ 176.171354473948099, -40.737552803139614 ], [ 176.174014639665472, -40.735590974219718 ], [ 176.174211641729812, -40.735485597773391 ], [ 176.177538467095189, -40.734244975743415 ], [ 176.177768628808877, -40.734191056438462 ], [ 176.181080860504721, -40.733831641230083 ], [ 176.18183273001776, -40.733431354052961 ], [ 176.182049206056234, -40.733351082273508 ], [ 176.18559252400118, -40.732527587509217 ], [ 176.185831009659466, -40.732502122623046 ], [ 176.189535416905613, -40.732551724337462 ], [ 176.189772577019141, -40.732583558098995 ], [ 176.193275609643649, -40.733501404330084 ], [ 176.193488238511975, -40.733587421979891 ], [ 176.194286001926827, -40.734044784633085 ], [ 176.195762752387935, -40.734139015329347 ], [ 176.195996636142638, -40.734182696049743 ], [ 176.199412407342663, -40.735274553505697 ], [ 176.199617108088091, -40.735371067213038 ], [ 176.202422298221023, -40.737212317949442 ], [ 176.202577782682937, -40.737352220556694 ], [ 176.204497820264436, -40.739762685904395 ], [ 176.204588866787731, -40.739932286394755 ], [ 176.205435734345286, -40.742676062369199 ], [ 176.205453423562773, -40.742858761584159 ], [ 176.205444071052028, -40.744272285010794 ], [ 176.205339441598596, -40.745222247980465 ], [ 176.205337029155942, -40.745243838743995 ], [ 176.205336711100102, -40.745246645252244 ], [ 176.205334230376025, -40.745268231538816 ], [ 176.205223691310408, -40.746216928230801 ], [ 176.205121885755062, -40.747147772536266 ], [ 176.204916418257113, -40.748228274744662 ], [ 176.204878633381583, -40.748366995447746 ], [ 176.204563862502368, -40.749249451003053 ], [ 176.204763731965585, -40.749909835901938 ], [ 176.204769542077798, -40.749939535697443 ], [ 176.204783069293256, -40.750015349297698 ], [ 176.205727279685988, -40.750447497502208 ], [ 176.205911703018643, -40.75056535043602 ], [ 176.208341172286509, -40.752693664972696 ], [ 176.208468691281098, -40.752849087193539 ], [ 176.209914554103676, -40.755444134404101 ], [ 176.209972681885148, -40.755621915380068 ], [ 176.210293301776971, -40.758429713389553 ], [ 176.210276339651301, -40.758612452329935 ], [ 176.210240587765895, -40.758729856867816 ], [ 176.21041220364873, -40.758711114595251 ], [ 176.210451648206799, -40.758707201473641 ], [ 176.210755579075141, -40.758680080239273 ], [ 176.212621765478389, -40.758532087150677 ], [ 176.214298935873728, -40.758489921920841 ], [ 176.214516383655649, -40.758496178911464 ], [ 176.216184568561431, -40.758634605716992 ], [ 176.219452903506237, -40.759085696585331 ], [ 176.22094941968183, -40.75936981185216 ], [ 176.221139987894105, -40.759416198884594 ], [ 176.222575293396517, -40.759845731116776 ], [ 176.224056951749702, -40.760376229976174 ], [ 176.224260407601207, -40.760450884207124 ], [ 176.224286732805552, -40.760460780089268 ], [ 176.224488280105078, -40.760538370202781 ], [ 176.225684806270181, -40.76100993978433 ], [ 176.225771254511756, -40.761044353811918 ], [ 176.225782468367754, -40.761048862746108 ], [ 176.225868540988614, -40.761083816936853 ], [ 176.227171262592435, -40.761618095912283 ], [ 176.22723439224157, -40.761644174582344 ], [ 176.227242585505195, -40.761647583696998 ], [ 176.228798385761053, -40.762421339509345 ], [ 176.228981746334767, -40.762529045582141 ], [ 176.229666937660141, -40.763001232410183 ], [ 176.230298989505883, -40.763320416880688 ], [ 176.231139960775181, -40.763786833602367 ], [ 176.231245577049293, -40.763850998503322 ], [ 176.23260247203811, -40.764817290142233 ], [ 176.232674240107883, -40.764877100691962 ], [ 176.233815660142426, -40.765992874299805 ], [ 176.233890035055566, -40.766078712303262 ], [ 176.23442396781752, -40.766758130659447 ], [ 176.234954793232305, -40.767506392387425 ], [ 176.235735485937511, -40.767219431858436 ], [ 176.235790257365238, -40.767199430830054 ], [ 176.235797386372042, -40.767196844592206 ], [ 176.235852291972378, -40.767177057346203 ], [ 176.236423404867992, -40.766972595539237 ], [ 176.236764754542975, -40.766475924130546 ], [ 176.236908374875014, -40.766328830989629 ], [ 176.239556242793441, -40.764356486241077 ], [ 176.239752607394678, -40.76425033065884 ], [ 176.24307235728179, -40.762996546096915 ], [ 176.243302247956223, -40.762941715859789 ], [ 176.24696901138492, -40.76252917664717 ], [ 176.247209932969213, -40.762531036881853 ], [ 176.249177151121586, -40.762783520325449 ], [ 176.249553726751685, -40.762771936311992 ], [ 176.249793024631401, -40.762793255887132 ], [ 176.249968792001823, -40.762830778581431 ], [ 176.253109645420835, -40.762910251099832 ], [ 176.253346230382704, -40.762944907677337 ], [ 176.25550240372047, -40.763538506040412 ], [ 176.257066334777647, -40.763622185514919 ], [ 176.257267696241684, -40.763645134507712 ], [ 176.25907897898017, -40.7639636925663 ], [ 176.259114948201386, -40.763972327887743 ], [ 176.259390564908387, -40.764041329503257 ], [ 176.259540306893427, -40.764080369389283 ], [ 176.259787319750501, -40.763895018878088 ], [ 176.260664359540442, -40.763299260854019 ], [ 176.260783142148313, -40.763226299986542 ], [ 176.261733527463633, -40.762699582518231 ], [ 176.262624356505626, -40.762255600043368 ], [ 176.262791184763728, -40.762173962849793 ], [ 176.262812987749271, -40.762163488806465 ], [ 176.262981590041306, -40.762083986869527 ], [ 176.263821633634905, -40.761695236976962 ], [ 176.264116383169039, -40.761554070568543 ], [ 176.264417944108601, -40.76140401839416 ], [ 176.264658558027179, -40.761287413742501 ], [ 176.264690073291575, -40.761272543685699 ], [ 176.264934309605735, -40.761160378224673 ], [ 176.265624764086709, -40.760851849045402 ], [ 176.265855632587773, -40.760751318637432 ], [ 176.265885834634275, -40.76073850752163 ], [ 176.267575362688746, -40.760148819615189 ], [ 176.267769410339724, -40.760094658879105 ], [ 176.269559430850876, -40.75971316811934 ], [ 176.269593360383482, -40.759708079430524 ], [ 176.269854934684929, -40.759671163814211 ], [ 176.270658225710832, -40.759564872832648 ], [ 176.271800151501822, -40.759456897622606 ], [ 176.271949146986913, -40.759448368801188 ], [ 176.273808126131314, -40.759453160356173 ], [ 176.273900026572335, -40.759458897641281 ], [ 176.275735143169697, -40.759684726146631 ], [ 176.275880314556417, -40.759711619628604 ], [ 176.276983793424677, -40.759959774174618 ], [ 176.277803443994145, -40.760177528110084 ], [ 176.279504921900326, -40.760747010536498 ], [ 176.279717139211414, -40.760833741041068 ], [ 176.282667390469896, -40.762539940616357 ], [ 176.28283398435957, -40.76267228591184 ], [ 176.28494658705722, -40.764988132933645 ], [ 176.285051249616629, -40.765153141828428 ], [ 176.28611935351438, -40.767851997288176 ], [ 176.286151833435326, -40.768033520402668 ], [ 176.286070759346927, -40.770851231518954 ], [ 176.28602786776014, -40.771031501014122 ], [ 176.284805402275452, -40.773692246879513 ], [ 176.284691328529931, -40.773853615348912 ], [ 176.2824470189191, -40.776096907603737 ], [ 176.282272924006719, -40.77622357604784 ], [ 176.279226420506149, -40.777829771044814 ], [ 176.27900934658885, -40.77790933658239 ], [ 176.276541947525459, -40.77847353083682 ], [ 176.277085427606011, -40.779064627011216 ], [ 176.277190607188402, -40.77920062656473 ], [ 176.278004362818251, -40.780471639788622 ], [ 176.278016730424895, -40.780495565336359 ], [ 176.27855892512423, -40.781847693737603 ], [ 176.278603675963296, -40.782001743317331 ], [ 176.278860944723789, -40.783401696690042 ], [ 176.278862981097461, -40.783427356331266 ], [ 176.278865008359219, -40.783458604211333 ], [ 176.27887188037505, -40.783470901791638 ], [ 176.278901131822266, -40.783527257403577 ], [ 176.279445817502022, -40.784878812430023 ], [ 176.279480960661317, -40.784998991409957 ], [ 176.279740794727758, -40.78639867170557 ], [ 176.279745704479581, -40.786459139790999 ], [ 176.279767631805271, -40.78692502191646 ], [ 176.279771450438687, -40.787218771655716 ], [ 176.279771883432829, -40.78726313899643 ], [ 176.279771921033728, -40.787268906821083 ], [ 176.279772066514397, -40.787313275244109 ], [ 176.279772081651259, -40.787703717173123 ], [ 176.279772081560367, -40.787705140780517 ], [ 176.279771974054768, -40.788031938293983 ], [ 176.27977193775331, -40.788052092519777 ], [ 176.279771261216212, -40.788258792239517 ], [ 176.279766463881572, -40.788493637501297 ], [ 176.27976531594436, -40.788524176491464 ], [ 176.279566503988264, -40.789929620952499 ], [ 176.27952935735351, -40.790079949360681 ], [ 176.279043700612505, -40.79144445022623 ], [ 176.279030191571422, -40.791473224809614 ], [ 176.278269633451771, -40.792763179938547 ], [ 176.278173177071892, -40.792897425135095 ], [ 176.27715642967766, -40.794081065459252 ], [ 176.277131880630606, -40.794105258577531 ], [ 176.276939846441962, -40.794289486920768 ], [ 176.276932726130212, -40.794296137648352 ], [ 176.276638319218591, -40.794593856891268 ], [ 176.276595446347955, -40.794635239788555 ], [ 176.276256228865918, -40.794947929961531 ], [ 176.276234393694182, -40.794967159312002 ], [ 176.276223604203864, -40.79513135213265 ], [ 176.276147540793886, -40.795865147736237 ], [ 176.275879319376344, -40.797187466066227 ], [ 176.27582789018453, -40.797356456883072 ], [ 176.275304888283074, -40.798633996311374 ], [ 176.274865446633896, -40.79948001244454 ], [ 176.274855101149257, -40.799499860461005 ], [ 176.274853752214227, -40.79950243948862 ], [ 176.274843344851917, -40.799522268820063 ], [ 176.274403087676092, -40.80035820676089 ], [ 176.273947213095965, -40.801234332774946 ], [ 176.273936507089246, -40.801254834452017 ], [ 176.273935111015788, -40.801257498371619 ], [ 176.273924338969749, -40.801277980072761 ], [ 176.27350728567535, -40.802068135753686 ], [ 176.273000485687191, -40.803063356908311 ], [ 176.272309228257001, -40.804184868868731 ], [ 176.27220662985232, -40.804325293363284 ], [ 176.271319447988162, -40.805364156811336 ], [ 176.270617457110546, -40.806074014972879 ], [ 176.270532796736774, -40.806158579721135 ], [ 176.270521705931429, -40.806169523432203 ], [ 176.270435738529386, -40.806253323468617 ], [ 176.270055616288317, -40.806619385904476 ], [ 176.269825937737806, -40.806849049238245 ], [ 176.269325402410573, -40.809249574601047 ], [ 176.269250885796083, -40.809423799051686 ], [ 176.26756667078854, -40.811934898424852 ], [ 176.26742493402233, -40.812083097282368 ], [ 176.264801695577574, -40.814075803990818 ], [ 176.264606609900738, -40.814183466970391 ], [ 176.261301130578829, -40.815462664638652 ], [ 176.261071795491091, -40.815519249441778 ], [ 176.257407728247756, -40.815959676456615 ], [ 176.257166600711258, -40.81595964206096 ], [ 176.253502753263206, -40.81551817018962 ], [ 176.253273446383787, -40.815461520048927 ], [ 176.24996860383618, -40.814181382314899 ], [ 176.249773571678247, -40.814073663987593 ], [ 176.247151321796707, -40.812080215577744 ], [ 176.247009658400231, -40.811931976833847 ], [ 176.245326683442329, -40.809420406726268 ], [ 176.245252252645514, -40.809246161701296 ], [ 176.244818552057524, -40.807871577048502 ], [ 176.2446904287157, -40.807255607247811 ], [ 176.244585503786766, -40.806592603256668 ], [ 176.244576083963722, -40.806506147244285 ], [ 176.244536087850861, -40.805839058773927 ], [ 176.244520305219567, -40.804420170854712 ], [ 176.244562831609045, -40.803577927031803 ], [ 176.244575081575874, -40.803468871285951 ], [ 176.244878212340183, -40.802074231250614 ], [ 176.244901661016343, -40.802002113565827 ], [ 176.245488145547256, -40.800660674853553 ], [ 176.245544141347722, -40.800559832609586 ], [ 176.246022680687759, -40.799799451928564 ], [ 176.246429760317795, -40.799223495608217 ], [ 176.246859808782489, -40.798605997824552 ], [ 176.246873317088244, -40.798586658195561 ], [ 176.24687507718474, -40.798584145670297 ], [ 176.246888647286653, -40.798564831064404 ], [ 176.247562749026855, -40.797608151991923 ], [ 176.248010107653414, -40.797026604135361 ], [ 176.24807189942797, -40.796952759806281 ], [ 176.248575183192656, -40.796398240816394 ], [ 176.249162780033856, -40.795799974103453 ], [ 176.249194212873363, -40.795768117223993 ], [ 176.249198311164008, -40.795763982712899 ], [ 176.249229928949944, -40.795732231729104 ], [ 176.250023207322585, -40.794939246902416 ], [ 176.250088939322552, -40.794874155566866 ], [ 176.250097535004528, -40.794865723441511 ], [ 176.250112689727331, -40.79485099610315 ], [ 176.250480374697986, -40.794154834369316 ], [ 176.250934805065583, -40.793282070211241 ], [ 176.250943909987541, -40.793264636410079 ], [ 176.250945096731044, -40.793262370953769 ], [ 176.250945865027887, -40.793260908730645 ], [ 176.250805956776787, -40.791202094300637 ], [ 176.250831334049479, -40.791019918920526 ], [ 176.251793781791719, -40.78829813981811 ], [ 176.251891980766629, -40.788130839812759 ], [ 176.252512332069358, -40.787405966845476 ], [ 176.252529989040994, -40.787375518478058 ], [ 176.25272363392537, -40.78709376088279 ], [ 176.251804248946172, -40.785972218428682 ], [ 176.251750017283229, -40.785892782751375 ], [ 176.251363618015802, -40.7852696047309 ], [ 176.250884419806454, -40.784413274382061 ], [ 176.250519541482902, -40.783761234426777 ], [ 176.250466485233432, -40.783664874040277 ], [ 176.250459683716258, -40.783652317212429 ], [ 176.250408101238435, -40.783555495632655 ], [ 176.250361761933021, -40.783467044685139 ], [ 176.249217783497329, -40.783708969021454 ], [ 176.248978344631496, -40.783729856803127 ], [ 176.248953236404134, -40.783729039231453 ], [ 176.248711250520159, -40.783823589901296 ], [ 176.248631584322283, -40.783852553567293 ], [ 176.248010357669898, -40.78406198813078 ], [ 176.247557137578042, -40.784203103037754 ], [ 176.246293767728105, -40.785161337061595 ], [ 176.24613647071925, -40.785263228579346 ], [ 176.244857002817554, -40.78598503699213 ], [ 176.244111654805181, -40.786349132904483 ], [ 176.24353472068637, -40.786644929874043 ], [ 176.242834925564949, -40.787013744315409 ], [ 176.242769393377245, -40.787048034458117 ], [ 176.24276085459897, -40.787052470389909 ], [ 176.242695020967147, -40.78708642535166 ], [ 176.241912263159662, -40.787487232350365 ], [ 176.241865209323947, -40.787511201640008 ], [ 176.241859082559927, -40.787514306518553 ], [ 176.241811878487368, -40.787538104590766 ], [ 176.240926169304828, -40.787982317863744 ], [ 176.240738861646037, -40.788082333425685 ], [ 176.240728954472843, -40.788087617742917 ], [ 176.240727666077788, -40.788088304204756 ], [ 176.240717751788395, -40.788093580838947 ], [ 176.240287906124848, -40.788322105349408 ], [ 176.240191241799721, -40.788372955061291 ], [ 176.240178632601982, -40.788379517987572 ], [ 176.240081309270153, -40.788429636371646 ], [ 176.239285170475, -40.788835252286248 ], [ 176.239056919631253, -40.788948668732374 ], [ 176.239027027733755, -40.788963151448463 ], [ 176.237385146952079, -40.789627105444865 ], [ 176.237196295140194, -40.789689560580847 ], [ 176.235437942188923, -40.790150096775939 ], [ 176.235403624001151, -40.790156848946296 ], [ 176.2335721130477, -40.790402625465795 ], [ 176.233367108154511, -40.790417662401559 ], [ 176.231507554362253, -40.790442622422596 ], [ 176.231472170463405, -40.790440982844771 ], [ 176.231200177621872, -40.790425990303753 ], [ 176.230428233529977, -40.790376645128283 ], [ 176.230394909852777, -40.790374478861182 ], [ 176.23039057830627, -40.790374192600844 ], [ 176.230357262806564, -40.790371954862749 ], [ 176.229512517274259, -40.790314298619208 ], [ 176.228426210987692, -40.790201448016305 ], [ 176.228286185466345, -40.790181848993903 ], [ 176.226489184837959, -40.789817541194246 ], [ 176.22639547356016, -40.789792409068781 ], [ 176.224695609684403, -40.789218904279821 ], [ 176.224570410960638, -40.789167373721348 ], [ 176.223009553735977, -40.788398798535489 ], [ 176.222930651388623, -40.788352884700416 ], [ 176.221547241265483, -40.787408171246078 ], [ 176.221449127785206, -40.787329755181986 ], [ 176.220731162893344, -40.786699991413315 ], [ 176.220312437937167, -40.7862963958923 ], [ 176.220025294679033, -40.786180389323441 ], [ 176.219435774616386, -40.786105376727861 ], [ 176.219207216614365, -40.786047236841085 ], [ 176.215918391120908, -40.784745645262213 ], [ 176.215724666639403, -40.784636662024724 ], [ 176.213126139659551, -40.782626226396431 ], [ 176.212986214563216, -40.782477071411549 ], [ 176.211332343548037, -40.779954643448782 ], [ 176.211259911358582, -40.779779920513647 ], [ 176.210941425182398, -40.778158199236543 ], [ 176.210642805967751, -40.778218256863497 ], [ 176.21022782113576, -40.778676669134761 ], [ 176.209831909609619, -40.779116099088405 ], [ 176.208664012114241, -40.780216063356434 ], [ 176.208498403444935, -40.780349150289055 ], [ 176.205560501094681, -40.782068423332525 ], [ 176.205348885098317, -40.782156089522935 ], [ 176.201855718084516, -40.783101012442785 ], [ 176.201618814646082, -40.783134673453951 ], [ 176.197912435802351, -40.783212716123806 ], [ 176.197673443905899, -40.78318907573059 ], [ 176.194116809130634, -40.782392597072445 ], [ 176.193899132455556, -40.782313970397382 ], [ 176.190840514840318, -40.780720967000796 ], [ 176.190665467219418, -40.78059505349767 ], [ 176.188404317914717, -40.778361512646192 ], [ 176.188289034648534, -40.778200641304714 ], [ 176.187204297695388, -40.775882208543308 ], [ 176.185960238957307, -40.775349557058121 ], [ 176.184737131483899, -40.774827867816086 ], [ 176.184032378487331, -40.775596856751655 ], [ 176.183638093294661, -40.776002379209352 ], [ 176.183584935741152, -40.776053965502477 ], [ 176.182326948505789, -40.777094897358488 ], [ 176.18221311061032, -40.777175385513047 ], [ 176.180756362438188, -40.778053883144025 ], [ 176.18068483316128, -40.778090455372563 ], [ 176.180124242791294, -40.778360066807373 ], [ 176.178742784316682, -40.77898398958537 ], [ 176.178502302130994, -40.779089718922108 ], [ 176.178470831756925, -40.779103183267786 ], [ 176.176783776015071, -40.779697693671594 ], [ 176.176591354017717, -40.779752006771517 ], [ 176.1748026975676, -40.780138551958565 ], [ 176.174767293154929, -40.780143963705292 ], [ 176.174494309373785, -40.780183165377913 ], [ 176.171587140418893, -40.780573834509497 ], [ 176.170892158830952, -40.780651147553378 ], [ 176.170801498802604, -40.780659154741272 ], [ 176.168943224223852, -40.780711613633279 ], [ 176.168792925854461, -40.780706877556547 ], [ 176.166946741227463, -40.780537686899613 ], [ 176.166857264317969, -40.780524003395954 ], [ 176.166173087256908, -40.780403231555624 ], [ 176.164207625292761, -40.780009252040799 ], [ 176.163823219756722, -40.779926902331248 ], [ 176.163773498584845, -40.779915559793722 ], [ 176.162039880172387, -40.779404275056635 ], [ 176.161886296655837, -40.779348073672857 ], [ 176.159631098023681, -40.779320714418716 ], [ 176.159566121860308, -40.779557226656365 ], [ 176.159415854012678, -40.780176834017695 ], [ 176.159394568108212, -40.780262286564913 ], [ 176.159391730453621, -40.780273384982593 ], [ 176.159369360132274, -40.780358677322553 ], [ 176.159083747776862, -40.781420857344898 ], [ 176.159001600977149, -40.781703178316732 ], [ 176.158990149777168, -40.781739740320361 ], [ 176.158896124219382, -40.782019911702008 ], [ 176.158607733452016, -40.782825046164973 ], [ 176.158115884912462, -40.784219918828462 ], [ 176.157846491056006, -40.784881155923379 ], [ 176.157807179095244, -40.784965967756854 ], [ 176.157281789541429, -40.785866774224523 ], [ 176.157077044649441, -40.787087180483304 ], [ 176.157009531560163, -40.787263037991671 ], [ 176.155426754312487, -40.78981171873663 ], [ 176.155291038493743, -40.789963109988406 ], [ 176.15274933858467, -40.7920152538465 ], [ 176.152558701360391, -40.792127356131893 ], [ 176.150082719717233, -40.793158833051471 ], [ 176.149480980273722, -40.793743455836939 ], [ 176.149485092124308, -40.79376665170517 ], [ 176.149498712961361, -40.793819649884313 ], [ 176.14963636086668, -40.794322078809977 ], [ 176.150137024913647, -40.796109836517992 ], [ 176.150141863389678, -40.796127197118615 ], [ 176.150142489466077, -40.796129454465778 ], [ 176.150147282934654, -40.796146822283077 ], [ 176.150664523627313, -40.798030079925176 ], [ 176.150679761483815, -40.798086458814467 ], [ 176.150681711575487, -40.79809379280421 ], [ 176.15069647512874, -40.798150244526219 ], [ 176.150752329995896, -40.798367444139899 ], [ 176.15222086584518, -40.800564418951922 ], [ 176.15358910366345, -40.802597897790321 ], [ 176.153616722265696, -40.8026392049401 ], [ 176.153620294488832, -40.802644581850274 ], [ 176.15364763316586, -40.802685996395503 ], [ 176.153701794514319, -40.802768572844862 ], [ 176.153880726345022, -40.802813220093128 ], [ 176.153894804570655, -40.802816740301736 ], [ 176.153896634362326, -40.802817198797769 ], [ 176.153910706777879, -40.8028207323743 ], [ 176.155504244739689, -40.803221695255715 ], [ 176.156503719365475, -40.803469272732364 ], [ 176.157529545928895, -40.803717478204824 ], [ 176.157555514496778, -40.803719096520744 ], [ 176.157567516599102, -40.80371984907098 ], [ 176.158760670126554, -40.803795835552116 ], [ 176.159266701311594, -40.803836387425505 ], [ 176.159332306259159, -40.803842729148798 ], [ 176.159835582089784, -40.803899742263006 ], [ 176.162466209435053, -40.804241717690381 ], [ 176.163578179427418, -40.804382455917448 ], [ 176.163601465604472, -40.804385421161051 ], [ 176.163604492299015, -40.804385808932658 ], [ 176.163627770653335, -40.804388809406042 ], [ 176.164775847728833, -40.80453767904563 ], [ 176.166110643896701, -40.80477175672668 ], [ 176.166281278974822, -40.804809689672219 ], [ 176.168020197683518, -40.805311793728507 ], [ 176.168077944238263, -40.805332540999316 ], [ 176.169692118146997, -40.806035141656679 ], [ 176.169838982349546, -40.806111280476131 ], [ 176.171288676865487, -40.806997082455524 ], [ 176.171335162468608, -40.807030372383657 ], [ 176.17258468295816, -40.808077572612632 ], [ 176.17269340275945, -40.808184466875588 ], [ 176.173467089784936, -40.809043503662068 ], [ 176.174277792195795, -40.810065706191573 ], [ 176.174845036808534, -40.810870553270021 ], [ 176.174911620665654, -40.810977750185366 ], [ 176.175368741939678, -40.81182208692379 ], [ 176.175493995996476, -40.812091497799862 ], [ 176.175515255175299, -40.812109437307093 ], [ 176.175518897493845, -40.812113043916732 ], [ 176.176532155502144, -40.813298528385232 ], [ 176.176644384281104, -40.813455572970504 ], [ 176.177401115040368, -40.814746885948061 ], [ 176.177403112410246, -40.814751171165213 ], [ 176.177884665937029, -40.816116522214543 ], [ 176.177927532681025, -40.816292229045906 ], [ 176.178122036766467, -40.817698001902166 ], [ 176.178122193478941, -40.817702546315964 ], [ 176.178123309647816, -40.817737505122487 ], [ 176.178133054130598, -40.81806926683344 ], [ 176.178028486496913, -40.819480550325586 ], [ 176.177996086433893, -40.819662079971835 ], [ 176.176928634025415, -40.822361215665318 ], [ 176.176823972258404, -40.822526253262787 ], [ 176.174710679849284, -40.824842662879014 ], [ 176.174543995349239, -40.824975050441822 ], [ 176.174504983722983, -40.824997606092495 ], [ 176.173976163811005, -40.82599266451723 ], [ 176.173948555319612, -40.826044155033571 ], [ 176.173944939052717, -40.826050840322942 ], [ 176.173916912668801, -40.826102200412201 ], [ 176.173174334629721, -40.827451204934519 ], [ 176.172919901720832, -40.827881403912222 ], [ 176.172884921165775, -40.827936633921425 ], [ 176.172601191538519, -40.828356127319559 ], [ 176.171856602932877, -40.82938948973257 ], [ 176.171364665024072, -40.830011346583937 ], [ 176.171296533748887, -40.83009010216248 ], [ 176.170155700591636, -40.831206853421577 ], [ 176.170076366019174, -40.831273054502361 ], [ 176.16871953853024, -40.832240484264652 ], [ 176.168622696084839, -40.832299391148396 ], [ 176.16785370531602, -40.832729714554105 ], [ 176.164707355778063, -40.834345985339084 ], [ 176.163538382668492, -40.835314521556391 ], [ 176.163406535443329, -40.835421986832998 ], [ 176.163392773666885, -40.835433021891994 ], [ 176.16318868730977, -40.835784306591876 ], [ 176.163136148547864, -40.835873427547519 ], [ 176.163129236021689, -40.835884984813553 ], [ 176.163075428225085, -40.835973667950213 ], [ 176.162862397508462, -40.836319822857661 ], [ 176.16260195967331, -40.836755400126187 ], [ 176.162488732815916, -40.836939238203421 ], [ 176.162473660678529, -40.83696300817855 ], [ 176.162355008487111, -40.837144862020715 ], [ 176.161954393821588, -40.837741860351379 ], [ 176.161640917932914, -40.838178736258946 ], [ 176.161598132463951, -40.838234632328025 ], [ 176.161253370229332, -40.838657695849228 ], [ 176.160831471121327, -40.839144810587811 ], [ 176.160347910966522, -40.839780288423157 ], [ 176.160308264473827, -40.839831992685347 ], [ 176.160303081088699, -40.839838701164879 ], [ 176.160262983194684, -40.839890204279634 ], [ 176.159692404719181, -40.84061754017241 ], [ 176.159316189533172, -40.841100941187769 ], [ 176.158618176091721, -40.841869895189461 ], [ 176.158982738359413, -40.842024333093875 ], [ 176.159004320756708, -40.842033498304794 ], [ 176.159007124830424, -40.842034692001619 ], [ 176.159028682028548, -40.842043891357299 ], [ 176.159117691674709, -40.842081968179045 ], [ 176.160834735289967, -40.842332704190497 ], [ 176.160859812299918, -40.842336387193583 ], [ 176.160863071628881, -40.84233686864858 ], [ 176.160888138141303, -40.842340592645634 ], [ 176.161165268479749, -40.842381999338684 ], [ 176.161893879888112, -40.842442898477934 ], [ 176.161990187768225, -40.842453293163388 ], [ 176.163806728979154, -40.842761356861956 ], [ 176.163945005687424, -40.842793637480078 ], [ 176.165675751151838, -40.843313685994538 ], [ 176.165763118760168, -40.84334617027443 ], [ 176.167365465227135, -40.844065404104619 ], [ 176.167483844666833, -40.844128551308913 ], [ 176.16891834714778, -40.845029266514345 ], [ 176.168988224737461, -40.845080661805824 ], [ 176.170219563498108, -40.846140687498163 ], [ 176.170306459803896, -40.846228522111403 ], [ 176.171304313474479, -40.84742176388729 ], [ 176.171349861017148, -40.84748704075708 ], [ 176.171494572796632, -40.847711265678605 ], [ 176.172478165353681, -40.848003960788752 ], [ 176.17267510890872, -40.848076574918636 ], [ 176.174280666285739, -40.848791817218846 ], [ 176.174299171079298, -40.84880161893274 ], [ 176.175737654004195, -40.849698760613343 ], [ 176.175895418440746, -40.849814030450496 ], [ 176.176310582731759, -40.850169061389373 ], [ 176.176582773114148, -40.850115955827242 ], [ 176.176693766541263, -40.850101231182201 ], [ 176.177553017307162, -40.850011676684247 ], [ 176.178932237283021, -40.849906752213691 ], [ 176.180122409176732, -40.849861871112097 ], [ 176.180277126610832, -40.849861943829701 ], [ 176.182132792187559, -40.849973702624325 ], [ 176.182218928484446, -40.849984102049262 ], [ 176.184028740293684, -40.850314884487965 ], [ 176.18417585897916, -40.850351253128537 ], [ 176.185289019519473, -40.850674220881871 ], [ 176.186547891315996, -40.851095616236627 ], [ 176.187790206972522, -40.851579641262305 ], [ 176.187946281688539, -40.851649550150199 ], [ 176.189105116826312, -40.852241047404291 ], [ 176.190062467470341, -40.852794471065046 ], [ 176.190464337953728, -40.853037390862511 ], [ 176.190515656672602, -40.853069814126435 ], [ 176.191848835980409, -40.854056372563534 ], [ 176.191964257879562, -40.854156348730136 ], [ 176.193077810446226, -40.855289104265857 ], [ 176.193113424938929, -40.85533198117659 ], [ 176.193377977733121, -40.855666307531962 ], [ 176.194159366832622, -40.856704004555453 ], [ 176.195078550386029, -40.857755793632052 ], [ 176.195434365547982, -40.857917320848991 ], [ 176.195702448428563, -40.857779407481594 ], [ 176.196241452758528, -40.857499414547284 ], [ 176.196674016121165, -40.856578937497524 ], [ 176.196789645570249, -40.856418155317947 ], [ 176.199056216927289, -40.854186303838141 ], [ 176.199231613634367, -40.854060516779384 ], [ 176.202295423685882, -40.8524696291284 ], [ 176.202513419284571, -40.852391146408273 ], [ 176.206074617210419, -40.85159689768939 ], [ 176.206313879118568, -40.851573398931478 ], [ 176.210023997495142, -40.851653506407892 ], [ 176.210261114673358, -40.851687290979527 ], [ 176.21375713123706, -40.852633917761402 ], [ 176.213968902166329, -40.852721680021624 ], [ 176.215426796267792, -40.853574929674586 ], [ 176.214497104866865, -40.851775132681986 ], [ 176.21444523288389, -40.851596226390846 ], [ 176.214224083757443, -40.848782914328922 ], [ 176.214247558512199, -40.848600592866404 ], [ 176.2151820659451, -40.845873076743942 ], [ 176.21527857989804, -40.845705186198572 ], [ 176.217277137438884, -40.843330425606815 ], [ 176.217437236505788, -40.843193397495561 ], [ 176.220304149955723, -40.841403798786267 ], [ 176.220512161467781, -40.841311042685241 ], [ 176.223966828227304, -40.840281729187986 ], [ 176.224202395482536, -40.840242321518531 ], [ 176.227434519762085, -40.840095475356989 ], [ 176.228123658961266, -40.83940501481564 ], [ 176.228162537932093, -40.839371830090883 ], [ 176.229505013325195, -40.8383927876122 ], [ 176.229646754292645, -40.838304556148067 ], [ 176.23079035442899, -40.837675232121981 ], [ 176.233230707737363, -40.836493820980628 ], [ 176.233269841295851, -40.836474956649582 ], [ 176.233274934946451, -40.836472511844882 ], [ 176.233314165243172, -40.836453763795582 ], [ 176.234057564654705, -40.836100028902408 ], [ 176.23468755473877, -40.835785696406433 ], [ 176.236318400033781, -40.83510465535182 ], [ 176.236538220260087, -40.835029258049325 ], [ 176.24011730394983, -40.834285332779608 ], [ 176.240357037785884, -40.834265210130333 ], [ 176.244063612850056, -40.834397596151241 ], [ 176.244299803133686, -40.834434717176656 ], [ 176.247771193543997, -40.835430462232168 ], [ 176.247980729337911, -40.835521194817552 ], [ 176.250877242769491, -40.83728286670032 ], [ 176.251039618180386, -40.83741833253999 ], [ 176.253077754872066, -40.839773541835726 ], [ 176.2531770744271, -40.839940484270087 ], [ 176.254157266196017, -40.842658737925127 ], [ 176.254183801196206, -40.842840818189657 ], [ 176.254050449199724, -40.84500051302232 ], [ 176.255521650004425, -40.8475362803919 ], [ 176.255583183914837, -40.847713412682843 ], [ 176.255915312885691, -40.849104256464507 ], [ 176.256006618563134, -40.849789436295914 ], [ 176.25601137323099, -40.849825854517171 ], [ 176.256011978670614, -40.849830589819831 ], [ 176.256045938512386, -40.851243879495044 ], [ 176.256031773634732, -40.851422046376243 ], [ 176.255774147195751, -40.852821969328069 ], [ 176.255772795877448, -40.852826614929114 ], [ 176.255762305512945, -40.852862334290336 ], [ 176.255554696264852, -40.853562530566933 ], [ 176.255549482343639, -40.853580033788184 ], [ 176.255548801549367, -40.853582308692125 ], [ 176.2555435417122, -40.853599803993092 ], [ 176.255335567540868, -40.854288399192114 ], [ 176.254964964111849, -40.855260905909759 ], [ 176.254907595010906, -40.855384880023166 ], [ 176.254154551095752, -40.856677603065407 ], [ 176.254121863613392, -40.856723580804506 ], [ 176.25335140375185, -40.857629201723171 ], [ 176.253225837911344, -40.858030394227747 ], [ 176.253151809401004, -40.858204750188726 ], [ 176.251474185117303, -40.860718840865047 ], [ 176.251332806483248, -40.860867292294714 ], [ 176.248713860845072, -40.86286468346303 ], [ 176.248518968222157, -40.86297269535148 ], [ 176.245215062904691, -40.864257811985858 ], [ 176.244985736860599, -40.864314807869576 ], [ 176.241320370423125, -40.864761808741946 ], [ 176.241079067028721, -40.864762207342508 ], [ 176.240264121994528, -40.864665593228189 ], [ 176.240472639122771, -40.865118370812866 ], [ 176.240515663664581, -40.865298626361394 ], [ 176.240597993362144, -40.86811625463146 ], [ 176.240565538105869, -40.868297781113824 ], [ 176.239496831571984, -40.870996811702675 ], [ 176.239392063964857, -40.871161838968938 ], [ 176.239375882017697, -40.871179558946444 ], [ 176.238773868118074, -40.872708548499737 ], [ 176.238669437756954, -40.872873699804522 ], [ 176.236558900552382, -40.87519240652049 ], [ 176.236392338405153, -40.875324975322435 ], [ 176.234641572658148, -40.876339435606432 ], [ 176.234627448967927, -40.876353387982363 ], [ 176.232146285205545, -40.878898450856589 ], [ 176.232101939224293, -40.878943640347188 ], [ 176.232096150091451, -40.878949501236576 ], [ 176.232051432490181, -40.878994479274837 ], [ 176.23092877469017, -40.880116334778222 ], [ 176.229732855482979, -40.881139644888108 ], [ 176.229565010202009, -40.881262973994104 ], [ 176.228178694581658, -40.882137032503323 ], [ 176.22762127823421, -40.882437262253951 ], [ 176.227360859101623, -40.882914093161979 ], [ 176.227236069760238, -40.883155131476222 ], [ 176.227226766024842, -40.883173045861142 ], [ 176.22722555326078, -40.88317537374693 ], [ 176.227216199087394, -40.883193272989672 ], [ 176.22684583535991, -40.883899752522943 ], [ 176.227467301187119, -40.884981322887576 ], [ 176.227908917727433, -40.885876817609137 ], [ 176.227958037439379, -40.885995213062522 ], [ 176.228376300352494, -40.887372621146561 ], [ 176.22838787025043, -40.887431530980606 ], [ 176.228517069180583, -40.888841636834684 ], [ 176.228515577888516, -40.88896575716592 ], [ 176.22843723890054, -40.88992006613212 ], [ 176.228436560787998, -40.889924508949818 ], [ 176.228570469136173, -40.890049164003045 ], [ 176.230437933176404, -40.892485251685692 ], [ 176.230525186253089, -40.892656057094563 ], [ 176.231227055685082, -40.895121765493577 ], [ 176.233527637661012, -40.896979843568261 ], [ 176.233663387790102, -40.897131329761038 ], [ 176.235245733658786, -40.899681086820955 ], [ 176.235313154754806, -40.899856988632365 ], [ 176.235779720882505, -40.902652969569573 ], [ 176.235772204879339, -40.902836070422126 ], [ 176.235077174131391, -40.905604597932879 ], [ 176.234995446869789, -40.905776974320524 ], [ 176.233206714152118, -40.908247023616255 ], [ 176.233058768102353, -40.908391799702798 ], [ 176.230351347658882, -40.910321536704942 ], [ 176.230151662453807, -40.910424537177718 ], [ 176.226790586612367, -40.911625009425151 ], [ 176.22655871258263, -40.911676148456813 ], [ 176.22287308431126, -40.912029802628261 ], [ 176.22263172733048, -40.912024072456497 ], [ 176.218982468112245, -40.911496277647181 ], [ 176.218755263766923, -40.911434239502633 ], [ 176.217057062142175, -40.910852659980058 ], [ 176.216615300737345, -40.910668444156336 ], [ 176.215057976237603, -40.909892460293953 ], [ 176.21486717371684, -40.909780188617233 ], [ 176.212324136191313, -40.907725794514135 ], [ 176.212188413869825, -40.907574283723989 ], [ 176.210695885315175, -40.905167897337293 ], [ 176.210045784066864, -40.905243583335597 ], [ 176.209804336835248, -40.905242699640056 ], [ 176.206138326677404, -40.904788337103724 ], [ 176.205909061804107, -40.90473088111569 ], [ 176.202607658430168, -40.903439144211234 ], [ 176.20241302584418, -40.903330742409622 ], [ 176.199799479532544, -40.901328122219709 ], [ 176.199658534079902, -40.901179389300239 ], [ 176.19798867361456, -40.898661972763804 ], [ 176.197915208748753, -40.89848747123326 ], [ 176.197352400420044, -40.895701725188601 ], [ 176.197353599254143, -40.895518538550867 ], [ 176.197952790336558, -40.892737166824759 ], [ 176.198028525621197, -40.892563226535323 ], [ 176.199730920895888, -40.890058469849578 ], [ 176.199873771256506, -40.889910800109988 ], [ 176.201857785052539, -40.888419910588034 ], [ 176.201801409281501, -40.88832246920223 ], [ 176.201371167327324, -40.887461829180431 ], [ 176.201322905410848, -40.887348072032886 ], [ 176.200892948928129, -40.885972744658858 ], [ 176.200879939987715, -40.885909312312918 ], [ 176.200738779805562, -40.88449987203812 ], [ 176.200739201261769, -40.884380364326574 ], [ 176.200804411660528, -40.883461200007069 ], [ 176.200909480170083, -40.88270386138889 ], [ 176.200910839802106, -40.88269411192784 ], [ 176.200911017462971, -40.882692844570997 ], [ 176.200912391075178, -40.88268309623453 ], [ 176.200971086887705, -40.882268670353277 ], [ 176.20124838219462, -40.881074443949281 ], [ 176.201298003294283, -40.880921735168826 ], [ 176.201784105852084, -40.879766594957665 ], [ 176.201982878945159, -40.879385008962622 ], [ 176.202018879761397, -40.879316714292727 ], [ 176.202023607543396, -40.879307850636145 ], [ 176.202060341834454, -40.879239781358208 ], [ 176.202582599942929, -40.878283165707636 ], [ 176.203369663384905, -40.8767828776027 ], [ 176.201119337202755, -40.877775440377398 ], [ 176.200894260458995, -40.877841567949986 ], [ 176.200615287949432, -40.877887194889027 ], [ 176.199889268745949, -40.879394216316271 ], [ 176.199771941441952, -40.879554304431373 ], [ 176.197481430916781, -40.881772532150421 ], [ 176.197304657439958, -40.88189726266792 ], [ 176.194222953713705, -40.883469627792259 ], [ 176.194004038724216, -40.883546787524111 ], [ 176.1904328589778, -40.884319324210203 ], [ 176.190193237877565, -40.884341357447205 ], [ 176.186482283015778, -40.884238415830815 ], [ 176.186245421227028, -40.884203165009872 ], [ 176.182758095433911, -40.883234827274002 ], [ 176.182547187755802, -40.883145744479911 ], [ 176.179624968605367, -40.881406835823462 ], [ 176.179460665260734, -40.881272644305589 ], [ 176.177389634008875, -40.878933436432128 ], [ 176.177288017304704, -40.87876727548678 ], [ 176.176270842264813, -40.87605679812313 ], [ 176.176241852670444, -40.875874935515419 ], [ 176.176163907893624, -40.874462670811738 ], [ 176.176173695338321, -40.874260172246856 ], [ 176.174896371248991, -40.872247640466597 ], [ 176.174826929947841, -40.87207219906562 ], [ 176.174578501262602, -40.870681621002035 ], [ 176.174102515404513, -40.870704199068022 ], [ 176.173932901332762, -40.870702121142507 ], [ 176.172079171735021, -40.870568478312066 ], [ 176.172007942168648, -40.870559016296966 ], [ 176.171462271707242, -40.870476476368111 ], [ 176.17037708001763, -40.870292138949601 ], [ 176.170201153214208, -40.870261184929504 ], [ 176.170178324402627, -40.870257029017964 ], [ 176.170003038725611, -40.870224045938336 ], [ 176.16885111438566, -40.870000207427708 ], [ 176.168722428908097, -40.86997461655691 ], [ 176.168705724893414, -40.869971218656438 ], [ 176.166950502400567, -40.869499343537477 ], [ 176.166745668059605, -40.869430106118628 ], [ 176.165109332477158, -40.868755578531065 ], [ 176.165094829884765, -40.868748428089781 ], [ 176.164983677728117, -40.868692949938058 ], [ 176.164081347153996, -40.868237052456003 ], [ 176.163477450679636, -40.867910820167239 ], [ 176.163400765121793, -40.867866590704416 ], [ 176.162824883890153, -40.867512369871122 ], [ 176.161710796232512, -40.866782167812438 ], [ 176.161481515523604, -40.866627921505533 ], [ 176.161452055028775, -40.866607580716426 ], [ 176.161228097358332, -40.866448891817242 ], [ 176.160678799651635, -40.866049476236462 ], [ 176.159950465895122, -40.865470611584747 ], [ 176.159860370528719, -40.865392316724837 ], [ 176.159425293500419, -40.864978459704048 ], [ 176.15862677511501, -40.864803836436572 ], [ 176.158323493530418, -40.86473416937207 ], [ 176.158284233277357, -40.864724714592086 ], [ 176.156559142361488, -40.864192907858339 ], [ 176.156379837606977, -40.864124738408464 ], [ 176.15478560606411, -40.863394580338493 ], [ 176.154752117522918, -40.863376376962222 ], [ 176.153328006625145, -40.862465854925986 ], [ 176.153185234408454, -40.862358953309183 ], [ 176.151966316827298, -40.861290493195327 ], [ 176.151941878613002, -40.861265323701375 ], [ 176.151243221458543, -40.860413005368237 ], [ 176.150703926947244, -40.86030616597219 ], [ 176.150507939325536, -40.860254567914858 ], [ 176.148802216845581, -40.859688100090416 ], [ 176.148772046989393, -40.859675856171009 ], [ 176.148541347435781, -40.859579717665589 ], [ 176.147948728355715, -40.859326220942194 ], [ 176.147948495009217, -40.859326121123097 ], [ 176.146648901211279, -40.858770141403362 ], [ 176.145800926984833, -40.858410884780689 ], [ 176.145789405718943, -40.858405997177044 ], [ 176.145787908420971, -40.858405361156429 ], [ 176.145776394333694, -40.858400463827557 ], [ 176.140648876877037, -40.856216526927547 ], [ 176.139367132928214, -40.857261118685571 ], [ 176.138450761439231, -40.858011711029157 ], [ 176.138402951028951, -40.858050640140469 ], [ 176.138396716032759, -40.858055686936929 ], [ 176.138348603424561, -40.858094400847683 ], [ 176.137228705449473, -40.85899019347741 ], [ 176.137226265472236, -40.858992144570593 ], [ 176.136285524484975, -40.859743808527348 ], [ 176.135719164971277, -40.860204920292034 ], [ 176.135519006074759, -40.860448033647593 ], [ 176.135436047701205, -40.860547346127547 ], [ 176.135425152552557, -40.860560202748509 ], [ 176.135340493253381, -40.860658684435819 ], [ 176.134796933563223, -40.861282054312291 ], [ 176.134583876770051, -40.861532292429985 ], [ 176.13444722336888, -40.861732066297726 ], [ 176.134185383359352, -40.862520783650965 ], [ 176.134090535707912, -40.862689225895764 ], [ 176.132115261316841, -40.865075420989832 ], [ 176.13195648399315, -40.865213364345948 ], [ 176.131391098830107, -40.865571636923633 ], [ 176.131271782381134, -40.865691054188716 ], [ 176.131136939639646, -40.865806024782096 ], [ 176.129793480593861, -40.86678469363531 ], [ 176.129763361923807, -40.866803419970779 ], [ 176.129529284425359, -40.866945248622947 ], [ 176.128387438295192, -40.867619352341229 ], [ 176.128125607311745, -40.867769559613663 ], [ 176.128091220024601, -40.867788725479635 ], [ 176.127824015832516, -40.867933377670681 ], [ 176.126790356494496, -40.868476730780408 ], [ 176.126312160552629, -40.868742505519805 ], [ 176.125339827063385, -40.869229131909385 ], [ 176.125209642477984, -40.869287537134667 ], [ 176.124179136991216, -40.869699452148488 ], [ 176.123525135629507, -40.869930493230449 ], [ 176.122266311336801, -40.870310443216923 ], [ 176.122099488345413, -40.870352595367528 ], [ 176.120791807135618, -40.870621139454258 ], [ 176.120085687864531, -40.870733752322295 ], [ 176.119226765215643, -40.870845902620246 ], [ 176.119114550838958, -40.870857351459264 ], [ 176.118247099118747, -40.870921337085953 ], [ 176.118237189809435, -40.870921789947921 ], [ 176.118198785451568, -40.870951940121934 ], [ 176.118184455011118, -40.870963042132885 ], [ 176.118073474028535, -40.871047886787842 ], [ 176.11698993316034, -40.871865311063111 ], [ 176.116988800016713, -40.871866165778144 ], [ 176.116338534862678, -40.872356478081628 ], [ 176.116323626561808, -40.872367699221954 ], [ 176.116321686785113, -40.872369156666622 ], [ 176.116306752366995, -40.872380357751773 ], [ 176.115311254553575, -40.873125666297078 ], [ 176.114074948048284, -40.874058743409172 ], [ 176.113305435542117, -40.874590646257438 ], [ 176.113201599586318, -40.87465633369866 ], [ 176.113132805307913, -40.874696106411982 ], [ 176.112555433318533, -40.875140086231298 ], [ 176.112473734883082, -40.875198495057909 ], [ 176.111823721399645, -40.875630417196867 ], [ 176.109160107516232, -40.877274196444439 ], [ 176.109044361410611, -40.877344714935525 ], [ 176.109029239463013, -40.877353810555441 ], [ 176.108912340221991, -40.877423224677187 ], [ 176.105925413396619, -40.879174013532499 ], [ 176.105246351264555, -40.879579939689663 ], [ 176.103974632056094, -40.880243207581067 ], [ 176.103802635934073, -40.880320927032827 ], [ 176.1021326052402, -40.880946471050486 ], [ 176.102093961590384, -40.880958182219857 ], [ 176.10031553625322, -40.881377711480013 ], [ 176.100120310386018, -40.88141128059921 ], [ 176.098596404146662, -40.881595241325087 ], [ 176.097487339342763, -40.881673463763192 ], [ 176.096389823401182, -40.881757559398515 ], [ 176.096329681021444, -40.881762050047598 ], [ 176.096321860604178, -40.881762618718064 ], [ 176.096261688872488, -40.881766876845354 ], [ 176.095996129684721, -40.881785151604397 ], [ 176.095096207863349, -40.884326926243382 ], [ 176.094997875644964, -40.884494221916306 ], [ 176.094872868067824, -40.884668658167605 ], [ 176.094830652945717, -40.88507449301234 ], [ 176.094816980164893, -40.885139906740747 ], [ 176.094693039083353, -40.885640830028095 ], [ 176.094584193472457, -40.886021086385881 ], [ 176.09452910629085, -40.886204299872162 ], [ 176.094521618364041, -40.886228058341828 ], [ 176.093947557599165, -40.887572726247512 ], [ 176.093867533003703, -40.887719690969853 ], [ 176.0931068421622, -40.888855008349907 ], [ 176.093113352643542, -40.88889067587391 ], [ 176.093183126255155, -40.889282963900612 ], [ 176.093478238322888, -40.890324264839201 ], [ 176.093491452123828, -40.890507176396163 ], [ 176.093451894718783, -40.890799557096784 ], [ 176.093456467266918, -40.890837115521371 ], [ 176.09349288922013, -40.891040078151178 ], [ 176.093674922513344, -40.891617496186441 ], [ 176.093779147405485, -40.891860553559454 ], [ 176.093870507629248, -40.891901731203582 ], [ 176.095555024166941, -40.892640457020711 ], [ 176.09708969224863, -40.893441518122806 ], [ 176.097277239838519, -40.89355685529862 ], [ 176.099761351470704, -40.895651914513515 ], [ 176.099892762318319, -40.895805582532894 ], [ 176.101402259164303, -40.89838057452252 ], [ 176.101464665703759, -40.898557534637803 ], [ 176.101851685270702, -40.901360442160616 ], [ 176.101838970069196, -40.901543374047939 ], [ 176.101065480329169, -40.9042998391634 ], [ 176.100978878204472, -40.904470835681678 ], [ 176.099120456898191, -40.906911011914531 ], [ 176.098968437803165, -40.907053332168616 ], [ 176.096206926650325, -40.908938308293898 ], [ 176.096004369352727, -40.909038017329074 ], [ 176.094009314853309, -40.909711153750024 ], [ 176.092879823179061, -40.912289085502437 ], [ 176.092768748008069, -40.91245174010691 ], [ 176.090564844596855, -40.914720490103235 ], [ 176.090392939194118, -40.914849141174059 ], [ 176.087372568228716, -40.916490131148649 ], [ 176.087156660163799, -40.916572181707473 ], [ 176.083615527132764, -40.917424727083656 ], [ 176.083376757036689, -40.917452142535502 ], [ 176.079661617168, -40.917432758913925 ], [ 176.079423367031353, -40.917402854643662 ], [ 176.076885617788037, -40.916762614226762 ], [ 176.07666194753034, -40.91698010804366 ], [ 176.07588282953958, -40.917663971382687 ], [ 176.075775925363644, -40.917748799513042 ], [ 176.074910363670568, -40.918369983683554 ], [ 176.073889873119327, -40.91903198343519 ], [ 176.073195366027363, -40.919449500380715 ], [ 176.073102537144791, -40.91950114810151 ], [ 176.071518122786415, -40.920245121979299 ], [ 176.07140511887556, -40.920289284773986 ], [ 176.069686747582068, -40.920836064414232 ], [ 176.069577417915838, -40.92086342172157 ], [ 176.0677674158581, -40.921199538641744 ], [ 176.067641948706296, -40.921215047889561 ], [ 176.065784901622692, -40.921332222371248 ], [ 176.065669776962977, -40.921332610326985 ], [ 176.064784056138961, -40.921310509613576 ], [ 176.063195257303875, -40.92122574644182 ], [ 176.06307454861215, -40.921218836530045 ], [ 176.063058862927278, -40.921217877590621 ], [ 176.063015607621963, -40.92121506479738 ], [ 176.063467081688657, -40.921534744023006 ], [ 176.063615666500823, -40.921679154527624 ], [ 176.06541531504098, -40.924144728897716 ], [ 176.065497803190226, -40.924316897435659 ], [ 176.066204964279109, -40.927083607314458 ], [ 176.066213273559242, -40.927266683133688 ], [ 176.065758584579356, -40.930063723305615 ], [ 176.065691891717421, -40.930239785817975 ], [ 176.064866047169431, -40.931581167014571 ], [ 176.064957651831975, -40.931593040644877 ], [ 176.065191813823702, -40.931637972799777 ], [ 176.068607427772605, -40.932748070895798 ], [ 176.068811830081444, -40.932845675269171 ], [ 176.071608107343053, -40.9347018314159 ], [ 176.071762745807092, -40.934842557210231 ], [ 176.073665985156879, -40.937263134205629 ], [ 176.073755720759891, -40.937433209837529 ], [ 176.074579546230439, -40.940181313752241 ], [ 176.074595587747581, -40.940364093521936 ], [ 176.074259220491172, -40.943170743805148 ], [ 176.074199987813103, -40.94334833634278 ], [ 176.072736205630576, -40.945938786713242 ], [ 176.072607488198912, -40.946093806161713 ], [ 176.070159473627257, -40.948214443177626 ], [ 176.069973867035486, -40.948331711751948 ], [ 176.069225261789768, -40.948670121531222 ], [ 176.06876138789471, -40.949081971655843 ], [ 176.069757605183042, -40.951016428260743 ], [ 176.069809194139253, -40.951195387425976 ], [ 176.070063140070147, -40.952595675057985 ], [ 176.070117094381118, -40.953298936876735 ], [ 176.070144505965516, -40.953655661952197 ], [ 176.070161711345889, -40.953980336696638 ], [ 176.070162943335447, -40.954022561261453 ], [ 176.070057802305399, -40.955433773017383 ], [ 176.070032714910496, -40.955573836993253 ], [ 176.06963766016807, -40.956955203429501 ], [ 176.069621620080426, -40.956995649898943 ], [ 176.06894636250837, -40.958313154088529 ], [ 176.06886540590645, -40.958440484633712 ], [ 176.0679265563667, -40.959661679768494 ], [ 176.06789481242356, -40.959696388466199 ], [ 176.067644273623785, -40.959960038806656 ], [ 176.067266689583164, -40.960342633565183 ], [ 176.067246789572351, -40.960362738955737 ], [ 176.067244197764467, -40.960365349914994 ], [ 176.067224223807386, -40.960385413128236 ], [ 176.067133702134356, -40.96047607575391 ], [ 176.066862616322339, -40.960883759355298 ], [ 176.066837133130946, -40.960917317824773 ], [ 176.067859255039622, -40.961392845856878 ], [ 176.068907730758383, -40.961941358115688 ], [ 176.069038607163492, -40.962017989796962 ], [ 176.070420308208583, -40.962967120672793 ], [ 176.07047308413658, -40.963009547452778 ], [ 176.071641945913257, -40.964110826990634 ], [ 176.071735185243767, -40.96421436361009 ], [ 176.072396018143195, -40.965039982223701 ], [ 176.07288749391742, -40.965735535522747 ], [ 176.072941060611782, -40.965812229276693 ], [ 176.072947960771216, -40.965822224657401 ], [ 176.07300055037507, -40.965899305991691 ], [ 176.073638261718799, -40.966845130782183 ], [ 176.074005009046658, -40.967384936861393 ], [ 176.074481662447567, -40.967965242288386 ], [ 176.075136870767921, -40.968738436242617 ], [ 176.075167068233611, -40.968774256547221 ], [ 176.075170979387991, -40.968778920180966 ], [ 176.075200953528366, -40.968814848087867 ], [ 176.076410397492708, -40.970272085789148 ], [ 176.076944216455189, -40.970985349703383 ], [ 176.077007907120276, -40.971080273481526 ], [ 176.077453943764709, -40.971827375769479 ], [ 176.077872461815787, -40.972622930770086 ], [ 176.077886102850272, -40.972648978179897 ], [ 176.077887869231773, -40.972652366426416 ], [ 176.077901403297204, -40.972678445886189 ], [ 176.07852939886331, -40.973894085686005 ], [ 176.07853972237055, -40.973914139524794 ], [ 176.078541060314507, -40.973916747734542 ], [ 176.078551320560166, -40.973936820199548 ], [ 176.079191388194289, -40.975193435937321 ], [ 176.079640510965987, -40.97594751940229 ], [ 176.080522082048219, -40.977408567446048 ], [ 176.082083419038696, -40.977412376571181 ], [ 176.083547080613158, -40.977484518680015 ], [ 176.083735870436669, -40.977502741061031 ], [ 176.084511394513925, -40.977625075461717 ], [ 176.084563024270665, -40.977616660889161 ], [ 176.085899435684439, -40.97710903152003 ], [ 176.086129802577318, -40.977053579569414 ], [ 176.089806342325772, -40.976631092904206 ], [ 176.090048042982232, -40.976632297601526 ], [ 176.093716935896367, -40.977091396292295 ], [ 176.093946320909339, -40.977149139866754 ], [ 176.097248572758133, -40.978444903850217 ], [ 176.097443196207337, -40.978553536269359 ], [ 176.09748576548688, -40.978586219139366 ], [ 176.097807743262251, -40.978335788738775 ], [ 176.09805639094256, -40.97813870687996 ], [ 176.098716480489401, -40.977574967980118 ], [ 176.098796172398323, -40.977507592160613 ], [ 176.098806590119523, -40.977498872954769 ], [ 176.09888717084462, -40.977432107145241 ], [ 176.099760075900633, -40.976716096720757 ], [ 176.101051725993671, -40.975629025193719 ], [ 176.101082870245676, -40.975602915873132 ], [ 176.10108692773079, -40.97559952766899 ], [ 176.101118206326532, -40.975573510771966 ], [ 176.101439767792868, -40.975307088228966 ], [ 176.101346785031552, -40.974752619386159 ], [ 176.101334506559652, -40.974612416630272 ], [ 176.10135737507818, -40.973199059374551 ], [ 176.101362529047606, -40.973156157920229 ], [ 176.101676825766845, -40.97176291187025 ], [ 176.101722309936093, -40.971626695218681 ], [ 176.102320276384205, -40.970287863951491 ], [ 176.10234266822971, -40.970248269126749 ], [ 176.103209566627811, -40.968996814730694 ], [ 176.103308354473285, -40.968877916589875 ], [ 176.104140905888414, -40.967997994278633 ], [ 176.105442435044978, -40.96678371085784 ], [ 176.107404482942002, -40.964938904069406 ], [ 176.107422690693767, -40.964921826306778 ], [ 176.107425061267577, -40.964919608387092 ], [ 176.10744332388191, -40.964902564308375 ], [ 176.108379187736546, -40.964031300338846 ], [ 176.108739330332156, -40.963711549530267 ], [ 176.108788673531734, -40.963669755963515 ], [ 176.10918596133709, -40.963349345647046 ], [ 176.113104838349955, -40.960339281692541 ], [ 176.113249689964903, -40.960208531238663 ], [ 176.11455712695215, -40.959200785179966 ], [ 176.115133039953889, -40.95882157439349 ], [ 176.115182361306211, -40.958789277810013 ], [ 176.115188788219314, -40.958785092614349 ], [ 176.116310217028143, -40.95813830614572 ], [ 176.116455065692293, -40.958064615325384 ], [ 176.118020939865232, -40.957392376609626 ], [ 176.118074634630034, -40.957373238900026 ], [ 176.118551471247997, -40.957212877329383 ], [ 176.118559289304102, -40.957210402313152 ], [ 176.118596757076574, -40.957198632249458 ], [ 176.118621346324801, -40.956279725425716 ], [ 176.118663978564115, -40.956099414285887 ], [ 176.119884141715062, -40.953437325905519 ], [ 176.119998176387185, -40.953275825834211 ], [ 176.122243546320107, -40.951029844736262 ], [ 176.122417815522851, -40.950902961333561 ], [ 176.125468560916346, -40.949292884872222 ], [ 176.125686006501354, -40.949213034656736 ], [ 176.129243553498441, -40.9483964157779 ], [ 176.129482896635295, -40.948371412188855 ], [ 176.133179379293836, -40.948427855774895 ], [ 176.133685112494447, -40.948005235319464 ], [ 176.134188459214329, -40.947582540386378 ], [ 176.136286408156082, -40.945801004541273 ], [ 176.136328570263345, -40.945765390822942 ], [ 176.136334067515861, -40.945760772110894 ], [ 176.136376478524198, -40.945725328720847 ], [ 176.137151311640281, -40.945081228424577 ], [ 176.137843616636161, -40.944505060978138 ], [ 176.138568661342475, -40.943884153928117 ], [ 176.140054902052924, -40.942608176179071 ], [ 176.140210579855562, -40.942477127096019 ], [ 176.140231035936182, -40.942460242566099 ], [ 176.140390067065425, -40.942331529645642 ], [ 176.140943404001234, -40.941892374386242 ], [ 176.142632057660393, -40.940458777475214 ], [ 176.14339992467751, -40.939791963125103 ], [ 176.143457095485672, -40.939742678938813 ], [ 176.143464558369203, -40.939736292611229 ], [ 176.143522201153957, -40.939687325603835 ], [ 176.144421547547466, -40.938928906364417 ], [ 176.144428675821246, -40.938922900337623 ], [ 176.145699628763793, -40.937854475192459 ], [ 176.14665329474991, -40.937036474549508 ], [ 176.146662818908652, -40.937028315073334 ], [ 176.146664057892337, -40.937027254911733 ], [ 176.148017039918869, -40.936039308249519 ], [ 176.148098574403576, -40.935988550518005 ], [ 176.148179946587931, -40.93593764327872 ], [ 176.14971872514144, -40.93512093079044 ], [ 176.149720335415083, -40.93512021281483 ], [ 176.151409603174926, -40.934497629818992 ], [ 176.151507826491297, -40.93446846037665 ], [ 176.151605956368627, -40.934439110715616 ], [ 176.153402162694391, -40.934022918380009 ], [ 176.153403986671407, -40.934022612846064 ], [ 176.155264230846115, -40.933826314065591 ], [ 176.155369531411537, -40.933821587147293 ], [ 176.155474816569694, -40.933816666938093 ], [ 176.157352689958259, -40.933841719145114 ], [ 176.15735454916512, -40.933841855949183 ], [ 176.159203750364981, -40.934091049235825 ], [ 176.15930582492706, -40.934111227389117 ], [ 176.159407963633498, -40.93413121810579 ], [ 176.161183761716302, -40.934595064439911 ], [ 176.161185474236021, -40.934595630196938 ], [ 176.162842691656664, -40.935265933318561 ], [ 176.162931552218765, -40.935309042191129 ], [ 176.163020550169534, -40.935351987829115 ], [ 176.164520505117849, -40.936209242146667 ], [ 176.164521903368581, -40.936210181497977 ], [ 176.164532653402489, -40.936217412224352 ], [ 176.16527731542277, -40.936718893818764 ], [ 176.166569642751, -40.937737478256388 ], [ 176.166722956126819, -40.937879043181916 ], [ 176.168603376158302, -40.940309939829596 ], [ 176.168691506840389, -40.940480501364377 ], [ 176.169489376979783, -40.943233052254421 ], [ 176.169503690756812, -40.943415917103465 ], [ 176.169140772021166, -40.946220705792655 ], [ 176.169079857891376, -40.946397974215657 ], [ 176.167591527495347, -40.948980436017322 ], [ 176.167461339554507, -40.94913475384714 ], [ 176.164993184409525, -40.951242056866064 ], [ 176.164806462310821, -40.951358314979977 ], [ 176.162489315343862, -40.952388712102035 ], [ 176.162401454996427, -40.952462821057907 ], [ 176.161647620110273, -40.953117607500026 ], [ 176.161603685274827, -40.953155553857151 ], [ 176.161597955551457, -40.953160474707275 ], [ 176.161553740796876, -40.953198233736543 ], [ 176.15967652656758, -40.954792281892971 ], [ 176.159542531371272, -40.954904157367963 ], [ 176.159524952278701, -40.954918589374557 ], [ 176.159388499896096, -40.95502874476729 ], [ 176.158859691401261, -40.95544852425968 ], [ 176.157532384135095, -40.956588321715742 ], [ 176.157526926346293, -40.956593005132014 ], [ 176.156732416761741, -40.95727356354373 ], [ 176.156676309414451, -40.957321280638617 ], [ 176.156668986511704, -40.957327464160819 ], [ 176.156612433816321, -40.957374878176701 ], [ 176.155857271963669, -40.958003501685745 ], [ 176.155854709291191, -40.958005634239115 ], [ 176.155120516178272, -40.958616091271658 ], [ 176.153044184208312, -40.960379682105803 ], [ 176.153022326635011, -40.960398195284526 ], [ 176.153019480776095, -40.960400599022641 ], [ 176.152997555904733, -40.960419066430362 ], [ 176.152460533013681, -40.960870145768297 ], [ 176.152450845997691, -40.960878272483306 ], [ 176.152449585840685, -40.960879328373643 ], [ 176.152439885825771, -40.960887446125682 ], [ 176.151884409386952, -40.961351741073415 ], [ 176.151365675343897, -40.961804609467308 ], [ 176.151313093953206, -40.961850203410343 ], [ 176.151306232160152, -40.961856113135511 ], [ 176.151253247503433, -40.961901438041039 ], [ 176.150612075762467, -40.962446211150528 ], [ 176.149854143489449, -40.963090843326029 ], [ 176.149843516253469, -40.963099869604108 ], [ 176.149842133672593, -40.963101042317234 ], [ 176.149831490434082, -40.96311005777963 ], [ 176.149192101380834, -40.963650920970615 ], [ 176.149125881804395, -40.963706469589177 ], [ 176.149117233809989, -40.963713663663661 ], [ 176.149050407318612, -40.963768793113402 ], [ 176.14864239679568, -40.964102589231366 ], [ 176.147505695342147, -40.965068521854754 ], [ 176.146900725718382, -40.965584534018049 ], [ 176.14688999044705, -40.965593678104028 ], [ 176.146888593797229, -40.96559486611531 ], [ 176.146877842148569, -40.965603999126166 ], [ 176.144976137671023, -40.967217142273554 ], [ 176.14491979412827, -40.967264595120902 ], [ 176.14491244071354, -40.967270744236963 ], [ 176.144855654799045, -40.967317893175064 ], [ 176.144423641074525, -40.967674045010632 ], [ 176.143845752297551, -40.968170105128841 ], [ 176.14378964377255, -40.968217924720307 ], [ 176.143782320616651, -40.968224121547223 ], [ 176.143725765204834, -40.968271637754093 ], [ 176.143068503340857, -40.968819914368197 ], [ 176.142095713205094, -40.969543308214007 ], [ 176.141962562590351, -40.969631552694729 ], [ 176.140886882109328, -40.970265765285603 ], [ 176.138524163921403, -40.97150071239939 ], [ 176.138366000629276, -40.971581963794591 ], [ 176.138345328678554, -40.97159240050663 ], [ 176.138185461962166, -40.971671713909508 ], [ 176.137240288769618, -40.972132443526235 ], [ 176.136157359636684, -40.972601335193168 ], [ 176.136012751277036, -40.972656531561086 ], [ 176.134870937619269, -40.973036814198963 ], [ 176.13152103986954, -40.973996846075977 ], [ 176.131390570496734, -40.974033573840757 ], [ 176.131373573163984, -40.974038273008354 ], [ 176.131242545111803, -40.974073840129002 ], [ 176.130629479414949, -40.974237189025743 ], [ 176.130540298095298, -40.974262433027995 ], [ 176.127629355581803, -40.976498752837749 ], [ 176.127359908206131, -40.976749668073161 ], [ 176.127361337241098, -40.976780620145497 ], [ 176.127276898355547, -40.978212422760272 ], [ 176.127276476704623, -40.978214980203184 ], [ 176.126893442512397, -40.979618507421762 ], [ 176.126867415337045, -40.979686185404816 ], [ 176.126841781467874, -40.979753949550222 ], [ 176.126177617465345, -40.981095893886341 ], [ 176.126176173550959, -40.981098227396167 ], [ 176.126165040446494, -40.981116168209809 ], [ 176.125547787545827, -40.982108008032746 ], [ 176.124943033380049, -40.983140777897752 ], [ 176.124843766152992, -40.983305797141384 ], [ 176.124830577719337, -40.98332714902152 ], [ 176.124726945958088, -40.983490620237056 ], [ 176.124265026051404, -40.98420084540124 ], [ 176.123652683911217, -40.98502914664909 ], [ 176.123565821124629, -40.985133351808415 ], [ 176.122841811860411, -40.985908206167473 ], [ 176.122212372575262, -40.986511680397172 ], [ 176.12188798655481, -40.986809339333817 ], [ 176.121844741528776, -40.986847332579934 ], [ 176.121503819438402, -40.987134185071575 ], [ 176.120475712405607, -40.987962797964499 ], [ 176.119834443508495, -40.988494230885074 ], [ 176.118521834375827, -40.989599196157727 ], [ 176.118470851491082, -40.989641838225971 ], [ 176.118464200412518, -40.989647365597015 ], [ 176.118412859011698, -40.989689760006158 ], [ 176.117571398182662, -40.990380133552506 ], [ 176.1168395572478, -40.9910052959425 ], [ 176.116691401086428, -40.99112950895249 ], [ 176.116671944361428, -40.991145519613688 ], [ 176.116520766291416, -40.991267624464243 ], [ 176.116068258063791, -40.991626365851111 ], [ 176.116063432905605, -40.991630173117755 ], [ 176.115709932560748, -40.992003679787466 ], [ 176.114741044790691, -40.993054437800176 ], [ 176.114505286790575, -40.993331975302461 ], [ 176.113297966827275, -40.99492089453323 ], [ 176.112803281601771, -40.995516777969137 ], [ 176.112735077932143, -40.995592221870403 ], [ 176.111563321193756, -40.996692090827132 ], [ 176.111479596643989, -40.996759146597896 ], [ 176.11009513075129, -40.997706577497219 ], [ 176.109999489365748, -40.997762358101483 ], [ 176.109241633968509, -40.998169639696215 ], [ 176.108476912464738, -40.998547464242506 ], [ 176.10773520141214, -40.998920127221488 ], [ 176.107469398461973, -40.999063367744753 ], [ 176.106852474815099, -40.999374352939469 ], [ 176.106770690121436, -40.9994128489719 ], [ 176.10511358793093, -41.000062266241173 ], [ 176.104978841101627, -41.000105286210854 ], [ 176.103208018368036, -41.000550285757605 ], [ 176.103114532101074, -41.000567747603142 ], [ 176.102657375483631, -41.000624772289264 ], [ 176.102492280172498, -41.000827857818564 ], [ 176.1023528015333, -41.000995281830036 ], [ 176.10233435574213, -41.001016893354347 ], [ 176.101201468438063, -41.00213994554008 ], [ 176.101062465141496, -41.002257359465546 ], [ 176.099711582277934, -41.003232306372681 ], [ 176.099685222580689, -41.003248541187112 ], [ 176.099480643521588, -41.003371735938416 ], [ 176.098550684618914, -41.003919208750105 ], [ 176.09764770674721, -41.004452279992861 ], [ 176.097605193518518, -41.004477260298387 ], [ 176.097599657126608, -41.004480498247702 ], [ 176.097556995095374, -41.004505332546806 ], [ 176.09640548970961, -41.00517249697748 ], [ 176.094839038741583, -41.005940421851342 ], [ 176.094626343551539, -41.006027569700322 ], [ 176.09111747657667, -41.006963965949403 ], [ 176.090879636489944, -41.006997050483655 ], [ 176.08716049315089, -41.007066100572935 ], [ 176.086920798969146, -41.007041882020211 ], [ 176.083355586387739, -41.006236825653808 ], [ 176.083137510620986, -41.006157675773302 ], [ 176.080075342290371, -41.004557349886305 ], [ 176.079900237844754, -41.004431019391944 ], [ 176.077640911951988, -41.002192128652233 ], [ 176.077525919616335, -41.002030987382497 ], [ 176.076290552921762, -40.999372744347632 ], [ 176.076246923377511, -40.999192568994211 ], [ 176.076184920350698, -40.997264515963117 ], [ 176.075798539170023, -40.996983758425472 ], [ 176.07547940379888, -40.997031642841684 ], [ 176.074115071817261, -40.997170575271213 ], [ 176.073061160717174, -40.999093822324994 ], [ 176.072934657566037, -40.999249932058206 ], [ 176.070516426394676, -41.001391364842917 ], [ 176.070332429654229, -41.001510213298999 ], [ 176.067158933056589, -41.002980615255737 ], [ 176.066935455321868, -41.003050565055069 ], [ 176.063317408172622, -41.003705953222521 ], [ 176.063076332152946, -41.003720154635211 ], [ 176.061210552507987, -41.00371881515953 ], [ 176.059594714067032, -41.00362128443512 ], [ 176.059550463375245, -41.003618550182374 ], [ 176.059544711683543, -41.00361818659335 ], [ 176.05950047481042, -41.003615327168852 ], [ 176.059042342701673, -41.003585060192648 ], [ 176.058588439326371, -41.006371130734109 ], [ 176.058521640428154, -41.00654718437108 ], [ 176.056947228878045, -41.009100559275467 ], [ 176.056811872997486, -41.009252357124318 ], [ 176.056219115109627, -41.009733234460967 ], [ 176.056187899797578, -41.010149182123193 ], [ 176.05624126464258, -41.010316456554598 ], [ 176.056450754509541, -41.011138895997121 ], [ 176.056471374070014, -41.011246540076144 ], [ 176.056593607910514, -41.012656948423711 ], [ 176.056592322778442, -41.012731899268985 ], [ 176.056448792102941, -41.013916391868911 ], [ 176.056640578140389, -41.014807993677323 ], [ 176.056641649450285, -41.014991173093783 ], [ 176.056075865061644, -41.017776572455233 ], [ 176.056002145600218, -41.017951036656633 ], [ 176.054584922951733, -41.020080859350259 ], [ 176.054501335967501, -41.020858136930002 ], [ 176.054476476163586, -41.0210609390343 ], [ 176.05447285125291, -41.021087272266172 ], [ 176.054441943180763, -41.021289596804309 ], [ 176.054184859836596, -41.022820601948155 ], [ 176.054043176422795, -41.023736390317083 ], [ 176.053934911476318, -41.024522488014846 ], [ 176.053922611699875, -41.024607848582015 ], [ 176.053920942921991, -41.024618939431676 ], [ 176.053907569191296, -41.024704207320518 ], [ 176.053809980150646, -41.025302062903123 ], [ 176.05373650174792, -41.025826571271573 ], [ 176.053688016166177, -41.026390367304693 ], [ 176.053598397511138, -41.027528029443602 ], [ 176.053597683109842, -41.027537023542457 ], [ 176.053521775493721, -41.028472782794303 ], [ 176.053519600368332, -41.028498971469084 ], [ 176.053519311054032, -41.028502375677682 ], [ 176.053517035190168, -41.028528559443082 ], [ 176.053425479548395, -41.029558982779385 ], [ 176.053355203835366, -41.03054973762093 ], [ 176.053304910044602, -41.03132577557988 ], [ 176.053593669945229, -41.032217090710702 ], [ 176.053856902300822, -41.032964603348468 ], [ 176.05407956471177, -41.033728852907373 ], [ 176.054102761868023, -41.033828969126226 ], [ 176.054236977714282, -41.03460496922095 ], [ 176.054330031071885, -41.035414971400094 ], [ 176.054332770222544, -41.035439193178824 ], [ 176.054333120699823, -41.035442342367965 ], [ 176.05433577350729, -41.035466569652932 ], [ 176.054380069739125, -41.035877850533858 ], [ 176.054612807834985, -41.036272556943217 ], [ 176.054627766019564, -41.036298030549752 ], [ 176.054629703811344, -41.036301344388363 ], [ 176.05464455780799, -41.036326852914272 ], [ 176.055019830274489, -41.036974006114633 ], [ 176.055062562346563, -41.037048609232428 ], [ 176.055068059593822, -41.037058326425587 ], [ 176.0556661966219, -41.038397242199352 ], [ 176.055722114194083, -41.038564704964301 ], [ 176.056036278953854, -41.039957982679944 ], [ 176.056037541596424, -41.039968510515827 ], [ 176.056059978121141, -41.041381845469864 ], [ 176.056044813091319, -41.041554195330775 ], [ 176.055774949160167, -41.042952786409025 ], [ 176.055771853033775, -41.042963094382415 ], [ 176.055747563899189, -41.043042305087809 ], [ 176.055078550716985, -41.045180132208174 ], [ 176.054964545379534, -41.045605997272496 ], [ 176.054931321007416, -41.04572591015895 ], [ 176.054926861992698, -41.045741475873122 ], [ 176.054891486134039, -41.045861035511749 ], [ 176.05430847157217, -41.047770408446659 ], [ 176.054128697414114, -41.04838248096025 ], [ 176.054107328699331, -41.048453863641903 ], [ 176.054104501006748, -41.048463134692717 ], [ 176.054082366757939, -41.048534383561993 ], [ 176.053898927186481, -41.049114276578223 ], [ 176.053713886820134, -41.049732218595253 ], [ 176.053640422365362, -41.050065926630005 ], [ 176.053636610882279, -41.050083137143631 ], [ 176.053636112526902, -41.050085374144949 ], [ 176.053632257003926, -41.050102579036107 ], [ 176.053416736527623, -41.051058685399269 ], [ 176.053408534363086, -41.051094632665354 ], [ 176.053407455585045, -41.051099304156217 ], [ 176.053399061164185, -41.05113522598031 ], [ 176.05310358091603, -41.052384876250798 ], [ 176.052885822967767, -41.053364758822731 ], [ 176.052880720914374, -41.053387538410782 ], [ 176.052880052630996, -41.05339049910836 ], [ 176.052874873401521, -41.05341326871384 ], [ 176.052760186287628, -41.053913628660531 ], [ 176.052410558901101, -41.055450690660109 ], [ 176.052335591557863, -41.055816878268558 ], [ 176.052717423700074, -41.056588423004122 ], [ 176.052765822022394, -41.056767901977054 ], [ 176.052930607165564, -41.059583290142236 ], [ 176.052903365351995, -41.059765305598347 ], [ 176.051910641025728, -41.062481437074005 ], [ 176.051810415996528, -41.062648171130796 ], [ 176.050338756442642, -41.064333292379139 ], [ 176.050688445339262, -41.065035410380062 ], [ 176.051155367991072, -41.065905942813274 ], [ 176.051234779349812, -41.066057937718824 ], [ 176.051244865141911, -41.066077766311587 ], [ 176.051320619807541, -41.066230826681753 ], [ 176.051763233635114, -41.067150415048189 ], [ 176.05177845594423, -41.067180004969323 ], [ 176.053121274846632, -41.067201034471296 ], [ 176.053301049744221, -41.067214578780813 ], [ 176.055139200090366, -41.067464493680262 ], [ 176.055199118329284, -41.06747637656683 ], [ 176.055657610080686, -41.067574767674301 ], [ 176.057092062964728, -41.067906205365581 ], [ 176.057141192097021, -41.067917644362019 ], [ 176.057147574613566, -41.067919141861161 ], [ 176.05719663804382, -41.067930741313155 ], [ 176.057761245699226, -41.068065236093936 ], [ 176.059183900453633, -41.068388089074332 ], [ 176.059224877988697, -41.068397448899105 ], [ 176.059230202160677, -41.06839867292085 ], [ 176.059271134964206, -41.06840814419985 ], [ 176.059624329700625, -41.068490393690915 ], [ 176.060098322206699, -41.068553650992698 ], [ 176.06086033298763, -41.068674916982779 ], [ 176.06095860756912, -41.068693115490596 ], [ 176.061708513852295, -41.068851826632091 ], [ 176.062529190988471, -41.0690476298238 ], [ 176.063410109489325, -41.069287002101397 ], [ 176.063522836802122, -41.069321477131815 ], [ 176.064376185248392, -41.069612490162392 ], [ 176.064790012745704, -41.069768706498472 ], [ 176.065096102778114, -41.069888469850405 ], [ 176.06513558845964, -41.069904471640974 ], [ 176.065436970473883, -41.070030889695602 ], [ 176.066518773641377, -41.070500272326868 ], [ 176.067511451523501, -41.070924583911363 ], [ 176.068413364447622, -41.071293002660298 ], [ 176.068538404278769, -41.071340458923103 ], [ 176.069389326517637, -41.070718266734893 ], [ 176.06939363053047, -41.070715121166927 ], [ 176.07078723382736, -41.069697894053505 ], [ 176.071648409723281, -41.069068456120576 ], [ 176.071714901370257, -41.069020231143121 ], [ 176.071723577196849, -41.069013987296664 ], [ 176.071790559805066, -41.068966153097591 ], [ 176.071988453407954, -41.068825922366585 ], [ 176.072115108141503, -41.068342393287651 ], [ 176.072327641439614, -41.067444138087509 ], [ 176.072588694293728, -41.066585344766644 ], [ 176.072629756630079, -41.066475223597465 ], [ 176.073000430660016, -41.065639844753761 ], [ 176.073323878188944, -41.065014123520712 ], [ 176.07362935233067, -41.064414676788729 ], [ 176.074029306980719, -41.063718670627601 ], [ 176.074086240289972, -41.063630006788536 ], [ 176.074463006026122, -41.063101162827671 ], [ 176.075158848624142, -41.061821930545094 ], [ 176.075284859159723, -41.061665538764053 ], [ 176.077696809952641, -41.059518646201468 ], [ 176.077880492387351, -41.059399377408184 ], [ 176.078482172571455, -41.059118926475342 ], [ 176.078615068144785, -41.059027043468589 ], [ 176.081722948826524, -41.057475269477898 ], [ 176.081943315135845, -41.057399563055256 ], [ 176.085532490976107, -41.056650573854988 ], [ 176.085772974572393, -41.056630110117538 ], [ 176.08949224354447, -41.056757194243175 ], [ 176.08972931397949, -41.056793975597287 ], [ 176.09321475919387, -41.057784699873189 ], [ 176.093425219482896, -41.057875127468421 ], [ 176.09633577424654, -41.059632551493479 ], [ 176.096499028069189, -41.059767776906071 ], [ 176.098549818740537, -41.062119927530475 ], [ 176.098649884642583, -41.062286717664868 ], [ 176.099640103903567, -41.065003401634364 ], [ 176.099667180065353, -41.065185432654303 ], [ 176.099499766847487, -41.068000749810579 ], [ 176.099451193100094, -41.068180203981498 ], [ 176.098142383799342, -41.070818564793285 ], [ 176.098022905749815, -41.070977874326445 ], [ 176.096976381560609, -41.072148587053576 ], [ 176.096958674361929, -41.0721653861278 ], [ 176.096832923700305, -41.072646151689803 ], [ 176.096777481654101, -41.072942448562138 ], [ 176.096541508420472, -41.073858597238839 ], [ 176.096502770405777, -41.073976175605992 ], [ 176.096142772496989, -41.0748689245303 ], [ 176.09582572912538, -41.075530248562039 ], [ 176.095774027947954, -41.075649906244607 ], [ 176.095700169529493, -41.075855247197538 ], [ 176.095678894428374, -41.075909234336031 ], [ 176.095502029458487, -41.076321539037735 ], [ 176.095101213218271, -41.077184600652629 ], [ 176.094828333653908, -41.077717486617189 ], [ 176.094789991925182, -41.077785840872714 ], [ 176.094451436206896, -41.078277985501138 ], [ 176.094465797825194, -41.078473867803687 ], [ 176.094441231088467, -41.078656102431161 ], [ 176.093488292089319, -41.081380450667197 ], [ 176.093390500375676, -41.081548020593914 ], [ 176.091371475350371, -41.083916176817581 ], [ 176.09121002456186, -41.08405267629859 ], [ 176.088322488925371, -41.085832776388258 ], [ 176.088113182020777, -41.085924840175501 ], [ 176.087039928347451, -41.086239332046311 ], [ 176.086951205053822, -41.086326080572441 ], [ 176.087128728164657, -41.087709762591714 ], [ 176.087114134636124, -41.087892609347989 ], [ 176.086310717518359, -41.09064442650071 ], [ 176.086222151057285, -41.090814911342584 ], [ 176.084333960326035, -41.093244185185114 ], [ 176.08431742827608, -41.093259380218349 ], [ 176.084308114559548, -41.093276385269775 ], [ 176.084283202014944, -41.093321523757041 ], [ 176.08427994234458, -41.093327385063944 ], [ 176.084254706114166, -41.093372420529079 ], [ 176.084155027872214, -41.093548965730342 ], [ 176.08409634574241, -41.093651146168675 ], [ 176.084088608759714, -41.093664393425023 ], [ 176.084028260384684, -41.09376601692955 ], [ 176.083869286765861, -41.094029349768675 ], [ 176.083735919325505, -41.094255026048259 ], [ 176.083627135571135, -41.094410527459942 ], [ 176.08360620468477, -41.094453812815011 ], [ 176.083540461168013, -41.094586525423153 ], [ 176.083531735610308, -41.094603726126458 ], [ 176.083495771753888, -41.094672987657475 ], [ 176.083453975239507, -41.094761705692783 ], [ 176.083445150082355, -41.09478037310889 ], [ 176.083443999282878, -41.094782798914508 ], [ 176.083435119832359, -41.094801451584836 ], [ 176.083319611317592, -41.0950432590923 ], [ 176.083261221019455, -41.095166674159898 ], [ 176.083236214110713, -41.09521901888543 ], [ 176.083232935449587, -41.095225816036297 ], [ 176.083169197352873, -41.095354880375076 ], [ 176.083164157731773, -41.095364851871544 ], [ 176.083124929163887, -41.095441421996483 ], [ 176.08292480276134, -41.095826822025629 ], [ 176.082922899866475, -41.095830484244701 ], [ 176.08278015260916, -41.096104759909622 ], [ 176.08277153351969, -41.096121272744512 ], [ 176.082770410243, -41.09612341857428 ], [ 176.082761748152649, -41.096139918505209 ], [ 176.082571474279916, -41.096501319600478 ], [ 176.082527566320891, -41.096583536980233 ], [ 176.082521788871674, -41.096594203725196 ], [ 176.08247681299531, -41.096676090113384 ], [ 176.082329637716555, -41.096940367826946 ], [ 176.082316216006149, -41.096964371504541 ], [ 176.082314465218815, -41.096967490066582 ], [ 176.082310963753855, -41.096973702001193 ], [ 176.082121656107574, -41.097480059476624 ], [ 176.082037677945124, -41.097651870261757 ], [ 176.080214933763358, -41.100109663556488 ], [ 176.08006487158184, -41.100253431569598 ], [ 176.077327153359107, -41.10216478858846 ], [ 176.077125694104126, -41.10226643715103 ], [ 176.073741003057847, -41.103444204323118 ], [ 176.073507870936709, -41.103493779951528 ], [ 176.069807624897663, -41.103822627027085 ], [ 176.069565649119909, -41.103815275054011 ], [ 176.065912202578204, -41.103263000563651 ], [ 176.065685079381808, -41.103199441057754 ], [ 176.062436196892946, -41.101820128864084 ], [ 176.062246166183172, -41.101706585989355 ], [ 176.059719948466494, -41.099635302238198 ], [ 176.05958561395127, -41.099482894027204 ], [ 176.059482987310474, -41.099314056120534 ], [ 176.059480622806404, -41.099386229709218 ], [ 176.058806822301932, -41.102157887365436 ], [ 176.058726304290076, -41.102330644099247 ], [ 176.056953090211351, -41.10480912214571 ], [ 176.056805927471828, -41.104954600131855 ], [ 176.054106792886756, -41.106897239301752 ], [ 176.053907388254231, -41.107001194501315 ], [ 176.052254362920593, -41.107599589017141 ], [ 176.05207255229513, -41.107924262866312 ], [ 176.052021650494595, -41.107998362721148 ], [ 176.051032605633139, -41.109197595161397 ], [ 176.050953858376857, -41.109278216068503 ], [ 176.050312944838737, -41.109878729600716 ], [ 176.050293925906089, -41.109895064927116 ], [ 176.049494115508054, -41.110518616301881 ], [ 176.049434444666332, -41.110560855320259 ], [ 176.049134320283372, -41.110766179465358 ], [ 176.049081102315455, -41.110801362515623 ], [ 176.04854230152759, -41.111137017109414 ], [ 176.048513343647613, -41.1111540043633 ], [ 176.047800929156807, -41.11154099967866 ], [ 176.047756247770309, -41.111563432066291 ], [ 176.046928702610103, -41.111943188797518 ], [ 176.046794624124743, -41.111999209109293 ], [ 176.045563853977171, -41.112433690076536 ], [ 176.045576062521747, -41.112530160897059 ], [ 176.045585662818695, -41.112539733159721 ], [ 176.047345446974788, -41.115023781953369 ], [ 176.047425030736065, -41.115196789551128 ], [ 176.048083789414306, -41.117970524037943 ], [ 176.048088788203984, -41.118153662737079 ], [ 176.047581893927486, -41.120945588723103 ], [ 176.047511808419586, -41.121120931677254 ], [ 176.04650953949772, -41.122687467942512 ], [ 176.046476430021301, -41.122816781931775 ], [ 176.045931813033718, -41.12395086270606 ], [ 176.047925432230386, -41.124680607552946 ], [ 176.048124281355598, -41.124785227457856 ], [ 176.048599306357346, -41.125130037166819 ], [ 176.049647406747738, -41.125428302957992 ], [ 176.049816636208504, -41.12548543688488 ], [ 176.050830826201548, -41.125884590268704 ], [ 176.051063923825552, -41.125925780044483 ], [ 176.051288291786619, -41.125994854064686 ], [ 176.052253140692159, -41.126435876413929 ], [ 176.052490899635472, -41.126486363375562 ], [ 176.052711013718096, -41.126562866784433 ], [ 176.054464243340647, -41.127446495797585 ], [ 176.05447783348103, -41.127452707159733 ], [ 176.054482597703043, -41.127455746144335 ], [ 176.055812271424116, -41.12812586882584 ], [ 176.055990357911583, -41.128250054711771 ], [ 176.058301225052674, -41.130461131725482 ], [ 176.058419852266184, -41.130620847648636 ], [ 176.059714087727343, -41.133263619061296 ], [ 176.059761638273869, -41.133443234055129 ], [ 176.059912436169071, -41.136259042853311 ], [ 176.059884246167798, -41.136440976292704 ], [ 176.058876693177382, -41.139154194466258 ], [ 176.058775512344255, -41.139320636468128 ], [ 176.056708105654081, -41.14166564424842 ], [ 176.056543831853418, -41.141800299396841 ], [ 176.053618886914535, -41.143547497826688 ], [ 176.053407599742172, -41.14363718139419 ], [ 176.0517104732576, -41.144230346165621 ], [ 176.051337555496445, -41.144334697218298 ], [ 176.049748426743321, -41.144686608795112 ], [ 176.049538641330287, -41.144721309758843 ], [ 176.047686357585604, -41.14491416276794 ], [ 176.047658529608583, -41.144915391005817 ], [ 176.04578913983562, -41.144886800830001 ], [ 176.045575437132243, -41.144870791302978 ], [ 176.044968367300697, -41.144788552780746 ], [ 176.044340905988605, -41.145262549672047 ], [ 176.044144814730942, -41.145370168074308 ], [ 176.040822466447423, -41.146648658460833 ], [ 176.040591970998094, -41.146705197022989 ], [ 176.036909509645824, -41.147144926016338 ], [ 176.03666718070761, -41.147144848238227 ], [ 176.032985217119318, -41.146702756111942 ], [ 176.032754785565231, -41.146646069720404 ], [ 176.030636307920247, -41.145829151798544 ], [ 176.028006583025643, -41.147167240807626 ], [ 176.027786860616573, -41.147244495491833 ], [ 176.026440197895511, -41.14753532070803 ], [ 176.026527077310448, -41.147838618979371 ], [ 176.026540678046359, -41.148021506364628 ], [ 176.026165030630494, -41.150825258558946 ], [ 176.026103195170691, -41.151002371352291 ], [ 176.02459959361596, -41.153581139758543 ], [ 176.024468366194952, -41.153735138979556 ], [ 176.021983892151326, -41.155836452535141 ], [ 176.021796114207831, -41.155952260208188 ], [ 176.018573950428703, -41.157370370822576 ], [ 176.018348005132765, -41.157436647235478 ], [ 176.014703636769269, -41.158032691581596 ], [ 176.014461648727035, -41.158042946690856 ], [ 176.012089621620134, -41.157861118850136 ], [ 176.011409620413815, -41.158427709308185 ], [ 176.010667606100441, -41.159050415881275 ], [ 176.010656223067286, -41.159059954829956 ], [ 176.010654742101821, -41.159061194096502 ], [ 176.010643341050724, -41.159070720787248 ], [ 176.009886239119055, -41.159702438477836 ], [ 176.009241962172013, -41.160240769559152 ], [ 176.009208848586667, -41.160268322905395 ], [ 176.009204534044073, -41.160271898102131 ], [ 176.009171270051553, -41.160299347782782 ], [ 176.008550083240493, -41.160809827751486 ], [ 176.00797064728755, -41.161296574191091 ], [ 176.007942496758602, -41.161320137708721 ], [ 176.007938830056219, -41.161323196082414 ], [ 176.007910569779568, -41.161346684467595 ], [ 176.007166277718227, -41.161963104432331 ], [ 176.006450133768624, -41.162598198753528 ], [ 176.006280468768551, -41.162745397985056 ], [ 176.006258140474586, -41.16276435100238 ], [ 176.0060842932578, -41.162908736645832 ], [ 176.00562380362615, -41.163282955397392 ], [ 176.005175639275592, -41.163649802401309 ], [ 176.004807392803343, -41.16395232076087 ], [ 176.004400884757871, -41.164290514349943 ], [ 176.004196744787606, -41.164472027124269 ], [ 176.004083413841727, -41.164571321843106 ], [ 176.004068557242306, -41.164584148423657 ], [ 176.003953325119795, -41.16468218571125 ], [ 176.003153323150286, -41.165352903524415 ], [ 176.003073742803224, -41.165418960597989 ], [ 176.003063341249884, -41.165427509034515 ], [ 176.002982897699553, -41.165492966368269 ], [ 176.002260647197716, -41.166074843334236 ], [ 176.0016406510004, -41.166585547291419 ], [ 176.000989753702981, -41.167136731501813 ], [ 176.000925542561561, -41.167190666395761 ], [ 176.000917157873317, -41.167197652412113 ], [ 176.000852373811483, -41.167251194692362 ], [ 176.000114266192696, -41.167856300349328 ], [ 175.999763654156339, -41.168145316545136 ], [ 175.999651081501781, -41.16825076158861 ], [ 175.99958555394528, -41.168341801651721 ], [ 175.999479459175461, -41.168606654708327 ], [ 175.998896274218424, -41.169767198541855 ], [ 175.998807092521133, -41.169913414059877 ], [ 175.998018248467133, -41.171002338410702 ], [ 175.997566251558283, -41.171535401164498 ], [ 175.997174926121517, -41.171968596327702 ], [ 175.997121927541173, -41.172023745144301 ], [ 175.996697890102496, -41.172438993190056 ], [ 175.996334857907215, -41.172773864081464 ], [ 175.996329874426067, -41.172778457899653 ], [ 175.995339097706307, -41.173690183454525 ], [ 175.9945882885157, -41.174386230468784 ], [ 175.994577960902376, -41.174395791290294 ], [ 175.99457661718651, -41.174397033501144 ], [ 175.994566272248022, -41.174406583615664 ], [ 175.993208608059376, -41.17565815258672 ], [ 175.993022050761709, -41.175852302092885 ], [ 175.992645196385098, -41.176560565421369 ], [ 175.992249106875732, -41.17722577923341 ], [ 175.992193068323104, -41.177310541092254 ], [ 175.991228380675636, -41.17852150192828 ], [ 175.991159908966779, -41.178593912069964 ], [ 175.99028287096823, -41.179382374734651 ], [ 175.990207412978208, -41.179515590402673 ], [ 175.990187867604334, -41.179549899412208 ], [ 175.990185314474388, -41.179554355583981 ], [ 175.990165580926146, -41.179588603063358 ], [ 175.989488040661541, -41.180757816580133 ], [ 175.988707011134977, -41.181882343318939 ], [ 175.988592372887581, -41.18202241056278 ], [ 175.987609734961552, -41.183052762847865 ], [ 175.987041553689778, -41.183567674095073 ], [ 175.98648692770314, -41.184081268684785 ], [ 175.98646644797563, -41.184100180679245 ], [ 175.986463781201905, -41.184102636504626 ], [ 175.986443233641637, -41.184121506439467 ], [ 175.984857366181132, -41.185573830178527 ], [ 175.984832056905475, -41.185596929052245 ], [ 175.984828760090295, -41.185599927760428 ], [ 175.984803349132079, -41.185622962858602 ], [ 175.984267673327878, -41.186106908988904 ], [ 175.983953126059902, -41.186379748148831 ], [ 175.98391130841199, -41.186414582555351 ], [ 175.983582507241181, -41.186677657299811 ], [ 175.982490204288496, -41.187517152585372 ], [ 175.982328306626528, -41.187639212839578 ], [ 175.982307060354657, -41.187654926697952 ], [ 175.982142092295788, -41.187774618106324 ], [ 175.98142070268969, -41.188288051758974 ], [ 175.981342884798096, -41.188343936965879 ], [ 175.982192714988827, -41.189718277255913 ], [ 175.982849143095137, -41.191041821870101 ], [ 175.982916139191104, -41.191217865345997 ], [ 175.983373300776037, -41.194014678301578 ], [ 175.983365002204266, -41.194197744312952 ], [ 175.982655592712177, -41.196964380693956 ], [ 175.982572801777934, -41.19713654909134 ], [ 175.980766122113181, -41.19960216828229 ], [ 175.980616935358512, -41.199746583524998 ], [ 175.977889756640963, -41.201669784187565 ], [ 175.977688775208549, -41.201772306235171 ], [ 175.974308065507131, -41.202964775202112 ], [ 175.974074966758167, -41.203015365042532 ], [ 175.970371753524915, -41.203360332465429 ], [ 175.970129363393596, -41.203354036118299 ], [ 175.96646629197275, -41.20281772202987 ], [ 175.966238347316136, -41.202755156200979 ], [ 175.962974125725452, -41.201390081781234 ], [ 175.962782946963813, -41.201277373351573 ], [ 175.960237179141131, -41.199217210987484 ], [ 175.960101482471828, -41.199065396314886 ], [ 175.959179366499711, -41.197835539106798 ], [ 175.958587495925826, -41.196877830262892 ], [ 175.956964067959035, -41.197145544103847 ], [ 175.955934865752766, -41.19732224201146 ], [ 175.955171456548157, -41.19743366645077 ], [ 175.955071693784788, -41.197445693372892 ], [ 175.953720318774771, -41.197527243577433 ], [ 175.950803080058648, -41.198850136025065 ], [ 175.950578189603164, -41.198918690921353 ], [ 175.94694245281184, -41.199551537142867 ], [ 175.946700518202562, -41.199564239094542 ], [ 175.942983813627819, -41.199317408364529 ], [ 175.942748527090089, -41.199273013615809 ], [ 175.939314821913484, -41.198170679225278 ], [ 175.939109223730895, -41.198073535316013 ], [ 175.936294737359333, -41.196223643856428 ], [ 175.936138957167742, -41.1960832633387 ], [ 175.935880708115576, -41.195758227365076 ], [ 175.934530418486332, -41.196102613896407 ], [ 175.934524107645387, -41.196103816302141 ], [ 175.933022618554247, -41.196296796292664 ], [ 175.93179067610518, -41.197046419519545 ], [ 175.931590470010178, -41.197149785100208 ], [ 175.928218876651812, -41.198356455386161 ], [ 175.927986173084349, -41.198408025131215 ], [ 175.924285852947406, -41.19876857077962 ], [ 175.924043439101808, -41.198763294757484 ], [ 175.920376753927712, -41.198242410353309 ], [ 175.920148368988464, -41.198180805356792 ], [ 175.919241773354059, -41.197806632326753 ], [ 175.918666809711709, -41.197933612734928 ], [ 175.918035202159757, -41.198059026618274 ], [ 175.917952563735582, -41.198073620381066 ], [ 175.916102648314904, -41.198286412677056 ], [ 175.915944739035467, -41.19829508457736 ], [ 175.914073524733396, -41.198286645560493 ], [ 175.91398896032814, -41.198281234083076 ], [ 175.912142542570166, -41.198051773060925 ], [ 175.911988816428504, -41.198023158889491 ], [ 175.910212679466952, -41.197578327436865 ], [ 175.910134470294707, -41.197553440696446 ], [ 175.908472363393372, -41.196904197744153 ], [ 175.908337873939985, -41.196841099666948 ], [ 175.906830736223498, -41.196003437040098 ], [ 175.906766540360707, -41.19596151209555 ], [ 175.906284424497159, -41.195628794079788 ], [ 175.906028322804104, -41.195442078845865 ], [ 175.905871029683965, -41.195350706778939 ], [ 175.905449610536152, -41.195111413421159 ], [ 175.905404986319581, -41.195085950443676 ], [ 175.905399195483341, -41.195082629998446 ], [ 175.905354729911636, -41.195057009203197 ], [ 175.903945331742335, -41.194240946964698 ], [ 175.903193246722651, -41.193805598535135 ], [ 175.902425869098153, -41.193321497641968 ], [ 175.902329775987056, -41.193255518447344 ], [ 175.901048238588743, -41.192225713102573 ], [ 175.900977305487828, -41.192158901270219 ], [ 175.899924855461478, -41.190990329457506 ], [ 175.89986046284929, -41.190905148083758 ], [ 175.899401537680234, -41.190234205537514 ], [ 175.899256338630465, -41.189998150663051 ], [ 175.898408512052214, -41.189471232618004 ], [ 175.898255823250935, -41.189362397347175 ], [ 175.897156708428355, -41.188464835855953 ], [ 175.896799174897524, -41.188129846956848 ], [ 175.895742766370233, -41.186963349064676 ], [ 175.895621982566951, -41.186804522540633 ], [ 175.894292695583118, -41.184171515473672 ], [ 175.894242798233478, -41.183992265687536 ], [ 175.894055637206321, -41.181177805267922 ], [ 175.894081501347699, -41.180995679833366 ], [ 175.895054634549751, -41.178275268866017 ], [ 175.895153718640302, -41.178108094570206 ], [ 175.89719175827608, -41.175747995419712 ], [ 175.897354356712981, -41.175612133565359 ], [ 175.900257746049931, -41.173843316168174 ], [ 175.900467941725282, -41.173752062116421 ], [ 175.903952511671065, -41.172747615282418 ], [ 175.904189734367918, -41.172709898439578 ], [ 175.907914506582983, -41.172568107842551 ], [ 175.90815554454511, -41.172587618799746 ], [ 175.911756064619851, -41.173322360050889 ], [ 175.911977333147803, -41.173397189855898 ], [ 175.915101287830822, -41.174936571726086 ], [ 175.915281134185165, -41.175059398395305 ], [ 175.915512819453056, -41.175244577756864 ], [ 175.916064383275284, -41.175572445621974 ], [ 175.91617273541047, -41.175643223143801 ], [ 175.916435161704982, -41.175831358646676 ], [ 175.916634922671477, -41.175938098543234 ], [ 175.91696646281676, -41.17612885145018 ], [ 175.917139090653166, -41.175520879362779 ], [ 175.917172381741807, -41.175424031848436 ], [ 175.917335750438241, -41.175020552165435 ], [ 175.917910651750304, -41.173212525233616 ], [ 175.918086913976822, -41.172720025708053 ], [ 175.918112208321105, -41.172656542259205 ], [ 175.918790295997383, -41.171339312592167 ], [ 175.918857804390598, -41.171233578166273 ], [ 175.919800213825567, -41.17001271029622 ], [ 175.919850229313568, -41.169958239214154 ], [ 175.920250672009047, -41.169547467003476 ], [ 175.921860033394239, -41.167990855252071 ], [ 175.921867855901695, -41.167983297093826 ], [ 175.923396550664847, -41.166510343497123 ], [ 175.92346030190015, -41.166449457447037 ], [ 175.923468634541592, -41.166441569396582 ], [ 175.923533077790154, -41.166381100823834 ], [ 175.923925841651283, -41.166015792540499 ], [ 175.925215469100948, -41.164992137004482 ], [ 175.92539585962777, -41.164869789275798 ], [ 175.928526498636387, -41.163338723227575 ], [ 175.9287480813218, -41.163264482249794 ], [ 175.932351465928747, -41.162539320812094 ], [ 175.932592557573457, -41.162520451114126 ], [ 175.936316097086916, -41.162672151389295 ], [ 175.936553107814461, -41.162710499420086 ], [ 175.940032467784846, -41.163724219904097 ], [ 175.940242206422027, -41.163816033536698 ], [ 175.943136914395012, -41.165592583864814 ], [ 175.943298855116296, -41.165728879052857 ], [ 175.945325585861411, -41.168094414310374 ], [ 175.945423875545771, -41.168261853245255 ], [ 175.946384173824214, -41.170984869662256 ], [ 175.946409184338592, -41.171167064952762 ], [ 175.946208915763066, -41.173981041513436 ], [ 175.946158189046429, -41.174160159266719 ], [ 175.945400313650538, -41.175645830171668 ], [ 175.945792080019345, -41.175602800332257 ], [ 175.945896035892446, -41.175594078551683 ], [ 175.947765686533899, -41.175548774701952 ], [ 175.947904106996162, -41.175553638243819 ], [ 175.949760126946245, -41.175729847344954 ], [ 175.949862563194074, -41.175745820932853 ], [ 175.951659270133376, -41.176139206738242 ], [ 175.95178893016498, -41.176176146854246 ], [ 175.953482100275949, -41.176777026584602 ], [ 175.953572993678023, -41.176816132623379 ], [ 175.955120947426281, -41.177609716948183 ], [ 175.955229159252582, -41.177675119149768 ], [ 175.955359977838867, -41.177767797887547 ], [ 175.955360391305277, -41.177767728682987 ], [ 175.956700541320231, -41.177544288117723 ], [ 175.956736451183389, -41.177538344555622 ], [ 175.956741121030063, -41.177537577331883 ], [ 175.956777054961947, -41.177531717451885 ], [ 175.957916100408369, -41.177347350963849 ], [ 175.95920956481973, -41.17713022747855 ], [ 175.959610864414373, -41.177048736869111 ], [ 175.959611998732896, -41.177048169476386 ], [ 175.959613404451602, -41.177047467157976 ], [ 175.959624221556027, -41.177042069151824 ], [ 175.960333859779865, -41.176688356243552 ], [ 175.961247643301476, -41.176218206638111 ], [ 175.961275968790943, -41.176203677639187 ], [ 175.961279654686791, -41.176201792867204 ], [ 175.961308035287402, -41.176187325374315 ], [ 175.961712183832248, -41.175981939789885 ], [ 175.961760571373674, -41.175947733979342 ], [ 175.962357519160264, -41.175511132599929 ], [ 175.962386730544949, -41.175489840130197 ], [ 175.962390534250034, -41.175487077000732 ], [ 175.962419841405278, -41.175465859786513 ], [ 175.963063494798519, -41.175001460404864 ], [ 175.963074001922053, -41.174993888611581 ], [ 175.963075368642393, -41.174992904906183 ], [ 175.963085887984988, -41.174985342770213 ], [ 175.963946685439311, -41.174367278390775 ], [ 175.963966120804827, -41.174353354681095 ], [ 175.963968650088276, -41.174351546746443 ], [ 175.963988126775803, -41.174337656076922 ], [ 175.964552938110273, -41.17393573719891 ], [ 175.965116685105102, -41.173502555825742 ], [ 175.965297862190198, -41.173338916403956 ], [ 175.965840520323695, -41.172842095717513 ], [ 175.965672029956011, -41.171941048357233 ], [ 175.965676081953831, -41.171757900526963 ], [ 175.966320963066551, -41.168982297449197 ], [ 175.966399711756736, -41.168809059022095 ], [ 175.968147995912659, -41.166319863006954 ], [ 175.968293725002809, -41.166173489370124 ], [ 175.970797706075444, -41.164343314341508 ], [ 175.970540381201801, -41.162554860546621 ], [ 175.970552198427811, -41.162371904503004 ], [ 175.971314373788402, -41.159613339206153 ], [ 175.971400417817307, -41.159442096594596 ], [ 175.973253118210636, -41.156996515543902 ], [ 175.973404959053767, -41.156853746208469 ], [ 175.974687303554504, -41.155824987181347 ], [ 175.975832360618114, -41.155040017029521 ], [ 175.976343225137072, -41.154709171228312 ], [ 175.976411189821363, -41.154667611607906 ], [ 175.97795278012191, -41.153867565601779 ], [ 175.978087583812396, -41.153808798560227 ], [ 175.979775747887857, -41.153200847564591 ], [ 175.979857374908221, -41.15317719329078 ], [ 175.980492070997911, -41.153008636332878 ], [ 175.980961290574527, -41.15289516258639 ], [ 175.981350788081301, -41.152073877186041 ], [ 175.981467243631471, -41.151913237798453 ], [ 175.983748219619741, -41.149684105779485 ], [ 175.983924639776973, -41.149558525097675 ], [ 175.987005148625002, -41.147971189678614 ], [ 175.987224264910793, -41.147892956682007 ], [ 175.987908726586937, -41.147741825001653 ], [ 175.987891324291411, -41.147649435881171 ], [ 175.987949667776292, -41.144831704888212 ], [ 175.987991315365178, -41.144651255652363 ], [ 175.989198611530071, -41.141985053296651 ], [ 175.989311978716245, -41.141823163088986 ], [ 175.98990536636947, -41.14122561301145 ], [ 175.989749934999708, -41.141022584655609 ], [ 175.989662865000611, -41.140851644480286 ], [ 175.988884051433502, -41.138095756290525 ], [ 175.988871120489478, -41.137912842103923 ], [ 175.989256906633045, -41.135109894524959 ], [ 175.989319370533252, -41.134932911526413 ], [ 175.990831844194673, -41.13235726314074 ], [ 175.990963579925875, -41.132203533693314 ], [ 175.993454589117505, -41.130107263462449 ], [ 175.993642697514531, -41.12999183221104 ], [ 175.996868390961509, -41.128580080831412 ], [ 175.997094460875104, -41.128514243351226 ], [ 175.997809373722617, -41.128398702776714 ], [ 175.999253313820617, -41.126030687382531 ], [ 175.999387908218779, -41.125878386101995 ], [ 176.001917762111873, -41.123809041780127 ], [ 176.002107999533195, -41.123695639633603 ], [ 176.005359551594722, -41.122318627813634 ], [ 176.005586812760527, -41.122255221780556 ], [ 176.009241860003812, -41.121705286315098 ], [ 176.009483906719424, -41.121698080675507 ], [ 176.013184809304647, -41.12202903287529 ], [ 176.01325972747, -41.122045003089035 ], [ 176.013303656807722, -41.121901334800768 ], [ 176.014700798673516, -41.11928878078885 ], [ 176.014825619646984, -41.119131797636427 ], [ 176.017221815216885, -41.116973552140365 ], [ 176.017404664229417, -41.116853417007235 ], [ 176.020168232453756, -41.11554824006236 ], [ 176.020267748838194, -41.114928003828517 ], [ 176.02033369473358, -41.11443934068587 ], [ 176.020302295112003, -41.114190468818649 ], [ 176.020213331090218, -41.113487080703507 ], [ 176.020118052310522, -41.112770280542435 ], [ 176.020117844227883, -41.112768713723497 ], [ 176.020022961364418, -41.11205265232843 ], [ 176.020008368418416, -41.111934709206722 ], [ 176.020006604726461, -41.111919367829223 ], [ 176.019994063946143, -41.111801289758795 ], [ 176.019944122146683, -41.111288859009534 ], [ 176.0199101251157, -41.111177051206241 ], [ 176.019685407103623, -41.110491835259197 ], [ 176.019648388988827, -41.110375664709778 ], [ 176.019643709304688, -41.11036053905918 ], [ 176.019608732274975, -41.110244007292444 ], [ 176.019411832215894, -41.109567230450637 ], [ 176.019251011102455, -41.109033864327472 ], [ 176.019053525509605, -41.10819951889146 ], [ 176.019034649479437, -41.10809038146401 ], [ 176.018941733208464, -41.107245689677896 ], [ 176.018860842817105, -41.105544006231902 ], [ 176.018861489261468, -41.10488339418594 ], [ 176.018865733928266, -41.104797632430135 ], [ 176.018930389369785, -41.10413883282154 ], [ 176.019052858836318, -41.103306002990507 ], [ 176.019057962852713, -41.103271885595163 ], [ 176.019058637547744, -41.103267451306216 ], [ 176.019063913454829, -41.103233348871868 ], [ 176.019175724247219, -41.102522358139893 ], [ 176.019303247929997, -41.101690135555209 ], [ 176.019315901544189, -41.101610646978237 ], [ 176.019317607191994, -41.101600319197125 ], [ 176.019331194312088, -41.101520918833884 ], [ 176.019469997793379, -41.100737145608832 ], [ 176.019607746754446, -41.099685552884267 ], [ 176.019616354213042, -41.099622129662734 ], [ 176.019617511742382, -41.099613887742713 ], [ 176.019626712427083, -41.099550512194611 ], [ 176.019731405299694, -41.098852151156791 ], [ 176.019735460032649, -41.098825459084416 ], [ 176.019735993987837, -41.098821989717663 ], [ 176.019740153950011, -41.098795306916877 ], [ 176.019926499534762, -41.097615161434625 ], [ 176.019525043559184, -41.097183860309293 ], [ 176.019201084586058, -41.096782926239833 ], [ 176.018875697828747, -41.096429016250667 ], [ 176.018124685082768, -41.095496172101662 ], [ 176.018037115266281, -41.095370878058567 ], [ 176.017296112535888, -41.094073381515258 ], [ 176.017278226069266, -41.094033783313762 ], [ 176.016814670876613, -41.09266456530284 ], [ 176.01678257141748, -41.092524931883815 ], [ 176.016621895142208, -41.091439481685278 ], [ 176.016587589319244, -41.090929572662553 ], [ 176.016357662154661, -41.090300280962389 ], [ 176.016042912976133, -41.089152549139193 ], [ 176.016014974501218, -41.089001965641685 ], [ 176.015899897311925, -41.087833028623471 ], [ 176.015889372129863, -41.086970380170968 ], [ 176.015873768723367, -41.086093409593239 ], [ 176.015860548276038, -41.08554023041264 ], [ 176.015858989988686, -41.085450056762859 ], [ 176.015858864975456, -41.085438333714762 ], [ 176.015858499980624, -41.085348152778529 ], [ 176.015859676358673, -41.084890215604268 ], [ 176.015805031081612, -41.084453984464801 ], [ 176.015795361889076, -41.084435024752317 ], [ 176.015517208342999, -41.083886474765094 ], [ 176.015049763735902, -41.083034890905907 ], [ 176.014728295065936, -41.082378269034415 ], [ 176.01469094947069, -41.082291808928616 ], [ 176.014380997117826, -41.081322294488331 ], [ 176.013095884730546, -41.079469182087038 ], [ 176.012487633255915, -41.079390672966355 ], [ 176.012323023289554, -41.079362346965368 ], [ 176.010539750051464, -41.078941738244481 ], [ 176.010471142007816, -41.078920959911223 ], [ 176.008796809846189, -41.078294413642958 ], [ 176.008651830457353, -41.078228978851456 ], [ 176.00757300530708, -41.077679461273632 ], [ 176.005748847311509, -41.076636318994098 ], [ 176.005710312088098, -41.076614188774585 ], [ 176.005705310257895, -41.076611304154177 ], [ 176.005666894247611, -41.076589055598333 ], [ 176.004830040437696, -41.076102342715764 ], [ 176.004743590770346, -41.076051582960737 ], [ 176.004732392641046, -41.076044945238223 ], [ 176.004646563396619, -41.075993586186009 ], [ 176.003605014698991, -41.075364416598916 ], [ 176.003375304921946, -41.075222067168319 ], [ 176.003345752337367, -41.075203282772478 ], [ 176.002014236128304, -41.074212090681414 ], [ 176.001880568509989, -41.074095605665704 ], [ 176.001610143034725, -41.073818742458393 ], [ 176.001567353156702, -41.0738136373391 ], [ 176.00153669593962, -41.07380994870617 ], [ 176.001532711336154, -41.073809465251415 ], [ 176.001502066961905, -41.073805716118997 ], [ 175.998761525754446, -41.073467619096171 ], [ 175.997717700100537, -41.073354686972017 ], [ 175.997348941303699, -41.073310311145974 ], [ 175.997301134051554, -41.073303974659503 ], [ 175.996934396711339, -41.073250866085729 ], [ 175.996537480856887, -41.073188486592436 ], [ 175.995715404783255, -41.073036023770484 ], [ 175.995609600950928, -41.073013354499516 ], [ 175.994803926282628, -41.072817059434726 ], [ 175.991559790590628, -41.071929068422271 ], [ 175.985116296931352, -41.070182348614885 ], [ 175.98509598094688, -41.070176824851146 ], [ 175.985093340732277, -41.070176104949674 ], [ 175.985073038030549, -41.070170553306319 ], [ 175.983784443759333, -41.069817186097808 ], [ 175.983778949747062, -41.069815678313404 ], [ 175.982074211529124, -41.069228908173592 ], [ 175.981973148774387, -41.069186565215837 ], [ 175.981872037565012, -41.069144288656425 ], [ 175.980309167539133, -41.068363408468024 ], [ 175.980308637359627, -41.068363095591046 ], [ 175.978927007480507, -41.067406327498844 ], [ 175.978848185713787, -41.067342419755228 ], [ 175.97876929075511, -41.067278563834819 ], [ 175.977997104984183, -41.066545575887353 ], [ 175.977790007479513, -41.06646835339172 ], [ 175.976184707943446, -41.065746123980922 ], [ 175.975987009594604, -41.06564045664242 ], [ 175.973319037596639, -41.06367468211856 ], [ 175.97317416973732, -41.063527945704983 ], [ 175.971439532880851, -41.061034358429879 ], [ 175.971361673206502, -41.060860920073864 ], [ 175.970730081878315, -41.058083655609266 ], [ 175.970726843823542, -41.057900494848205 ], [ 175.97125997860573, -41.055111428509186 ], [ 175.971331669151198, -41.054936474376674 ], [ 175.972977198109419, -41.052408601580055 ], [ 175.973116791545664, -41.052258977595123 ], [ 175.975713548207381, -41.050239697989802 ], [ 175.975907376966916, -41.050130046832479 ], [ 175.979201170995992, -41.048816964731799 ], [ 175.979430264745673, -41.048758016274398 ], [ 175.983098764484396, -41.048279619468964 ], [ 175.98334070593603, -41.048277141815184 ], [ 175.987024956923506, -41.048680241784339 ], [ 175.987256073138468, -41.048734477479691 ], [ 175.98899053415505, -41.049257583760401 ], [ 175.990823910998785, -41.049941148057002 ], [ 175.992108288544642, -41.050418382556934 ], [ 175.993180229822229, -41.050869996725226 ], [ 175.993315220273587, -41.050933980905683 ], [ 175.994815108778369, -41.051775733167034 ], [ 175.994877989021973, -41.051817186094709 ], [ 175.996141267463543, -41.052792041144542 ], [ 176.000124531102045, -41.053871732316935 ], [ 176.00014216504843, -41.053876523596372 ], [ 176.000144456812791, -41.053877147828366 ], [ 176.000162080780029, -41.05388196011824 ], [ 176.002315789761383, -41.054471463781852 ], [ 176.002471429589377, -41.054488301184129 ], [ 176.002586901621811, -41.054501230822716 ], [ 176.002601901736853, -41.054502967361636 ], [ 176.002717200706599, -41.054516753706665 ], [ 176.005547061441064, -41.054865860899561 ], [ 176.00793673738761, -41.055150929910013 ], [ 176.009223438239502, -41.055360171257675 ], [ 176.009388214384416, -41.055394279676676 ], [ 176.010636533139234, -41.055709783704231 ], [ 176.011978369238989, -41.056112608696132 ], [ 176.01218452261736, -41.056176190587543 ], [ 176.012211218107581, -41.056184645228313 ], [ 176.012415764586592, -41.056251134736414 ], [ 176.013908324543451, -41.05674885605697 ], [ 176.014547361983631, -41.056979362299366 ], [ 176.014629186717229, -41.057011170923595 ], [ 176.015248991540119, -41.057270028244005 ], [ 176.016309545271668, -41.057744629322613 ], [ 176.017383292293403, -41.058286659680633 ], [ 176.017517429457058, -41.058362636998361 ], [ 176.018507331696924, -41.058989489249008 ], [ 176.019062609666264, -41.059381756371444 ], [ 176.019165265902672, -41.059455142768606 ], [ 176.019178535983656, -41.059464742586719 ], [ 176.020298398103705, -41.060412882187755 ], [ 176.020320687668516, -41.060330142012035 ], [ 176.0204055393678, -41.060158591494144 ], [ 176.0222402716293, -41.057706398743662 ], [ 176.022390997691758, -41.057563088381407 ], [ 176.025136881707908, -41.055660001774861 ], [ 176.025338725924399, -41.055558956120613 ], [ 176.025712488578819, -41.05543014755753 ], [ 176.025898522193643, -41.055047061477161 ], [ 176.025990790234999, -41.054863277586179 ], [ 176.02600312805609, -41.054839487607126 ], [ 176.026100672633504, -41.054657271815685 ], [ 176.026571512493291, -41.053804572128357 ], [ 176.026615393566544, -41.053726145593018 ], [ 176.026621161647, -41.053715970785497 ], [ 176.026666020271961, -41.053637861820057 ], [ 176.027388416784362, -41.05239606877123 ], [ 176.027396906528395, -41.052355790196813 ], [ 176.027399003852594, -41.052346100938266 ], [ 176.027415549883727, -41.052271619380825 ], [ 176.027785186377145, -41.050649283542441 ], [ 176.027786660852342, -41.050642825737008 ], [ 176.02789867124244, -41.050154935807392 ], [ 176.028122395901164, -41.049149909416997 ], [ 176.028132893813165, -41.049103490280167 ], [ 176.028134279369539, -41.049097458534419 ], [ 176.028145097708915, -41.049051081582689 ], [ 176.028443668218245, -41.047790371750409 ], [ 176.028587747660595, -41.047152267125135 ], [ 176.02808877346024, -41.044746961702351 ], [ 176.028089088398644, -41.044563782450936 ], [ 176.028676149200976, -41.041780907481758 ], [ 176.02875121084378, -41.041606766790565 ], [ 176.029585104906715, -41.040371574943997 ], [ 176.029314829150991, -41.039192305025594 ], [ 176.02931307280727, -41.03917808976022 ], [ 176.029300442966928, -41.039068679198607 ], [ 176.029088746489066, -41.037096161463424 ], [ 176.029077767529287, -41.037064950639248 ], [ 176.029047702137575, -41.036977728477659 ], [ 176.029043868673057, -41.036966375071735 ], [ 176.02901495768603, -41.036878929450445 ], [ 176.028561743265669, -41.035478370625732 ], [ 176.028550198115568, -41.03544237201875 ], [ 176.028548709962422, -41.035437689882563 ], [ 176.028537360448752, -41.035401655625442 ], [ 176.028220117816886, -41.034385148067898 ], [ 176.027944636734333, -41.033082082091866 ], [ 176.027925360651125, -41.03291161134203 ], [ 176.027909838632297, -41.031939941966911 ], [ 176.027854994736543, -41.03183931086528 ], [ 176.027780540813751, -41.0316650231617 ], [ 176.027203151188843, -41.028880996286333 ], [ 176.027203466839893, -41.028697816564474 ], [ 176.027790398578361, -41.02591493588546 ], [ 176.027865442938207, -41.025740794931679 ], [ 176.028427542146147, -41.024908005087688 ], [ 176.028472954036573, -41.024382282365053 ], [ 176.028491190638618, -41.024199676469252 ], [ 176.028493879764142, -41.024175958405252 ], [ 176.028517014309813, -41.023993671007617 ], [ 176.028629526877637, -41.023192703366234 ], [ 176.028640851698839, -41.023115266877845 ], [ 176.028642381381104, -41.023105205144418 ], [ 176.028654590131936, -41.023027845733729 ], [ 176.028710383047212, -41.02268683935479 ], [ 176.027284373749211, -41.020219258783762 ], [ 176.027223255092196, -41.020042023809495 ], [ 176.026857755127565, -41.017237496233449 ], [ 176.02687194198748, -41.017054631426525 ], [ 176.027668536261473, -41.014301819675374 ], [ 176.027756630054114, -41.014131224569688 ], [ 176.029637205629399, -41.011699567760232 ], [ 176.029790575904741, -41.011557938781564 ], [ 176.03069278741836, -41.010950342979669 ], [ 176.030648031084525, -41.010617825210744 ], [ 176.030661439594581, -41.010434926447338 ], [ 176.030877393145744, -41.009676943527175 ], [ 176.030818232429766, -41.009671469942717 ], [ 176.030886259129005, -41.00924957734756 ], [ 176.030931645449584, -41.008647822980429 ], [ 176.030994082335496, -41.007768373598481 ], [ 176.030997205834467, -41.007726219672413 ], [ 176.030997628840879, -41.007720740412957 ], [ 176.031001013132681, -41.00767859803971 ], [ 176.031070985409286, -41.006839708741836 ], [ 176.031128192466355, -41.006038028068325 ], [ 176.03118564009722, -41.005109322564266 ], [ 176.031188447595866, -41.005066151027016 ], [ 176.031188830343666, -41.005060539422793 ], [ 176.031191911272714, -41.005017378587411 ], [ 176.031267547393639, -41.004002919409771 ], [ 176.03126935116876, -41.003979278096956 ], [ 176.031269590991855, -41.003976204965149 ], [ 176.031271476802772, -41.00395256732704 ], [ 176.031309188616433, -41.003489964810349 ], [ 176.031343938126383, -41.003055699876469 ], [ 176.031411909093521, -41.00208752913899 ], [ 176.031433083736431, -41.001757711073829 ], [ 176.031407521820825, -41.001415607890927 ], [ 176.031363320752234, -41.000836175298389 ], [ 176.031350979953885, -41.000635612470859 ], [ 176.031349759397415, -41.000609528996208 ], [ 176.031343322384629, -41.000408807598696 ], [ 176.031326999344714, -40.999468131683606 ], [ 176.031276815303642, -40.998783381399072 ], [ 176.031267436808264, -40.998632597058503 ], [ 176.031266434479875, -40.998612988730642 ], [ 176.031260392530129, -40.998462106488823 ], [ 176.031234479603825, -40.997567823398988 ], [ 176.031232423327822, -40.997475114430856 ], [ 176.031232237893477, -40.997463061541751 ], [ 176.031231441331556, -40.997370341446867 ], [ 176.031231381676804, -40.997337153721595 ], [ 176.030552059180565, -40.997162000344176 ], [ 176.030329989482709, -40.997089560149185 ], [ 176.027185781360629, -40.995583849335631 ], [ 176.027004137112812, -40.995462957662582 ], [ 176.024628107756541, -40.993294739767329 ], [ 176.024504670699372, -40.993137234046422 ], [ 176.023129372353054, -40.990518804789041 ], [ 176.023076220472518, -40.99034010599663 ], [ 176.022836165356495, -40.987527813209645 ], [ 176.022858492478292, -40.987345415125965 ], [ 176.023730286310069, -40.984753524299272 ], [ 176.02321335830311, -40.984285440783864 ], [ 176.023122592418417, -40.984188743349961 ], [ 176.022164061538149, -40.982976223121078 ], [ 176.022125871145505, -40.982917982922906 ], [ 176.021848530493656, -40.982463794183701 ], [ 176.021346641433212, -40.981578091175884 ], [ 176.021309307638575, -40.981511468738788 ], [ 176.021304500247055, -40.981502793183502 ], [ 176.021267874171798, -40.981435945539587 ], [ 176.020362685172842, -40.979764877864795 ], [ 176.019949486038655, -40.979006441721353 ], [ 176.01952875759963, -40.978236267019994 ], [ 176.019484017394802, -40.978153197385979 ], [ 176.019478272288154, -40.97814237664705 ], [ 176.019434626235721, -40.978058973374957 ], [ 176.018922134025843, -40.977065220667036 ], [ 176.018507514533383, -40.976105805556003 ], [ 176.018462992075115, -40.97597918755492 ], [ 176.018192648553281, -40.974990633846105 ], [ 176.017963725696262, -40.973829268805382 ], [ 176.01795908566703, -40.97380551205363 ], [ 176.017958487896777, -40.973802423072385 ], [ 176.017953931460283, -40.973778657035588 ], [ 176.017804395558557, -40.972991305109851 ], [ 176.01780254797356, -40.972981538977606 ], [ 176.01780230870483, -40.972980269280214 ], [ 176.017800475232463, -40.972970501606461 ], [ 176.017353540361199, -40.970580022057113 ], [ 176.017076939951465, -40.969106043375888 ], [ 176.016984633155374, -40.968434357772558 ], [ 176.016976965691185, -40.968346820620738 ], [ 176.016966275445469, -40.967291478544382 ], [ 176.016969597179667, -40.967242092431341 ], [ 176.01700573598788, -40.966862608365432 ], [ 176.017069613185072, -40.966344488965014 ], [ 176.017097004537732, -40.965868333860094 ], [ 176.017098707569119, -40.965839770797196 ], [ 176.017098936737284, -40.965836057874753 ], [ 176.017100759370322, -40.965807499053902 ], [ 176.017110214037672, -40.965664070522024 ], [ 176.016817814654274, -40.965615348917268 ], [ 176.016787763279893, -40.965610310570341 ], [ 176.016783857726693, -40.965609651750825 ], [ 176.016753823667329, -40.965604554412806 ], [ 176.015612239550791, -40.965409622876486 ], [ 176.014553749396356, -40.965231696069345 ], [ 176.014516899440963, -40.965225455010859 ], [ 176.014512110658558, -40.965224637905116 ], [ 176.014475287038721, -40.965218308105896 ], [ 176.01327184998695, -40.965009911701337 ], [ 176.012706845169788, -40.965702367945042 ], [ 176.012630039400705, -40.965795230196179 ], [ 176.012619958111628, -40.965807255792363 ], [ 176.012541667124538, -40.96589940271209 ], [ 176.011401308921677, -40.967223775712327 ], [ 176.011097762660569, -40.967559471698934 ], [ 176.011057021228737, -40.967602414299158 ], [ 176.010733776182491, -40.96792737364369 ], [ 176.010475236082158, -40.968175419841657 ], [ 176.009774912387684, -40.96976190850971 ], [ 176.009663318147233, -40.969924392278443 ], [ 176.007451616797965, -40.972189777025172 ], [ 176.007279229220956, -40.972318166832871 ], [ 176.004252002986163, -40.973954582128108 ], [ 176.004035696892998, -40.974036306563804 ], [ 176.000489323185974, -40.974883515647981 ], [ 176.00025027822781, -40.974910572048621 ], [ 175.99653202607675, -40.974885613112605 ], [ 175.996293651191706, -40.974855352030495 ], [ 175.992767640251259, -40.973960670981498 ], [ 175.992553278583358, -40.97387605590491 ], [ 175.991813129823072, -40.973525368213444 ], [ 175.991046310655179, -40.973281309022958 ], [ 175.99037270003268, -40.973072217828623 ], [ 175.9893085395193, -40.972767381062198 ], [ 175.989253105924206, -40.97275138140639 ], [ 175.989245906451771, -40.972749287831533 ], [ 175.989190578932295, -40.972733078643508 ], [ 175.988086258465586, -40.972407137781381 ], [ 175.987942575744739, -40.972363910952708 ], [ 175.987923946015826, -40.97235819961606 ], [ 175.987781017525521, -40.97231355972788 ], [ 175.98581337688185, -40.971687618479613 ], [ 175.984183921853031, -40.97105316867858 ], [ 175.983981715493229, -40.97095884110319 ], [ 175.982500306193259, -40.970142099573295 ], [ 175.981711603010098, -40.969632375940975 ], [ 175.981110126867151, -40.969244586019407 ], [ 175.981047716402088, -40.969204064927474 ], [ 175.981039627173033, -40.969198775983337 ], [ 175.98097758796024, -40.969157928704021 ], [ 175.980976673223608, -40.969157322212261 ], [ 175.979242019878427, -40.969161589670982 ], [ 175.979003200196303, -40.96913351930295 ], [ 175.975463464496187, -40.968271276763993 ], [ 175.975247785399091, -40.968188636048502 ], [ 175.972232974115258, -40.966539408916461 ], [ 175.972061553543256, -40.966410290371229 ], [ 175.969866822801322, -40.964135570841357 ], [ 175.969756440500561, -40.963972617213791 ], [ 175.968596577740215, -40.961295124140399 ], [ 175.968558032782084, -40.961114289423961 ], [ 175.968546450277103, -40.95829614662329 ], [ 175.968583506232875, -40.958115133240128 ], [ 175.968918980369921, -40.957041060457769 ], [ 175.968680269947043, -40.956773379142454 ], [ 175.968649010588422, -40.956736881871002 ], [ 175.968415438606968, -40.956452745000703 ], [ 175.967999180275939, -40.955924751790185 ], [ 175.966766375566124, -40.95587412664942 ], [ 175.966671820206784, -40.95586456073984 ], [ 175.964848854652388, -40.955568240345563 ], [ 175.964708036553105, -40.955536410140951 ], [ 175.963640223414444, -40.955252404839577 ], [ 175.962913177291057, -40.955029010657135 ], [ 175.960026552089744, -40.954223413511897 ], [ 175.959942812410077, -40.954199770666548 ], [ 175.959931941655555, -40.954196666099506 ], [ 175.959848438958687, -40.954172546375169 ], [ 175.957685344438715, -40.95354063770796 ], [ 175.957040542176372, -40.953335541552136 ], [ 175.956957825239868, -40.953307032542561 ], [ 175.955326427243477, -40.952622922716202 ], [ 175.955200058726462, -40.952559634636366 ], [ 175.953729943803353, -40.951690440912799 ], [ 175.953662899459658, -40.951643946395755 ], [ 175.953161064781057, -40.951274783726447 ], [ 175.95244180254565, -40.950713579093161 ], [ 175.952196880267962, -40.950861580225975 ], [ 175.951986711567258, -40.950951935935684 ], [ 175.948506282913314, -40.951941360745934 ], [ 175.948269567755574, -40.951978046241102 ], [ 175.944556172333563, -40.952103501828468 ], [ 175.944316091243707, -40.95208292472752 ], [ 175.94073337280733, -40.95133212741905 ], [ 175.9405134362392, -40.951256302901065 ], [ 175.93741222464439, -40.94970277664526 ], [ 175.937233967927398, -40.949579129827363 ], [ 175.93656868886967, -40.948946026479568 ], [ 175.933350419999357, -40.948256767312223 ], [ 175.933131059999056, -40.948180006009288 ], [ 175.930748241014328, -40.94697165527591 ], [ 175.929972204253687, -40.947417061836347 ], [ 175.928498640063196, -40.948267543020549 ], [ 175.927961173001364, -40.948560177892524 ], [ 175.927889959358026, -40.948596715960974 ], [ 175.927331832022304, -40.948866205116659 ], [ 175.926045248587627, -40.949449875174082 ], [ 175.924492874471696, -40.950165341128177 ], [ 175.924458093659638, -40.950181308926211 ], [ 175.924453567479588, -40.950183378867287 ], [ 175.924418714752818, -40.950199256316445 ], [ 175.920506923541154, -40.951974288615361 ], [ 175.920467390540836, -40.951992147368323 ], [ 175.92046224533911, -40.951994461449722 ], [ 175.920422621389463, -40.952012203949039 ], [ 175.919338287304328, -40.952495584376969 ], [ 175.918699537858316, -40.952790505652459 ], [ 175.918667265237474, -40.952805353057947 ], [ 175.918663065763184, -40.952807278161096 ], [ 175.918630731087575, -40.952822047727317 ], [ 175.915059617579232, -40.954447277435662 ], [ 175.913587616852027, -40.95512419751504 ], [ 175.913080044984582, -40.955344830096337 ], [ 175.913013169142857, -40.955372263424017 ], [ 175.912491882022209, -40.955573681974727 ], [ 175.910749586318047, -40.956206381561081 ], [ 175.910741634266117, -40.956209266478204 ], [ 175.909375109917761, -40.956703811309708 ], [ 175.909328213714645, -40.956720687272991 ], [ 175.909322110912967, -40.956722871039958 ], [ 175.909275117859977, -40.956739591491512 ], [ 175.909213396352271, -40.956761427778169 ], [ 175.9089187172506, -40.957078507705589 ], [ 175.908842091495103, -40.957154202502274 ], [ 175.907594444736702, -40.958204511508278 ], [ 175.907509922341518, -40.95826530743674 ], [ 175.906060861546138, -40.959154705218623 ], [ 175.905957125954984, -40.959208741706881 ], [ 175.905136777485836, -40.959599716492761 ], [ 175.90301829257055, -40.960520174371112 ], [ 175.902995299206339, -40.960530138580864 ], [ 175.902992308165693, -40.960531431401662 ], [ 175.902969285519902, -40.960541356742617 ], [ 175.901187017617389, -40.961307699301088 ], [ 175.899890174107469, -40.961788840695284 ], [ 175.899717201640811, -40.961843406814708 ], [ 175.898352932487455, -40.962201743389237 ], [ 175.89636541438415, -40.962623152875317 ], [ 175.896349674433623, -40.962626481182248 ], [ 175.896347627849707, -40.962626912794988 ], [ 175.896331881893559, -40.962630224683906 ], [ 175.894693067161, -40.962973987528329 ], [ 175.89466530434612, -40.962979783465371 ], [ 175.894661693979259, -40.962980533620772 ], [ 175.894633912688306, -40.962986278536157 ], [ 175.892456981990563, -40.96343427610357 ], [ 175.892445254323945, -40.963436684569949 ], [ 175.892443729516344, -40.963436997079562 ], [ 175.892431998604138, -40.963439396453353 ], [ 175.890508007414127, -40.963832100196804 ], [ 175.890321010759067, -40.963869032432243 ], [ 175.890296651287258, -40.963873683452263 ], [ 175.890108886844075, -40.963908305369905 ], [ 175.889440008110313, -40.964027279064489 ], [ 175.887377160167262, -40.964395007084057 ], [ 175.887299255744495, -40.964413183708587 ], [ 175.886915883042207, -40.964497315125385 ], [ 175.886865816302048, -40.96450761467041 ], [ 175.886478931520202, -40.964581937780693 ], [ 175.884693410339253, -40.964900838738664 ], [ 175.883736761496522, -40.966078015327369 ], [ 175.883579388525192, -40.966217026434151 ], [ 175.880746623640931, -40.968042200873988 ], [ 175.880540271384746, -40.968137540556341 ], [ 175.877101930404308, -40.969209761673461 ], [ 175.876866802763544, -40.969252094167437 ], [ 175.873159563727938, -40.969466366991732 ], [ 175.872918685587848, -40.969451546938011 ], [ 175.869305588779156, -40.968786890299555 ], [ 175.869082548751692, -40.968716369116613 ], [ 175.867423200628252, -40.968071538206736 ], [ 175.866493519864576, -40.967637260674294 ], [ 175.864871977550109, -40.967834033100772 ], [ 175.862928136656677, -40.968069981962806 ], [ 175.862041694090721, -40.968151813264662 ], [ 175.861926092159052, -40.968159156198517 ], [ 175.861034044190404, -40.968190293073789 ], [ 175.857478974526373, -40.968212955816782 ], [ 175.856870291531948, -40.968587743508387 ], [ 175.856661188466518, -40.968679575733077 ], [ 175.853192185402577, -40.969693484469168 ], [ 175.8529558716304, -40.969731837164247 ], [ 175.849243248598782, -40.969883475433925 ], [ 175.849002865297052, -40.969864592965259 ], [ 175.845410190372746, -40.969139113261143 ], [ 175.845189277626133, -40.969064844869436 ], [ 175.843666388500139, -40.968317525445272 ], [ 175.842991465905072, -40.968322525725448 ], [ 175.841472971280069, -40.968337692883019 ], [ 175.841393003449241, -40.968338287085608 ], [ 175.841382607407127, -40.968338337812767 ], [ 175.841302636128802, -40.968338524028226 ], [ 175.840417186730264, -40.968338323780657 ], [ 175.838912350173814, -40.968265451722864 ], [ 175.838718300694666, -40.96824662610166 ], [ 175.838413395730925, -40.968201989281667 ], [ 175.838345084317353, -40.968201719009834 ], [ 175.838314491445317, -40.96820156810643 ], [ 175.838310514410637, -40.968201544607979 ], [ 175.838279922133808, -40.968201333996639 ], [ 175.837433266298575, -40.968194675841765 ], [ 175.834788504084685, -40.968180545714411 ], [ 175.834772398281359, -40.968180451206791 ], [ 175.834770304540825, -40.968180437845149 ], [ 175.834754198950975, -40.968180326789138 ], [ 175.833980510518188, -40.968174591718693 ], [ 175.833111374586707, -40.968168149410815 ], [ 175.832237589532639, -40.968169492628071 ], [ 175.83205510014804, -40.968169797349006 ], [ 175.831996066687395, -40.968303720540362 ], [ 175.830280682293932, -40.970803933087907 ], [ 175.830137009009121, -40.970951224171316 ], [ 175.827486089349208, -40.972927229812477 ], [ 175.827289385979213, -40.973033656154392 ], [ 175.823962426743066, -40.974291973047208 ], [ 175.823786258154001, -40.974334120773868 ], [ 175.824268531012564, -40.975262938658773 ], [ 175.824339117928758, -40.975438127059228 ], [ 175.824855412882044, -40.978228900088929 ], [ 175.824851116216706, -40.978412045669636 ], [ 175.824204193378932, -40.981187140657589 ], [ 175.824125423790093, -40.981360315585839 ], [ 175.822378467240867, -40.983848065545722 ], [ 175.82223292752164, -40.983994315850971 ], [ 175.819556859230374, -40.985951154304864 ], [ 175.81935879325826, -40.986056160368406 ], [ 175.816015573530706, -40.987290481732316 ], [ 175.815784372959541, -40.987343961374414 ], [ 175.812101354871203, -40.987734898280095 ], [ 175.811859659575617, -40.987731614571871 ], [ 175.808197508911434, -40.987240885796645 ], [ 175.807968987646234, -40.987181160440144 ], [ 175.80468632249557, -40.985856823338949 ], [ 175.804493352235511, -40.9857465050735 ], [ 175.803489982411378, -40.984958269284022 ], [ 175.803480625737507, -40.984966164116905 ], [ 175.803263468695917, -40.984818375392756 ], [ 175.802629560734005, -40.984353622845184 ], [ 175.802550222999145, -40.984290972527113 ], [ 175.802041527464837, -40.983820331636245 ], [ 175.801911584962568, -40.983718243207413 ], [ 175.801797095499666, -40.983594182059967 ], [ 175.801368397095217, -40.983197543392507 ], [ 175.801295379693215, -40.983117986527624 ], [ 175.800353862897907, -40.981897910480889 ], [ 175.800303960760061, -40.981819747064719 ], [ 175.799949560194847, -40.981207688686567 ], [ 175.79936209308687, -40.98008124653343 ], [ 175.799348603018871, -40.980055261689067 ], [ 175.799346856224162, -40.980051881606734 ], [ 175.799333472527621, -40.980025865184338 ], [ 175.798823523219738, -40.979030005506033 ], [ 175.798816568534846, -40.979016391057698 ], [ 175.7988156663192, -40.979014620625193 ], [ 175.798808740763576, -40.979000997650367 ], [ 175.798423672050518, -40.978241701883874 ], [ 175.798134427588593, -40.977674562419686 ], [ 175.798073670594675, -40.977699955899304 ], [ 175.797029530253951, -40.978136955002341 ], [ 175.796361824564002, -40.978419733579308 ], [ 175.796279834968601, -40.978454135595925 ], [ 175.796269153214098, -40.978458575936884 ], [ 175.796186808125412, -40.97849248685764 ], [ 175.795511312430563, -40.978768053627377 ], [ 175.795392947533003, -40.978807982638642 ], [ 175.795129417081824, -40.979124768438837 ], [ 175.794984870426617, -40.97927157620834 ], [ 175.792322155119365, -40.981238677840501 ], [ 175.792124810581782, -40.981344444226295 ], [ 175.788790162096518, -40.982591608853241 ], [ 175.788559340619969, -40.982645977237425 ], [ 175.784879271849604, -40.983051079968902 ], [ 175.784637576145286, -40.9830487263972 ], [ 175.780972463754608, -40.982572098850198 ], [ 175.780743562619875, -40.982513253941704 ], [ 175.777452315104881, -40.981201572651884 ], [ 175.777258622757728, -40.98109199893463 ], [ 175.774663493798698, -40.979073708336905 ], [ 175.774523972844804, -40.978924135262091 ], [ 175.774006067573595, -40.978128473889583 ], [ 175.773965518787008, -40.978116729408747 ], [ 175.773613081023512, -40.978034908939541 ], [ 175.773608513840799, -40.978033847882386 ], [ 175.771536915316233, -40.97755166706488 ], [ 175.770068256779695, -40.977212162999088 ], [ 175.767404842539065, -40.976596472064962 ], [ 175.766953579818107, -40.976492155665866 ], [ 175.76689012267596, -40.976977160369508 ], [ 175.766828942434074, -40.977154367095139 ], [ 175.765448697375263, -40.979541426228735 ], [ 175.767266841369832, -40.980941023776317 ], [ 175.767407380389841, -40.981090050357125 ], [ 175.769069692168586, -40.983610849192331 ], [ 175.769142592006119, -40.983785492410647 ], [ 175.769695694330352, -40.986572182968146 ], [ 175.769694424976961, -40.986695623265753 ], [ 175.769802184179355, -40.986704928997291 ], [ 175.773385841319367, -40.987458032289496 ], [ 175.773605809020296, -40.987533989992954 ], [ 175.776707093053858, -40.989089287243701 ], [ 175.776885329302445, -40.989213029541574 ], [ 175.779200721504537, -40.991418330439195 ], [ 175.779319779979375, -40.99157774829672 ], [ 175.780622596868483, -40.994217237393201 ], [ 175.780670818016915, -40.994396729001835 ], [ 175.780706915251415, -40.995021764491696 ], [ 175.781701529013901, -40.995356624999935 ], [ 175.78175166224031, -40.995373608590334 ], [ 175.781758172795975, -40.995375827848903 ], [ 175.781808201964708, -40.995392986698114 ], [ 175.783122498473091, -40.995846523330471 ], [ 175.783162378926988, -40.995860352278982 ], [ 175.783167558992687, -40.995862157281032 ], [ 175.7832073718576, -40.995876097594909 ], [ 175.78485261804019, -40.996454949681556 ], [ 175.785716050521245, -40.996758485184785 ], [ 175.785763097187072, -40.996775118631305 ], [ 175.785769206994388, -40.996777291085706 ], [ 175.785816157363882, -40.996794080014688 ], [ 175.786380122655174, -40.99699688756828 ], [ 175.787890707941244, -40.997646505100235 ], [ 175.788077917197313, -40.997741343262213 ], [ 175.789542585609809, -40.998616704761609 ], [ 175.789554888141936, -40.998625325995199 ], [ 175.790820820105864, -40.999663486774779 ], [ 175.790960195079748, -40.999797509538297 ], [ 175.791932652518227, -41.000887945225465 ], [ 175.792103229271788, -41.001113085740286 ], [ 175.79216817841035, -41.001195806540423 ], [ 175.792361384263984, -41.001376221758179 ], [ 175.793231731054817, -41.002142587577403 ], [ 175.793444864097125, -41.002250021403938 ], [ 175.79344502359919, -41.002250101805167 ], [ 175.795677164078427, -41.003375281613991 ], [ 175.795712647136469, -41.003393236974418 ], [ 175.795717254389615, -41.003395577432819 ], [ 175.795752652149389, -41.003413629124587 ], [ 175.797299306868666, -41.004205410981939 ], [ 175.798518487599097, -41.00492097594266 ], [ 175.79866836896673, -41.005021378102313 ], [ 175.7997550558228, -41.005850463153543 ], [ 175.802305153738445, -41.008066537569547 ], [ 175.802844762285133, -41.008535424510782 ], [ 175.803187148084533, -41.008121002713871 ], [ 175.803193162384105, -41.008113730587304 ], [ 175.803559771813724, -41.007671634957973 ], [ 175.803589587216948, -41.007635867370503 ], [ 175.803593477609382, -41.007631224504046 ], [ 175.803623514397401, -41.007595563376732 ], [ 175.803757620699315, -41.007437166828218 ], [ 175.804232421750186, -41.006858868932738 ], [ 175.804246151578354, -41.006842186723198 ], [ 175.80424793957738, -41.006840019514215 ], [ 175.804261717426499, -41.00682336004698 ], [ 175.804820751838918, -41.006149032489532 ], [ 175.805369946523086, -41.005483175423784 ], [ 175.805391217139061, -41.005457482436881 ], [ 175.805393989732778, -41.005454145884578 ], [ 175.805415374404618, -41.005428507297651 ], [ 175.805920410375734, -41.004825252166924 ], [ 175.806477232333606, -41.004135958761871 ], [ 175.806535420299184, -41.004064673576458 ], [ 175.806543041475607, -41.004055433362325 ], [ 175.806602102377241, -41.003984561406654 ], [ 175.807190890479234, -41.00328524599194 ], [ 175.807776181287096, -41.002586647874885 ], [ 175.808045917018944, -41.002278828791447 ], [ 175.808082050869217, -41.002239373825958 ], [ 175.808368220486528, -41.001940193397971 ], [ 175.809178120669941, -41.001129004094537 ], [ 175.809183285692143, -41.00112383458444 ], [ 175.809988044329202, -41.000319896867353 ], [ 175.810786827263001, -40.999519831451387 ], [ 175.811002488698449, -40.99931031537929 ], [ 175.811031048672021, -40.99928339742435 ], [ 175.81125477143641, -40.999078791096444 ], [ 175.812146057675932, -40.998287692642833 ], [ 175.812452697753599, -40.998025986505347 ], [ 175.81249341791667, -40.997992564066571 ], [ 175.812813241880377, -40.997740078800334 ], [ 175.81337945491029, -40.997310114595905 ], [ 175.815075369308005, -40.995031890397122 ], [ 175.815225611957175, -40.994888382583397 ], [ 175.816735768571988, -40.993837032548889 ], [ 175.817951829735449, -40.991739919154163 ], [ 175.818469957733896, -40.990836976307662 ], [ 175.818653712667185, -40.98998226950377 ], [ 175.81909713418429, -40.988609399491807 ], [ 175.819172845518494, -40.988435441294051 ], [ 175.820875740639934, -40.985930166346314 ], [ 175.821018679132834, -40.985782447964354 ], [ 175.823659729158891, -40.983798482387698 ], [ 175.823855900175886, -40.983691459932565 ], [ 175.827176584774293, -40.982422951434458 ], [ 175.827406789053725, -40.982367097520303 ], [ 175.831082148658993, -40.981938172204323 ], [ 175.83132386039938, -40.9819389521478 ], [ 175.834994270319157, -40.982391581108949 ], [ 175.835223839031897, -40.982448918729538 ], [ 175.838530156620976, -40.983738815392776 ], [ 175.838725118410849, -40.983847100406471 ], [ 175.841343784009212, -40.985848048011881 ], [ 175.841485057484704, -40.985996684319012 ], [ 175.843159733941746, -40.988512872840801 ], [ 175.843233486954063, -40.988687314375042 ], [ 175.843800153163528, -40.991472486137674 ], [ 175.843799158057834, -40.991655659403271 ], [ 175.843753925474772, -40.992069355970081 ], [ 175.843967563807269, -40.992531474946659 ], [ 175.844010809064343, -40.992711695241418 ], [ 175.844095492762477, -40.99552903773909 ], [ 175.844063119031318, -40.995710562774853 ], [ 175.842994535831963, -40.998409834949832 ], [ 175.842889702530954, -40.998574894674242 ], [ 175.840772327809447, -41.00089184005202 ], [ 175.840605290677985, -41.001024274273149 ], [ 175.840036197971386, -41.001352740174937 ], [ 175.839875069534941, -41.001630764394335 ], [ 175.839755068953508, -41.001838567874472 ], [ 175.841774517379349, -41.004150914318927 ], [ 175.841874749346033, -41.004317609400637 ], [ 175.842868264073445, -41.007033313703637 ], [ 175.84289559730982, -41.007215313983693 ], [ 175.842732701352617, -41.01003067649787 ], [ 175.842684450550053, -41.010210167228941 ], [ 175.841380938579391, -41.012849593677558 ], [ 175.841261817765314, -41.013009003475787 ], [ 175.838945174004721, -41.015214089630675 ], [ 175.838766838577072, -41.015337811088017 ], [ 175.835663800806913, -41.016892651980363 ], [ 175.835443708526554, -41.016968570673995 ], [ 175.831858085461334, -41.017720916186022 ], [ 175.831617787166522, -41.017741597938347 ], [ 175.828889987076622, -41.017650742367479 ], [ 175.827522653042081, -41.019366957943639 ], [ 175.827366844205926, -41.019507053920371 ], [ 175.825862570946612, -41.020493635216788 ], [ 175.825863101634638, -41.020511488209465 ], [ 175.825849452008498, -41.021190838002724 ], [ 175.825843285111375, -41.021278977188352 ], [ 175.825598616487724, -41.022680159280817 ], [ 175.825572333613991, -41.022773537157406 ], [ 175.825041235847806, -41.024128478498582 ], [ 175.824999405417202, -41.024210860181242 ], [ 175.824588235702578, -41.024862701484885 ], [ 175.824475394256467, -41.025708033738319 ], [ 175.824419809488091, -41.02588630428545 ], [ 175.823008593431069, -41.028493842604469 ], [ 175.822882977511057, -41.02865037813676 ], [ 175.82047665166138, -41.030800001748013 ], [ 175.820293296317004, -41.030919476102127 ], [ 175.819968223362622, -41.031071574939588 ], [ 175.820668493131819, -41.031696782667211 ], [ 175.820794174979397, -41.031853290471844 ], [ 175.820971840126219, -41.032181261437827 ], [ 175.820989163079901, -41.032199421789826 ], [ 175.822669553921401, -41.034713839131264 ], [ 175.822743673732418, -41.034888201836615 ], [ 175.82301686450009, -41.03621791704839 ], [ 175.826315081012581, -41.037204851894153 ], [ 175.826523388915746, -41.037297991057656 ], [ 175.82674415188805, -41.037436089359716 ], [ 175.826744906286137, -41.037435920042959 ], [ 175.826953904144119, -41.03741505592788 ], [ 175.827600692987176, -41.036978562932696 ], [ 175.82773269325952, -41.0368988432054 ], [ 175.828792415761683, -41.036327706861876 ], [ 175.830308812464523, -41.035601584312431 ], [ 175.831374111026804, -41.035069609888367 ], [ 175.831541890733661, -41.034988077119856 ], [ 175.832634483769709, -41.033010458579703 ], [ 175.832776990271356, -41.032743844026903 ], [ 175.83278964416138, -41.032720265667471 ], [ 175.832791294882554, -41.032717202245806 ], [ 175.832804036702555, -41.03269365104137 ], [ 175.833245067896172, -41.03188173614727 ], [ 175.833691810683433, -41.031056521356327 ], [ 175.83369673338774, -41.031047442013794 ], [ 175.834151986202443, -41.030211072475254 ], [ 175.834889902536617, -41.029085433405285 ], [ 175.834998810738341, -41.028944867456758 ], [ 175.836066680203459, -41.02778568791021 ], [ 175.836083797953791, -41.027769906634106 ], [ 175.83737793712254, -41.026751488831387 ], [ 175.837538865511533, -41.026643284535943 ], [ 175.839027404058982, -41.025790696360531 ], [ 175.839050122527851, -41.025779692662802 ], [ 175.840023214894728, -41.025386173584117 ], [ 175.840019140372675, -41.025339658609532 ], [ 175.839901803857799, -41.023894575253713 ], [ 175.839643876450026, -41.021759294446426 ], [ 175.839594672276746, -41.020997057287921 ], [ 175.839593824983808, -41.020897939240271 ], [ 175.839629992832499, -41.020135283349191 ], [ 175.839720428867906, -41.019262045003423 ], [ 175.839818015474862, -41.018618040377554 ], [ 175.839834660212716, -41.018534773695734 ], [ 175.839993145884534, -41.017897752367801 ], [ 175.840513309191891, -41.016154263566087 ], [ 175.840800004083434, -41.015181232856058 ], [ 175.840926327031411, -41.01474883881459 ], [ 175.841076692395006, -41.014077510686342 ], [ 175.841282473661124, -41.013344926982256 ], [ 175.841314401664192, -41.01325069742839 ], [ 175.841599819585298, -41.012533595498326 ], [ 175.841943916206759, -41.011783435287875 ], [ 175.842692702448971, -41.010488844593695 ], [ 175.842806821442053, -41.01032735064463 ], [ 175.845053899930832, -41.008081434713013 ], [ 175.845228304196183, -41.007954553552437 ], [ 175.848281445856401, -41.006344480030478 ], [ 175.848499064067028, -41.006264627950941 ], [ 175.85205946121593, -41.005447949550295 ], [ 175.85229899769368, -41.005422940186712 ], [ 175.85601826136795, -41.005479569281846 ], [ 175.85625627824362, -41.005511849843373 ], [ 175.859770492261788, -41.0064362474604 ], [ 175.859983700061377, -41.006522659516932 ], [ 175.862948985936413, -41.008224375895573 ], [ 175.863116519776071, -41.008356464006418 ], [ 175.86524265316703, -41.010668978439554 ], [ 175.865348113098264, -41.010833816619865 ], [ 175.866426918271742, -41.013530816611862 ], [ 175.866459974837852, -41.013712272197942 ], [ 175.866385723320263, -41.016529786447187 ], [ 175.866343131080697, -41.016710098186756 ], [ 175.865874888598682, -41.018067366429669 ], [ 175.865847396393917, -41.018190314020615 ], [ 175.865794412162757, -41.018410596345213 ], [ 175.86578705533671, -41.018439163782709 ], [ 175.865726857604216, -41.018658380492326 ], [ 175.865530281387151, -41.019332107486392 ], [ 175.865527673127872, -41.019341025512297 ], [ 175.86523286417156, -41.020342877471656 ], [ 175.865229410281842, -41.020354577788744 ], [ 175.865228959940026, -41.020356098601788 ], [ 175.865225485494221, -41.020367795408468 ], [ 175.865003579673782, -41.021112522633956 ], [ 175.865145826568494, -41.022286394560346 ], [ 175.865160713099954, -41.022420192083892 ], [ 175.86516247706686, -41.022437595719452 ], [ 175.865174728482742, -41.022571546435493 ], [ 175.865296723511932, -41.024066954357409 ], [ 175.865366486529609, -41.024717742247567 ], [ 175.865443635703627, -41.025432124132017 ], [ 175.866405443139683, -41.025499607560874 ], [ 175.866988215459855, -41.025537850500427 ], [ 175.86751787139093, -41.024501747709373 ], [ 175.867639403099446, -41.024343375346298 ], [ 175.869989307905144, -41.02215835651262 ], [ 175.870169502424261, -41.022036172912252 ], [ 175.873295789466738, -41.02050796321037 ], [ 175.873517009369635, -41.020433924862033 ], [ 175.877113720709787, -41.019712065195712 ], [ 175.877354318284432, -41.019693416818264 ], [ 175.88106951574747, -41.019848541441085 ], [ 175.881305949416344, -41.019887107838329 ], [ 175.88477611398352, -41.020904040252894 ], [ 175.884985248980598, -41.020996047929096 ], [ 175.886966992544643, -41.022218009132395 ], [ 175.887168257564866, -41.022072610998151 ], [ 175.886762373056996, -41.02067494327197 ], [ 175.88674801288164, -41.020492090968411 ], [ 175.887110838629354, -41.017687436269441 ], [ 175.887171783664286, -41.017510172200979 ], [ 175.888661058772641, -41.014927689285784 ], [ 175.888791334679809, -41.014773363364149 ], [ 175.891261177407927, -41.012665800700965 ], [ 175.891448027848213, -41.012549515984446 ], [ 175.894656657357586, -41.011123119918189 ], [ 175.894881794205332, -41.011056255532139 ], [ 175.898515203609378, -41.010450603055247 ], [ 175.89875659631906, -41.010439701710688 ], [ 175.902459260790295, -41.010714056238427 ], [ 175.902693290067731, -41.010760184717391 ], [ 175.906102915173534, -41.011887703392595 ], [ 175.906306681215767, -41.011986348245067 ], [ 175.909089610269234, -41.013856704590417 ], [ 175.909243171068937, -41.013998213207074 ], [ 175.909356269677176, -41.014120926485795 ], [ 175.910247412655337, -41.014227657556745 ], [ 175.911190610831312, -41.014338065734123 ], [ 175.912116391675426, -41.01444260955892 ], [ 175.91228230944381, -41.014462253066263 ], [ 175.912303853881355, -41.014464921931122 ], [ 175.912469389002666, -41.014486337883831 ], [ 175.912868467619234, -41.014540166591424 ], [ 175.912999154629574, -41.014554312738518 ], [ 175.914820025943669, -41.014863417033276 ], [ 175.915051133975965, -41.014917375164224 ], [ 175.918391487597148, -41.016158516924122 ], [ 175.918589280337073, -41.016263921307576 ], [ 175.92086013865071, -41.017932350044816 ], [ 175.921382461706372, -41.017023542059789 ], [ 175.921512489434832, -41.016869092815661 ], [ 175.923978968637243, -41.01475919634391 ], [ 175.924165635375772, -41.01464273529028 ], [ 175.927372045492575, -41.013213314059954 ], [ 175.927597081068654, -41.013146237580237 ], [ 175.931229632079862, -41.012537164603884 ], [ 175.931471015841964, -41.01252603616043 ], [ 175.935174266775931, -41.012796909492828 ], [ 175.935408380303642, -41.0128428180847 ], [ 175.938819979427961, -41.013967135439451 ], [ 175.939023914687084, -41.014065589129601 ], [ 175.941810012430949, -41.015933337268187 ], [ 175.941963810877439, -41.016074702154597 ], [ 175.943644770946491, -41.018236944318389 ], [ 175.944066105458802, -41.018292960254641 ], [ 175.944233921386797, -41.018325726598981 ], [ 175.9459988868241, -41.018784842696718 ], [ 175.946062332094073, -41.018805691294645 ], [ 175.947710773016695, -41.019468246857656 ], [ 175.947857013364199, -41.019538681905686 ], [ 175.949348352324421, -41.020388367600582 ], [ 175.949400189101453, -41.020423043434207 ], [ 175.950697707476564, -41.021438945410274 ], [ 175.950808060144936, -41.021540156946259 ], [ 175.951879809917983, -41.022697266920495 ], [ 175.951914964364363, -41.022742376740872 ], [ 175.952734546446919, -41.024012210258242 ], [ 175.952798207886218, -41.024134293600753 ], [ 175.953345430734657, -41.02548558851165 ], [ 175.953360460270829, -41.025536717573026 ], [ 175.95346445110053, -41.025931977257493 ], [ 175.953595685028546, -41.026496393954467 ], [ 175.953774134484433, -41.02790333401412 ], [ 175.953778299220915, -41.028086484400866 ], [ 175.953259497640857, -41.030877080373727 ], [ 175.953188717306801, -41.031052240861463 ], [ 175.951556433941334, -41.033584832891627 ], [ 175.951417628835088, -41.033734855363491 ], [ 175.948831551492219, -41.035761489797274 ], [ 175.948638305567584, -41.035871685459192 ], [ 175.947150586131528, -41.036470207471432 ], [ 175.94714537510086, -41.036533300455055 ], [ 175.947144355202425, -41.036544748288662 ], [ 175.947135940005921, -41.03663277944127 ], [ 175.947044940296337, -41.037524042494866 ], [ 175.947040944802353, -41.037562123330517 ], [ 175.94704041152562, -41.03756707298291 ], [ 175.947036202762717, -41.037605140645688 ], [ 175.946954597572926, -41.038324875863054 ], [ 175.946926527117085, -41.03854165496044 ], [ 175.94692242847816, -41.038569798716139 ], [ 175.946572873949975, -41.039958208371459 ], [ 175.94651882497979, -41.040107872045731 ], [ 175.945905522794504, -41.041398161183267 ], [ 175.945526818910281, -41.043535681464135 ], [ 175.94545753585794, -41.043711187242145 ], [ 175.945455977724436, -41.043713644971902 ], [ 175.946819166438502, -41.043910138273894 ], [ 175.946962656487187, -41.043939814754815 ], [ 175.948719413019688, -41.044418086405088 ], [ 175.948805016992338, -41.044447318904304 ], [ 175.950441356052067, -41.04512773998438 ], [ 175.950565716206626, -41.045189530519245 ], [ 175.952041357026843, -41.046055352520611 ], [ 175.952110843762881, -41.046103179730473 ], [ 175.953389454697827, -41.047133091019703 ], [ 175.953482514071794, -41.047220949256101 ], [ 175.954532611077497, -41.048389596975646 ], [ 175.954579179037978, -41.048451338683222 ], [ 175.955374896619361, -41.049729953932363 ], [ 175.955427544485133, -41.049835281919236 ], [ 175.955780947309336, -41.05066027377265 ], [ 175.956094625940864, -41.051533789968708 ], [ 175.956129544318316, -41.051633269413188 ], [ 175.956133985957194, -41.051646220952378 ], [ 175.956459922022447, -41.053037928498092 ], [ 175.956481648670461, -41.053207079547867 ], [ 175.956515979287417, -41.054620250130988 ], [ 175.956514916629317, -41.054633606799399 ], [ 175.956256776562014, -41.056033443584177 ], [ 175.956208386470109, -41.056199397938919 ], [ 175.95566411176506, -41.057551429885052 ], [ 175.955657648107376, -41.05756388419745 ], [ 175.955607204401502, -41.057659471542195 ], [ 175.955026096579559, -41.058742602403058 ], [ 175.955025992266343, -41.058742796823175 ], [ 175.954754001140287, -41.059249689196498 ], [ 175.953883773677205, -41.060961516803872 ], [ 175.953829997945348, -41.061065372708342 ], [ 175.953822896906388, -41.061078840692154 ], [ 175.953767425883143, -41.061182184537778 ], [ 175.953593883439368, -41.061499841098765 ], [ 175.954155940161456, -41.062472717626314 ], [ 175.954541577585957, -41.063111282960506 ], [ 175.955059073663676, -41.064126189993281 ], [ 175.95511559622102, -41.064260715851368 ], [ 175.955540164843768, -41.065637110033855 ], [ 175.955548584746339, -41.06567904284217 ], [ 175.955683447184526, -41.067088758848485 ], [ 175.955682279299197, -41.067229920181894 ], [ 175.955586493831674, -41.068315365080863 ], [ 175.955412617927379, -41.069345006780118 ], [ 175.955409387204043, -41.069363977634787 ], [ 175.955408963750301, -41.06936644350538 ], [ 175.955405679800293, -41.069385409121658 ], [ 175.955019560948756, -41.071597028801186 ], [ 175.955016334076788, -41.07161536604918 ], [ 175.955015911349022, -41.071617749562918 ], [ 175.95501263471661, -41.071636081757056 ], [ 175.954923732405661, -41.072129654514221 ], [ 175.955202087435595, -41.073140841310718 ], [ 175.955659530972582, -41.074701667790492 ], [ 175.955795936067119, -41.075245679270552 ], [ 175.955810780901487, -41.075316746202866 ], [ 175.955956757251698, -41.076725826960889 ], [ 175.955956712236969, -41.076837593442619 ], [ 175.955809594371772, -41.078246606051913 ], [ 175.955794691286485, -41.078317666047269 ], [ 175.955657836731547, -41.078861613624397 ], [ 175.955525919666115, -41.0793103718213 ], [ 175.955626276928342, -41.079641642951039 ], [ 175.955777049948381, -41.080227965439093 ], [ 175.955793290863227, -41.080304595048531 ], [ 175.955943454636412, -41.081713423296307 ], [ 175.955943726457662, -41.081819542996534 ], [ 175.955800774597918, -41.083228800553073 ], [ 175.955784925281279, -41.083305477141117 ], [ 175.955637144550309, -41.083892236482164 ], [ 175.955417418292285, -41.084630580788449 ], [ 175.955002158610569, -41.085707768946314 ], [ 175.954936877474751, -41.085844720755603 ], [ 175.954347809451036, -41.086874482681196 ], [ 175.953875667918879, -41.087576324929891 ], [ 175.953722969456265, -41.087795781531717 ], [ 175.953702603261064, -41.087824098717 ], [ 175.953541975624688, -41.088040291108094 ], [ 175.953178389858181, -41.088514247187703 ], [ 175.953056262492254, -41.08866982503347 ], [ 175.953040118992703, -41.088689927454418 ], [ 175.952913884820418, -41.088843617618345 ], [ 175.952189721087933, -41.089705829809915 ], [ 175.952161478607962, -41.08973929248544 ], [ 175.952157794429183, -41.089743636489324 ], [ 175.952129357235833, -41.089777004643018 ], [ 175.951739546524692, -41.090232197759647 ], [ 175.951712873716843, -41.090849977034793 ], [ 175.951543487525242, -41.092101553043157 ], [ 175.951424165060899, -41.093083026486077 ], [ 175.951341768584001, -41.09377829243369 ], [ 175.951133781437392, -41.094830120137296 ], [ 175.951096184464632, -41.094965175586388 ], [ 175.950725754059022, -41.095991123562108 ], [ 175.950678414885004, -41.096097156323587 ], [ 175.951004433692731, -41.097714954845017 ], [ 175.951034456343535, -41.09787336489898 ], [ 175.95103811716794, -41.097893982807143 ], [ 175.951064414883575, -41.098052771341152 ], [ 175.951189998259395, -41.098869828345236 ], [ 175.951260684509776, -41.09956009738427 ], [ 175.951265304534473, -41.09964996676522 ], [ 175.951191197493728, -41.101062251574959 ], [ 175.951176572280957, -41.101155400956941 ], [ 175.950811299528652, -41.102541527574473 ], [ 175.950778978877878, -41.102628078195316 ], [ 175.950496503356732, -41.103286618780295 ], [ 175.950118198988832, -41.104065243786167 ], [ 175.950032719009016, -41.104235820614235 ], [ 175.950021310864599, -41.104257908210919 ], [ 175.949931280919856, -41.104427140558997 ], [ 175.949373313586136, -41.105446033981032 ], [ 175.94915812102073, -41.105912388207145 ], [ 175.949116045109321, -41.10600170603626 ], [ 175.948997403433964, -41.106359266083466 ], [ 175.94883176882982, -41.106808786446237 ], [ 175.948808249888714, -41.106866763104627 ], [ 175.948789499197488, -41.106909046902025 ], [ 175.948908140915165, -41.1092788924282 ], [ 175.948879332897718, -41.109460766760634 ], [ 175.947862816529124, -41.112171940445577 ], [ 175.94776110282794, -41.112338179038488 ], [ 175.945686465750697, -41.114679049534296 ], [ 175.945521796452908, -41.114813376864909 ], [ 175.942592062936029, -41.116554750069106 ], [ 175.942380556421682, -41.116644013500505 ], [ 175.941906167543493, -41.11677575466215 ], [ 175.941020680105339, -41.117396482666535 ], [ 175.940893571303377, -41.117476466747711 ], [ 175.939872233646952, -41.118052126821851 ], [ 175.938896571252684, -41.11854292538942 ], [ 175.938490123440147, -41.118786879032953 ], [ 175.93848054844679, -41.118792620019271 ], [ 175.936730596374616, -41.119839013094207 ], [ 175.936007403360492, -41.120238946000903 ], [ 175.935910936683996, -41.12028819136377 ], [ 175.935150027269486, -41.120645879171796 ], [ 175.933238496236044, -41.121470710160622 ], [ 175.933227961852964, -41.12147525025668 ], [ 175.933226591983754, -41.121475839942903 ], [ 175.933216051455332, -41.121480371942326 ], [ 175.930626004028738, -41.122592619869131 ], [ 175.930323958101326, -41.122717988014848 ], [ 175.930284388569845, -41.122733852999147 ], [ 175.929977672498268, -41.122852561522471 ], [ 175.92966611234516, -41.122968874601284 ], [ 175.929119366295367, -41.123308644924862 ], [ 175.929099398150555, -41.123321370162373 ], [ 175.92812998021256, -41.124082030083734 ], [ 175.928128790685662, -41.124082963304886 ], [ 175.928109880009572, -41.124097793867122 ], [ 175.927163799212082, -41.125209753783615 ], [ 175.927139393804424, -41.125238318994548 ], [ 175.927136211840349, -41.125242027928984 ], [ 175.927111663954861, -41.125270523247984 ], [ 175.926541090931494, -41.125930112932259 ], [ 175.925762068660362, -41.126730496546429 ], [ 175.925653522902337, -41.126830011312194 ], [ 175.924354697229688, -41.127846460978297 ], [ 175.92430055032537, -41.127882663788249 ], [ 175.924030746215095, -41.12803630696181 ], [ 175.9237443868426, -41.128959020946127 ], [ 175.923652828422519, -41.129128608467376 ], [ 175.921721710141838, -41.131538896714368 ], [ 175.921565313149188, -41.131678788344111 ], [ 175.920066345979279, -41.13265677695145 ], [ 175.920181339604341, -41.133141324767109 ], [ 175.920186296721283, -41.133324459525276 ], [ 175.919678645772791, -41.136116247647422 ], [ 175.919608504781138, -41.136291576837941 ], [ 175.9187279875282, -41.137666881344863 ], [ 175.918727901245887, -41.137667182480563 ], [ 175.918534476970081, -41.138248142431195 ], [ 175.918532611347786, -41.138253050160181 ], [ 175.918518151513325, -41.138290778260512 ], [ 175.918312886295183, -41.138822008052742 ], [ 175.918230895807568, -41.139025259084825 ], [ 175.918219826243899, -41.13905158299324 ], [ 175.918131515733194, -41.139253315162193 ], [ 175.917933642395667, -41.139688061153322 ], [ 175.917798880481655, -41.139968913515332 ], [ 175.9177514062726, -41.14006295664354 ], [ 175.916199523779227, -41.142207012649799 ], [ 175.916133287754008, -41.14227471880708 ], [ 175.915784776795874, -41.142613751174608 ], [ 175.915701964726452, -41.142690464183325 ], [ 175.913503447767567, -41.14426641317521 ], [ 175.91341198637241, -41.144316965578632 ], [ 175.912722291865578, -41.144670862750218 ], [ 175.912612954122267, -41.144722837859142 ], [ 175.9101642845784, -41.145610458717506 ], [ 175.910055845064562, -41.145638803875194 ], [ 175.90890462153456, -41.145891484585626 ], [ 175.908780170437126, -41.145913735754768 ], [ 175.906482244949132, -41.146149284997627 ], [ 175.906366738577674, -41.146152543773532 ], [ 175.90532895550561, -41.14612818691689 ], [ 175.904167981375537, -41.146403298851695 ], [ 175.904143230820807, -41.146407585549383 ], [ 175.90229353975522, -41.146614163055673 ], [ 175.902076834443903, -41.146625341139689 ], [ 175.900207163241078, -41.146610615702798 ], [ 175.900181871697043, -41.146608910277912 ], [ 175.899987463664957, -41.14659458602484 ], [ 175.899021394975819, -41.14651735240443 ], [ 175.89826424570947, -41.146475883763905 ], [ 175.898246294112937, -41.146474890200444 ], [ 175.898243960535183, -41.146474759704617 ], [ 175.898226010934962, -41.14647374564008 ], [ 175.897220654162936, -41.146416366156714 ], [ 175.897146251595416, -41.146411942190674 ], [ 175.897136581740398, -41.146411344180059 ], [ 175.897062217307706, -41.146406567982829 ], [ 175.896099061717251, -41.146342405924038 ], [ 175.894255145994038, -41.146108226072101 ], [ 175.894020063906027, -41.146063795133486 ], [ 175.890589464789315, -41.144960932755623 ], [ 175.890384060968586, -41.144863757242931 ], [ 175.887572375160602, -41.143013433313598 ], [ 175.887416760195322, -41.142873028869296 ], [ 175.885499233562712, -41.140456422739327 ], [ 175.885408638207707, -41.140286536795784 ], [ 175.88457289751571, -41.137540252105332 ], [ 175.884556182536357, -41.137357516789059 ], [ 175.884883897578504, -41.134550402186917 ], [ 175.884942689203342, -41.134372705293174 ], [ 175.886401631255183, -41.131779528820601 ], [ 175.886530165790361, -41.131624262683665 ], [ 175.888977419548041, -41.129498820122976 ], [ 175.88916311091188, -41.129381179850618 ], [ 175.89235910368231, -41.12793146762607 ], [ 175.892583777030353, -41.127862965003999 ], [ 175.893504600436728, -41.127702712615061 ], [ 175.893612054575442, -41.127292933901316 ], [ 175.893733053286894, -41.126811245477555 ], [ 175.894042960720782, -41.125861928137169 ], [ 175.89409197533675, -41.125740531517444 ], [ 175.894776330355995, -41.124425295138288 ], [ 175.894809189880306, -41.124374298655162 ], [ 175.895757181925291, -41.123156198910792 ], [ 175.895853402335518, -41.123052195159644 ], [ 175.896651061337195, -41.12228258799756 ], [ 175.897136559077126, -41.121863198883439 ], [ 175.897370617402373, -41.121650712761607 ], [ 175.897475512512358, -41.121556795564409 ], [ 175.897489258397428, -41.121544657257623 ], [ 175.897595838441617, -41.12145183127182 ], [ 175.89863145883902, -41.120562174923116 ], [ 175.898681417870222, -41.120524484264308 ], [ 175.898958028139958, -41.120054732930654 ], [ 175.89938906144414, -41.118970643171018 ], [ 175.899465791937246, -41.118821310091249 ], [ 175.900277288548637, -41.117548112001096 ], [ 175.900292744000438, -41.117528057113496 ], [ 175.901357585437893, -41.116366525879307 ], [ 175.901491573270192, -41.116242430131152 ], [ 175.902783529383299, -41.115221158428696 ], [ 175.902806421839301, -41.115205696392785 ], [ 175.902984076303682, -41.115088077658534 ], [ 175.90483373478159, -41.113887726464647 ], [ 175.904842827530246, -41.113881831467353 ], [ 175.904844010097463, -41.113881065566801 ], [ 175.906364672021766, -41.113044041777201 ], [ 175.906457039874255, -41.113001201012416 ], [ 175.906549293488723, -41.112958219763257 ], [ 175.907898990233008, -41.112435725840754 ], [ 175.908375823930527, -41.111974294095418 ], [ 175.90844476880082, -41.111912142295701 ], [ 175.908997034873551, -41.111447962054115 ], [ 175.909865901103672, -41.110766712390294 ], [ 175.911290647633592, -41.109649000182664 ], [ 175.911730153778677, -41.109321607523633 ], [ 175.911788707894971, -41.10928019375676 ], [ 175.912250034328281, -41.108970451451384 ], [ 175.912832972453771, -41.108599016256015 ], [ 175.912889480611653, -41.108563235648283 ], [ 175.912896845626591, -41.108558601403459 ], [ 175.912953645390814, -41.108523085936966 ], [ 175.913908287950534, -41.107929913407858 ], [ 175.914626554717699, -41.107479363402142 ], [ 175.915748316214831, -41.106855661873809 ], [ 175.915899901040405, -41.106781293495466 ], [ 175.917110214951947, -41.106260865196383 ], [ 175.91841997005011, -41.105771939921532 ], [ 175.920679199936359, -41.104801817586292 ], [ 175.921748814540734, -41.104340314512896 ], [ 175.922731109185094, -41.103753019660907 ], [ 175.923545534908783, -41.103264255792901 ], [ 175.923620660207149, -41.103221080778987 ], [ 175.923684995172124, -41.103076994152246 ], [ 175.923695029428558, -41.103054617908001 ], [ 175.923696338923151, -41.103051710295688 ], [ 175.923706450737541, -41.103029354042818 ], [ 175.924141346502694, -41.102071927640232 ], [ 175.924178326926153, -41.10199174554873 ], [ 175.924183199228082, -41.101981339249889 ], [ 175.924221177295294, -41.101901424435923 ], [ 175.924557527042367, -41.101204001405769 ], [ 175.924691382420974, -41.100801034978282 ], [ 175.924878744654052, -41.100298973988515 ], [ 175.924905578731625, -41.10023429410677 ], [ 175.925131048187751, -41.099741279917644 ], [ 175.925266694945378, -41.099470332851865 ], [ 175.925546801054594, -41.09886377145979 ], [ 175.925571307302135, -41.098813033405314 ], [ 175.925550923475612, -41.098711688277966 ], [ 175.925237577757457, -41.097423726464051 ], [ 175.925138434418471, -41.096943850651769 ], [ 175.925127777874138, -41.09688124935623 ], [ 175.925035276012551, -41.095469591576027 ], [ 175.925039898814475, -41.095349075311148 ], [ 175.925240445063196, -41.093943850040787 ], [ 175.925255881317639, -41.093881821474113 ], [ 175.925391631894456, -41.093407101376414 ], [ 175.925998167825071, -41.091532107271092 ], [ 175.92613049364229, -41.091158046886292 ], [ 175.926149069246435, -41.091109721173694 ], [ 175.926217891759165, -41.090944042729284 ], [ 175.926297369019125, -41.090292356478891 ], [ 175.926303170202999, -41.090246093014557 ], [ 175.926303944858148, -41.090240080275969 ], [ 175.926305800799156, -41.090226049732522 ], [ 175.926294289169277, -41.090176847569616 ], [ 175.926153587228015, -41.089358643945566 ], [ 175.926141767166598, -41.089251867430164 ], [ 175.926132394767393, -41.087838491976072 ], [ 175.926139829354696, -41.08776212383453 ], [ 175.926422799118399, -41.08636503928102 ], [ 175.926455167759656, -41.086260725168557 ], [ 175.926752779625701, -41.085466945992344 ], [ 175.927284084850555, -41.084262869124323 ], [ 175.92775695696065, -41.083357352298748 ], [ 175.927826646198952, -41.083242489045411 ], [ 175.928425914820366, -41.082380878259848 ], [ 175.928967263395691, -41.081695215007123 ], [ 175.929269680728936, -41.081260607707904 ], [ 175.929531375702851, -41.080904315372109 ], [ 175.929566763162171, -41.080858603361726 ], [ 175.929849490563385, -41.080511633945811 ], [ 175.930122490017823, -41.080192971708975 ], [ 175.930112048858859, -41.080002076949555 ], [ 175.930161764255075, -41.078108539828861 ], [ 175.930244324919585, -41.077213515459462 ], [ 175.930262679516233, -41.077097854877685 ], [ 175.930322028724873, -41.076835182874092 ], [ 175.93006182943347, -41.075888648237026 ], [ 175.92988842281315, -41.075266558940712 ], [ 175.929699071423016, -41.074587268569168 ], [ 175.929488943565474, -41.07352063328733 ], [ 175.929472674751167, -41.073381232320941 ], [ 175.929432510230384, -41.072303237509317 ], [ 175.929474750476004, -41.07129553824938 ], [ 175.929549801317194, -41.070650179481937 ], [ 175.928124050582909, -41.071348725099398 ], [ 175.92794604221794, -41.071421621574849 ], [ 175.926528063454242, -41.071914284662284 ], [ 175.9257644437414, -41.072134971631655 ], [ 175.925689716203124, -41.072156350430291 ], [ 175.925679989403591, -41.072159104966609 ], [ 175.925605073872532, -41.072180103649586 ], [ 175.924877297527786, -41.072381995394061 ], [ 175.923078685772651, -41.07276281283432 ], [ 175.922841187512603, -41.072798171963015 ], [ 175.919119896680797, -41.072902844001597 ], [ 175.91887958493956, -41.07288092468049 ], [ 175.915297752434697, -41.072110120601721 ], [ 175.915078160265722, -41.072033069455244 ], [ 175.911986528782393, -41.070462272471701 ], [ 175.911809157726339, -41.070337634736234 ], [ 175.90951041292675, -41.068120658767427 ], [ 175.909392625872727, -41.067960638589611 ], [ 175.908111746316678, -41.065314551484576 ], [ 175.908065067683992, -41.065134815866294 ], [ 175.907927317139212, -41.062318670352568 ], [ 175.907956306851645, -41.062136814366923 ], [ 175.90897501757712, -41.059426276696172 ], [ 175.909076828261817, -41.059260100664218 ], [ 175.911045816052393, -41.057040351485945 ], [ 175.911121486906751, -41.056565902723875 ], [ 175.911187716613966, -41.056389721387823 ], [ 175.9113930616532, -41.056054611573337 ], [ 175.911740315037832, -41.055062079751551 ], [ 175.911753281733098, -41.05503410356372 ], [ 175.911708123046935, -41.054957095212565 ], [ 175.911672871417238, -41.054891732855673 ], [ 175.911104953655695, -41.053545301439279 ], [ 175.911070813478915, -41.053435181701239 ], [ 175.910788151865347, -41.052038074402297 ], [ 175.910781309567625, -41.051967665090309 ], [ 175.910750265196043, -41.051424852732517 ], [ 175.910741634537942, -41.050926238131012 ], [ 175.910525709762538, -41.050620108298091 ], [ 175.91048907501974, -41.050567754982715 ], [ 175.910484342126267, -41.050560937267775 ], [ 175.910448163122908, -41.050508402661038 ], [ 175.910125189031817, -41.050035629529454 ], [ 175.910122604523025, -41.050031844100467 ], [ 175.9097690293965, -41.049513205123198 ], [ 175.90890259525861, -41.049348966588646 ], [ 175.907827101563214, -41.049151993629174 ], [ 175.907373909193296, -41.049061802576418 ], [ 175.907315322054302, -41.049049204047172 ], [ 175.906867173912872, -41.048945571595212 ], [ 175.906119307281301, -41.048760360444575 ], [ 175.905846216302393, -41.048765633078176 ], [ 175.905606346119981, -41.0487415995389 ], [ 175.903821294811166, -41.048340283748161 ], [ 175.903552966681872, -41.048372501104744 ], [ 175.902781660629216, -41.048445641864944 ], [ 175.90268108767458, -41.048452661248994 ], [ 175.900814263872633, -41.048471574196036 ], [ 175.900672876423414, -41.048464588753575 ], [ 175.898825137770871, -41.048262152791537 ], [ 175.898726623351308, -41.048245297233628 ], [ 175.897974419875254, -41.048096885528764 ], [ 175.897016479725323, -41.047882342737402 ], [ 175.897000898862984, -41.047878844366629 ], [ 175.896998873759344, -41.047878388530549 ], [ 175.896983299181045, -41.047874874038556 ], [ 175.896132849821385, -41.04768248267267 ], [ 175.895895884295868, -41.047630198050463 ], [ 175.895294216112944, -41.047659600832176 ], [ 175.895213357825071, -41.047663342813983 ], [ 175.895202844181881, -41.047663802170213 ], [ 175.895121954113591, -41.047667127207646 ], [ 175.894309817226201, -41.047698408509852 ], [ 175.893173861533171, -41.047762633698909 ], [ 175.892756565682106, -41.047780650482999 ], [ 175.892702279612337, -41.047782270553625 ], [ 175.892284405233795, -41.047789177931648 ], [ 175.891621531907447, -41.04779131500365 ], [ 175.89127245119704, -41.047788561536983 ], [ 175.891227087413682, -41.047787699615988 ], [ 175.890878263808389, -41.047777192761075 ], [ 175.890109706830145, -41.047745483944986 ], [ 175.889732230276508, -41.047725345717865 ], [ 175.889683225742374, -41.047722137605597 ], [ 175.889306786440812, -41.047692920263792 ], [ 175.888388312785253, -41.047610434001214 ], [ 175.888349085633621, -41.04760686090939 ], [ 175.888343987136807, -41.047606389997526 ], [ 175.888304775876122, -41.047602718291337 ], [ 175.887382298665614, -41.047515156857209 ], [ 175.886668702739684, -41.047448530700422 ], [ 175.886653348945458, -41.04744708944294 ], [ 175.886651353113422, -41.047446901096848 ], [ 175.886636001799303, -41.047445444722271 ], [ 175.886059000186521, -41.047390414724134 ], [ 175.885700948579483, -41.047360904134912 ], [ 175.885659305426998, -41.047357415656826 ], [ 175.885653892888996, -41.047356954938721 ], [ 175.883820722453237, -41.047089307074131 ], [ 175.883592660951422, -41.047041696237756 ], [ 175.881837391705631, -41.046560210318134 ], [ 175.881832432294431, -41.046558505756934 ], [ 175.881794313477968, -41.046545342886397 ], [ 175.881312322123534, -41.046378127343971 ], [ 175.880613618593912, -41.046153844984929 ], [ 175.880538129848247, -41.046129379890743 ], [ 175.880528330929849, -41.046126173823922 ], [ 175.880453067085028, -41.046101314813122 ], [ 175.879656773782898, -41.045835821577114 ], [ 175.878933572654887, -41.045602192365784 ], [ 175.877362625056747, -41.044986421404694 ], [ 175.877167372143532, -41.044895349132915 ], [ 175.876623476762404, -41.044597265573692 ], [ 175.875637759966708, -41.044452306250896 ], [ 175.874144099423319, -41.044696364219675 ], [ 175.874091920340533, -41.044704797019598 ], [ 175.874085133846052, -41.044705881760734 ], [ 175.874032905321656, -41.044714137285993 ], [ 175.873330597898274, -41.044823901659107 ], [ 175.871563911401523, -41.044996898875048 ], [ 175.871333311330801, -41.045006279198326 ], [ 175.869666937985329, -41.044979441509177 ], [ 175.868300455972985, -41.045953872303926 ], [ 175.86810054762438, -41.046057058086681 ], [ 175.86473481396871, -41.047260693755824 ], [ 175.864502565033547, -41.047312053660328 ], [ 175.860810201419639, -41.047669256911142 ], [ 175.860568354543204, -41.047663761571265 ], [ 175.85691094287381, -41.047139554486968 ], [ 175.856683181663271, -41.047077742179212 ], [ 175.853418875252515, -41.045723460431653 ], [ 175.853227502157324, -41.045611384249412 ], [ 175.852911392034201, -41.045357208951302 ], [ 175.852611274559052, -41.045705711376456 ], [ 175.851914561402793, -41.046538351445825 ], [ 175.850902591071787, -41.047575290228728 ], [ 175.850758995560057, -41.047702291349069 ], [ 175.849561803478679, -41.048619214075877 ], [ 175.848325534354501, -41.049439340368494 ], [ 175.848288974468403, -41.049463493646826 ], [ 175.84828421324238, -41.049466626222625 ], [ 175.848247523497776, -41.049490666417938 ], [ 175.847633663262343, -41.04989122664454 ], [ 175.846801840473631, -41.050386931221475 ], [ 175.846690133383618, -41.050447606543692 ], [ 175.845803385966889, -41.050885368036496 ], [ 175.845063224947012, -41.051216195582917 ], [ 175.844160320908117, -41.051667115060738 ], [ 175.8440651668773, -41.051714143031298 ], [ 175.844052758559627, -41.051720211804906 ], [ 175.843957015396398, -41.051766549581671 ], [ 175.843514384272709, -41.051978524993153 ], [ 175.842079519042016, -41.053059206911378 ], [ 175.842065329887021, -41.053069875387024 ], [ 175.842063483756391, -41.053071261115605 ], [ 175.842049270901441, -41.053081911541142 ], [ 175.841781064022825, -41.05328255426636 ], [ 175.841716408787647, -41.053386671454042 ], [ 175.841674479435255, -41.053449248033452 ], [ 175.84070181874813, -41.054655698426608 ], [ 175.840613875472968, -41.054747676825947 ], [ 175.840419438945048, -41.054920642001427 ], [ 175.840533702952712, -41.055717645164549 ], [ 175.840521855696039, -41.055900598194455 ], [ 175.839762034455646, -41.058652078971335 ], [ 175.840309189816566, -41.059063924649713 ], [ 175.840346878329825, -41.059092419914975 ], [ 175.840351766860522, -41.059096132581075 ], [ 175.840389286511936, -41.059124755255745 ], [ 175.84081130074145, -41.059448139870241 ], [ 175.843721628377835, -41.06004668400552 ], [ 175.843942362065803, -41.060121770404599 ], [ 175.847057787655274, -41.061664777588859 ], [ 175.847237073707333, -41.061787813151355 ], [ 175.849570228909755, -41.063983926170202 ], [ 175.84969051836012, -41.064142871048041 ], [ 175.85098772912167, -41.066726872350365 ], [ 175.851723734478725, -41.066551366493357 ], [ 175.851725418953549, -41.066551073187647 ], [ 175.851738378118085, -41.066548822466928 ], [ 175.85246820036528, -41.066422390604792 ], [ 175.853125792007944, -41.066323134008151 ], [ 175.853211691057282, -41.066312062589915 ], [ 175.853875623543843, -41.066240989640711 ], [ 175.855720247436892, -41.066083478282536 ], [ 175.856226545727623, -41.066038529711186 ], [ 175.856346348521299, -41.065767750081847 ], [ 175.856855658981601, -41.064590218787977 ], [ 175.856956685702443, -41.064615249084149 ], [ 175.857599998577058, -41.063117397021564 ], [ 175.857709897425309, -41.062954199290111 ], [ 175.859898681837052, -41.060674540447941 ], [ 175.86006982124556, -41.060545030503341 ], [ 175.863082034599358, -41.05888880998824 ], [ 175.86329766242585, -41.058805661431435 ], [ 175.866838497760085, -41.057934948211035 ], [ 175.867077512858089, -41.057906297257681 ], [ 175.868939002247743, -41.057795416248666 ], [ 175.868981814494134, -41.057795416167927 ], [ 175.868994078008626, -41.057795420925217 ], [ 175.868995672260041, -41.057795422165405 ], [ 175.870869120726951, -41.057909214167758 ], [ 175.870975703220381, -41.057922160452918 ], [ 175.87108232077901, -41.057934940323918 ], [ 175.872909658933253, -41.058267710292455 ], [ 175.872911174684305, -41.058268084326393 ], [ 175.874646525998799, -41.058814460769888 ], [ 175.874742610203413, -41.058851700588534 ], [ 175.874838795724003, -41.058888790343538 ], [ 175.87644091480621, -41.059632647533626 ], [ 175.876442203737128, -41.059633357763474 ], [ 175.877869643359162, -41.060558856666589 ], [ 175.877945826451338, -41.060616746111009 ], [ 175.878022167158548, -41.060674516528898 ], [ 175.879242274066712, -41.061756673243266 ], [ 175.879243210027056, -41.061757650170478 ], [ 175.880223021241903, -41.062971706059386 ], [ 175.880271845819067, -41.063044580176459 ], [ 175.880320868854653, -41.063117377948394 ], [ 175.881039517221353, -41.064431933495847 ], [ 175.881040008571347, -41.064433081515105 ], [ 175.881376444496055, -41.065500305925887 ], [ 175.881543327560053, -41.065545496551309 ], [ 175.884809796109835, -41.066898172576344 ], [ 175.885001334253133, -41.067010149041408 ], [ 175.88755580049235, -41.069060502285609 ], [ 175.887692254359109, -41.069211790799585 ], [ 175.88928465786168, -41.071759175041834 ], [ 175.889352666602605, -41.071934969863754 ], [ 175.889827033449961, -41.074730072117042 ], [ 175.889819931394186, -41.074913167132962 ], [ 175.889129679523194, -41.077682395811337 ], [ 175.889048151905911, -41.077854868059163 ], [ 175.888025998689045, -41.079268661451906 ], [ 175.88894980029562, -41.080488755164176 ], [ 175.889053291679318, -41.080654345851215 ], [ 175.890099229546991, -41.083358990326765 ], [ 175.89013003449196, -41.083540674944054 ], [ 175.89002022218645, -41.086357504736505 ], [ 175.889975315577033, -41.086537499548427 ], [ 175.888720350590432, -41.089190778445534 ], [ 175.88860411895044, -41.089351462824212 ], [ 175.886326730011376, -41.091581431795866 ], [ 175.886150545654601, -41.091707073616099 ], [ 175.88307362352171, -41.093295392196069 ], [ 175.882854733358272, -41.093373689034536 ], [ 175.879279526488091, -41.094164829234337 ], [ 175.879039363488886, -41.094188114040925 ], [ 175.875315967634606, -41.094104604507805 ], [ 175.875078050348435, -41.094070597184171 ], [ 175.871571089223579, -41.093120617739324 ], [ 175.871358715901835, -41.093032648644169 ], [ 175.868411591249924, -41.091309227548308 ], [ 175.868245555716214, -41.091175910930879 ], [ 175.867075062586281, -41.090074345431461 ], [ 175.866524798086402, -41.089463943509664 ], [ 175.866030898623166, -41.088922021529449 ], [ 175.865553840329682, -41.088416521164277 ], [ 175.865550890247874, -41.088413393777969 ], [ 175.865039549825781, -41.087870691677011 ], [ 175.863206506805739, -41.086366335783822 ], [ 175.863136272790143, -41.086286573671046 ], [ 175.862742665789938, -41.085998144723213 ], [ 175.862597251469396, -41.085851695618651 ], [ 175.862067937132281, -41.085095817410419 ], [ 175.860909238997181, -41.085050371289562 ], [ 175.86090494450562, -41.085050202249811 ], [ 175.860095217468114, -41.085018043845132 ], [ 175.859622634095075, -41.085053728752719 ], [ 175.859146114745101, -41.085096033733947 ], [ 175.859090589204953, -41.08512370840986 ], [ 175.86080096505458, -41.086943318541515 ], [ 175.860908689240404, -41.087107358978805 ], [ 175.862023827249288, -41.089796135276274 ], [ 175.862059284691981, -41.08997733269959 ], [ 175.86202166404118, -41.092795225346244 ], [ 175.861981374300711, -41.09297584384791 ], [ 175.860794525480941, -41.095647014744202 ], [ 175.860682423007859, -41.095809372776316 ], [ 175.858462403330691, -41.098072313138651 ], [ 175.858289455922744, -41.098200514820952 ], [ 175.856856469946507, -41.099107467456577 ], [ 175.855778711395459, -41.099687226628468 ], [ 175.855682403352176, -41.09973849211471 ], [ 175.855669840034437, -41.099745109625246 ], [ 175.855572866266925, -41.099795651992885 ], [ 175.854651070909625, -41.100271012418617 ], [ 175.853538392402072, -41.100779804248802 ], [ 175.853389407377392, -41.100839784269205 ], [ 175.85167620206937, -41.101403865482261 ], [ 175.851606229845657, -41.101422112739186 ], [ 175.849797439727723, -41.101776492403864 ], [ 175.849631240139047, -41.101798705756615 ], [ 175.848340427843283, -41.101916692525847 ], [ 175.847119924642186, -41.101977358404042 ], [ 175.847026938120848, -41.101981703542712 ], [ 175.847014847136876, -41.10198223262595 ], [ 175.846921818521224, -41.101986027229323 ], [ 175.846439379586997, -41.102004273059634 ], [ 175.846006635353604, -41.102026202587041 ], [ 175.845318068146298, -41.102104105340992 ], [ 175.844857601562524, -41.10216013100333 ], [ 175.844707541588264, -41.102338911372129 ], [ 175.844690359589606, -41.102356214121059 ], [ 175.843454394255133, -41.103416198450375 ], [ 175.843300782101352, -41.103528748025496 ], [ 175.84186077328917, -41.104429412006269 ], [ 175.841837362345728, -41.104441851062987 ], [ 175.840228775708624, -41.105161011945071 ], [ 175.840036693244315, -41.105232141698608 ], [ 175.838299144051859, -41.105752082717714 ], [ 175.838271796210506, -41.105758440049783 ], [ 175.836448086012695, -41.106066356243872 ], [ 175.836236341150965, -41.106089100960851 ], [ 175.834371392300227, -41.106177404645472 ], [ 175.834342785548927, -41.106177057717396 ], [ 175.832482539444385, -41.106043576853558 ], [ 175.832271867780946, -41.10601570931518 ], [ 175.830462150104069, -41.105663729379323 ], [ 175.83043508585277, -41.105656712180817 ], [ 175.830227559017516, -41.105601278267656 ], [ 175.82912373931407, -41.10529771496703 ], [ 175.829104479603131, -41.1052924040021 ], [ 175.829101976628664, -41.105291711946883 ], [ 175.829082729039925, -41.105286375908278 ], [ 175.827551790630594, -41.104860807480094 ], [ 175.82701357786101, -41.10469985575255 ], [ 175.826944323757573, -41.104677658491433 ], [ 175.826417088917935, -41.104497113949407 ], [ 175.82563825142671, -41.104212957692923 ], [ 175.825637222540365, -41.1042125822567 ], [ 175.825403821833106, -41.104127388371253 ], [ 175.824590677389182, -41.103858443046924 ], [ 175.824247526862024, -41.103740012906847 ], [ 175.82420325090024, -41.103724086432159 ], [ 175.823865232818548, -41.103597493901049 ], [ 175.822987442110048, -41.103255543073473 ], [ 175.822475622056828, -41.103071570060138 ], [ 175.820856118817147, -41.102366644151274 ], [ 175.820656358171902, -41.102263110081495 ], [ 175.817950450603149, -41.100326198035063 ], [ 175.817802774180052, -41.100181034280887 ], [ 175.816020720726243, -41.097706378456039 ], [ 175.815939581386175, -41.097533798239368 ], [ 175.815255736993635, -41.094763681909733 ], [ 175.815249069350529, -41.094580580841829 ], [ 175.815730230536332, -41.091786180916529 ], [ 175.815798677270237, -41.091610482276224 ], [ 175.817397598232077, -41.089065317516244 ], [ 175.817534450997357, -41.088914217768668 ], [ 175.819847289957352, -41.087065058791808 ], [ 175.819360677939613, -41.086335841825758 ], [ 175.81893373712191, -41.085620075229926 ], [ 175.818883696979327, -41.085525373416552 ], [ 175.818540788604849, -41.084784189321766 ], [ 175.818405282151957, -41.084444471633304 ], [ 175.818007548012673, -41.083063517464062 ], [ 175.817974720094639, -41.082882038440012 ], [ 175.818053124870318, -41.080064646839148 ], [ 175.818096018098402, -41.079884374181177 ], [ 175.819321108857224, -41.077223198438304 ], [ 175.81943551524094, -41.077061777059704 ], [ 175.821687254117222, -41.074817274645092 ], [ 175.821721244855809, -41.074792611250736 ], [ 175.82173157281477, -41.074713941496938 ], [ 175.821734702123791, -41.074557411638956 ], [ 175.821746287036518, -41.074431105284802 ], [ 175.821905017056338, -41.073463174379931 ], [ 175.822145460291779, -41.072449636587642 ], [ 175.821552816491476, -41.072003453695338 ], [ 175.821536947180533, -41.071991483552637 ], [ 175.821534886108481, -41.071989925966236 ], [ 175.82151904661859, -41.071977933241271 ], [ 175.820177184141414, -41.070960016303317 ], [ 175.819680308930174, -41.070690144487457 ], [ 175.818508898148224, -41.070569396789764 ], [ 175.818277138097386, -41.070516586832539 ], [ 175.814923505524348, -41.069291960577615 ], [ 175.814724661992301, -41.069187529705204 ], [ 175.812035374909613, -41.067238476917616 ], [ 175.811888915413107, -41.067092651100459 ], [ 175.810127223809786, -41.064610015561179 ], [ 175.810047481977819, -41.064437072810868 ], [ 175.809385746272653, -41.061663918451394 ], [ 175.809380519860923, -41.061480789827549 ], [ 175.809552776690964, -41.060524323913363 ], [ 175.80936673098148, -41.059664719421946 ], [ 175.809366191866047, -41.05965986343432 ], [ 175.809324632976626, -41.059652574993848 ], [ 175.809100328866634, -41.059583823677642 ], [ 175.805910658163839, -41.058130481697994 ], [ 175.805725411024952, -41.058012625268461 ], [ 175.80501268935717, -41.057390972030561 ], [ 175.805002891470423, -41.057402548746488 ], [ 175.804184383232638, -41.058378673361311 ], [ 175.804151832172323, -41.058417274656804 ], [ 175.804147583705117, -41.058422284649922 ], [ 175.804114773731271, -41.058460760171378 ], [ 175.803483333168458, -41.059197110525268 ], [ 175.802129267462533, -41.060787675548653 ], [ 175.801440875844662, -41.061599300714803 ], [ 175.801537364201181, -41.062256502701658 ], [ 175.801526136892448, -41.062439476500629 ], [ 175.80077369494407, -41.065199345842004 ], [ 175.800688307432523, -41.065370737549912 ], [ 175.798845750344924, -41.06781951950169 ], [ 175.798694553574109, -41.067962549533526 ], [ 175.796535674635578, -41.069451245880401 ], [ 175.795727410367306, -41.071561236166737 ], [ 175.795624479989186, -41.071727018438068 ], [ 175.793533135550632, -41.074058623270275 ], [ 175.793367537738447, -41.074192217212932 ], [ 175.792517576149379, -41.074691693942164 ], [ 175.793687513144135, -41.075395861720786 ], [ 175.793805317434902, -41.075478983981043 ], [ 175.795067214451905, -41.076520968471435 ], [ 175.7951174896873, -41.076569656540187 ], [ 175.796148485216463, -41.077748182913567 ], [ 175.796226586883165, -41.077854783002252 ], [ 175.797001287825168, -41.079140838366975 ], [ 175.797029222719942, -41.079198899338103 ], [ 175.797528538852134, -41.080560822390943 ], [ 175.797559289133517, -41.080680467610165 ], [ 175.797770909271378, -41.08208472676796 ], [ 175.797773766740733, -41.082146478004617 ], [ 175.797692460335782, -41.083558497192115 ], [ 175.797672842967273, -41.08367947668178 ], [ 175.797300592139493, -41.085064486347875 ], [ 175.797278089104822, -41.08512388325066 ], [ 175.797196626522492, -41.08528877955731 ], [ 175.797201538340147, -41.086013537209411 ], [ 175.797191604501108, -41.086115734337355 ], [ 175.796908839898833, -41.087512806067409 ], [ 175.796884303933496, -41.087591912880896 ], [ 175.796779537296118, -41.087840187178799 ], [ 175.79685190011017, -41.08830834211988 ], [ 175.796861068111156, -41.088491380769376 ], [ 175.796418111849874, -41.091289382394976 ], [ 175.796352066726314, -41.091465605525414 ], [ 175.794787841802304, -41.094023086596913 ], [ 175.794653040094971, -41.094175242179944 ], [ 175.792120567334933, -41.096241813882621 ], [ 175.791930200740836, -41.096355004357029 ], [ 175.789701113499689, -41.097296119826922 ], [ 175.788518836960719, -41.098762511200945 ], [ 175.788361966899004, -41.098902043946971 ], [ 175.786378592668598, -41.100188875177643 ], [ 175.786170487177429, -41.100489879215083 ], [ 175.785733473842157, -41.101127651776295 ], [ 175.785720712012193, -41.10114622319086 ], [ 175.785719049268096, -41.101148636012461 ], [ 175.785706230419862, -41.101167184930041 ], [ 175.785681142169949, -41.101203385168048 ], [ 175.785566570679748, -41.101420193206742 ], [ 175.785549730226364, -41.101445931455217 ], [ 175.784592085413237, -41.102659531690861 ], [ 175.784473769987528, -41.102785777195436 ], [ 175.783276890020943, -41.103871103955463 ], [ 175.783250357504926, -41.103891645468657 ], [ 175.78184371376247, -41.104821968225352 ], [ 175.781679605079546, -41.104914375047983 ], [ 175.780097833378136, -41.105666777254228 ], [ 175.780064205979244, -41.105680110698181 ], [ 175.778346266827356, -41.106236061106294 ], [ 175.778152431562745, -41.10628558082751 ], [ 175.776340637839979, -41.106631382615078 ], [ 175.776303208159277, -41.106636202348916 ], [ 175.776222133181477, -41.106641741722839 ], [ 175.778429396131543, -41.107395881708925 ], [ 175.778631784313774, -41.107496468751371 ], [ 175.778932516442921, -41.10770350470461 ], [ 175.78043422875038, -41.107999462723413 ], [ 175.780649531480776, -41.10805586563982 ], [ 175.782361840549697, -41.108621774302769 ], [ 175.78237462207565, -41.108626936754632 ], [ 175.782472695860235, -41.108666995898702 ], [ 175.783333379152481, -41.109022489304806 ], [ 175.783350126097986, -41.109029419484976 ], [ 175.783352302241781, -41.109030321726088 ], [ 175.783369034431274, -41.10903727217832 ], [ 175.783944986926315, -41.109276971732889 ], [ 175.783989673536269, -41.109295663704337 ], [ 175.783995475883842, -41.109298103069314 ], [ 175.784040056159569, -41.109316939789814 ], [ 175.784803246473302, -41.109641035791618 ], [ 175.785554123293792, -41.109948123478567 ], [ 175.786338408205864, -41.110265421029851 ], [ 175.78720901355041, -41.110654455211794 ], [ 175.787319152586235, -41.11070856901177 ], [ 175.788142994359504, -41.111152055197643 ], [ 175.788734588634185, -41.111500050422478 ], [ 175.790045155592281, -41.112396560434533 ], [ 175.790203192682469, -41.112521997920574 ], [ 175.791323965198217, -41.113555297491835 ], [ 175.791820920411453, -41.114089897969386 ], [ 175.792324971650686, -41.114614811204888 ], [ 175.792394363958493, -41.1146878387475 ], [ 175.792403322078286, -41.114697366146537 ], [ 175.792471746997336, -41.114770913974247 ], [ 175.793027316240114, -41.115374450437749 ], [ 175.793032198212956, -41.115379757861973 ], [ 175.793530827849708, -41.115922894038128 ], [ 175.793725638641376, -41.11614187164777 ], [ 175.793750407259779, -41.116170613183336 ], [ 175.793936652117566, -41.116393813058579 ], [ 175.794311305900067, -41.116857724359413 ], [ 175.79495437632562, -41.117767279646202 ], [ 175.79502876507803, -41.117888747870822 ], [ 175.795530135279705, -41.118847935219435 ], [ 175.795825955247125, -41.119524911596272 ], [ 175.795960403834499, -41.119853523279531 ], [ 175.795976797351074, -41.119896479556431 ], [ 175.79609455662802, -41.120228733689885 ], [ 175.796318791488858, -41.12091342415971 ], [ 175.796539242414497, -41.121757478666247 ], [ 175.796560913625001, -41.121867989303865 ], [ 175.796673864485172, -41.122724098596933 ], [ 175.796748101616345, -41.123809776481579 ], [ 175.796750849712595, -41.123927560740057 ], [ 175.797010392858482, -41.124651120337461 ], [ 175.797050198158644, -41.124765032723758 ], [ 175.797055244547181, -41.124779866291689 ], [ 175.79709307599046, -41.124894162643464 ], [ 175.797344090701927, -41.125674142976301 ], [ 175.797577946908831, -41.126358839213445 ], [ 175.797838170786747, -41.127051485726383 ], [ 175.7981315710974, -41.127790837102957 ], [ 175.798410581686568, -41.128477726527443 ], [ 175.798749094983378, -41.129239023388642 ], [ 175.79880139980483, -41.129359451074166 ], [ 175.798808053416622, -41.129375142072305 ], [ 175.798858111849455, -41.129496114359249 ], [ 175.799183026778508, -41.130301133370445 ], [ 175.799460423787878, -41.131126255000346 ], [ 175.799489707837211, -41.131234568362764 ], [ 175.799662833306797, -41.132075806350755 ], [ 175.799756355990581, -41.132733598974092 ], [ 175.799820894270908, -41.133471784701769 ], [ 175.799824061908794, -41.133567847276794 ], [ 175.799808255558418, -41.134307547323424 ], [ 175.799742021059217, -41.135181515177401 ], [ 175.799741860487842, -41.135183629597179 ], [ 175.799674405648318, -41.136067236298189 ], [ 175.799626342673037, -41.136745204110092 ], [ 175.799619334616295, -41.137135752330948 ], [ 175.79964027154449, -41.137575239013373 ], [ 175.799677791026511, -41.138237915797205 ], [ 175.799727649696479, -41.139076886234399 ], [ 175.799728355014309, -41.139088934363549 ], [ 175.799728445318578, -41.139090500665915 ], [ 175.79972912929702, -41.139102549496123 ], [ 175.799788285479536, -41.140161164046518 ], [ 175.79979847242376, -41.140464774704654 ], [ 175.79979891623509, -41.140504249746527 ], [ 175.79979555709059, -41.140807947424562 ], [ 175.799761679062328, -41.141823123936845 ], [ 175.799691984931854, -41.14259476067933 ], [ 175.799677249070641, -41.142694594715735 ], [ 175.799520236576569, -41.14345886612039 ], [ 175.7992880110138, -41.144338310619752 ], [ 175.799117400851799, -41.144798923212178 ], [ 175.79924594226668, -41.145516169343395 ], [ 175.799240508644061, -41.145699291622655 ], [ 175.799198558983619, -41.145874044020324 ], [ 175.799272535812605, -41.145959259186796 ], [ 175.799304171825554, -41.145997271187959 ], [ 175.800172583270751, -41.147248922529343 ], [ 175.800244783731131, -41.14737640956433 ], [ 175.800843503566568, -41.148715336329339 ], [ 175.800858053524166, -41.148758877555515 ], [ 175.800961476314598, -41.149095432995473 ], [ 175.80158959197999, -41.151333282903757 ], [ 175.801593091130684, -41.151345792987982 ], [ 175.801593544492903, -41.151347419542326 ], [ 175.801597020145579, -41.151359933370976 ], [ 175.802127455549709, -41.153276436169719 ], [ 175.802129348486318, -41.153283288403244 ], [ 175.802374230825421, -41.154174131124257 ], [ 175.802723431606069, -41.155397091132428 ], [ 175.802734456249794, -41.155436119669226 ], [ 175.802735874575291, -41.155441195753909 ], [ 175.802746670323671, -41.155480260827972 ], [ 175.802764521417913, -41.155545578705471 ], [ 175.804123974318685, -41.156028849315454 ], [ 175.804324443685971, -41.156131776978427 ], [ 175.807042948865643, -41.158060396590209 ], [ 175.807191534244453, -41.158205103375543 ], [ 175.808988586178543, -41.160674200647591 ], [ 175.809070740332373, -41.160846525243592 ], [ 175.809191513108061, -41.161324367864459 ], [ 175.809212523779166, -41.161323968413697 ], [ 175.809860057816621, -41.161288129284827 ], [ 175.810114185528249, -41.161276124127632 ], [ 175.810147240414523, -41.161274830282899 ], [ 175.810401649431839, -41.161266930135966 ], [ 175.811358342280158, -41.161244950429612 ], [ 175.811379274658123, -41.161244483336787 ], [ 175.811381995935903, -41.161244424421255 ], [ 175.811402929370331, -41.161243985121423 ], [ 175.812354567305704, -41.161224642764381 ], [ 175.81240814081383, -41.161223644717914 ], [ 175.812415105721101, -41.161223526804108 ], [ 175.812441743764708, -41.161223121107248 ], [ 175.813984811433926, -41.160846427029661 ], [ 175.814078886312075, -41.160829486706163 ], [ 175.815926497106602, -41.160610759667144 ], [ 175.816072443408302, -41.160602266032129 ], [ 175.817942579862148, -41.160604631473298 ], [ 175.818038977257714, -41.160610486898577 ], [ 175.819885610296154, -41.160833887662598 ], [ 175.820027888648696, -41.160859888823708 ], [ 175.820550357472825, -41.160975384054545 ], [ 175.820721753765497, -41.160967945523041 ], [ 175.820756783064923, -41.160966464324382 ], [ 175.820761337235325, -41.160966276833847 ], [ 175.820796372096055, -41.160964873562627 ], [ 175.821793472268979, -41.160926043816744 ], [ 175.821860367217539, -41.160923580844674 ], [ 175.821869064683568, -41.16092327912434 ], [ 175.821935976904882, -41.160921100245083 ], [ 175.822492305330513, -41.160904166278037 ], [ 175.822671401266462, -41.160900414902748 ], [ 175.823828328702746, -41.160296243770468 ], [ 175.824037917890024, -41.16020425819115 ], [ 175.827515540658197, -41.159187672342888 ], [ 175.827752477818393, -41.15914912838101 ], [ 175.831475519442932, -41.15899434019142 ], [ 175.831716620732323, -41.159013009378789 ], [ 175.835320795997148, -41.15973516636317 ], [ 175.835542470528992, -41.159809222120487 ], [ 175.838675108934154, -41.161337664540724 ], [ 175.838855664283216, -41.161459860635858 ], [ 175.841210181771089, -41.163645026712807 ], [ 175.84133194485068, -41.16380340548065 ], [ 175.842677831307611, -41.166431451386323 ], [ 175.842728877977947, -41.166610512800588 ], [ 175.842934273942689, -41.169424224007528 ], [ 175.842909598182274, -41.169606441712482 ], [ 175.842088283887051, -41.171948234824754 ], [ 175.843011519898596, -41.172452969884375 ], [ 175.843015539668727, -41.172455553638002 ], [ 175.843046416196614, -41.172475468445448 ], [ 175.844059026284413, -41.173130828055506 ], [ 175.844094773630104, -41.173154056043643 ], [ 175.844099412864864, -41.173157082613258 ], [ 175.844135038361202, -41.173180417234654 ], [ 175.844964787890149, -41.173726068883873 ], [ 175.845421850703389, -41.173994108612597 ], [ 175.846130045977446, -41.17440339677686 ], [ 175.847366598746163, -41.175226358755623 ], [ 175.847516821749934, -41.175341206818331 ], [ 175.848723290466864, -41.176421302450528 ], [ 175.848740216366082, -41.176439123377023 ], [ 175.849708242655652, -41.177648512680605 ], [ 175.849804150801845, -41.17779281260799 ], [ 175.850509892465539, -41.179101722075551 ], [ 175.850518702266271, -41.17912262252225 ], [ 175.850944764451441, -41.180498827923877 ], [ 175.850976964172474, -41.180658457216744 ], [ 175.851112839442806, -41.182068074679052 ], [ 175.851112669786545, -41.182090009011688 ], [ 175.850954992167175, -41.183498329973936 ], [ 175.850920323031261, -41.183657663879465 ], [ 175.850541227905666, -41.184869349563442 ], [ 175.850468405058649, -41.185046396787115 ], [ 175.849783625730396, -41.186342268197073 ], [ 175.850019851341727, -41.187018619798273 ], [ 175.850062563650681, -41.187194716560988 ], [ 175.850253230613077, -41.18856839385905 ], [ 175.850310700685327, -41.190133987131489 ], [ 175.850368439286171, -41.190989075664191 ], [ 175.850410945210513, -41.191174567138077 ], [ 175.850524102613861, -41.1914812652116 ], [ 175.850567554416187, -41.191602285942913 ], [ 175.850573057913522, -41.191618047575808 ], [ 175.850614275297119, -41.191739513505183 ], [ 175.850830864002546, -41.192396772061088 ], [ 175.851395026901741, -41.194067924646852 ], [ 175.852117789635884, -41.196153587614575 ], [ 175.852200839411211, -41.196408322076557 ], [ 175.852210995203166, -41.196441549279932 ], [ 175.852217800324468, -41.196465393070092 ], [ 175.852297781856663, -41.196623970897036 ], [ 175.852520915716582, -41.197107212941312 ], [ 175.852547537897436, -41.197170605900162 ], [ 175.852733975786578, -41.197662640211213 ], [ 175.85282463321596, -41.197930435252623 ], [ 175.853192843199082, -41.198579297519622 ], [ 175.853648979576434, -41.199363464743506 ], [ 175.853695052216011, -41.199443725592076 ], [ 175.853700974440329, -41.199454181223402 ], [ 175.853746012943276, -41.199534776241777 ], [ 175.853979410049618, -41.199958157195212 ], [ 175.854346121540345, -41.2005937251812 ], [ 175.854395990053717, -41.2006814197834 ], [ 175.854402392817121, -41.200692845701994 ], [ 175.854451028354703, -41.200780934463204 ], [ 175.855354693250689, -41.202442332408218 ], [ 175.855367520328514, -41.202466010101787 ], [ 175.855369182057416, -41.202469089983367 ], [ 175.855381920039747, -41.202492795083295 ], [ 175.855511605263416, -41.202735122438881 ], [ 175.855565737783479, -41.202813487126754 ], [ 175.855759516647311, -41.203106912172345 ], [ 175.855783780475377, -41.203145391027348 ], [ 175.855963291219581, -41.20344394839023 ], [ 175.857310181952272, -41.205796811332512 ], [ 175.857375704425351, -41.205913514677604 ], [ 175.857384080582619, -41.205928730624684 ], [ 175.857447422063785, -41.206046118774289 ], [ 175.857582230630527, -41.206301071507042 ], [ 175.857786999400247, -41.206519988075804 ], [ 175.858266795777439, -41.2070291141995 ], [ 175.858799118222606, -41.207459145206933 ], [ 175.859321016212505, -41.20790989019175 ], [ 175.859386210875016, -41.207970124282838 ], [ 175.860453306455042, -41.209131220308514 ], [ 175.860523995949933, -41.209222710854696 ], [ 175.86133747180466, -41.210495568536857 ], [ 175.861374832106861, -41.210568068248207 ], [ 175.861637660912493, -41.211132975640808 ], [ 175.862100919122014, -41.212245598429071 ], [ 175.862109504829533, -41.212266305786109 ], [ 175.862110616676574, -41.21226899875461 ], [ 175.862119136308053, -41.212289721682225 ], [ 175.862403775876402, -41.212985020406876 ], [ 175.862411895165508, -41.213004935057121 ], [ 175.862412946706058, -41.213007524879551 ], [ 175.862421004964062, -41.213027453651264 ], [ 175.862934920013686, -41.214303668175369 ], [ 175.863532973496802, -41.215766535104443 ], [ 175.863602482411494, -41.215968966049701 ], [ 175.863968661568663, -41.216309123544988 ], [ 175.864090340272668, -41.216467581615014 ], [ 175.865434282962894, -41.219096499786211 ], [ 175.865485164424854, -41.219275593897031 ], [ 175.865687483254732, -41.222089426496872 ], [ 175.865662577595089, -41.222271627091473 ], [ 175.86510574755718, -41.223852479197625 ], [ 175.865656953412667, -41.224454531104932 ], [ 175.865657305508535, -41.224454988934333 ], [ 175.866469328656279, -41.225732946562999 ], [ 175.866510961357619, -41.225814338471608 ], [ 175.866552691631881, -41.225895701911554 ], [ 175.867090765548312, -41.2272536443745 ], [ 175.867090913042006, -41.227254161941147 ], [ 175.867122114281102, -41.227363886169478 ], [ 175.867209975776831, -41.22758779110108 ], [ 175.867210229280175, -41.227588437210549 ], [ 175.867513483916696, -41.228361610691181 ], [ 175.867554387272747, -41.22846830816524 ], [ 175.86755959122803, -41.228482203061745 ], [ 175.867598748719729, -41.228589273226888 ], [ 175.867881047532961, -41.2293801425444 ], [ 175.868187697225096, -41.230191156544294 ], [ 175.868437905233606, -41.230851960993995 ], [ 175.868612332709546, -41.231216117789408 ], [ 175.868681747179266, -41.231365107044105 ], [ 175.868690374723087, -41.231384156901441 ], [ 175.868750486319158, -41.231520424338832 ], [ 175.869017516272976, -41.232142244685463 ], [ 175.869938724556164, -41.232930783927237 ], [ 175.870879318035833, -41.233722030564394 ], [ 175.87209518076682, -41.234733540474437 ], [ 175.872428388013219, -41.23500656203197 ], [ 175.872540992330755, -41.235100135778985 ], [ 175.872555517107088, -41.235112377306599 ], [ 175.872666370886151, -41.235207134755413 ], [ 175.873708223099754, -41.236110385540037 ], [ 175.873861840667047, -41.236246261415381 ], [ 175.87388157700147, -41.2362640730083 ], [ 175.874031595345684, -41.236402221644248 ], [ 175.875211461358333, -41.237510952895548 ], [ 175.875850633791572, -41.238170796894934 ], [ 175.875928404688096, -41.238259242986778 ], [ 175.876485707059999, -41.238960108534307 ], [ 175.877475764789949, -41.240343828631403 ], [ 175.877557144809202, -41.240459569349682 ], [ 175.877567578679447, -41.240474672927355 ], [ 175.877646719737726, -41.240591294943997 ], [ 175.878463278586224, -41.241816427629452 ], [ 175.87903717330002, -41.242674191754965 ], [ 175.879534233054471, -41.24318718391013 ], [ 175.879808099751671, -41.243407425794082 ], [ 175.880246599118607, -41.243792434417287 ], [ 175.880657708624966, -41.24398508012807 ], [ 175.880894107260104, -41.244098780194335 ], [ 175.880924604909467, -41.244113831546663 ], [ 175.881157400888355, -41.244231690754972 ], [ 175.881902181441717, -41.244618399534978 ], [ 175.881925580947239, -41.244630580008973 ], [ 175.881928620381444, -41.244632166202855 ], [ 175.881951981402096, -41.244644388711713 ], [ 175.883442533663583, -41.245426213327733 ], [ 175.884700252454508, -41.246185802462811 ], [ 175.88485420340902, -41.246292408029909 ], [ 175.885964961138598, -41.247172906139241 ], [ 175.886534455528164, -41.247690154448698 ], [ 175.886795058608527, -41.247926519882128 ], [ 175.886824311088219, -41.247953155439198 ], [ 175.88682810508692, -41.247956623560228 ], [ 175.886857221818246, -41.247983343711397 ], [ 175.888197921559879, -41.249218487522064 ], [ 175.889272858893435, -41.249958975655808 ], [ 175.889860453452314, -41.250357664255091 ], [ 175.889983280899827, -41.250442177518494 ], [ 175.889999146345104, -41.250453247614914 ], [ 175.890120402671499, -41.250539043528981 ], [ 175.891505442713282, -41.251532782006194 ], [ 175.891632676647561, -41.25162966444887 ], [ 175.892091960258654, -41.251443847438686 ], [ 175.892260984063029, -41.25135237717469 ], [ 175.89305059607949, -41.250952810186078 ], [ 175.893133760568418, -41.25091110543422 ], [ 175.893144601806625, -41.250905718038936 ], [ 175.893228225597852, -41.250864539786122 ], [ 175.894034257042335, -41.250471244042309 ], [ 175.894728964581873, -41.250131346818812 ], [ 175.895415711659894, -41.249794410003076 ], [ 175.895806156708375, -41.249610824581055 ], [ 175.89585750491284, -41.249587705404132 ], [ 175.896257032289327, -41.249415611148926 ], [ 175.897051312991124, -41.249088625243928 ], [ 175.897487461902642, -41.248904496811953 ], [ 175.89805108576715, -41.24863734868422 ], [ 175.898815554095592, -41.248269264165998 ], [ 175.898913918987205, -41.248222409167631 ], [ 175.898926745440349, -41.248216365188398 ], [ 175.89902571059767, -41.24817023589025 ], [ 175.899542936669832, -41.247931765964452 ], [ 175.899693987594702, -41.247850190995109 ], [ 175.900511509620429, -41.247464258667492 ], [ 175.901248231736474, -41.247112304694305 ], [ 175.90198589963606, -41.246751016182138 ], [ 175.902056553271564, -41.246716677814277 ], [ 175.9020657589503, -41.246712238285831 ], [ 175.90213673114161, -41.246678276215775 ], [ 175.902903439951984, -41.246314230836269 ], [ 175.90369019210064, -41.24593400486701 ], [ 175.903738426099835, -41.24591081655506 ], [ 175.903744706050503, -41.245907813430243 ], [ 175.903793086676814, -41.245884799821852 ], [ 175.904622914300916, -41.245492156838871 ], [ 175.904678399152829, -41.245466062641768 ], [ 175.904685624438144, -41.245462685331027 ], [ 175.904741297822426, -41.245436820901368 ], [ 175.906124999362447, -41.244797911109409 ], [ 175.9067227783828, -41.244539477806043 ], [ 175.906801708851503, -41.244507601522649 ], [ 175.907418244924827, -41.244275630364143 ], [ 175.909331994717718, -41.243606889199725 ], [ 175.909426076094263, -41.243574385300867 ], [ 175.909438330706791, -41.243570199888545 ], [ 175.909532781831246, -41.2435383128282 ], [ 175.910251879612531, -41.24329835748329 ], [ 175.910915358777913, -41.2430768398496 ], [ 175.9120732515469, -41.24266485337607 ], [ 175.912228440492669, -41.242610657080455 ], [ 175.912248680878946, -41.242603721007058 ], [ 175.912404882495309, -41.242551208479952 ], [ 175.91341055216995, -41.242219607989419 ], [ 175.914187467274218, -41.241960111671084 ], [ 175.9150250866318, -41.241680077264725 ], [ 175.915847994656048, -41.241399311064256 ], [ 175.915877483753889, -41.241389285893433 ], [ 175.915881319667591, -41.241387986544815 ], [ 175.915910844626893, -41.241378021736615 ], [ 175.91678432877444, -41.241084283506304 ], [ 175.916796979074121, -41.241080035989206 ], [ 175.916798624043111, -41.24107948453009 ], [ 175.916811280958797, -41.241075248060866 ], [ 175.917695149613735, -41.24077986149652 ], [ 175.917730403592685, -41.240768130856026 ], [ 175.917734989858644, -41.240766611460536 ], [ 175.91777029381754, -41.240754966785673 ], [ 175.918672788256629, -41.240458591281389 ], [ 175.918703194064506, -41.240448643845241 ], [ 175.918707149188663, -41.240447354823914 ], [ 175.918737591444568, -41.240437471162515 ], [ 175.919312420902145, -41.240251553222862 ], [ 175.919783229919489, -41.240078648846179 ], [ 175.920009420439186, -41.239997782729603 ], [ 175.92003896798289, -41.239987504011381 ], [ 175.920267355069029, -41.239910235996959 ], [ 175.921391272439791, -41.239540617446266 ], [ 175.92218922538666, -41.239274005454085 ], [ 175.922691121865284, -41.239116526518373 ], [ 175.922756951939277, -41.239097186107116 ], [ 175.923267825953445, -41.238957120214152 ], [ 175.924181022464978, -41.238724372088029 ], [ 175.924288761052026, -41.238697342278776 ], [ 175.92430278889077, -41.238693878771301 ], [ 175.924410863208948, -41.238667623849913 ], [ 175.925274553897083, -41.238461217267655 ], [ 175.92605838069133, -41.238269819722753 ], [ 175.926957895654397, -41.238047977057626 ], [ 175.928165292719513, -41.237746893458237 ], [ 175.929239302079623, -41.237478680539972 ], [ 175.929261768409447, -41.237473088525327 ], [ 175.929264689979732, -41.237472363750243 ], [ 175.929287170885061, -41.237466805378773 ], [ 175.930187399510714, -41.237244966384687 ], [ 175.931094063353555, -41.237020174974475 ], [ 175.931094862738945, -41.237019976800276 ], [ 175.931867235335602, -41.236828554279107 ], [ 175.932755651426476, -41.236604775616236 ], [ 175.932803987060851, -41.236592686815037 ], [ 175.932810275105936, -41.236591125397339 ], [ 175.932858678626644, -41.236579192387737 ], [ 175.933758211926431, -41.236359026553139 ], [ 175.934673590517377, -41.236134363372415 ], [ 175.934934415952284, -41.236072830693111 ], [ 175.934968440116648, -41.236065125526217 ], [ 175.935231063382076, -41.236008117172375 ], [ 175.935751413860032, -41.23590001542749 ], [ 175.93575580488195, -41.235912059280835 ], [ 175.937715609002083, -41.235472849749193 ], [ 175.937956163807371, -41.235448826992297 ], [ 175.938444311894216, -41.235429281302054 ], [ 175.938746317885631, -41.235395274799437 ], [ 175.939021041345711, -41.235368366994031 ], [ 175.939427735510492, -41.23529797778825 ], [ 175.940323921828423, -41.235136388392604 ], [ 175.940373411887492, -41.235127548838115 ], [ 175.940379848810039, -41.235126410049752 ], [ 175.940429388328795, -41.23511772978329 ], [ 175.941197487579359, -41.234984442766368 ], [ 175.942113743734581, -41.234820968474246 ], [ 175.942188441262289, -41.234807832131608 ], [ 175.942198159109267, -41.234806147981196 ], [ 175.942272966920115, -41.234793374317505 ], [ 175.942348697647134, -41.234780636009262 ], [ 175.943175938339323, -41.234576392804499 ], [ 175.943205752470476, -41.234569984620421 ], [ 175.943268630375485, -41.234512400226585 ], [ 175.943361512344097, -41.234439788609073 ], [ 175.944107933895253, -41.233904525496868 ], [ 175.945055792096895, -41.233281258291818 ], [ 175.945075581557489, -41.233268274297345 ], [ 175.94507815663971, -41.233266588514176 ], [ 175.94509798382856, -41.233253637383008 ], [ 175.945756259683009, -41.232824600221633 ], [ 175.945762191216886, -41.232820736779523 ], [ 175.946362829714815, -41.232430173737072 ], [ 175.947061109633637, -41.231969662509869 ], [ 175.947116559701584, -41.231933319596322 ], [ 175.947123787396976, -41.231928611806417 ], [ 175.947179532642792, -41.23189252718273 ], [ 175.948281601453914, -41.231183560912932 ], [ 175.948845805246748, -41.230820070305441 ], [ 175.949705589201812, -41.230252494092035 ], [ 175.949845169317825, -41.230174042550985 ], [ 175.949943582064549, -41.230029829744922 ], [ 175.94995773203911, -41.230012571660552 ], [ 175.950068101942776, -41.229880529337834 ], [ 175.950675207956948, -41.229167959893587 ], [ 175.95083412209695, -41.228986300248749 ], [ 175.950855155860836, -41.228962876394938 ], [ 175.951019838079816, -41.22878416904927 ], [ 175.951637483594936, -41.22813089557976 ], [ 175.951655825174782, -41.228111549822096 ], [ 175.951658213974213, -41.228109037255635 ], [ 175.951676623155009, -41.228089728144781 ], [ 175.952324710134775, -41.227411840281974 ], [ 175.952599853766486, -41.227135381726811 ], [ 175.952636522737066, -41.227099973589091 ], [ 175.952925517091984, -41.226831691527842 ], [ 175.953924231832218, -41.225940059475654 ], [ 175.955241446771225, -41.224935763944622 ], [ 175.955425153565841, -41.224816120128047 ], [ 175.958597925644, -41.223331862593604 ], [ 175.958821601992355, -41.223260927903503 ], [ 175.962446482333917, -41.222589437881652 ], [ 175.962688240395039, -41.222574153300918 ], [ 175.966410537331342, -41.222781136060014 ], [ 175.966646722091497, -41.222822997242183 ], [ 175.970102222415079, -41.2238882020226 ], [ 175.970309723407581, -41.223983113080507 ], [ 175.973160286406085, -41.225802311504232 ], [ 175.973318796510796, -41.225940985265943 ], [ 175.975285412400325, -41.22833615818157 ], [ 175.975379413918375, -41.22850502399212 ], [ 175.976269506387524, -41.231241765597993 ], [ 175.976289790640294, -41.231424296297234 ], [ 175.976016094353156, -41.234234740162123 ], [ 175.975960665822413, -41.234413068884194 ], [ 175.975825577436979, -41.234662893458996 ], [ 175.975877169905999, -41.234797581577787 ], [ 175.975884000962367, -41.234831853386517 ], [ 175.975960322221113, -41.235296572064598 ], [ 175.975979449077869, -41.235444420907356 ], [ 175.975903127717714, -41.237659982600235 ], [ 175.975896132502839, -41.237695076414674 ], [ 175.975739222299893, -41.238327705976893 ], [ 175.975696348765752, -41.238471874166969 ], [ 175.975518777158953, -41.238861252492072 ], [ 175.975682759606627, -41.2392888675083 ], [ 175.975728005954409, -41.239447284862322 ], [ 175.975977797722607, -41.240848021336085 ], [ 175.975979359834213, -41.240869335658473 ], [ 175.975935777458091, -41.242282321776557 ], [ 175.97591395460978, -41.242443539505658 ], [ 175.975578051022666, -41.243833982206269 ], [ 175.975570810187349, -41.243854617651508 ], [ 175.974950839275152, -41.2451882769492 ], [ 175.974864074699525, -41.245336513164538 ], [ 175.97397528428462, -41.24658054467676 ], [ 175.973959948273631, -41.246598481074798 ], [ 175.973203079614279, -41.247386662818336 ], [ 175.973193099260783, -41.247395954507198 ], [ 175.972783129658438, -41.247757659974724 ], [ 175.972649890924941, -41.247869110060996 ], [ 175.97132627916065, -41.24881880986311 ], [ 175.971304348701665, -41.248832291069029 ], [ 175.971116014383796, -41.248945697227079 ], [ 175.971103416607576, -41.248953127177572 ], [ 175.969637860244006, -41.249692737658606 ], [ 175.969464802887671, -41.249766732661385 ], [ 175.968158662790046, -41.250248393710677 ], [ 175.968117960019498, -41.250261148548468 ], [ 175.967479503425608, -41.250445224244693 ], [ 175.967455857805135, -41.250451462062848 ], [ 175.965945330664397, -41.250767632300892 ], [ 175.965746239231038, -41.250798844139432 ], [ 175.96388838264258, -41.250976826815403 ], [ 175.963848650818619, -41.250978258587772 ], [ 175.961976774851962, -41.250934680287827 ], [ 175.961774648380697, -41.250917926727389 ], [ 175.960206135082245, -41.250692796533819 ], [ 175.958057318061776, -41.251990562269526 ], [ 175.957846422813333, -41.252081226823194 ], [ 175.954352639920103, -41.253075792132982 ], [ 175.954114936648807, -41.253112828814636 ], [ 175.950384866920359, -41.25324381644846 ], [ 175.950143632998731, -41.253223598469383 ], [ 175.949769776160593, -41.253146216911418 ], [ 175.949670548176215, -41.253171115797052 ], [ 175.949666767714177, -41.253176740850499 ], [ 175.949524466177678, -41.253325127932044 ], [ 175.946888862750029, -41.255321412731128 ], [ 175.946692754187751, -41.255429346900897 ], [ 175.943368554333404, -41.256713207807756 ], [ 175.943137838449701, -41.256770120171652 ], [ 175.939450529723104, -41.257215838565578 ], [ 175.939207798827084, -41.257216156019879 ], [ 175.935518467238097, -41.256780085741752 ], [ 175.935287491605692, -41.256723777319912 ], [ 175.93441863979524, -41.25639108978816 ], [ 175.933936107244392, -41.256510094468744 ], [ 175.933919571502031, -41.256514162495343 ], [ 175.933917421343068, -41.256514690157132 ], [ 175.933900877716951, -41.256518740004275 ], [ 175.933061496005195, -41.256723705252398 ], [ 175.93302604712477, -41.256732315130456 ], [ 175.933021436469033, -41.25673342898547 ], [ 175.93298595218414, -41.256741955338626 ], [ 175.932199539775496, -41.256929896166461 ], [ 175.931949709485394, -41.25699357234565 ], [ 175.931647599565565, -41.257094516070858 ], [ 175.931615810299093, -41.257105095993488 ], [ 175.931611675052409, -41.257106466840085 ], [ 175.931579845138941, -41.257116976865241 ], [ 175.930666214704672, -41.257417451512616 ], [ 175.930160755277427, -41.25760308857032 ], [ 175.929901741535957, -41.257695329851074 ], [ 175.929867883903654, -41.257707014613082 ], [ 175.929606011010776, -41.257794538894871 ], [ 175.928783082994244, -41.258060710406454 ], [ 175.927950392412299, -41.258334172459683 ], [ 175.927117343330508, -41.258612585649253 ], [ 175.926288610843642, -41.258891285437862 ], [ 175.925453090539122, -41.25917636580693 ], [ 175.925411902513076, -41.259190348217444 ], [ 175.925406543530244, -41.259192158279042 ], [ 175.925365285666572, -41.259206022969778 ], [ 175.924481553275825, -41.259501485356708 ], [ 175.92447948133389, -41.259502177892365 ], [ 175.923671076547066, -41.259772202229463 ], [ 175.923645211089251, -41.25978081407596 ], [ 175.923641846827877, -41.259781930608824 ], [ 175.923615954418551, -41.259790496190895 ], [ 175.922873809082887, -41.260035214846681 ], [ 175.922835790217164, -41.260050671542444 ], [ 175.921568984516597, -41.260496151970735 ], [ 175.921487812294828, -41.260524417318862 ], [ 175.92147085574365, -41.260530263807389 ], [ 175.921340062596244, -41.260574645442546 ], [ 175.920535635212502, -41.260843232626812 ], [ 175.920534439726026, -41.260843631719062 ], [ 175.919913809084591, -41.261050737826622 ], [ 175.918766429088549, -41.261451699701539 ], [ 175.91806864009385, -41.261773919730039 ], [ 175.917349295045796, -41.262114315668292 ], [ 175.916570969021961, -41.262490502469426 ], [ 175.916530773089761, -41.262509844718871 ], [ 175.916525540982235, -41.262512351326784 ], [ 175.91648524295249, -41.26253157227579 ], [ 175.915751210424844, -41.262880133203097 ], [ 175.915028286444567, -41.263234232296696 ], [ 175.914971624896054, -41.263261814295262 ], [ 175.914964245528353, -41.263265384226088 ], [ 175.914907378343088, -41.263292724239996 ], [ 175.914135980286119, -41.263661276660279 ], [ 175.913307422147795, -41.264064295116953 ], [ 175.913213793283433, -41.264109372533348 ], [ 175.9132015856556, -41.264115189739407 ], [ 175.913079773634252, -41.264172465703439 ], [ 175.913076178566911, -41.264174133542333 ], [ 175.913048501066839, -41.264186934699175 ], [ 175.912386157914597, -41.26449233826289 ], [ 175.911688026156497, -41.264828511366822 ], [ 175.91165230290008, -41.264845645885927 ], [ 175.911647653654882, -41.264847867153094 ], [ 175.911611850061604, -41.264864905974967 ], [ 175.910806528509653, -41.26524664646179 ], [ 175.910784574470142, -41.265220278864227 ], [ 175.910050947573041, -41.265593973070409 ], [ 175.909281048635279, -41.265907798453881 ], [ 175.908863146255584, -41.266079850969632 ], [ 175.908580640755048, -41.266218467674577 ], [ 175.908573526949738, -41.266221955504577 ], [ 175.907859169222093, -41.26657150109363 ], [ 175.907852227208821, -41.266574895316865 ], [ 175.907122701466989, -41.266930895849924 ], [ 175.907086086917161, -41.266949425883411 ], [ 175.907010467172086, -41.266999123262373 ], [ 175.906414756780606, -41.267410520985251 ], [ 175.906336466997232, -41.267464108612117 ], [ 175.906326248636731, -41.267471040864713 ], [ 175.906247332874358, -41.267524103277204 ], [ 175.905578979309382, -41.26796950386607 ], [ 175.904916571689796, -41.268420189820787 ], [ 175.904291013939627, -41.268845799649007 ], [ 175.904246956164258, -41.268875625739405 ], [ 175.904241215945206, -41.268879492392109 ], [ 175.904196962658006, -41.268909153266549 ], [ 175.9035484197708, -41.269341669915619 ], [ 175.902750886052615, -41.269877135085125 ], [ 175.901556854313128, -41.270680768884255 ], [ 175.900802678096113, -41.271148018927732 ], [ 175.900701510279788, -41.271205638808055 ], [ 175.899899258830004, -41.271624848122833 ], [ 175.898521934590093, -41.272283367826752 ], [ 175.898130368521009, -41.272462726340464 ], [ 175.898078890686776, -41.272485297607311 ], [ 175.897678490125287, -41.272653189321233 ], [ 175.896728833138184, -41.273033575631494 ], [ 175.89664348525028, -41.273062384201914 ], [ 175.89649216522713, -41.273146791736906 ], [ 175.896475750420251, -41.273154504801113 ], [ 175.894836813048045, -41.273797565274826 ], [ 175.89463098910548, -41.273863605666811 ], [ 175.893475676210073, -41.274161878654724 ], [ 175.893131956094095, -41.274500271833674 ], [ 175.893131115066581, -41.274501099721824 ], [ 175.892417227372732, -41.275203609398943 ], [ 175.891699826022773, -41.275915523824018 ], [ 175.89167248334013, -41.275942550946425 ], [ 175.891668920011995, -41.27594605939813 ], [ 175.891641442261772, -41.275973008455807 ], [ 175.890896768626988, -41.276700497531415 ], [ 175.890507092311282, -41.277061487969931 ], [ 175.890454860759945, -41.277107397959213 ], [ 175.890040974714537, -41.277452714958564 ], [ 175.889323520174088, -41.27802105358456 ], [ 175.889102296841514, -41.278191708640499 ], [ 175.889073153125736, -41.278213602420699 ], [ 175.888846011601061, -41.278379774740372 ], [ 175.887980631671127, -41.278996284081394 ], [ 175.887926680257948, -41.279034481368711 ], [ 175.887919646240448, -41.279039430572695 ], [ 175.88786538199966, -41.279077374884736 ], [ 175.887110182446833, -41.279602168925351 ], [ 175.886253259540297, -41.280215140369862 ], [ 175.886217482391004, -41.280240626560335 ], [ 175.886212822328645, -41.280243932520172 ], [ 175.886176906211261, -41.280269307250236 ], [ 175.885299374154073, -41.280886718094074 ], [ 175.884465848510814, -41.281473387862 ], [ 175.883639745314554, -41.282063461043883 ], [ 175.883605865486231, -41.282087566184302 ], [ 175.883601453020987, -41.282090693360963 ], [ 175.88356744876836, -41.282114698630586 ], [ 175.883083667635418, -41.282454887820741 ], [ 175.883081423882942, -41.282459244851779 ], [ 175.883054290698027, -41.282511451305737 ], [ 175.882629479648614, -41.283321381802267 ], [ 175.882227403998201, -41.284100256185546 ], [ 175.882383109222474, -41.284795974663247 ], [ 175.88238557659912, -41.284979132245006 ], [ 175.881838655722419, -41.287766726154693 ], [ 175.881765962230503, -41.287941493971765 ], [ 175.880103656412103, -41.290465154295667 ], [ 175.87996290960416, -41.290614422600221 ], [ 175.878895103785823, -41.291436266624117 ], [ 175.878851095589823, -41.291749056959297 ], [ 175.878805946469811, -41.292149493451923 ], [ 175.878720293794629, -41.292143999936506 ], [ 175.878653270311929, -41.293188516631304 ], [ 175.878689619081086, -41.293192900368631 ], [ 175.878615571172134, -41.293542145511786 ], [ 175.878534938130485, -41.294147311985931 ], [ 175.878401116993246, -41.295209518077812 ], [ 175.878394196414007, -41.295262768991556 ], [ 175.878393269481194, -41.295269689533775 ], [ 175.878385929555577, -41.295322908500438 ], [ 175.878265559158507, -41.296171161802924 ], [ 175.877920545413531, -41.297560334295049 ], [ 175.877889935269678, -41.297645837298298 ], [ 175.877859396466448, -41.297731354811525 ], [ 175.877231561106981, -41.299063015659968 ], [ 175.87687986117129, -41.299656679591891 ], [ 175.876685314343547, -41.299968872748586 ], [ 175.876659002008211, -41.300009077787465 ], [ 175.876448743617999, -41.30031542366018 ], [ 175.875913211458737, -41.301060376632094 ], [ 175.875893801061522, -41.301087267937767 ], [ 175.875891269836444, -41.301090760563341 ], [ 175.875871738309257, -41.301117601958744 ], [ 175.87546996266903, -41.301667522108254 ], [ 175.875406946302462, -41.301766155009474 ], [ 175.875277193044639, -41.302278591265967 ], [ 175.87516720188745, -41.302666419060955 ], [ 175.875151438218495, -41.302716574883114 ], [ 175.874984871936931, -41.30318901442746 ], [ 175.87498036865307, -41.303200520143022 ], [ 175.8749451266834, -41.30328889181812 ], [ 175.87474009823643, -41.303793619505555 ], [ 175.874703311612279, -41.303882533597019 ], [ 175.874698450215277, -41.303894073472712 ], [ 175.874660446114916, -41.303982695930131 ], [ 175.874555166664891, -41.304223929874617 ], [ 175.874548378549349, -41.304923592472853 ], [ 175.87454733721745, -41.304993661689949 ], [ 175.874547154855065, -41.305002770153202 ], [ 175.874545390611132, -41.305072831140123 ], [ 175.874519504645747, -41.305925937200271 ], [ 175.874338913252444, -41.307293506573771 ], [ 175.874297636409437, -41.307468908994913 ], [ 175.873843193660264, -41.30879983753865 ], [ 175.873486587922542, -41.309589064072682 ], [ 175.873477737299595, -41.309608578458992 ], [ 175.873476582867909, -41.309611114331986 ], [ 175.873467673003546, -41.309630613376399 ], [ 175.873160706544411, -41.310299905979178 ], [ 175.873110740056177, -41.310507129568521 ], [ 175.872903477623453, -41.311369557771023 ], [ 175.87246956543396, -41.31263953806296 ], [ 175.872397555144772, -41.312800672052447 ], [ 175.871723612492474, -41.31400967494276 ], [ 175.871304000137542, -41.314631339160506 ], [ 175.870636233569911, -41.315497724062958 ], [ 175.870541394021018, -41.315606370068423 ], [ 175.869750089690228, -41.316411461336543 ], [ 175.869053172421957, -41.317043693488415 ], [ 175.868792914614829, -41.317271922859319 ], [ 175.868758432955246, -41.317301158208714 ], [ 175.868488203685644, -41.317522703419577 ], [ 175.867665241338983, -41.318175164418427 ], [ 175.867291118786625, -41.318458876666405 ], [ 175.867241420375052, -41.318494926839335 ], [ 175.86579268385367, -41.319391904055308 ], [ 175.865649475292543, -41.31946720463106 ], [ 175.864032412545612, -41.320182256057912 ], [ 175.863970367288715, -41.320204961773307 ], [ 175.863890766073098, -41.32023246245425 ], [ 175.863837275587315, -41.320289601145767 ], [ 175.863818342871838, -41.32030938435269 ], [ 175.863670603167094, -41.320460418888757 ], [ 175.863039641245194, -41.321091569779689 ], [ 175.862418022073797, -41.321723901302903 ], [ 175.862403373595555, -41.321738770044313 ], [ 175.862401466658923, -41.321740701502165 ], [ 175.862386777650613, -41.321755547497034 ], [ 175.86182837305131, -41.322318704363305 ], [ 175.861269925218124, -41.322890030673157 ], [ 175.861260909875625, -41.32289924155225 ], [ 175.861259736872142, -41.322900438404446 ], [ 175.861250706007155, -41.322909640636105 ], [ 175.860425155795497, -41.323749724981141 ], [ 175.85992926664315, -41.324261498411985 ], [ 175.859138892390035, -41.325120578773031 ], [ 175.858333188689272, -41.326000523713354 ], [ 175.857770600046308, -41.326628802850877 ], [ 175.857715157823549, -41.326690170951153 ], [ 175.857707906827443, -41.326698126272568 ], [ 175.857651795263592, -41.326759147732488 ], [ 175.857244008807356, -41.327198731206416 ], [ 175.857016265066818, -41.327435924879026 ], [ 175.856986001253915, -41.327466389156356 ], [ 175.856536315460147, -41.327851859826715 ], [ 175.856225409196043, -41.328387879068849 ], [ 175.856199322452852, -41.328432523793587 ], [ 175.856195910346884, -41.328438320641965 ], [ 175.856169503151648, -41.328482858199834 ], [ 175.855776231603897, -41.329141336943096 ], [ 175.855418389808733, -41.329761897129771 ], [ 175.855394375953296, -41.329803257022704 ], [ 175.855391236291752, -41.329808627876524 ], [ 175.855366947661366, -41.329849896504058 ], [ 175.854961387849386, -41.330534338507441 ], [ 175.854549601050905, -41.331236047685891 ], [ 175.85444989003625, -41.331401429977888 ], [ 175.854436641250601, -41.331422828954601 ], [ 175.854332524784667, -41.331586661684732 ], [ 175.854052893344971, -41.332015517099094 ], [ 175.853999498934002, -41.331995737036678 ], [ 175.852657417685521, -41.333721892298023 ], [ 175.852690593611186, -41.333740389187874 ], [ 175.852149109126657, -41.334292130809686 ], [ 175.85213509040446, -41.334306582167997 ], [ 175.852119398059926, -41.334322608076235 ], [ 175.850890957683703, -41.335390397442701 ], [ 175.850717835185065, -41.335518939729226 ], [ 175.847676671002091, -41.337158088837761 ], [ 175.847459310215868, -41.337240011806877 ], [ 175.843894822457116, -41.338090520415591 ], [ 175.843654506384439, -41.338117801936157 ], [ 175.839915739484212, -41.338096384927596 ], [ 175.839676001664088, -41.338066353508786 ], [ 175.836129086203385, -41.33717511021208 ], [ 175.835913403367954, -41.337090706884311 ], [ 175.832905657792821, -41.335416914477484 ], [ 175.832735148160964, -41.335286404389329 ], [ 175.830561034338103, -41.33299396080659 ], [ 175.830452388247011, -41.332830122965255 ], [ 175.829324671166006, -41.330143482223846 ], [ 175.829288517434236, -41.329962357155985 ], [ 175.829317458347248, -41.327144537728465 ], [ 175.829357326229513, -41.326963856199995 ], [ 175.830539938265986, -41.324290682965895 ], [ 175.830651915700685, -41.324128129996787 ], [ 175.831520851030319, -41.323056678488641 ], [ 175.831520971861266, -41.323056550491302 ], [ 175.83169760228941, -41.322755739875298 ], [ 175.831706326638994, -41.322740917846538 ], [ 175.831707463103584, -41.322738991754946 ], [ 175.83171622282461, -41.322724181605203 ], [ 175.83210529549379, -41.322067953767139 ], [ 175.832470845985654, -41.321434412033014 ], [ 175.832502037411103, -41.321380829552318 ], [ 175.832506122264846, -41.32137387383262 ], [ 175.832537774742264, -41.32132044524063 ], [ 175.832865896171285, -41.320771375891809 ], [ 175.832903177753678, -41.320459838328922 ], [ 175.832938466553429, -41.320303461925754 ], [ 175.833396909198001, -41.31893306062603 ], [ 175.833407433509223, -41.318909558620057 ], [ 175.834144565278166, -41.317610091050867 ], [ 175.834242218482416, -41.317469588000058 ], [ 175.835239872388939, -41.316273045238361 ], [ 175.835259513481674, -41.316253144991116 ], [ 175.836493118977359, -41.31518898393194 ], [ 175.836643572751086, -41.315078104901062 ], [ 175.838082748332624, -41.314172519950482 ], [ 175.83810958322934, -41.31415816894242 ], [ 175.838359133886826, -41.314045792490575 ], [ 175.839109843239839, -41.313230098191227 ], [ 175.839193982579786, -41.313139858612381 ], [ 175.839205015543286, -41.313128178402394 ], [ 175.839290614102453, -41.313038722441661 ], [ 175.83990378089274, -41.312406115509766 ], [ 175.839927560550535, -41.312381668090566 ], [ 175.839930658989857, -41.312378493857999 ], [ 175.839954547629247, -41.312354106929973 ], [ 175.84079608153553, -41.311498023344136 ], [ 175.841370928662144, -41.310910102653118 ], [ 175.841395319914199, -41.310885245820998 ], [ 175.841398498122714, -41.310882018545932 ], [ 175.841423002385966, -41.310857224992375 ], [ 175.84199196962058, -41.310283591576599 ], [ 175.842628632803439, -41.309636156665903 ], [ 175.842657387648529, -41.309607037770746 ], [ 175.842661135879951, -41.309603258009247 ], [ 175.842690046133583, -41.309574226727591 ], [ 175.843192355872986, -41.309071920369618 ], [ 175.843578168414155, -41.308650679359651 ], [ 175.844148508449223, -41.308011716327201 ], [ 175.844724076005662, -41.307420375505892 ], [ 175.844802922960412, -41.307345923933909 ], [ 175.845440385283808, -41.30679185560922 ], [ 175.846254568546129, -41.30613981792493 ], [ 175.847058761861234, -41.305553391405837 ], [ 175.847167806062799, -41.305481010413992 ], [ 175.848041216055719, -41.304953882683535 ], [ 175.848911025663568, -41.304477536664514 ], [ 175.84891528174947, -41.304475461612491 ], [ 175.849026114232146, -41.304226424174971 ], [ 175.849044177949622, -41.304186150703835 ], [ 175.849046542604754, -41.304180919360753 ], [ 175.849064858197067, -41.304140710630698 ], [ 175.849115390294429, -41.304030622197324 ], [ 175.849115484362159, -41.304022529113951 ], [ 175.849115519967626, -41.304019822719681 ], [ 175.849115825764159, -41.303999004540849 ], [ 175.849127427369467, -41.303283805978822 ], [ 175.84912745184036, -41.30328230746413 ], [ 175.849139423501583, -41.302561614553596 ], [ 175.849183999706469, -41.302164948072729 ], [ 175.849182613463569, -41.302160789066164 ], [ 175.848869774718821, -41.300767296798782 ], [ 175.848858348202072, -41.300670912915599 ], [ 175.848838436130222, -41.299257671563069 ], [ 175.848846261632929, -41.299170910212979 ], [ 175.849119746466926, -41.297772718370751 ], [ 175.849148373137353, -41.297678388947922 ], [ 175.849708501582398, -41.296329672319885 ], [ 175.849751492814306, -41.296248980610841 ], [ 175.850584456531237, -41.294982944620983 ], [ 175.850650329442459, -41.294899902351105 ], [ 175.851192098634755, -41.294276932958105 ], [ 175.851206878065284, -41.294261381093655 ], [ 175.851272527150201, -41.294192980260604 ], [ 175.851281116600802, -41.294184118516434 ], [ 175.85134761290945, -41.294116184822911 ], [ 175.85137096211281, -41.294092563399687 ], [ 175.852156766405386, -41.293377676784026 ], [ 175.852264992018775, -41.293288954420724 ], [ 175.852855338235486, -41.29287540707238 ], [ 175.852869977888219, -41.292854018146279 ], [ 175.853023463550301, -41.292637087503579 ], [ 175.853205136549377, -41.292388544597415 ], [ 175.853215818924724, -41.29230401080072 ], [ 175.853218935405181, -41.292279697930354 ], [ 175.853219346229253, -41.292276537677374 ], [ 175.853222550119256, -41.292252231271029 ], [ 175.853342254064131, -41.291356420853766 ], [ 175.853348533370621, -41.291310603214974 ], [ 175.85334936986817, -41.291304648535032 ], [ 175.853355959754765, -41.291258855713259 ], [ 175.853446816024871, -41.290642195986628 ], [ 175.853556819350985, -41.290651415683456 ], [ 175.853565715846969, -41.290561200054448 ], [ 175.85345780463922, -41.290554239093296 ], [ 175.853518477183798, -41.290019182188857 ], [ 175.85352953324437, -41.289927233460837 ], [ 175.853531080382083, -41.289915060472296 ], [ 175.853543629752352, -41.289821468972747 ], [ 175.853641230078637, -41.289129675813086 ], [ 175.853761656778033, -41.288267942192618 ], [ 175.853880540804994, -41.287380127267149 ], [ 175.853997653043365, -41.286496006549122 ], [ 175.854003138728814, -41.286455517544681 ], [ 175.854003867630468, -41.286450255216238 ], [ 175.854344180586594, -41.285060435525537 ], [ 175.85440509360015, -41.284888531571909 ], [ 175.855029430180508, -41.283555975006365 ], [ 175.855032279097685, -41.283551140100379 ], [ 175.855054305230112, -41.283513985865049 ], [ 175.85534498652342, -41.283026610813728 ], [ 175.855622591699586, -41.282536910642776 ], [ 175.855627669941867, -41.282527965830738 ], [ 175.855628330945308, -41.282526803275374 ], [ 175.85563342198634, -41.282517862620075 ], [ 175.856469625262889, -41.281051508073354 ], [ 175.856499026985375, -41.28100038456288 ], [ 175.856502876425168, -41.280993747489248 ], [ 175.85653269685298, -41.280942762174554 ], [ 175.856865063336585, -41.280379221467832 ], [ 175.856995612975197, -41.280118215033639 ], [ 175.85701646497651, -41.280076833841228 ], [ 175.857019193244184, -41.280071459343873 ], [ 175.857040314591359, -41.280030155961434 ], [ 175.857300906520521, -41.279524262581027 ], [ 175.857305018506025, -41.279516290881723 ], [ 175.857735339309272, -41.278685012528278 ], [ 175.85774083481715, -41.278674416221598 ], [ 175.857741550386464, -41.278673039042189 ], [ 175.857747063636992, -41.278662447973467 ], [ 175.858072271219839, -41.278038868764369 ], [ 175.858475798169621, -41.277242222217744 ], [ 175.858489945784015, -41.277214429331295 ], [ 175.858491792883655, -41.27721081855875 ], [ 175.858506062186677, -41.277183061098512 ], [ 175.85894489842002, -41.27633356670438 ], [ 175.858956684827319, -41.276310841412617 ], [ 175.858958222361991, -41.27630788869579 ], [ 175.85897009033431, -41.276285187574864 ], [ 175.859378683605684, -41.275506709140011 ], [ 175.859628827702124, -41.275012206575468 ], [ 175.859664446408942, -41.274942657885695 ], [ 175.859669126360416, -41.274933631168317 ], [ 175.859705506906465, -41.274864307282755 ], [ 175.860047259255765, -41.274220877214582 ], [ 175.860385236376857, -41.273550758997288 ], [ 175.860710083199479, -41.272968888929725 ], [ 175.860755773074914, -41.272894454661341 ], [ 175.861673929296501, -41.271662515262939 ], [ 175.861749010208456, -41.27157805301912 ], [ 175.86291126428668, -41.270469630658425 ], [ 175.862985201310039, -41.270409489808706 ], [ 175.863575448135578, -41.269961915265746 ], [ 175.86443759447107, -41.269352443679438 ], [ 175.865268307965266, -41.268756820735803 ], [ 175.86531087853777, -41.26872644676434 ], [ 175.865316425519126, -41.268722508417476 ], [ 175.865359193121122, -41.268692292436953 ], [ 175.86619295471715, -41.268106108799259 ], [ 175.86701701916391, -41.267517597708697 ], [ 175.867048999254564, -41.267494842660227 ], [ 175.86705316386994, -41.267491890288127 ], [ 175.867085254784911, -41.267469224227526 ], [ 175.867953928375186, -41.266857924267569 ], [ 175.867954926867014, -41.266857221681363 ], [ 175.868795929654823, -41.266265616802777 ], [ 175.869681481224234, -41.265632280585237 ], [ 175.869744304711332, -41.265587673286859 ], [ 175.869752499422646, -41.265581896677382 ], [ 175.869815748417324, -41.265537633060553 ], [ 175.870580549226418, -41.265006260120352 ], [ 175.87114356186018, -41.26460523526125 ], [ 175.871174867314778, -41.264580441732285 ], [ 175.87148814641526, -41.264274479102504 ], [ 175.871562035675169, -41.264201177697998 ], [ 175.871428587156061, -41.263642554785569 ], [ 175.870834736622101, -41.263233389127599 ], [ 175.87069773238926, -41.263137496801043 ], [ 175.870680052276413, -41.263124926359268 ], [ 175.870545054773203, -41.26302742727637 ], [ 175.869978891928895, -41.262612067128572 ], [ 175.869507671527856, -41.262246201288363 ], [ 175.869448246906842, -41.262197368144193 ], [ 175.869005242337209, -41.261811954960876 ], [ 175.867506076109521, -41.260430453608933 ], [ 175.867467743873163, -41.260410344670049 ], [ 175.866993856007525, -41.260164261497238 ], [ 175.866086833841194, -41.259739180853344 ], [ 175.864656155366276, -41.259068688736093 ], [ 175.864050062277499, -41.258764932663048 ], [ 175.863972938022528, -41.258723669495453 ], [ 175.862534775644036, -41.257818267802129 ], [ 175.862428276891308, -41.257739738133893 ], [ 175.861195558948992, -41.256675698101958 ], [ 175.861139111374001, -41.256618468925026 ], [ 175.860722691217518, -41.25616825200099 ], [ 175.860509962913966, -41.255922629753719 ], [ 175.860465035324978, -41.255886490067148 ], [ 175.85998243774884, -41.255473698498548 ], [ 175.85992193115905, -41.255418639449189 ], [ 175.859473658042873, -41.254984368865095 ], [ 175.858498476443913, -41.253977608836337 ], [ 175.85837182597993, -41.253859956165464 ], [ 175.857618420355635, -41.253077731141893 ], [ 175.857527984416151, -41.252972372419158 ], [ 175.856890066978025, -41.252133694739612 ], [ 175.855767939169255, -41.250455669507552 ], [ 175.855763319007025, -41.250448753044459 ], [ 175.855021716639556, -41.249335507555472 ], [ 175.854669398823319, -41.2488428713351 ], [ 175.854371905612595, -41.248563230555881 ], [ 175.853612752257959, -41.247904899814856 ], [ 175.853367874463629, -41.247704204834221 ], [ 175.853337387790617, -41.247679123751759 ], [ 175.853333432702385, -41.247675857570748 ], [ 175.853303071864019, -41.24765068971481 ], [ 175.852683605557161, -41.2471352191492 ], [ 175.852006497232622, -41.248711235368745 ], [ 175.851896444369601, -41.248874487933051 ], [ 175.849703498893405, -41.251155224197426 ], [ 175.849531978147127, -41.251284816332529 ], [ 175.84651233855891, -41.252942419131045 ], [ 175.846296139736751, -41.253025661693925 ], [ 175.843987843828103, -41.253592663078436 ], [ 175.843986595189193, -41.253835273060417 ], [ 175.8439476953792, -41.254016071937016 ], [ 175.842779967024228, -41.256692689770773 ], [ 175.842668929652859, -41.256855566815986 ], [ 175.8404621576382, -41.259128833297652 ], [ 175.840289846095686, -41.259257841833708 ], [ 175.837260000892513, -41.260905178601021 ], [ 175.837043282486945, -41.260987686611884 ], [ 175.833486997558424, -41.261847787180891 ], [ 175.833247092331163, -41.261875715259613 ], [ 175.829512608072605, -41.261864355348564 ], [ 175.829273009289352, -41.26183496869303 ], [ 175.82572603650928, -41.260953262781904 ], [ 175.825510207279308, -41.260869439281493 ], [ 175.825482252856204, -41.260853981260659 ], [ 175.823510302585731, -41.261190562344339 ], [ 175.823465404644764, -41.261198156675967 ], [ 175.823459565413827, -41.26119913544494 ], [ 175.821604889438277, -41.261396408333475 ], [ 175.821368505488863, -41.261407389392417 ], [ 175.819495764711121, -41.261383271255468 ], [ 175.81948981045602, -41.261382840345888 ], [ 175.817645137768778, -41.261137929269488 ], [ 175.817415830117028, -41.261093246133001 ], [ 175.81564466788609, -41.260633571872035 ], [ 175.815639181694138, -41.260631773485251 ], [ 175.81559701556364, -41.260617878354552 ], [ 175.813529912483432, -41.259933090847824 ], [ 175.813487336298323, -41.259918910950923 ], [ 175.813481806179567, -41.25991705942802 ], [ 175.813439303614786, -41.259902754357554 ], [ 175.813324336531679, -41.259863856875093 ], [ 175.813221529567016, -41.259961595398522 ], [ 175.810470821630815, -41.261867509157874 ], [ 175.810268538551441, -41.261968760234225 ], [ 175.80691979141497, -41.263123345858844 ], [ 175.806921516953793, -41.263127695164293 ], [ 175.806879926462017, -41.263137089712934 ], [ 175.806871801443265, -41.263139890894621 ], [ 175.806699445313114, -41.263176094171804 ], [ 175.806696364847909, -41.263167744415966 ], [ 175.805042789277422, -41.263437034043527 ], [ 175.805034933569289, -41.263437834736898 ], [ 175.804799642398962, -41.263460023271755 ], [ 175.804792590421101, -41.263460634669627 ], [ 175.803035601766595, -41.263514575758016 ], [ 175.802807827479569, -41.263508889978162 ], [ 175.800955903455161, -41.263352834223483 ], [ 175.800941151008999, -41.263350700770488 ], [ 175.799125892216608, -41.262974105904263 ], [ 175.798911596300684, -41.262915581515365 ], [ 175.797213018225818, -41.262334782769059 ], [ 175.797199865822819, -41.262329313581112 ], [ 175.796134742519598, -41.261799799716897 ], [ 175.795634020838179, -41.261711915066222 ], [ 175.79540910590066, -41.261643019899836 ], [ 175.792211293333423, -41.260187649904992 ], [ 175.792025611616396, -41.260069676934442 ], [ 175.789580488393597, -41.257939818892524 ], [ 175.78945221725391, -41.257784319865713 ], [ 175.787999104424728, -41.255188515500244 ], [ 175.787940795318235, -41.255010715060386 ], [ 175.787621824706775, -41.252203099369176 ], [ 175.787639176330742, -41.252020403494285 ], [ 175.788485419349314, -41.249275813132535 ], [ 175.788576723255318, -41.249106104694434 ], [ 175.790505207354585, -41.246693172134243 ], [ 175.790661518983512, -41.246553060656673 ], [ 175.793273200088265, -41.244845378552611 ], [ 175.793351983038974, -41.244597209054852 ], [ 175.79340739004104, -41.244468305307926 ], [ 175.794123180611592, -41.243162323859316 ], [ 175.794152076892118, -41.24311946994716 ], [ 175.795129696059206, -41.241914074634181 ], [ 175.79523515964442, -41.241804400993146 ], [ 175.796450524224781, -41.240729265309604 ], [ 175.796495548207474, -41.240695247648681 ], [ 175.797918731506996, -41.239776838429528 ], [ 175.798063925983172, -41.239697127837793 ], [ 175.799659885583253, -41.238958050912913 ], [ 175.799716630052473, -41.238936198401397 ], [ 175.801446079659627, -41.238394647157492 ], [ 175.801616794805057, -41.238352699627939 ], [ 175.803437162325906, -41.238022002151105 ], [ 175.803500074329492, -41.238014453086834 ], [ 175.805366555309661, -41.237902750864592 ], [ 175.805546086441581, -41.237902670958221 ], [ 175.807412741392, -41.238012711712464 ], [ 175.807475665194914, -41.238020204778437 ], [ 175.809296550155949, -41.238349282205789 ], [ 175.809467330970591, -41.238391077842081 ], [ 175.81119762851651, -41.238931090842279 ], [ 175.811254407201289, -41.238952892902972 ], [ 175.811317234049653, -41.238978256552578 ], [ 175.811421878061111, -41.238978541309251 ], [ 175.811531016604789, -41.238981742504002 ], [ 175.813390508008069, -41.239147240046051 ], [ 175.813522121313099, -41.239166954259666 ], [ 175.815324441092741, -41.239549955540234 ], [ 175.815426930177665, -41.239578453837865 ], [ 175.816205073790314, -41.239818645129503 ], [ 175.817081712992859, -41.240116854133348 ], [ 175.817132252974403, -41.240134153023213 ], [ 175.81713881621144, -41.240136413397437 ], [ 175.817189249107088, -41.240153889495808 ], [ 175.817677003821672, -41.240323943174282 ], [ 175.818420567530239, -41.240561921308895 ], [ 175.81855479649235, -41.240605614789636 ], [ 175.818572199523459, -41.240611375394209 ], [ 175.818705709503661, -41.240656306600172 ], [ 175.821147973478645, -41.241491756940313 ], [ 175.821843117483155, -41.241717477633422 ], [ 175.821963006592824, -41.241756995580197 ], [ 175.821978554410606, -41.241762197235552 ], [ 175.821994843359391, -41.241767727674905 ], [ 175.822318569960942, -41.241706077184141 ], [ 175.822891499611387, -41.241608221241826 ], [ 175.82296634993898, -41.241596890786418 ], [ 175.823269696204335, -41.241556806617616 ], [ 175.823906348830207, -41.240598240170328 ], [ 175.823935794258858, -41.240554206693368 ], [ 175.823939642898665, -41.240548490295531 ], [ 175.823969407312603, -41.240504579190258 ], [ 175.824468379826612, -41.239773385112713 ], [ 175.82508260346583, -41.238870522675462 ], [ 175.825093461427628, -41.238854601001499 ], [ 175.825094875687142, -41.238852532244564 ], [ 175.825105775563657, -41.238836626888592 ], [ 175.826308087715176, -41.237086395642876 ], [ 175.826355451102359, -41.237018161182341 ], [ 175.82636165847552, -41.237009310738891 ], [ 175.826409793136662, -41.236941384530624 ], [ 175.82648851803927, -41.236831423163366 ], [ 175.826565565536356, -41.235875926190459 ], [ 175.82676699966396, -41.234688094118177 ], [ 175.826806638581388, -41.23453566953998 ], [ 175.827310319932252, -41.233174444656491 ], [ 175.827323127835967, -41.233148032627085 ], [ 175.828102662086167, -41.231863041858688 ], [ 175.828202749837999, -41.231727322760591 ], [ 175.829238926761974, -41.230550200466126 ], [ 175.82926191793797, -41.230528068504789 ], [ 175.830529219281573, -41.229487793275155 ], [ 175.83067995421078, -41.229382062018992 ], [ 175.831911215758566, -41.228627058807902 ], [ 175.832605024976772, -41.228256554413569 ], [ 175.833988461211874, -41.227367927134019 ], [ 175.834306415557364, -41.227170723142571 ], [ 175.834348322724594, -41.227145632276603 ], [ 175.834493678681213, -41.227061645462115 ], [ 175.83478139035256, -41.226695606103391 ], [ 175.835213458679249, -41.226185753491251 ], [ 175.835272511855749, -41.226120971432351 ], [ 175.835748953756877, -41.225634176797726 ], [ 175.83631501875206, -41.225094712810325 ], [ 175.836294546127618, -41.22476118674718 ], [ 175.836295848143578, -41.224730696773051 ], [ 175.836502776842138, -41.223326022479959 ], [ 175.836540903802273, -41.22317578048677 ], [ 175.837036307760371, -41.221812837913802 ], [ 175.837050024479822, -41.221784143878907 ], [ 175.837159346134825, -41.221564458431679 ], [ 175.838157026639976, -41.219636195225021 ], [ 175.838175445470881, -41.219600815592493 ], [ 175.838177852761504, -41.219596220075907 ], [ 175.838196469171606, -41.21956089945337 ], [ 175.83836697290954, -41.21923938007032 ], [ 175.83819279194654, -41.218806430348103 ], [ 175.838057666893832, -41.218672663659632 ], [ 175.837555593566634, -41.218139728458567 ], [ 175.836799502827915, -41.21874590130048 ], [ 175.836489425933451, -41.219098775581621 ], [ 175.836153988753097, -41.219527761611502 ], [ 175.835918300460207, -41.219816608224889 ], [ 175.835886735229394, -41.219853709291257 ], [ 175.835636804549097, -41.220135648281875 ], [ 175.835099109577556, -41.220718154038309 ], [ 175.834918907558261, -41.220908071833243 ], [ 175.834895061106096, -41.220932527589966 ], [ 175.834708394621941, -41.221118852195282 ], [ 175.834230038981048, -41.221583670629734 ], [ 175.83322007328232, -41.222671244313339 ], [ 175.831468134965178, -41.224569212675888 ], [ 175.831433896775536, -41.224606106320074 ], [ 175.831429429949281, -41.22461089405946 ], [ 175.831394947734935, -41.224647657944026 ], [ 175.830750931781921, -41.225330650544812 ], [ 175.830496866642079, -41.225621937545171 ], [ 175.829347796325663, -41.226737692702031 ], [ 175.829184306599444, -41.226873025777849 ], [ 175.826268552722837, -41.228632341086978 ], [ 175.826057661591932, -41.228722902525156 ], [ 175.823066694946647, -41.229573008468044 ], [ 175.823082951026834, -41.229618567821383 ], [ 175.823065352066038, -41.229622146738656 ], [ 175.822643610093763, -41.229693251431598 ], [ 175.822564374360326, -41.229715770424669 ], [ 175.822384806019045, -41.229743669361241 ], [ 175.822383037671671, -41.229737182469066 ], [ 175.822054926080767, -41.229792499302121 ], [ 175.82201444965699, -41.229797943299111 ], [ 175.819162996234468, -41.229868011904927 ], [ 175.81915995753431, -41.229912884716256 ], [ 175.819111324891935, -41.229911007745628 ], [ 175.818745012520338, -41.229878277044143 ], [ 175.818597974299536, -41.229881887750786 ], [ 175.818444775744695, -41.229868969081735 ], [ 175.81844733412342, -41.229851678036972 ], [ 175.817531354253475, -41.229769825843256 ], [ 175.817492060719275, -41.229764288230868 ], [ 175.815329141137312, -41.229250231621258 ], [ 175.815311109714202, -41.229285825594665 ], [ 175.81523263535243, -41.229263168045172 ], [ 175.814936806262324, -41.229156981010348 ], [ 175.814757773588553, -41.229114427785433 ], [ 175.814648927072966, -41.229077193778643 ], [ 175.814660554905629, -41.229057820357546 ], [ 175.813541931572303, -41.228656279799964 ], [ 175.813535724521756, -41.228653581919389 ], [ 175.813148393123072, -41.228477770766645 ], [ 175.813120928054957, -41.228464763211363 ], [ 175.811795415453958, -41.227736608984685 ], [ 175.811634149360316, -41.227634516992502 ], [ 175.809302088512652, -41.225647465791539 ], [ 175.809169717071768, -41.22549396633508 ], [ 175.808576658359101, -41.224491432245451 ], [ 175.808272934893637, -41.224238924505158 ], [ 175.806971838156841, -41.223095176575683 ], [ 175.805735777685442, -41.222051659259556 ], [ 175.804601275080472, -41.22092749368197 ], [ 175.80446983977896, -41.220773541064105 ], [ 175.802963436583241, -41.218195351271525 ], [ 175.802901449227221, -41.218018266139779 ], [ 175.802523986308785, -41.215214774918039 ], [ 175.802537505813433, -41.215031893336352 ], [ 175.803325781318279, -41.212277535406571 ], [ 175.803413474321871, -41.212106758544437 ], [ 175.805290188061065, -41.209671124154937 ], [ 175.805443463254676, -41.20952916620886 ], [ 175.808224836182006, -41.207650621516095 ], [ 175.808428688075111, -41.20755137461358 ], [ 175.811842479792517, -41.206413748108545 ], [ 175.812076958257904, -41.206366923864707 ], [ 175.815789108227079, -41.20608153354911 ], [ 175.816031269709157, -41.206091713709689 ], [ 175.81742858235063, -41.206319591882419 ], [ 175.817741686107212, -41.206051832377277 ], [ 175.817870185895089, -41.205943711483307 ], [ 175.817887039852423, -41.205929758417476 ], [ 175.818017831715508, -41.205823216757459 ], [ 175.819618819486749, -41.204539945014623 ], [ 175.819637839187777, -41.204524808056924 ], [ 175.82043636056315, -41.203728505275073 ], [ 175.820456469781931, -41.203708509573396 ], [ 175.820459088771486, -41.203705912889561 ], [ 175.820479271699838, -41.20368595960894 ], [ 175.821964571155348, -41.202221751982847 ], [ 175.824245899298035, -41.199844695205343 ], [ 175.824407012987649, -41.199680755445591 ], [ 175.824428274810231, -41.199659625281107 ], [ 175.824594266078236, -41.19949848557993 ], [ 175.825140387522964, -41.198980539832732 ], [ 175.825262615938357, -41.198866533667783 ], [ 175.825278664340544, -41.19885181157175 ], [ 175.825403334419235, -41.198739323948608 ], [ 175.826238073870911, -41.197998481804326 ], [ 175.826454001126734, -41.197831281297702 ], [ 175.826210091970808, -41.197107961262247 ], [ 175.826201731495246, -41.19708301883923 ], [ 175.82620065076776, -41.197079775158329 ], [ 175.826192384666541, -41.197054814798101 ], [ 175.826009936898004, -41.196500527874392 ], [ 175.825773178903887, -41.195858169777019 ], [ 175.825627171750369, -41.195419715874671 ], [ 175.825610096262466, -41.195362393040618 ], [ 175.825493403401623, -41.194918957220885 ], [ 175.825211945129723, -41.193688649792669 ], [ 175.825111050374062, -41.193151729470195 ], [ 175.825100726646298, -41.193081694949299 ], [ 175.825042794449246, -41.192541161130237 ], [ 175.825001396887757, -41.191924560270714 ], [ 175.824137685187111, -41.191881363215565 ], [ 175.823901215916635, -41.19184081896244 ], [ 175.820437252287633, -41.190794793637608 ], [ 175.820228951722072, -41.19070102926905 ], [ 175.817362599166387, -41.188897534049673 ], [ 175.817202861841736, -41.188759731241106 ], [ 175.816084571488602, -41.187626651429021 ], [ 175.815548850623543, -41.186984153553659 ], [ 175.815116242336785, -41.186421171145582 ], [ 175.815063575937842, -41.186346544606771 ], [ 175.814315668924053, -41.185051055083598 ], [ 175.814272798001696, -41.184957332824403 ], [ 175.813802384310634, -41.18358940355575 ], [ 175.813782824242338, -41.183506134563444 ], [ 175.813601469229326, -41.182099451923655 ], [ 175.813599034212984, -41.182000308493002 ], [ 175.813711183870026, -41.180589510841116 ], [ 175.813726640422004, -41.180505750882148 ], [ 175.8137595659841, -41.180392955799718 ], [ 175.812980256261369, -41.18040350025673 ], [ 175.812107711383817, -41.180421231388806 ], [ 175.811444212883714, -41.180436473100791 ], [ 175.810763422371082, -41.180474148397963 ], [ 175.810478142847217, -41.180487339286358 ], [ 175.810441034626024, -41.180488717953224 ], [ 175.810155418463381, -41.180496737323665 ], [ 175.809333229789587, -41.180512364622764 ], [ 175.808527531741362, -41.180540902729092 ], [ 175.807536773307959, -41.18054484903076 ], [ 175.8074081689644, -41.180541320464158 ], [ 175.806420400029509, -41.180483088562916 ], [ 175.805392422940741, -41.180389873830741 ], [ 175.805130436682191, -41.180363887711323 ], [ 175.805096432218591, -41.180360224741477 ], [ 175.804835272901357, -41.180329857480963 ], [ 175.804533660048179, -41.180292195816307 ], [ 175.80333564629305, -41.180299477488042 ], [ 175.801709020561844, -41.180225193791273 ], [ 175.801499419060406, -41.180204686594998 ], [ 175.800643079375078, -41.180068593635781 ], [ 175.800487583071089, -41.180328459869386 ], [ 175.797861213963728, -41.184431601242402 ], [ 175.797845163348399, -41.184456576813048 ], [ 175.797843070149213, -41.18445982119875 ], [ 175.797826917700178, -41.18448475925419 ], [ 175.797658206999984, -41.184744219745404 ], [ 175.796774265312877, -41.187290361854352 ], [ 175.796639851402233, -41.187686293834169 ], [ 175.797486502581762, -41.188654537893278 ], [ 175.797596150929337, -41.188802197600765 ], [ 175.798330333308456, -41.189984347196159 ], [ 175.798673256852851, -41.190659985551534 ], [ 175.799791363616549, -41.19245357484877 ], [ 175.800918118478677, -41.194234750923343 ], [ 175.801463888718246, -41.195252792462689 ], [ 175.801523912941235, -41.195387907262614 ], [ 175.801901589738975, -41.196448555628422 ], [ 175.802617504204164, -41.199092505004721 ], [ 175.802847463496818, -41.2004951242793 ], [ 175.80285829150597, -41.200678108374227 ], [ 175.802439729726245, -41.203478269814688 ], [ 175.802375156817135, -41.203654824827318 ], [ 175.800831277994547, -41.206220232300836 ], [ 175.800697616475674, -41.206373073751486 ], [ 175.798179447650853, -41.208452562874172 ], [ 175.79798977746043, -41.208566726068732 ], [ 175.794743803641381, -41.209956684838218 ], [ 175.794516693439391, -41.210020991056851 ], [ 175.790860734124635, -41.210585312643552 ], [ 175.790618422739641, -41.210593464779492 ], [ 175.786910490607085, -41.210276888952293 ], [ 175.786676707202531, -41.210228088821282 ], [ 175.783279909095029, -41.209061619045549 ], [ 175.783077546556939, -41.208960645592803 ], [ 175.780324483251377, -41.207058508529656 ], [ 175.780173354010117, -41.206915249250208 ], [ 175.77833352529646, -41.204463696451846 ], [ 175.778248420506714, -41.204292178191878 ], [ 175.777731269565521, -41.202933894208755 ], [ 175.777327947838927, -41.201442314936415 ], [ 175.776857345616776, -41.200697958735645 ], [ 175.776842873170892, -41.200674983834261 ], [ 175.776840997342617, -41.20067199509559 ], [ 175.776826610891931, -41.200648989401977 ], [ 175.77549364842713, -41.198509522766386 ], [ 175.775313289515225, -41.198205560640083 ], [ 175.775297217614849, -41.198177074174758 ], [ 175.77320435510353, -41.196123559962651 ], [ 175.773024426752727, -41.195942336900309 ], [ 175.773001432027968, -41.195918559452103 ], [ 175.772827595373428, -41.195733975628805 ], [ 175.772383292331142, -41.195249411157789 ], [ 175.771687183507368, -41.194391481908802 ], [ 175.77160520816247, -41.194276486533965 ], [ 175.77085014000815, -41.192983355333837 ], [ 175.770826938924785, -41.192933311078342 ], [ 175.770348996165154, -41.191566875719538 ], [ 175.770318081766135, -41.19143837386337 ], [ 175.770129016429621, -41.190032283830199 ], [ 175.770127424322823, -41.189979273257777 ], [ 175.770231871811035, -41.1885681524275 ], [ 175.770255037717419, -41.188438723595176 ], [ 175.770506968605673, -41.187450648111849 ], [ 175.770850432484053, -41.186418003266681 ], [ 175.770952029543537, -41.186084320895588 ], [ 175.771014367353473, -41.185889525235638 ], [ 175.771022843148131, -41.185864273037055 ], [ 175.771090902162541, -41.185670573330526 ], [ 175.771303149827133, -41.185092511136638 ], [ 175.772185411760717, -41.182496642028525 ], [ 175.772193532348069, -41.182472882308993 ], [ 175.772194593591507, -41.18246979463752 ], [ 175.77220279982626, -41.182446051719147 ], [ 175.773086412580625, -41.179903580268103 ], [ 175.773331173018164, -41.179151044421339 ], [ 175.773705113721434, -41.178221066002678 ], [ 175.773762204908479, -41.178102499479145 ], [ 175.774266588513115, -41.177208376988474 ], [ 175.775019877797575, -41.176050520178464 ], [ 175.777344385836471, -41.172420944088493 ], [ 175.778503832212891, -41.170001002612779 ], [ 175.779003667422558, -41.168945851201684 ], [ 175.779554831337919, -41.167968291878303 ], [ 175.77963613510471, -41.167844839348874 ], [ 175.780598229150542, -41.166632837129825 ], [ 175.780633306660803, -41.16659561668007 ], [ 175.780832014916598, -41.166416392045392 ], [ 175.78052128830754, -41.165945503803123 ], [ 175.779886763513503, -41.164989119613566 ], [ 175.779256307320338, -41.163849996195296 ], [ 175.779188134943723, -41.163698370261592 ], [ 175.778769781748849, -41.162504787975237 ], [ 175.778673865913476, -41.162128558305731 ], [ 175.778495566772818, -41.161531126849155 ], [ 175.778486082951986, -41.161499076725043 ], [ 175.778484860111547, -41.16149490852424 ], [ 175.778475531002414, -41.161462832482101 ], [ 175.778223181501176, -41.160587566011081 ], [ 175.778209249547018, -41.16053858836981 ], [ 175.778207461838321, -41.160532217518792 ], [ 175.778193890581662, -41.160483182067239 ], [ 175.777898265032007, -41.159399990908341 ], [ 175.777574037207728, -41.158262983025793 ], [ 175.776791739048775, -41.158197436938813 ], [ 175.776558000738191, -41.158149022539376 ], [ 175.773160534539755, -41.156988155439194 ], [ 175.77295804112785, -41.156887515632825 ], [ 175.770201668751582, -41.154989915484499 ], [ 175.770050245508486, -41.154846905094836 ], [ 175.768204791267976, -41.152398379230995 ], [ 175.768119258174266, -41.152227000738428 ], [ 175.767365287685294, -41.149467275909899 ], [ 175.767354009661176, -41.149284307405303 ], [ 175.767765185537286, -41.146483545331947 ], [ 175.767829256552176, -41.146306897255535 ], [ 175.769365181777772, -41.143739241449069 ], [ 175.769498321585871, -41.143586203313248 ], [ 175.772008550473203, -41.141502949589714 ], [ 175.772197722623275, -41.141388498338138 ], [ 175.773744527614809, -41.140594668645392 ], [ 175.773930080396212, -41.140514748955773 ], [ 175.773952134387343, -41.140468389067181 ], [ 175.774366643797947, -41.139773719314753 ], [ 175.774326039992644, -41.139086018371572 ], [ 175.774325483616593, -41.139076481581192 ], [ 175.774325412156827, -41.139075241769909 ], [ 175.774324869151428, -41.139065704540734 ], [ 175.774285207613815, -41.138360392336544 ], [ 175.774283561354935, -41.138329898836517 ], [ 175.774283356225652, -41.138325934418802 ], [ 175.774281846649444, -41.138295436876987 ], [ 175.774248315607878, -41.137585843645454 ], [ 175.774241431802977, -41.137362693863032 ], [ 175.774241012479706, -41.137333680462248 ], [ 175.774241445130997, -41.137110470232322 ], [ 175.774256476363206, -41.136290414554232 ], [ 175.77426215602415, -41.136110419132024 ], [ 175.774263203636679, -41.136087027643349 ], [ 175.774273641077855, -41.135907154008557 ], [ 175.77433701574634, -41.135018027521816 ], [ 175.774338357416383, -41.134999557032224 ], [ 175.774338535094643, -41.134997156006506 ], [ 175.774339926936392, -41.134978687638878 ], [ 175.774368172556336, -41.134610550342202 ], [ 175.774305341663847, -41.134469128551942 ], [ 175.774256355540842, -41.134356414496601 ], [ 175.774250115277113, -41.134341730593611 ], [ 175.774203097339608, -41.134228538450081 ], [ 175.773863247058614, -41.133391107041646 ], [ 175.77385199610427, -41.133363222132068 ], [ 175.773850541244599, -41.133359595314055 ], [ 175.773839409742294, -41.133331683023535 ], [ 175.773507654248533, -41.132494896154036 ], [ 175.773482785614789, -41.132431319294888 ], [ 175.773479592972336, -41.132423045418392 ], [ 175.773455344029514, -41.132359331870042 ], [ 175.773128221707282, -41.131487754949831 ], [ 175.773089952368764, -41.131383404984398 ], [ 175.773085085396218, -41.131369817366632 ], [ 175.773048478231459, -41.131265127059159 ], [ 175.772754535762061, -41.130403562580391 ], [ 175.772733950795356, -41.130342338956162 ], [ 175.772731311699943, -41.130334372887376 ], [ 175.772711295198377, -41.13027304160746 ], [ 175.772478739026155, -41.129549574636606 ], [ 175.772249335931065, -41.128909371824832 ], [ 175.77178062267464, -41.127645213868782 ], [ 175.771712849321119, -41.127454390968325 ], [ 175.771704399705584, -41.127429513906222 ], [ 175.771416974517905, -41.126184701543586 ], [ 175.770920417285282, -41.126139484401364 ], [ 175.769983792867578, -41.126060001386818 ], [ 175.769940487616992, -41.126056265588694 ], [ 175.769934859128654, -41.126055772147147 ], [ 175.769891572251197, -41.12605191653676 ], [ 175.769024756314423, -41.125973488682448 ], [ 175.767892532502799, -41.125877504320208 ], [ 175.766932712615898, -41.125798967916367 ], [ 175.766870899066816, -41.125793786313885 ], [ 175.766862865686136, -41.125793096845186 ], [ 175.766801088763742, -41.125787671236701 ], [ 175.765861706738832, -41.125703285126306 ], [ 175.764820350007284, -41.12557413463874 ], [ 175.764686222217051, -41.125552847394381 ], [ 175.763664075578419, -41.125354502011916 ], [ 175.761764644943895, -41.124917234357497 ], [ 175.760716384452337, -41.124685219276692 ], [ 175.760690365383965, -41.12467943592074 ], [ 175.760686984042934, -41.12467868117357 ], [ 175.76066098248009, -41.12467285303471 ], [ 175.756244952430166, -41.123678782171922 ], [ 175.755924837783112, -41.123608744563953 ], [ 175.754775630701744, -41.12330844921317 ], [ 175.754629255401369, -41.123263753177731 ], [ 175.753709654050084, -41.122917203422041 ], [ 175.753527712695956, -41.123177456350504 ], [ 175.752278011281504, -41.125009337234964 ], [ 175.752471733418673, -41.12679004176065 ], [ 175.752453581680243, -41.126972693907526 ], [ 175.751596364643433, -41.129715094148075 ], [ 175.751504448535286, -41.12988456444814 ], [ 175.749568261730559, -41.132292422309504 ], [ 175.749411571639541, -41.132432119097544 ], [ 175.746585874884175, -41.134269685066755 ], [ 175.746379747276961, -41.134365930128681 ], [ 175.743998222210422, -41.135119027963896 ], [ 175.743940856527843, -41.135180952011389 ], [ 175.743891856574265, -41.135233445997486 ], [ 175.743885454461918, -41.135240252949579 ], [ 175.743835960379073, -41.135292481303175 ], [ 175.74302281440518, -41.136144101561094 ], [ 175.742863229421999, -41.136315785582319 ], [ 175.742862798732801, -41.136317819371932 ], [ 175.742677573670846, -41.137014936116842 ], [ 175.742396486254137, -41.137891951784077 ], [ 175.742393783414428, -41.137900367297206 ], [ 175.742116797010198, -41.138758195500245 ], [ 175.741907995088013, -41.139414575539604 ], [ 175.741735655698619, -41.139965209956543 ], [ 175.74172985334053, -41.139983661930508 ], [ 175.74172909569387, -41.139986060083679 ], [ 175.741723241949131, -41.140004502774055 ], [ 175.741364683169706, -41.141128930438526 ], [ 175.741157669619668, -41.141782193089732 ], [ 175.741154119204538, -41.14179336538168 ], [ 175.741153656425013, -41.141794817556978 ], [ 175.741150087155091, -41.141805986423307 ], [ 175.741086721431174, -41.142003715493487 ], [ 175.741635521293631, -41.14313233153279 ], [ 175.741682514159805, -41.143312019832919 ], [ 175.741824517114253, -41.146127914861687 ], [ 175.741795755525345, -41.146309786056939 ], [ 175.740779626785979, -41.149021026105963 ], [ 175.740677916427188, -41.149187276353288 ], [ 175.738602993338844, -41.151528434575518 ], [ 175.738438283978041, -41.151662787193253 ], [ 175.735507619067249, -41.153404641121938 ], [ 175.735296033030863, -41.153493940990977 ], [ 175.731796539013118, -41.154465930903257 ], [ 175.731558793241533, -41.154501433614357 ], [ 175.727833143192981, -41.15460837910058 ], [ 175.727592519249896, -41.154586608109277 ], [ 175.724005558206926, -41.153818038477205 ], [ 175.723785619743467, -41.153741125906251 ], [ 175.72068859285281, -41.152172305938478 ], [ 175.720510875324493, -41.152047783478302 ], [ 175.719243577233982, -41.151008589763308 ], [ 175.719120129213849, -41.150889879537253 ], [ 175.718960783582247, -41.150791163584579 ], [ 175.718828049251471, -41.150698630251384 ], [ 175.71755729146588, -41.149661871756479 ], [ 175.717518650543013, -41.149624906651951 ], [ 175.716478145536854, -41.148450643350188 ], [ 175.716389745581381, -41.148331633938284 ], [ 175.715605108367896, -41.147048786277892 ], [ 175.715583472960162, -41.147004604391725 ], [ 175.715074008866992, -41.145644766162349 ], [ 175.715038592474372, -41.145510932470522 ], [ 175.714816830295263, -41.144107590892986 ], [ 175.714814316235447, -41.14406051765544 ], [ 175.71488569651703, -41.142648229188026 ], [ 175.714906723535819, -41.142512672763971 ], [ 175.715149135009966, -41.141477081441415 ], [ 175.715398578159551, -41.140684419823799 ], [ 175.715410451246072, -41.14064704431555 ], [ 175.715412008453995, -41.140642188011327 ], [ 175.715424092412462, -41.140604851147025 ], [ 175.715597038005257, -41.140075377801345 ], [ 175.715933563148013, -41.139016467830203 ], [ 175.715936061584472, -41.139008621386715 ], [ 175.716261273894872, -41.13799235965984 ], [ 175.716262223410382, -41.137989394655676 ], [ 175.71648395826972, -41.137298291547474 ], [ 175.716689538633744, -41.136650313741072 ], [ 175.716691784899751, -41.136643245969864 ], [ 175.717048587724349, -41.135525621934796 ], [ 175.717220331727901, -41.13497754283037 ], [ 175.717225394031374, -41.134961453440738 ], [ 175.717226054670135, -41.134959362278416 ], [ 175.717231156039844, -41.134943279940209 ], [ 175.717450725279264, -41.134253860044275 ], [ 175.717455516019413, -41.134238873916459 ], [ 175.717456141020477, -41.134236926124267 ], [ 175.717460965681369, -41.134221946218354 ], [ 175.717511710673449, -41.134064974158079 ], [ 175.717510102810337, -41.134048234272569 ], [ 175.717530571141964, -41.133865723692821 ], [ 175.717815142957306, -41.132992831182058 ], [ 175.717846860885857, -41.132797681709214 ], [ 175.717981940964819, -41.13205322219509 ], [ 175.717993578704125, -41.131990710627989 ], [ 175.717995129256678, -41.131982588232596 ], [ 175.718007346171333, -41.131920139870402 ], [ 175.718128337253546, -41.131316298678222 ], [ 175.718289892479874, -41.130670225784037 ], [ 175.718314918444577, -41.130586927420239 ], [ 175.718870712419175, -41.129237525851487 ], [ 175.718918992436102, -41.129146246044797 ], [ 175.719747097728003, -41.127879191134276 ], [ 175.719804938977376, -41.127805816044706 ], [ 175.720277132548318, -41.127253679258345 ], [ 175.721076570617356, -41.126389748277809 ], [ 175.721084438973094, -41.126381255428711 ], [ 175.721085462699023, -41.126380151804298 ], [ 175.721093343972626, -41.126371665816229 ], [ 175.721388886528587, -41.12605383403114 ], [ 175.72132216947378, -41.125560579386061 ], [ 175.721335523994981, -41.125377692057725 ], [ 175.722120507851059, -41.12262298046172 ], [ 175.722207943199663, -41.122452163935741 ], [ 175.72408011851482, -41.120015677832896 ], [ 175.724233068636295, -41.119873650192496 ], [ 175.727009100958355, -41.117993839226543 ], [ 175.727212592191762, -41.117894499431735 ], [ 175.728986135938271, -41.11730170913718 ], [ 175.729664530572933, -41.116312691481923 ], [ 175.731012734108901, -41.114337398587672 ], [ 175.731040330355597, -41.114297213239986 ], [ 175.731043935206344, -41.114291995997625 ], [ 175.731071798202038, -41.114251916078288 ], [ 175.731829951523252, -41.113167942086342 ], [ 175.731811681107473, -41.113166235353667 ], [ 175.729702185475844, -41.11378634311896 ], [ 175.729465498771702, -41.113825174688408 ], [ 175.725745415749515, -41.113984360393033 ], [ 175.725504447533439, -41.113965968135261 ], [ 175.721901457212709, -41.113247838695429 ], [ 175.721679804903658, -41.113174023863799 ], [ 175.720835624923723, -41.112763109693013 ], [ 175.720234041245845, -41.113338431001374 ], [ 175.720055943780892, -41.113462557892753 ], [ 175.716954639692972, -41.115024480890085 ], [ 175.716734532050083, -41.115100903485306 ], [ 175.713146708432561, -41.115861480583661 ], [ 175.712906142954381, -41.115882715363021 ], [ 175.709183132686235, -41.115767468271919 ], [ 175.709052987682611, -41.115747720474708 ], [ 175.708777036348749, -41.116062543685757 ], [ 175.708613284358989, -41.11619750123586 ], [ 175.705695474720585, -41.117950126784983 ], [ 175.70548458190629, -41.118040204791377 ], [ 175.701993299473315, -41.119025070923144 ], [ 175.70175591482959, -41.11906144879265 ], [ 175.698033027762648, -41.119182114333654 ], [ 175.697792397452844, -41.119161229825949 ], [ 175.694202479971864, -41.118405880572368 ], [ 175.693982168276364, -41.118329779002131 ], [ 175.692334741566214, -41.11750359841983 ], [ 175.690574255519834, -41.119134281390288 ], [ 175.690393609785758, -41.119256295346169 ], [ 175.68801301212946, -41.120415107951466 ], [ 175.688105883354126, -41.1205503239674 ], [ 175.688178228861801, -41.120679540402605 ], [ 175.688446937233238, -41.121288702482964 ], [ 175.689064835899444, -41.121419693974211 ], [ 175.689284963052472, -41.121496116818157 ], [ 175.692386694849745, -41.123057949917182 ], [ 175.692564829132039, -41.123182066279149 ], [ 175.69487667445199, -41.125392199389623 ], [ 175.694995379460266, -41.125551863638421 ], [ 175.695433164496762, -41.126444658116988 ], [ 175.696460157577462, -41.127154624662168 ], [ 175.697736474921641, -41.128187160502222 ], [ 175.697887492339504, -41.128330375889881 ], [ 175.699726459110565, -41.130781360240185 ], [ 175.699811563108142, -41.130952850552255 ], [ 175.700558902758246, -41.133713539128294 ], [ 175.700569755089163, -41.133896520049468 ], [ 175.700152171424662, -41.136696697728269 ], [ 175.700087699789776, -41.13687325799809 ], [ 175.698545920796505, -41.139438808977452 ], [ 175.698412427626238, -41.139591663596867 ], [ 175.695897275280629, -41.141671409436512 ], [ 175.695707824058786, -41.141785592426089 ], [ 175.692465488329162, -41.143175896111742 ], [ 175.69223862628624, -41.143240226824744 ], [ 175.69130588531732, -41.143384469501719 ], [ 175.69151541889471, -41.145907856049838 ], [ 175.691492581027859, -41.146090204715755 ], [ 175.690564949774171, -41.148819477354657 ], [ 175.690468678678741, -41.148987565534071 ], [ 175.688470557678954, -41.151366547253758 ], [ 175.688310270321523, -41.151503918468904 ], [ 175.687704589980626, -41.15188250199305 ], [ 175.690254840684759, -41.152535698417616 ], [ 175.690469362976188, -41.152620894318574 ], [ 175.693457879960675, -41.154305651943957 ], [ 175.693627082196656, -41.154436778717184 ], [ 175.695780688343206, -41.15673703657459 ], [ 175.695888007382365, -41.156901262360506 ], [ 175.696995839111707, -41.159591908213024 ], [ 175.69703076356592, -41.159773160333067 ], [ 175.696984251182187, -41.162590845516753 ], [ 175.696943352730329, -41.16277138267683 ], [ 175.695746896611212, -41.165440288841395 ], [ 175.695634169280311, -41.165602437418428 ], [ 175.693404767420162, -41.167861276944109 ], [ 175.693231240213464, -41.167989161532745 ], [ 175.691793938202693, -41.168893494492067 ], [ 175.69100482973775, -41.169315398299133 ], [ 175.690908960051672, -41.169366123254491 ], [ 175.690896454439184, -41.169372671098039 ], [ 175.690799930087337, -41.16942268219664 ], [ 175.690281247490077, -41.169688599367426 ], [ 175.691097413386416, -41.169893941262998 ], [ 175.69127018420744, -41.169949129111814 ], [ 175.692930503476191, -41.170599850153351 ], [ 175.692977487002935, -41.170621960243643 ], [ 175.693334878515032, -41.170796916332435 ], [ 175.694439533082971, -41.171359091513537 ], [ 175.695630891584926, -41.171919540396317 ], [ 175.697136296336566, -41.172758313236713 ], [ 175.697319509727237, -41.172878247480632 ], [ 175.69972155319789, -41.175033819341344 ], [ 175.699846760602412, -41.175190660083061 ], [ 175.701249796870798, -41.17780155924936 ], [ 175.701304737259562, -41.177979957072331 ], [ 175.701571315728785, -41.18079064871278 ], [ 175.701550602056955, -41.180973142317789 ], [ 175.700654476468287, -41.183708502253296 ], [ 175.700560126470094, -41.183877227109591 ], [ 175.69858888200659, -41.186269470615535 ], [ 175.69843012445412, -41.186407907964465 ], [ 175.695576655439936, -41.188222813331237 ], [ 175.695369029390605, -41.188317408224336 ], [ 175.691912682249523, -41.189377263968609 ], [ 175.69167651645003, -41.189418753548026 ], [ 175.687955734276869, -41.189619775416972 ], [ 175.687714155386629, -41.189604096871328 ], [ 175.687553424631943, -41.189574025320852 ], [ 175.688446857524809, -41.191419479992732 ], [ 175.688493490098267, -41.191599223312899 ], [ 175.688629417755237, -41.194415235929917 ], [ 175.688600236389135, -41.194597067200121 ], [ 175.687577425677716, -41.197306976224432 ], [ 175.687475277134666, -41.197473095490444 ], [ 175.685393719500837, -41.199811604078285 ], [ 175.685228596457421, -41.19994574746336 ], [ 175.684371138505696, -41.200453285578057 ], [ 175.685157599911065, -41.201095048991014 ], [ 175.685292461024432, -41.201247277518569 ], [ 175.685812120542721, -41.202097196091913 ], [ 175.687798607898088, -41.203520690313113 ], [ 175.690839748725807, -41.204157717386494 ], [ 175.691060434165877, -41.20423367509629 ], [ 175.694171822011526, -41.20578894553136 ], [ 175.694350637850874, -41.205912684385289 ], [ 175.696673540224879, -41.208117907585773 ], [ 175.696792983404322, -41.208277318915684 ], [ 175.698099981110772, -41.210916687433752 ], [ 175.698148354352782, -41.211096170090009 ], [ 175.698311391886222, -41.213911359933043 ], [ 175.698283950745576, -41.214093346233597 ], [ 175.697286916086341, -41.216808789737783 ], [ 175.697186336933612, -41.216975464606058 ], [ 175.697108872457477, -41.217063848226779 ], [ 175.69806402440318, -41.217959336443748 ], [ 175.698183165599488, -41.21807289070501 ], [ 175.698198495754241, -41.218087745848393 ], [ 175.698315203090942, -41.218202732257346 ], [ 175.698791702659236, -41.218680103611021 ], [ 175.700120270330956, -41.219941646599679 ], [ 175.700679330177564, -41.220528718340049 ], [ 175.700755538559235, -41.220564418733254 ], [ 175.701473777932733, -41.220928765223583 ], [ 175.703039461881275, -41.221786797214584 ], [ 175.703041187481915, -41.221787743036231 ], [ 175.704631221689027, -41.222659654897583 ], [ 175.704704058147684, -41.222699913160852 ], [ 175.704713500532534, -41.222705173706061 ], [ 175.704785931533593, -41.222745846907905 ], [ 175.705563188480596, -41.223185763265413 ], [ 175.706228240945535, -41.223561407089633 ], [ 175.706802978966607, -41.223873863589255 ], [ 175.708090483738431, -41.223551752029167 ], [ 175.708329867062048, -41.223522045597349 ], [ 175.7120620381761, -41.223505563368519 ], [ 175.712301865537569, -41.223533153509557 ], [ 175.715858194913352, -41.224388117848939 ], [ 175.716074999889145, -41.22447030510682 ], [ 175.719107492484653, -41.226113061026325 ], [ 175.719280058549714, -41.226241803440018 ], [ 175.721491919134962, -41.22851160141866 ], [ 175.721603354247435, -41.22867430054216 ], [ 175.722778022099845, -41.231349010863909 ], [ 175.722817412237873, -41.231529743555072 ], [ 175.722839778062706, -41.234347579321337 ], [ 175.722803257845072, -41.234528655270921 ], [ 175.721670979042756, -41.237213785546906 ], [ 175.721562113764946, -41.237377478521239 ], [ 175.71938590228703, -41.23966702916146 ], [ 175.719215342577201, -41.239797312649301 ], [ 175.717798829885595, -41.240721542743678 ], [ 175.717359271642437, -41.240965615939601 ], [ 175.715847860064116, -41.241679966989302 ], [ 175.715643303568783, -41.241761261396441 ], [ 175.714007695521758, -41.242297591793644 ], [ 175.709636623949393, -41.243446140240742 ], [ 175.708381066593489, -41.243718851331359 ], [ 175.708215765102864, -41.243747462204574 ], [ 175.706363456481512, -41.243954284053032 ], [ 175.706289916955029, -41.243958081946587 ], [ 175.704417545899958, -41.243943618475818 ], [ 175.704248621429116, -41.243932268478517 ], [ 175.702955547771126, -41.243791179914084 ], [ 175.702205098730388, -41.243677333041248 ], [ 175.702060954855654, -41.243654765994478 ], [ 175.702042240848243, -41.243651745135089 ], [ 175.701898476919354, -41.243627837422849 ], [ 175.701093600744144, -41.243490049483974 ], [ 175.700781813617425, -41.243433336879022 ], [ 175.700741419906905, -41.243425554425372 ], [ 175.698969082878591, -41.242969629871247 ], [ 175.698784133411664, -41.242909449823813 ], [ 175.697128145823825, -41.242249844475658 ], [ 175.697092916956308, -41.242233020396 ], [ 175.69682423063017, -41.242100855067079 ], [ 175.695392151952746, -41.241375523548918 ], [ 175.694891884827001, -41.241107811791053 ], [ 175.694828077779704, -41.241071771091562 ], [ 175.694346698086406, -41.240785010635356 ], [ 175.69384611376492, -41.240470716318278 ], [ 175.691283354289197, -41.239077330437844 ], [ 175.691195433201784, -41.239029064500706 ], [ 175.691184041576037, -41.239022750751012 ], [ 175.691126788135364, -41.238990714246185 ], [ 175.69045373341055, -41.239932231389133 ], [ 175.690306513955619, -41.240077831454649 ], [ 175.687605164764932, -41.242022778364017 ], [ 175.687405532499753, -41.242126907793661 ], [ 175.684039994253425, -41.243346479385195 ], [ 175.683807494322878, -41.243398941799946 ], [ 175.680107307605624, -41.243773714674639 ], [ 175.679864707255462, -41.243769372749092 ], [ 175.676192220854546, -41.243262648646528 ], [ 175.675963277553706, -41.243201927727533 ], [ 175.672678122381427, -41.241863330733509 ], [ 175.672485254431649, -41.241752177078453 ], [ 175.669909085941015, -41.239712787509426 ], [ 175.669771175060674, -41.239562085280504 ], [ 175.668156156203565, -41.237021589851935 ], [ 175.668086698315221, -41.23684609429646 ], [ 175.667693164174466, -41.235464386222887 ], [ 175.66751767961938, -41.234475998846655 ], [ 175.667420590535613, -41.233622370668883 ], [ 175.667414981787402, -41.233511197378931 ], [ 175.667490731518569, -41.232099072449856 ], [ 175.667502125894998, -41.232027137492899 ], [ 175.667869555636855, -41.2306413423916 ], [ 175.667909727559902, -41.230534301668463 ], [ 175.668270673262441, -41.229722019232788 ], [ 175.668662785827877, -41.228961609267714 ], [ 175.668662797411514, -41.22896158680377 ], [ 175.669476692556316, -41.227688850139344 ], [ 175.669537826490426, -41.227609772751855 ], [ 175.669598959447143, -41.227530695658011 ], [ 175.669648998632056, -41.227476279448226 ], [ 175.669642040590901, -41.227443034692534 ], [ 175.669537826907685, -41.226792272998956 ], [ 175.669528372249033, -41.226707414041243 ], [ 175.669487128980592, -41.226052653340396 ], [ 175.669479454895935, -41.225531724833779 ], [ 175.669422980435286, -41.224137911875289 ], [ 175.669446584320184, -41.223232930458025 ], [ 175.669457465149719, -41.223115696199613 ], [ 175.669601256896669, -41.222217073523062 ], [ 175.670012434266056, -41.220413891054285 ], [ 175.669937579218754, -41.220360025240375 ], [ 175.667672108756221, -41.218120767436318 ], [ 175.667556826676076, -41.217959613022416 ], [ 175.666454412265665, -41.215592536288263 ], [ 175.665551959572696, -41.214603337948112 ], [ 175.66525379178654, -41.214395847252383 ], [ 175.664747370380155, -41.214021830134541 ], [ 175.664683505330743, -41.213971775021754 ], [ 175.663494714045527, -41.212880204171405 ], [ 175.663408126982233, -41.21278659169289 ], [ 175.662460143256197, -41.21156802084338 ], [ 175.662419891542839, -41.211505512194456 ], [ 175.661736046732273, -41.210189953215547 ], [ 175.661692010246043, -41.210080716724015 ], [ 175.661585311875456, -41.20971520620607 ], [ 175.661034534599906, -41.209061399317939 ], [ 175.660355153263652, -41.208139847344349 ], [ 175.660276410915912, -41.208016557341388 ], [ 175.659744369734653, -41.207041340828674 ], [ 175.659434819908427, -41.206363752221804 ], [ 175.659235227316628, -41.205959372030563 ], [ 175.659234114139309, -41.205957820928298 ], [ 175.658534027082567, -41.204791155337837 ], [ 175.658457721730173, -41.204635380259333 ], [ 175.657983876427352, -41.203405507337408 ], [ 175.65769623672378, -41.202396122284441 ], [ 175.657535585757358, -41.201700959204651 ], [ 175.65751941737085, -41.201610109227325 ], [ 175.65741641729241, -41.200198965239167 ], [ 175.657419277505312, -41.200106930319372 ], [ 175.657609818960111, -41.198700989769911 ], [ 175.657631611913672, -41.198610812683974 ], [ 175.657835254145425, -41.197922106636319 ], [ 175.658798569812205, -41.195174848347555 ], [ 175.659344923913494, -41.193968897305936 ], [ 175.659430242243928, -41.193816695095421 ], [ 175.66010719670021, -41.192813392083792 ], [ 175.659996308131809, -41.19222113972679 ], [ 175.659769797418221, -41.191254310487565 ], [ 175.65941594047743, -41.189921770554307 ], [ 175.659289005790356, -41.189348340727477 ], [ 175.65927570505329, -41.189273470375078 ], [ 175.659198012562541, -41.1886950486656 ], [ 175.659149614366072, -41.18816476715174 ], [ 175.658982864965253, -41.187656675329727 ], [ 175.658889948865834, -41.187350837070703 ], [ 175.658878790191864, -41.187310931224118 ], [ 175.658636943029791, -41.185909499720623 ], [ 175.65862729113789, -41.185766920113174 ], [ 175.658629411330736, -41.185708572845158 ], [ 175.65824272778903, -41.184781246191285 ], [ 175.658228737080577, -41.184747462291782 ], [ 175.658226929721025, -41.184743067701433 ], [ 175.658213114897677, -41.184709242518771 ], [ 175.657546744145463, -41.18306615692142 ], [ 175.657539844311003, -41.183049083010836 ], [ 175.657538950245311, -41.18304686273283 ], [ 175.657532095222706, -41.183029778520314 ], [ 175.656683474673969, -41.18090718617303 ], [ 175.656466917798411, -41.180196244462032 ], [ 175.656192478775608, -41.179887679444597 ], [ 175.65609040889214, -41.179721543136729 ], [ 175.655779297826967, -41.178896346384512 ], [ 175.655695947313689, -41.178836177296951 ], [ 175.655451172159758, -41.17873369296052 ], [ 175.655400356021971, -41.178711455493605 ], [ 175.653860246619757, -41.177909332417265 ], [ 175.653717221683678, -41.1778215740269 ], [ 175.652362197354847, -41.176847279352906 ], [ 175.652322966257429, -41.176814265071698 ], [ 175.652027560630188, -41.176555986988063 ], [ 175.650488040044735, -41.175157185301337 ], [ 175.650423555743401, -41.175098084017563 ], [ 175.650415216182921, -41.175090374053823 ], [ 175.650351399553614, -41.175030860511292 ], [ 175.649648721458107, -41.174369826849372 ], [ 175.648595480977434, -41.173201895864473 ], [ 175.648475122435087, -41.173042906818786 ], [ 175.647152707403336, -41.170408157284115 ], [ 175.647103267139812, -41.17022884628161 ], [ 175.646923125077535, -41.167414267738359 ], [ 175.646949433364341, -41.167232188345444 ], [ 175.647929045482812, -41.164513294517931 ], [ 175.648028517325571, -41.164346268973972 ], [ 175.650071862304998, -41.161989173177595 ], [ 175.650234754206139, -41.161853548197769 ], [ 175.653141757080334, -41.160088926149236 ], [ 175.653352123280911, -41.159997973905526 ], [ 175.656838262330155, -41.158998503910368 ], [ 175.657075515981802, -41.158961124289071 ], [ 175.657390730425732, -41.158949573912537 ], [ 175.657588927993515, -41.158177887121987 ], [ 175.657623913052618, -41.158046874300425 ], [ 175.657628628053089, -41.158029869073481 ], [ 175.657666181457472, -41.157899263017995 ], [ 175.65793944504324, -41.156981731592175 ], [ 175.658103584367211, -41.156177482171429 ], [ 175.658219424190179, -41.155783831012741 ], [ 175.656723835315631, -41.154008064905703 ], [ 175.656627286977226, -41.153840066883859 ], [ 175.655695194406519, -41.151111674635025 ], [ 175.655672060918135, -41.150929348806159 ], [ 175.655901067045789, -41.148116787128124 ], [ 175.655953602989285, -41.147937981376195 ], [ 175.656500919593554, -41.146586591902079 ], [ 175.657191474178887, -41.145262845631954 ], [ 175.657180811511864, -41.144773254515066 ], [ 175.657256664355231, -41.143599601372891 ], [ 175.657279621184898, -41.143448160909088 ], [ 175.657637537852821, -41.142061001304086 ], [ 175.657648539444153, -41.142031086910521 ], [ 175.658289080183806, -41.14070332810067 ], [ 175.658372813804192, -41.140564661420321 ], [ 175.659280189198455, -41.139328991825096 ], [ 175.659302878971516, -41.139303111203425 ], [ 175.660454739126607, -41.138189951331647 ], [ 175.660591047770282, -41.138077629655932 ], [ 175.661959022401987, -41.137114380842291 ], [ 175.661991178693256, -41.13709506677268 ], [ 175.662274942554291, -41.13695054859641 ], [ 175.66242638174657, -41.136237901566979 ], [ 175.662427919646802, -41.136230682847909 ], [ 175.662653698769532, -41.135177820722454 ], [ 175.662655600967582, -41.135168977759598 ], [ 175.662885835027254, -41.134107133883191 ], [ 175.662887959926138, -41.134097367011321 ], [ 175.663038316074619, -41.133412239605732 ], [ 175.663255923015953, -41.132634832289973 ], [ 175.663290047320544, -41.132534908543306 ], [ 175.663897920351189, -41.13119842050434 ], [ 175.66394034658839, -41.131124565866884 ], [ 175.664817225085926, -41.129876422578249 ], [ 175.664890514367869, -41.129789361063338 ], [ 175.665012212145314, -41.129667147177429 ], [ 175.664802225264651, -41.128987044488369 ], [ 175.664779495852116, -41.12891197986621 ], [ 175.664776596258918, -41.128902212092243 ], [ 175.66475471654428, -41.128827003268896 ], [ 175.664499153338824, -41.127930269537046 ], [ 175.664496404434544, -41.127920598459987 ], [ 175.664461326563043, -41.127796345252619 ], [ 175.66427724263022, -41.127524922691286 ], [ 175.664208689589344, -41.127400700171023 ], [ 175.663626470142049, -41.126057708689189 ], [ 175.663611177461433, -41.126010089756072 ], [ 175.663503683701919, -41.125641928036025 ], [ 175.662965737809884, -41.12359699162333 ], [ 175.662818439633753, -41.123053700855486 ], [ 175.66252817878879, -41.121984294174482 ], [ 175.662293982633429, -41.121140872800765 ], [ 175.662291383829768, -41.121131488657703 ], [ 175.662291046843933, -41.121130268582931 ], [ 175.662288461250455, -41.121120882344897 ], [ 175.662086052369034, -41.120384124210929 ], [ 175.661941056436547, -41.119739722118481 ], [ 175.661926249222972, -41.119655543230635 ], [ 175.661843441226324, -41.119004885565168 ], [ 175.661809522655318, -41.118575392765315 ], [ 175.661491128676602, -41.117664009838194 ], [ 175.661384657892, -41.117593290841214 ], [ 175.661229924484815, -41.117452379061824 ], [ 175.659327232794709, -41.115029558246732 ], [ 175.659237660662228, -41.114859381670165 ], [ 175.658418180807132, -41.112110478977499 ], [ 175.658402530480998, -41.111927698134103 ], [ 175.658746339925528, -41.109121817647832 ], [ 175.658806133416675, -41.108944324730615 ], [ 175.659096206548185, -41.108434756726822 ], [ 175.65882079048373, -41.108204546233345 ], [ 175.658497861242722, -41.107943076071429 ], [ 175.657875373189825, -41.10739674900578 ], [ 175.657798336770014, -41.107323391480499 ], [ 175.657235648914536, -41.10674114155514 ], [ 175.656561137032043, -41.105981052060983 ], [ 175.6548723317986, -41.104081555754966 ], [ 175.654833488671244, -41.104037586896283 ], [ 175.654828461296603, -41.1040318597802 ], [ 175.654789960198542, -41.103987719161019 ], [ 175.654377536513806, -41.103511847156213 ], [ 175.653927545118847, -41.103007973749506 ], [ 175.653898769568912, -41.102975601377977 ], [ 175.653895040816195, -41.102971386861888 ], [ 175.653866450939802, -41.102938920524657 ], [ 175.651990960817784, -41.100799021384702 ], [ 175.65147126639053, -41.10038736049205 ], [ 175.651452334105272, -41.100372329042393 ], [ 175.651449875888432, -41.100370372809707 ], [ 175.651430989453047, -41.100355308371661 ], [ 175.651313243682552, -41.100261173212388 ], [ 175.651184534586065, -41.100582476838447 ], [ 175.650925002912459, -41.101307944936423 ], [ 175.650919853544849, -41.101322291804564 ], [ 175.650919182092537, -41.101324156478043 ], [ 175.650914001424525, -41.101338496894286 ], [ 175.650855946055884, -41.101498677365932 ], [ 175.650831265389257, -41.101572572713984 ], [ 175.650801003342423, -41.101661276753745 ], [ 175.650571488592107, -41.102320153816521 ], [ 175.650555454779578, -41.102365698197701 ], [ 175.65055201311597, -41.102375372440584 ], [ 175.65052511784387, -41.102449704013623 ], [ 175.650431820919408, -41.102703285371113 ], [ 175.650178760817369, -41.10342218452697 ], [ 175.649844155091273, -41.104378675719801 ], [ 175.649841625648833, -41.104385894230887 ], [ 175.649511911160118, -41.105322821412543 ], [ 175.649176694916264, -41.106282685893177 ], [ 175.649112196742351, -41.106269799132768 ], [ 175.649062248700147, -41.106521754041125 ], [ 175.649094722644691, -41.10652832418792 ], [ 175.648843414253008, -41.107238936341908 ], [ 175.648841817076772, -41.107243468118043 ], [ 175.648729090516923, -41.107562087472736 ], [ 175.649945950790311, -41.109325374579754 ], [ 175.650023046652251, -41.109499008439855 ], [ 175.65064205434166, -41.112277743498367 ], [ 175.650644437008282, -41.112460897984086 ], [ 175.650097788657263, -41.115248302517188 ], [ 175.65002521488509, -41.115423049110483 ], [ 175.648366275358597, -41.117946253755484 ], [ 175.648225841076709, -41.118095484775004 ], [ 175.645616909437109, -41.12010745383327 ], [ 175.645422358243337, -41.12021655791871 ], [ 175.644933611064431, -41.120409449478402 ], [ 175.644916939514161, -41.120434767068446 ], [ 175.642754477395187, -41.122729644975834 ], [ 175.642677273782738, -41.122789108879012 ], [ 175.641658903268961, -41.124750822732501 ], [ 175.641536208805149, -41.124908750066901 ], [ 175.641015041321737, -41.125387954091508 ], [ 175.641237712132664, -41.125924830967925 ], [ 175.641273149397335, -41.126106022852795 ], [ 175.64123491979376, -41.128923758840685 ], [ 175.641194572038899, -41.129104362761048 ], [ 175.640006569064923, -41.131775247049035 ], [ 175.639894376414844, -41.131937582857695 ], [ 175.637672770474722, -41.134200134350728 ], [ 175.637499709573888, -41.134328308323582 ], [ 175.634461925792067, -41.135960997458724 ], [ 175.634282319042967, -41.136028425528849 ], [ 175.634262032965836, -41.137027295859596 ], [ 175.634220463917302, -41.13720774148468 ], [ 175.633014334786111, -41.139874007235562 ], [ 175.632901036051607, -41.140035908316122 ], [ 175.63066394233627, -41.142289866671312 ], [ 175.630489998915493, -41.142417372015821 ], [ 175.628844202476586, -41.143292325972737 ], [ 175.628824305031543, -41.143754507569682 ], [ 175.628778637259359, -41.143934386250763 ], [ 175.627511970515314, -41.146584587445567 ], [ 175.62739499754619, -41.146744992771495 ], [ 175.625942976333562, -41.148156647026887 ], [ 175.625422387476817, -41.150325074578063 ], [ 175.625321635083623, -41.150761696910358 ], [ 175.625226467853025, -41.151190498750282 ], [ 175.625095043138913, -41.151795145314004 ], [ 175.625092324123273, -41.151807600014976 ], [ 175.625091969150333, -41.151809218937395 ], [ 175.625089227043844, -41.151821670735323 ], [ 175.624794106557971, -41.153155997574437 ], [ 175.624676160187505, -41.153615490352259 ], [ 175.62465878447648, -41.153674883029908 ], [ 175.624592668378796, -41.153875942464055 ], [ 175.624722518287456, -41.154023542614851 ], [ 175.624754785937654, -41.154065725397359 ], [ 175.624994063025724, -41.154394113396897 ], [ 175.625777116780512, -41.155523783953875 ], [ 175.626292042336559, -41.15626534681499 ], [ 175.626879195449021, -41.15710616978523 ], [ 175.627491727415077, -41.158134593950962 ], [ 175.627559991700593, -41.158271525458531 ], [ 175.627997676906773, -41.159349740670415 ], [ 175.628128901445393, -41.159763910558759 ], [ 175.628420798618009, -41.159957447147185 ], [ 175.629332393075885, -41.16055748063193 ], [ 175.629712953397643, -41.160803631735028 ], [ 175.629731369234179, -41.160815567811454 ], [ 175.629733761199475, -41.160817121340173 ], [ 175.629752144829382, -41.160829085705672 ], [ 175.630566478813392, -41.161360152188045 ], [ 175.631504874156377, -41.161969824667821 ], [ 175.63154907010798, -41.161998680805027 ], [ 175.63155480338699, -41.162002442718823 ], [ 175.63159881172777, -41.162031462178554 ], [ 175.632392363854422, -41.162557323557564 ], [ 175.632732059042894, -41.162758863101637 ], [ 175.63429081997586, -41.163660415064648 ], [ 175.634296551911746, -41.163663732255927 ], [ 175.635741118637668, -41.164501052020142 ], [ 175.636166934246489, -41.164759790573093 ], [ 175.636221241417815, -41.164794367459429 ], [ 175.636630920777861, -41.165067581065983 ], [ 175.637470290220392, -41.165653746017789 ], [ 175.638185102531537, -41.166197303823949 ], [ 175.638273886368182, -41.166270822853036 ], [ 175.638844414057445, -41.166785631417376 ], [ 175.640156207600512, -41.167773490715838 ], [ 175.640313944275334, -41.167912560912043 ], [ 175.642267939167908, -41.17031260905965 ], [ 175.642361093569463, -41.17048170440647 ], [ 175.643238062498455, -41.173220546225565 ], [ 175.643257508806926, -41.173403117043847 ], [ 175.642971470643403, -41.176212679603758 ], [ 175.64291529537519, -41.176390855036381 ], [ 175.64149409899386, -41.178996107711946 ], [ 175.641367792104063, -41.179152444876195 ], [ 175.638950447850362, -41.18129832547379 ], [ 175.638766368728227, -41.181417517590333 ], [ 175.635589481742244, -41.18289391561413 ], [ 175.635365651074835, -41.182964291643302 ], [ 175.631740268924176, -41.183626637060357 ], [ 175.631498604042861, -41.183641305553209 ], [ 175.627779741823048, -41.183424739394454 ], [ 175.627543908521091, -41.183382264051893 ], [ 175.624095744978206, -41.182307996432058 ], [ 175.623888837134501, -41.182212536869962 ], [ 175.622373754538813, -41.181383587405051 ], [ 175.62137812849889, -41.180743122102875 ], [ 175.620465145424816, -41.180090007235741 ], [ 175.620352707195025, -41.180000615736645 ], [ 175.619560674452885, -41.179300405594496 ], [ 175.618853615494174, -41.178890505885832 ], [ 175.617238048356256, -41.177955963725246 ], [ 175.617179903319709, -41.1779221131372 ], [ 175.61717236247452, -41.177917695017328 ], [ 175.617114494508115, -41.177883574530568 ], [ 175.616442122644258, -41.17748459879742 ], [ 175.616190314429844, -41.177330955707816 ], [ 175.616157944345872, -41.177310650002674 ], [ 175.615911751274666, -41.177151897641437 ], [ 175.614905732445322, -41.176485127805151 ], [ 175.614005567813194, -41.175900193491934 ], [ 175.613996135665644, -41.175894057924367 ], [ 175.613184104546207, -41.17536440789555 ], [ 175.612781494626546, -41.175103950492307 ], [ 175.612742449014803, -41.175078580174585 ], [ 175.612737382539791, -41.175075273762772 ], [ 175.6126984823822, -41.175049776206336 ], [ 175.611728291959707, -41.174411062737533 ], [ 175.611712150945323, -41.174400417020834 ], [ 175.61171005426192, -41.174399031653891 ], [ 175.611693938608227, -41.174388364033035 ], [ 175.610524954440137, -41.1736131455379 ], [ 175.610055310444267, -41.173304686068683 ], [ 175.610037556839956, -41.173293002232015 ], [ 175.610035250856129, -41.173291481610164 ], [ 175.610017527786482, -41.173279771264411 ], [ 175.60950047424177, -41.172937448683371 ], [ 175.609081650613916, -41.172646516475119 ], [ 175.609028429017769, -41.172607735199925 ], [ 175.608628458861801, -41.172302032475763 ], [ 175.607776211810972, -41.171618762761703 ], [ 175.607673474987394, -41.171846123722091 ], [ 175.607535405113424, -41.172109149302138 ], [ 175.607310629731757, -41.172550897172236 ], [ 175.606965942771126, -41.173236947562685 ], [ 175.606706101914455, -41.173925778106664 ], [ 175.606446789159918, -41.174531187107156 ], [ 175.606409442857654, -41.174608892763835 ], [ 175.605955098064442, -41.175426367156284 ], [ 175.605936474542204, -41.175455734966029 ], [ 175.605789057381713, -41.175680135506084 ], [ 175.605530355054555, -41.176060552684028 ], [ 175.60534767817208, -41.176990970264974 ], [ 175.605292910399413, -41.177282836437612 ], [ 175.605213469324895, -41.178230266904286 ], [ 175.60512685419954, -41.178884099193347 ], [ 175.605111507827502, -41.178968674130914 ], [ 175.604962024275039, -41.179615994649069 ], [ 175.604608156188164, -41.180875129735199 ], [ 175.60446156745391, -41.181640605144409 ], [ 175.60445506719617, -41.181674104123225 ], [ 175.604454211330676, -41.181678457775021 ], [ 175.604447544427188, -41.181711938054576 ], [ 175.604301525695348, -41.182435961777493 ], [ 175.604159290093293, -41.183180291941454 ], [ 175.604150750625053, -41.183224213388321 ], [ 175.60414962187383, -41.183229921074755 ], [ 175.604140795938235, -41.183273810188282 ], [ 175.603986593143873, -41.184028088038694 ], [ 175.603742647531959, -41.184919771325646 ], [ 175.603703268760881, -41.185034184389217 ], [ 175.603341385575192, -41.185902701728494 ], [ 175.603131011881118, -41.18633072046778 ], [ 175.603627710427901, -41.186594937445314 ], [ 175.603635976827832, -41.186599338628611 ], [ 175.605074963260648, -41.187367223594272 ], [ 175.605083773533522, -41.187371929377271 ], [ 175.60517161307456, -41.187418961286454 ], [ 175.606810051832241, -41.188027645609843 ], [ 175.608588195445861, -41.188674961177426 ], [ 175.609131801553332, -41.188885983882578 ], [ 175.609201493684424, -41.188914766497916 ], [ 175.609730074331537, -41.189146553334965 ], [ 175.609745229791884, -41.189153597448083 ], [ 175.610808538591243, -41.189313898522208 ], [ 175.610898044776121, -41.189333013248792 ], [ 175.611580710112634, -41.189495667642738 ], [ 175.612138947883665, -41.189642729661799 ], [ 175.612249414166456, -41.189672291265829 ], [ 175.612263749442008, -41.189676187488821 ], [ 175.612373825860715, -41.189706567777428 ], [ 175.612879628224022, -41.189848296193517 ], [ 175.613657420285165, -41.190090135612323 ], [ 175.613756940772475, -41.190124227768244 ], [ 175.615394960298801, -41.190807089498392 ], [ 175.615506784783292, -41.190862772281918 ], [ 175.616983265299893, -41.191730770821927 ], [ 175.617012169533041, -41.191750701833712 ], [ 175.617539267505862, -41.192016955169933 ], [ 175.617578320024649, -41.192036765941012 ], [ 175.617583390108024, -41.192039348895314 ], [ 175.617622338871683, -41.192059275882848 ], [ 175.618390386586981, -41.192453891496825 ], [ 175.619850104096571, -41.193337954896556 ], [ 175.620026801506384, -41.193463386188157 ], [ 175.622312196547085, -41.195690538351535 ], [ 175.622428942187327, -41.195851072905903 ], [ 175.623691466787648, -41.198502647414166 ], [ 175.623736827215254, -41.19868257407375 ], [ 175.623852776730899, -41.201499050874595 ], [ 175.623822302325891, -41.201680758397622 ], [ 175.622780173911167, -41.204386442277048 ], [ 175.62267683803509, -41.204552142776485 ], [ 175.620578515021037, -41.20688214986798 ], [ 175.620412426664302, -41.207015620428756 ], [ 175.618877231414046, -41.207914216414387 ], [ 175.618950238324942, -41.207962476131584 ], [ 175.618986140539249, -41.207988041259348 ], [ 175.619926862441616, -41.208739492388901 ], [ 175.620009706334315, -41.208813783450829 ], [ 175.620897912526004, -41.209719797554342 ], [ 175.62093346366774, -41.209761255675893 ], [ 175.621385524905008, -41.210333807324538 ], [ 175.621409211006551, -41.210366499133727 ], [ 175.621996456381083, -41.211300693186573 ], [ 175.622044850743947, -41.21139068018676 ], [ 175.622518894209747, -41.212459617857647 ], [ 175.622535742494335, -41.212507342899585 ], [ 175.62265508659317, -41.212876523736192 ], [ 175.62277109794988, -41.213271371589109 ], [ 175.622810641730013, -41.213411198555242 ], [ 175.622815591039796, -41.213429405726721 ], [ 175.622852190480245, -41.213569689092132 ], [ 175.622922476464822, -41.213850838510837 ], [ 175.623239055543849, -41.214575736632732 ], [ 175.623272966381506, -41.214680370175458 ], [ 175.623573867158541, -41.216075257977565 ], [ 175.623582203297104, -41.216150983892788 ], [ 175.623590425285386, -41.21756424182837 ], [ 175.623579857000578, -41.217671667092795 ], [ 175.623295177753732, -41.219068495798432 ], [ 175.623272114288142, -41.219142460445127 ], [ 175.623070223361395, -41.219707067530258 ], [ 175.622919709839806, -41.220079487141447 ], [ 175.622234611031615, -41.221394688365088 ], [ 175.622128382298854, -41.221559351775781 ], [ 175.619989268283604, -41.223868391779874 ], [ 175.619820835284912, -41.224000207260126 ], [ 175.616841200551477, -41.225697074690999 ], [ 175.616627050528933, -41.225783135461427 ], [ 175.613098607624664, -41.22670167477213 ], [ 175.612859708870019, -41.226733553574981 ], [ 175.609127968990549, -41.226783818376603 ], [ 175.608887716108768, -41.226758393552821 ], [ 175.605318121194898, -41.225935463949405 ], [ 175.605100041434667, -41.225855225444263 ], [ 175.602683880703864, -41.224578746777595 ], [ 175.602405140039593, -41.224570429145174 ], [ 175.601479830586158, -41.224553801747788 ], [ 175.600811901267321, -41.224724688688013 ], [ 175.600576740380205, -41.224769679453843 ], [ 175.596859992230264, -41.225025962261427 ], [ 175.596617926387552, -41.225013877980281 ], [ 175.595292653498603, -41.224786855785332 ], [ 175.595039125563915, -41.224808530028639 ], [ 175.594945077391003, -41.224816285057983 ], [ 175.594932846024022, -41.224817256586391 ], [ 175.594838719320876, -41.224824448147956 ], [ 175.593626597959172, -41.224913386132862 ], [ 175.593589420829659, -41.224916069409232 ], [ 175.593584587092721, -41.224916412521409 ], [ 175.593547399038613, -41.224919007894052 ], [ 175.592464079078951, -41.224993316883648 ], [ 175.590673681318265, -41.22501422247845 ], [ 175.59055254821061, -41.225008758878388 ], [ 175.590112947795205, -41.225112584694351 ], [ 175.589370497838019, -41.225290665376079 ], [ 175.589320391783531, -41.225302591731541 ], [ 175.589313873504778, -41.22530413131917 ], [ 175.589263698348077, -41.22531589092705 ], [ 175.588198530996976, -41.225563588998966 ], [ 175.587995936460715, -41.225609219756983 ], [ 175.587969531597224, -41.225614975066534 ], [ 175.586135884678868, -41.225899216149969 ], [ 175.585922123434159, -41.225919323798877 ], [ 175.584052149876271, -41.225983467300367 ], [ 175.584024681619468, -41.225982779620182 ], [ 175.582164446598966, -41.225825248766036 ], [ 175.581952919848362, -41.225794493877522 ], [ 175.580535894143139, -41.225499790044552 ], [ 175.580218613282341, -41.225859586078862 ], [ 175.579614248684493, -41.226658129017061 ], [ 175.579222058871125, -41.227140469973243 ], [ 175.579168515725854, -41.227201903423577 ], [ 175.578736964680019, -41.227664692321227 ], [ 175.578544766276963, -41.227857623870108 ], [ 175.578531588144045, -41.227880459194978 ], [ 175.577818952648585, -41.229192346198161 ], [ 175.577814045722192, -41.229201365404151 ], [ 175.5772872848855, -41.230165781603432 ], [ 175.576616475348146, -41.231200581747046 ], [ 175.57651825137097, -41.231330353043504 ], [ 175.575677921014631, -41.232292033182162 ], [ 175.574859871002076, -41.233109210702516 ], [ 175.574599699440995, -41.23337303646155 ], [ 175.573566526493011, -41.234286556425921 ], [ 175.573422341768492, -41.234398038873508 ], [ 175.572013402084508, -41.235328668435528 ], [ 175.571984038578279, -41.235345181465568 ], [ 175.571510961572841, -41.235569938550732 ], [ 175.570549306828042, -41.236403995923546 ], [ 175.569970346262551, -41.236846158346992 ], [ 175.56995142407979, -41.236860576869546 ], [ 175.569948961401138, -41.23686244918229 ], [ 175.569929996219997, -41.236876835471207 ], [ 175.569333099946391, -41.237328594931476 ], [ 175.568715383192938, -41.237798825358723 ], [ 175.56870561864659, -41.237806249805786 ], [ 175.568704348515922, -41.237807214424912 ], [ 175.568694572590516, -41.237814630272069 ], [ 175.56687995657245, -41.239189524223583 ], [ 175.567044465000293, -41.239325271821357 ], [ 175.567396086632243, -41.239665584475567 ], [ 175.56739784613265, -41.239664435472726 ], [ 175.568756982931035, -41.240850238375145 ], [ 175.568757794841503, -41.24085094598427 ], [ 175.568779525493994, -41.24086993842468 ], [ 175.569201582144331, -41.24123985062603 ], [ 175.569201622445291, -41.241239885947778 ], [ 175.569447767788148, -41.241455621662134 ], [ 175.569679016393764, -41.241629221351047 ], [ 175.569801967087272, -41.241602373070258 ], [ 175.569818142686614, -41.241599858994519 ], [ 175.571675979945582, -41.241424299062487 ], [ 175.571902068592493, -41.24141644035258 ], [ 175.573773418317359, -41.241462376024167 ], [ 175.573789831558287, -41.241463757333641 ], [ 175.57391601233752, -41.241474890041616 ], [ 175.574553945812227, -41.241533771640178 ], [ 175.576030744351698, -41.241666511360087 ], [ 175.576059190605747, -41.241669094164031 ], [ 175.576062888077189, -41.241669433278531 ], [ 175.576091325999329, -41.241672067620911 ], [ 175.577595982097506, -41.241812825186706 ], [ 175.577622353318219, -41.241815314492406 ], [ 175.577625781096884, -41.241815640983226 ], [ 175.577652144932529, -41.2418181746133 ], [ 175.579877747340504, -41.242033939532497 ], [ 175.58127348118424, -41.242233580793972 ], [ 175.581452241188259, -41.242267579057994 ], [ 175.582806663811311, -41.242590988573852 ], [ 175.584071297952107, -41.242956762802301 ], [ 175.585054270950849, -41.243213989367348 ], [ 175.585937306577733, -41.243436916963248 ], [ 175.586095523465161, -41.243477791518373 ], [ 175.586116041335231, -41.243483213716658 ], [ 175.586273483991107, -41.243525757597972 ], [ 175.587930127049134, -41.243983306482598 ], [ 175.587930238769275, -41.243983337338079 ], [ 175.588874556211437, -41.244244148738773 ], [ 175.589305415540593, -41.244370337924487 ], [ 175.589360985551707, -41.244387554796006 ], [ 175.590258630440076, -41.244699029893106 ], [ 175.59031951043508, -41.244722505395544 ], [ 175.590782544928999, -41.244910877709216 ], [ 175.591641617475801, -41.245279028384395 ], [ 175.592131648357196, -41.245500899287599 ], [ 175.59219440132469, -41.245530876758302 ], [ 175.593693158342035, -41.246378048527973 ], [ 175.59382009568705, -41.246462304008915 ], [ 175.595124854231017, -41.247475985750697 ], [ 175.595172265681867, -41.247519130860525 ], [ 175.595526438956682, -41.247857608370438 ], [ 175.59656742235444, -41.248902952648734 ], [ 175.597143067188455, -41.249535389925342 ], [ 175.597213129823757, -41.249619861005144 ], [ 175.597715371194994, -41.250286979156783 ], [ 175.598182584003268, -41.250974152691725 ], [ 175.598432542062596, -41.25136465375008 ], [ 175.598463398931926, -41.251415979684701 ], [ 175.598688161807672, -41.251815108442329 ], [ 175.598946981124982, -41.25230730292396 ], [ 175.599213036891456, -41.252612937420515 ], [ 175.599728606271015, -41.253149602149215 ], [ 175.601019397605143, -41.254475795739381 ], [ 175.601594996918607, -41.255066814179237 ], [ 175.602097154955402, -41.255522125145113 ], [ 175.602149630778882, -41.255570040271074 ], [ 175.602156424075133, -41.255576286927258 ], [ 175.602208460501657, -41.255624474204495 ], [ 175.603817808731719, -41.257125278931788 ], [ 175.605945736688767, -41.258410151356159 ], [ 175.606834734191267, -41.258943416791077 ], [ 175.607109829043281, -41.259093708796236 ], [ 175.607132312267396, -41.258815537661889 ], [ 175.607219393496678, -41.25819464656017 ], [ 175.606972791715236, -41.256510073879866 ], [ 175.606984209353698, -41.256327119664839 ], [ 175.607741150417411, -41.25356782527502 ], [ 175.60782692194627, -41.253396487213948 ], [ 175.609676575133619, -41.250948734352384 ], [ 175.609828297215842, -41.250805781602338 ], [ 175.612589530252279, -41.24890912288469 ], [ 175.612792349279147, -41.248808544952396 ], [ 175.616038573974208, -41.247701875105868 ], [ 175.616042490078797, -41.24769995401001 ], [ 175.616255713698536, -41.247612493284628 ], [ 175.619774531717752, -41.246670750965741 ], [ 175.620013123970494, -41.246637292052768 ], [ 175.623745270619111, -41.246562198156695 ], [ 175.623985885911424, -41.246586015044244 ], [ 175.6275661859639, -41.247384919627898 ], [ 175.627785280876054, -41.247463682074375 ], [ 175.630863396589376, -41.24905841590747 ], [ 175.631039530773791, -41.249184417113945 ], [ 175.63331420691793, -41.251418930790699 ], [ 175.633430139466554, -41.251579840644318 ], [ 175.634678672341863, -41.25423545907902 ], [ 175.634723049317245, -41.254415529673778 ], [ 175.634823102759555, -41.257232336662234 ], [ 175.634791570753379, -41.257413942640468 ], [ 175.633733197458128, -41.260116210184485 ], [ 175.633628833353185, -41.260281573567724 ], [ 175.632647391601211, -41.261360497770276 ], [ 175.632665313729888, -41.262065983941667 ], [ 175.632657795405805, -41.262205548507232 ], [ 175.632514786625251, -41.263276509461676 ], [ 175.632367457842264, -41.263964425218489 ], [ 175.632297281929169, -41.26426058937696 ], [ 175.632287309399459, -41.26429896501346 ], [ 175.631783803475599, -41.265660207200739 ], [ 175.631718038429881, -41.265795846301799 ], [ 175.630938477184941, -41.267080892708215 ], [ 175.630913274376297, -41.267115064519174 ], [ 175.630713585907046, -41.267375480881334 ], [ 175.629988909210766, -41.26828512280882 ], [ 175.629860408985536, -41.268442728366665 ], [ 175.629843426726268, -41.268463085447856 ], [ 175.629710661417903, -41.268618665749365 ], [ 175.629439996504402, -41.268928793852545 ], [ 175.629334680990723, -41.269084509835587 ], [ 175.62924704238614, -41.269211037218398 ], [ 175.629170014977689, -41.269666663038954 ], [ 175.629140536840623, -41.269790717843719 ], [ 175.629355183733907, -41.269880319378217 ], [ 175.63383907424523, -41.271460376829353 ], [ 175.634964849031235, -41.271913844559791 ], [ 175.635106612186831, -41.271978519612617 ], [ 175.636628592173366, -41.272802435810128 ], [ 175.636688017073283, -41.272840269225732 ], [ 175.63802046111266, -41.273833650431854 ], [ 175.638128803010773, -41.273928207583083 ], [ 175.639238903583674, -41.275066600230396 ], [ 175.63927992688113, -41.275116435033262 ], [ 175.640140341525807, -41.276371815649284 ], [ 175.640204655771328, -41.276487001512997 ], [ 175.640636517622397, -41.277393023567178 ], [ 175.641352660316159, -41.279192120165931 ], [ 175.641356144663433, -41.279200889490532 ], [ 175.641356596860277, -41.279202029675588 ], [ 175.641360069387389, -41.279210801659595 ], [ 175.641560655400127, -41.279718440725041 ], [ 175.643040410610865, -41.28040900041934 ], [ 175.645453470841375, -41.281513020297368 ], [ 175.646131561610474, -41.280511528680854 ], [ 175.646434966691402, -41.280013738686868 ], [ 175.646667575751934, -41.279653440308941 ], [ 175.646699180852551, -41.279607132049613 ], [ 175.646952804022476, -41.279254995620406 ], [ 175.647410431923618, -41.278651984525617 ], [ 175.647636213023759, -41.278366799949801 ], [ 175.647666460580098, -41.27833014677875 ], [ 175.64790602646346, -41.278051436385482 ], [ 175.648291015717746, -41.277621131395662 ], [ 175.64877036157057, -41.277037745541747 ], [ 175.648850499592101, -41.276941572431909 ], [ 175.648861021617392, -41.276929119982917 ], [ 175.648942760905868, -41.276833716953213 ], [ 175.649470689533814, -41.276225971889289 ], [ 175.649981533522748, -41.275631346466831 ], [ 175.649982650789269, -41.275630046189214 ], [ 175.65051185739577, -41.27501444307498 ], [ 175.65053994509671, -41.274981923191355 ], [ 175.650543608554273, -41.274977701561021 ], [ 175.650571881738529, -41.274945273285667 ], [ 175.651045478409941, -41.274404610997053 ], [ 175.651495850035047, -41.273872012015538 ], [ 175.652012005956578, -41.273258235551054 ], [ 175.652074811951593, -41.273184348507534 ], [ 175.652083038567213, -41.273174773432714 ], [ 175.652146795888711, -41.273101351632484 ], [ 175.652604344279638, -41.272580001099186 ], [ 175.653648625260018, -41.271557601949446 ], [ 175.653796273717347, -41.271432692027055 ], [ 175.654453964505109, -41.270950753139857 ], [ 175.656358479201771, -41.268710156420894 ], [ 175.65641602292726, -41.268643111369904 ], [ 175.656423554680941, -41.268634420709589 ], [ 175.657568493589082, -41.267515895763211 ], [ 175.657722357484801, -41.267387770889897 ], [ 175.659085066705899, -41.266418135066516 ], [ 175.659095788654639, -41.266411625519794 ], [ 175.659178559406001, -41.266361827994629 ], [ 175.659842238092523, -41.26596615238023 ], [ 175.660494875845359, -41.265563347284164 ], [ 175.660623661623902, -41.265484977992905 ], [ 175.66064049652465, -41.265474878008405 ], [ 175.660770709220401, -41.265397862920992 ], [ 175.661505277116902, -41.264969560229531 ], [ 175.662086620315847, -41.264624117683788 ], [ 175.662707143444067, -41.264236813781977 ], [ 175.662835396336817, -41.264157886375216 ], [ 175.662852162660272, -41.26414771350764 ], [ 175.662981853206531, -41.264070135257597 ], [ 175.663624324711151, -41.26369126016251 ], [ 175.664267622066177, -41.263297300192036 ], [ 175.664314048420465, -41.263269012983123 ], [ 175.664320095988217, -41.263265347050833 ], [ 175.664366709138335, -41.263237235301403 ], [ 175.665105438139904, -41.262793991088685 ], [ 175.665862539877168, -41.262334508883903 ], [ 175.665896908971007, -41.262313728814725 ], [ 175.665901383540074, -41.262311033634688 ], [ 175.665935853970495, -41.26229034939567 ], [ 175.666686812031259, -41.261841429564193 ], [ 175.667411101133382, -41.261403689146327 ], [ 175.668172608005762, -41.260938671990544 ], [ 175.668196354636393, -41.26092426931644 ], [ 175.668980719228273, -41.258581174529418 ], [ 175.669076245259021, -41.258412796167327 ], [ 175.67106471952394, -41.256027717174433 ], [ 175.671224511799409, -41.255889851992464 ], [ 175.674092184575443, -41.254085132468468 ], [ 175.674300600372561, -41.253991271923397 ], [ 175.677766794443698, -41.252943514500579 ], [ 175.678003437535153, -41.252902843078694 ], [ 175.68172897076181, -41.252714571712104 ], [ 175.681970686044963, -41.252731069123342 ], [ 175.685591029700106, -41.253420707769742 ], [ 175.685814166278675, -41.253492759955215 ], [ 175.688975069479795, -41.254992831151661 ], [ 175.689157792007251, -41.255113387965196 ], [ 175.691549907265966, -41.257277106860521 ], [ 175.691618206325046, -41.257363433125363 ], [ 175.691753278691806, -41.257355309664753 ], [ 175.691995998055688, -41.257355127929195 ], [ 175.695684775265363, -41.257793113233468 ], [ 175.695915694734424, -41.257849532293122 ], [ 175.699244695902337, -41.259126157185861 ], [ 175.69944121952318, -41.259233656675057 ], [ 175.702084666853295, -41.261224003786637 ], [ 175.702227560474682, -41.261372064527293 ], [ 175.703926692281499, -41.263881362063294 ], [ 175.704001965199467, -41.264055494373238 ], [ 175.70459036628634, -41.266838159880265 ], [ 175.704590642002245, -41.267021320574536 ], [ 175.704207248697344, -41.268861181670566 ], [ 175.704444509592378, -41.270084118835797 ], [ 175.704460715554404, -41.270266870982482 ], [ 175.704123990494082, -41.273073252246043 ], [ 175.704064547401003, -41.273250837856217 ], [ 175.702594727797447, -41.275841346436692 ], [ 175.702465445564542, -41.275996380275956 ], [ 175.700006303731698, -41.278117396135372 ], [ 175.699819833211365, -41.278234698953248 ], [ 175.696612069585143, -41.27967854518932 ], [ 175.696386665817528, -41.279746630891005 ], [ 175.692744354238016, -41.280371924414879 ], [ 175.69250208875556, -41.280384125805973 ], [ 175.688781903863202, -41.280129635773413 ], [ 175.688546501331871, -41.280084758144021 ], [ 175.685112751334572, -41.278975408360971 ], [ 175.684907263383224, -41.27887784656717 ], [ 175.682162197386305, -41.277065856044963 ], [ 175.681763734437908, -41.277304086036942 ], [ 175.681015605113771, -41.277758184103135 ], [ 175.6809897421345, -41.277773837577605 ], [ 175.68098637620642, -41.277775869003008 ], [ 175.680960455676853, -41.2777914682271 ], [ 175.680243770095302, -41.278221543956462 ], [ 175.679559003911066, -41.278640956647266 ], [ 175.679473465778557, -41.278692856882593 ], [ 175.679462304929473, -41.278699565201926 ], [ 175.679376137691861, -41.278750869878905 ], [ 175.678780400096571, -41.279102231931979 ], [ 175.678178029554118, -41.279478257857569 ], [ 175.678067034878552, -41.279546701992835 ], [ 175.678052535260832, -41.279555534052214 ], [ 175.677940458895335, -41.279622967752694 ], [ 175.677193310753893, -41.280066992584779 ], [ 175.677150217043504, -41.280092481931121 ], [ 175.677144604813577, -41.280095785836323 ], [ 175.677101356525299, -41.280121125800555 ], [ 175.676636531125837, -41.280392186254169 ], [ 175.675625384175049, -41.281582177426557 ], [ 175.675601673961609, -41.281609968324673 ], [ 175.67559858285486, -41.281613576863649 ], [ 175.67557473757995, -41.281641301949648 ], [ 175.674846356829818, -41.282484788480552 ], [ 175.673783508351192, -41.283537465526507 ], [ 175.673632790156915, -41.283665938632971 ], [ 175.672957556204778, -41.284162643033916 ], [ 175.672954154268211, -41.284166684300494 ], [ 175.672953116103685, -41.284167915871514 ], [ 175.672945122379218, -41.284177385757118 ], [ 175.672431315394107, -41.284785231311815 ], [ 175.672379335909227, -41.284846181125928 ], [ 175.672372536415793, -41.284854083964738 ], [ 175.672319908309191, -41.284914716285819 ], [ 175.672298801363098, -41.284938821166492 ], [ 175.672311491038556, -41.285181143429874 ], [ 175.672302008774096, -41.285364162627694 ], [ 175.672043333260433, -41.286346141501873 ], [ 175.673982094428908, -41.288377576687317 ], [ 175.67409139062633, -41.28854113481124 ], [ 175.675230335753923, -41.291224828623413 ], [ 175.67526727800049, -41.291405855777924 ], [ 175.675261093302538, -41.292474820660615 ], [ 175.676578801028768, -41.293963938383214 ], [ 175.676680355305308, -41.294130314216744 ], [ 175.67769261870265, -41.296842755412008 ], [ 175.677721036930848, -41.297024655964456 ], [ 175.677572364984002, -41.29984025092746 ], [ 175.677524855517447, -41.300019871234007 ], [ 175.676229648239456, -41.302663003062143 ], [ 175.67611085238056, -41.302822759050635 ], [ 175.6737957788188, -41.305034660547747 ], [ 175.67361732003269, -41.305158910894633 ], [ 175.670508962931734, -41.306723009409112 ], [ 175.670288311011632, -41.30679958787956 ], [ 175.667043083339422, -41.307488040774565 ], [ 175.667089088821115, -41.308013877310927 ], [ 175.66715658656301, -41.308674776230333 ], [ 175.66716073693226, -41.308716691234409 ], [ 175.667161259615028, -41.308722141104532 ], [ 175.667149358352134, -41.310135376434097 ], [ 175.667129369250091, -41.310312495413896 ], [ 175.666824399245144, -41.311706926661017 ], [ 175.666822662735058, -41.311712231573836 ], [ 175.666809178664693, -41.31175301509375 ], [ 175.666474499777536, -41.312755286950861 ], [ 175.666392240296545, -41.312979635382277 ], [ 175.666404148972418, -41.312989981245053 ], [ 175.667517897124924, -41.314126718811963 ], [ 175.667609055959048, -41.314236905172621 ], [ 175.66847327611481, -41.315491001843995 ], [ 175.668501086551345, -41.315540506471955 ], [ 175.668703411960394, -41.315925016057591 ], [ 175.668853263179273, -41.316230055738714 ], [ 175.668886038925137, -41.31629760107613 ], [ 175.66889025320458, -41.316306394655996 ], [ 175.668922312525837, -41.316374135162917 ], [ 175.669376402719763, -41.31734584110017 ], [ 175.669646139232782, -41.317877031445136 ], [ 175.669661457259139, -41.317907360401136 ], [ 175.669663439174684, -41.317911305857081 ], [ 175.669678612156702, -41.317941676223278 ], [ 175.670034632666727, -41.318658192278697 ], [ 175.670050653339246, -41.318690624157412 ], [ 175.670052725275724, -41.318694843303234 ], [ 175.670068580548786, -41.318727321360264 ], [ 175.670597401940057, -41.319816998025679 ], [ 175.67083439226559, -41.320303113034974 ], [ 175.670974898112746, -41.320579459150863 ], [ 175.671167150054373, -41.3209865370968 ], [ 175.671190445108664, -41.321039878615537 ], [ 175.671356578459694, -41.321453439460001 ], [ 175.671465166864948, -41.321749143653527 ], [ 175.671493179098775, -41.321788469230896 ], [ 175.671517602707809, -41.321824216512702 ], [ 175.671699212090687, -41.322101628240873 ], [ 175.671995320781463, -41.322574216595157 ], [ 175.672265257439591, -41.322954748770535 ], [ 175.672460088047558, -41.323241628621702 ], [ 175.672484523011946, -41.323279252616182 ], [ 175.67266561488276, -41.323571203472234 ], [ 175.673099909253523, -41.324305300888192 ], [ 175.673433306844373, -41.324849901176556 ], [ 175.673805611762305, -41.325429426143373 ], [ 175.673989101800572, -41.325708610204423 ], [ 175.674335187846111, -41.326163554697594 ], [ 175.674368324561442, -41.326207398060149 ], [ 175.674372611123005, -41.326213106748718 ], [ 175.67440542150851, -41.326257089364482 ], [ 175.675117724037591, -41.327218212691449 ], [ 175.675132008920087, -41.327237542957469 ], [ 175.675133861857176, -41.327240057607234 ], [ 175.675148083698673, -41.327259414260915 ], [ 175.675619267202904, -41.327902574568085 ], [ 175.676159490347175, -41.328550592605282 ], [ 175.676497701896579, -41.328982530431517 ], [ 175.676539562180068, -41.329039561225365 ], [ 175.677315729547956, -41.330326036672659 ], [ 175.677369382075597, -41.330437420457699 ], [ 175.677844787378802, -41.331733486971423 ], [ 175.677973441072538, -41.331983534167719 ], [ 175.6780145635542, -41.332074340810301 ], [ 175.678292856708907, -41.332782639403575 ], [ 175.678473740233926, -41.333323573095342 ], [ 175.679182525466189, -41.3338293813134 ], [ 175.679237761367602, -41.333875512611648 ], [ 175.679650153104717, -41.334238872413358 ], [ 175.680445708734766, -41.334978713872673 ], [ 175.681143825502147, -41.33569794203644 ], [ 175.681228229847477, -41.335794592562216 ], [ 175.681828640768401, -41.336562296134865 ], [ 175.682451805967304, -41.337457567618017 ], [ 175.682614904920854, -41.33770075230499 ], [ 175.682635468554395, -41.337732600777365 ], [ 175.682788733163335, -41.337979392602158 ], [ 175.683111464954038, -41.338520220751825 ], [ 175.683182821630368, -41.338584679162516 ], [ 175.683187671577627, -41.33858906303044 ], [ 175.683843281681533, -41.33918263530461 ], [ 175.68384638187618, -41.339185443258835 ], [ 175.684161758290315, -41.339471389510479 ], [ 175.684505159848499, -41.339573633981125 ], [ 175.685071983857028, -41.339733773070648 ], [ 175.68529669305056, -41.339799211242322 ], [ 175.685325788546436, -41.339807939204945 ], [ 175.687008291360684, -41.340431976991454 ], [ 175.68719061610696, -41.340513573395491 ], [ 175.688722915712788, -41.341328267753745 ], [ 175.688747009873111, -41.341343343978352 ], [ 175.688930798838641, -41.341460722726431 ], [ 175.689272259111448, -41.341683293139546 ], [ 175.689277524817498, -41.341682939239014 ], [ 175.689439259699299, -41.341678456289209 ], [ 175.691312885403192, -41.341737465174198 ], [ 175.691394152210904, -41.341744868408647 ], [ 175.693232475839466, -41.342024010361698 ], [ 175.69338813602954, -41.342057407358197 ], [ 175.694567724164102, -41.34236143217516 ], [ 175.695399655833796, -41.342613084970083 ], [ 175.695912835520204, -41.342748535682226 ], [ 175.695997915177458, -41.342771691231476 ], [ 175.696482621477173, -41.342735627795683 ], [ 175.697913140412425, -41.342694114418208 ], [ 175.698098868891549, -41.342697114900645 ], [ 175.699964802556792, -41.342838151825113 ], [ 175.700021693083499, -41.342845886724731 ], [ 175.701835396381568, -41.343205137468367 ], [ 175.702010808677613, -41.343251238124722 ], [ 175.703727640896261, -41.343819858776243 ], [ 175.703778577357696, -41.343840462250853 ], [ 175.705356275679037, -41.344604458898523 ], [ 175.705504207184134, -41.344689148957634 ], [ 175.706590284929064, -41.345392060434854 ], [ 175.707035031108433, -41.345716734450924 ], [ 175.707678253085305, -41.346111583693549 ], [ 175.708418151617309, -41.34660549694398 ], [ 175.708510654350306, -41.346672590399614 ], [ 175.709755685373096, -41.347729505803315 ], [ 175.709825297525242, -41.347798877398418 ], [ 175.710835634306278, -41.34898954019426 ], [ 175.710896102172569, -41.349074889611629 ], [ 175.711646858323888, -41.350369988347524 ], [ 175.711684619785842, -41.350452174250954 ], [ 175.71215729505343, -41.351819824632585 ], [ 175.712179805973278, -41.351915077029979 ], [ 175.712312723381956, -41.352653187949315 ], [ 175.71244229472984, -41.353694292962643 ], [ 175.712450874572653, -41.353951045140761 ], [ 175.712522415547426, -41.354048069255249 ], [ 175.712535301321651, -41.354065907659034 ], [ 175.712632843304704, -41.354203773926052 ], [ 175.712903013428445, -41.354593740731161 ], [ 175.713530668130005, -41.355448299085545 ], [ 175.713577583969965, -41.355512794651041 ], [ 175.713583637499056, -41.355521197696824 ], [ 175.713629852875499, -41.355585979759013 ], [ 175.714111665858951, -41.356268011964566 ], [ 175.714682088827175, -41.3571998812629 ], [ 175.714746859188239, -41.357323808867044 ], [ 175.715295091739961, -41.358675364797271 ], [ 175.715309569211485, -41.358724589746423 ], [ 175.71555357161958, -41.360033583983608 ], [ 175.716130584349173, -41.360215970947365 ], [ 175.717723660458148, -41.360828845671513 ], [ 175.717921713664566, -41.360919713103968 ], [ 175.719375612554671, -41.361704800858654 ], [ 175.720514204386916, -41.362422555699339 ], [ 175.721051645869778, -41.362782593755661 ], [ 175.72111958258904, -41.362830938800727 ], [ 175.721627321416577, -41.363214670811026 ], [ 175.722775323978112, -41.364136111702614 ], [ 175.723123140792381, -41.364413357025946 ], [ 175.724328234246286, -41.363999011285344 ], [ 175.724551944677359, -41.363937562652836 ], [ 175.726359343232303, -41.363559112192782 ], [ 175.726364312046059, -41.363558382308163 ], [ 175.728228029950657, -41.363397571032486 ], [ 175.728465993717379, -41.3633912029226 ], [ 175.730340158712409, -41.363451985416781 ], [ 175.730345183738962, -41.363452447858648 ], [ 175.730383830095946, -41.363456052526153 ], [ 175.731033364626569, -41.363517444047588 ], [ 175.732870628983534, -41.363802827684346 ], [ 175.733104152747501, -41.363853771539844 ], [ 175.736489919427015, -41.365051233178527 ], [ 175.736691127514547, -41.365154043327273 ], [ 175.739420175360749, -41.367081042405708 ], [ 175.73956937569443, -41.367225658634837 ], [ 175.741374573581936, -41.369693624536318 ], [ 175.741457158707419, -41.369865894425253 ], [ 175.742161716429706, -41.372633292863213 ], [ 175.742169594418584, -41.372816355737406 ], [ 175.741704400519865, -41.375612313705751 ], [ 175.741636790087227, -41.375788250197047 ], [ 175.740047232120531, -41.37833906354544 ], [ 175.739910742972512, -41.378490649624844 ], [ 175.737352321527538, -41.380546581341079 ], [ 175.737160310596153, -41.380658975143142 ], [ 175.736036369636878, -41.381125375732978 ], [ 175.736140975531697, -41.381818374486954 ], [ 175.736142775070448, -41.381830367640731 ], [ 175.736143007623411, -41.381831926868209 ], [ 175.736144785822233, -41.381843921829379 ], [ 175.736388847115222, -41.383500278133212 ], [ 175.736458640125392, -41.384286189821154 ], [ 175.736461769603125, -41.38438846149468 ], [ 175.736440121229919, -41.385175960172425 ], [ 175.736320990566384, -41.38656624483999 ], [ 175.736195587115134, -41.388053194744259 ], [ 175.736091977435933, -41.389384678085364 ], [ 175.736085984819795, -41.389456739816048 ], [ 175.736085155928123, -41.389466105338727 ], [ 175.73607839636378, -41.389538128572319 ], [ 175.735953469012543, -41.390797404264376 ], [ 175.73578970288608, -41.391754371999824 ], [ 175.735759637385343, -41.391877563235312 ], [ 175.735460855342723, -41.392815844961937 ], [ 175.735135249546772, -41.39364066531666 ], [ 175.734779321965476, -41.394412277401976 ], [ 175.734727111372166, -41.394510802167787 ], [ 175.734279798122429, -41.395254955360919 ], [ 175.733655570148102, -41.396179352149623 ], [ 175.733440076311695, -41.39648387874648 ], [ 175.733411065286077, -41.396523048617382 ], [ 175.732371085651494, -41.397699517269928 ], [ 175.732257280923506, -41.397808611840681 ], [ 175.730985648232462, -41.398848078521389 ], [ 175.73094197971858, -41.398878579759632 ], [ 175.730600096467271, -41.399108357917953 ], [ 175.72981723048872, -41.399614557355598 ], [ 175.729307303031618, -41.399956944098093 ], [ 175.728712377878566, -41.400361799847794 ], [ 175.727633188319516, -41.401014861833794 ], [ 175.727486847359785, -41.401093371404222 ], [ 175.725877442141353, -41.401820617558279 ], [ 175.72582001641311, -41.401842146231573 ], [ 175.724079298309164, -41.402370847394224 ], [ 175.723928905773647, -41.402406480848654 ], [ 175.723706615480069, -41.402553913379329 ], [ 175.723501169401999, -41.402651989919768 ], [ 175.721921451184897, -41.403166091326796 ], [ 175.721721634013733, -41.403384661676952 ], [ 175.721710410023206, -41.403581436719001 ], [ 175.721663285820938, -41.404583506070949 ], [ 175.721449882916687, -41.405987601406522 ], [ 175.721403347269302, -41.406167376343319 ], [ 175.720121500833159, -41.408814764064552 ], [ 175.720003446661167, -41.408974911880769 ], [ 175.717697551862784, -41.411194465326624 ], [ 175.717519529918775, -41.411319306351032 ], [ 175.714415269400064, -41.412893703756168 ], [ 175.714194706624625, -41.412971013916071 ], [ 175.710596007861056, -41.413746089767436 ], [ 175.71035450116571, -41.413768298604289 ], [ 175.706613762696861, -41.413668154516444 ], [ 175.706374962351646, -41.413633087306273 ], [ 175.702858507798226, -41.412667532404299 ], [ 175.702645798589799, -41.412578623328692 ], [ 175.69969795944553, -41.410842211645587 ], [ 175.699532168039553, -41.410708167034002 ], [ 175.697441533620662, -41.408370927071935 ], [ 175.697338887913872, -41.408204871907948 ], [ 175.696310043147434, -41.405495641495435 ], [ 175.696280584122121, -41.405313833213874 ], [ 175.696200169257793, -41.40390188036735 ], [ 175.696249394523363, -41.402863746440971 ], [ 175.696251085579348, -41.402829870467443 ], [ 175.696251316423655, -41.402825466917868 ], [ 175.696253176818232, -41.402791595975032 ], [ 175.696314450876798, -41.401724640214724 ], [ 175.696387200908248, -41.401048752939722 ], [ 175.696401034906614, -41.40096127999125 ], [ 175.696541114893762, -41.400291429521211 ], [ 175.696720702095092, -41.399602553204907 ], [ 175.696721212051784, -41.39960059817507 ], [ 175.696955765583994, -41.398702712885424 ], [ 175.696956908332396, -41.398698343941966 ], [ 175.69719919615747, -41.397775086862715 ], [ 175.697316130860941, -41.397377077463048 ], [ 175.697332879120836, -41.397325621698755 ], [ 175.697921287608949, -41.395983618162226 ], [ 175.697988437772381, -41.395863157728023 ], [ 175.698848368408676, -41.394606980938825 ], [ 175.69888541113167, -41.394561940121697 ], [ 175.699180768429528, -41.394220328844369 ], [ 175.69987138832812, -41.393459754573058 ], [ 175.700609939814285, -41.392645567056853 ], [ 175.700622809551277, -41.392631408062918 ], [ 175.700624484943745, -41.392629568595119 ], [ 175.700637390475578, -41.392615428084369 ], [ 175.701384188043534, -41.391798821001821 ], [ 175.702421728316068, -41.390660626230847 ], [ 175.70331609565082, -41.389675470122093 ], [ 175.704247971501076, -41.388776841276325 ], [ 175.704378427650227, -41.388666250249983 ], [ 175.705453569128565, -41.387863477368093 ], [ 175.706376484944229, -41.387256592179938 ], [ 175.706403392687406, -41.387238951271492 ], [ 175.706406895226877, -41.387236661887556 ], [ 175.706433872706782, -41.387219081504725 ], [ 175.707963391297397, -41.386225316488591 ], [ 175.709044587061811, -41.385600085136552 ], [ 175.709190825541441, -41.385525091615733 ], [ 175.710819978944016, -41.384823759922817 ], [ 175.710880460951529, -41.384802273907034 ], [ 175.710948900822103, -41.38478274252428 ], [ 175.710949371383776, -41.38477727562541 ], [ 175.710830709619728, -41.383969821245223 ], [ 175.710694847668066, -41.383067429465015 ], [ 175.710620796868653, -41.382605735886884 ], [ 175.710539071285865, -41.382108956758941 ], [ 175.710292677213943, -41.381922935502807 ], [ 175.709485409821923, -41.381317498417658 ], [ 175.708610578702149, -41.380674750230504 ], [ 175.708336398805358, -41.380466636803959 ], [ 175.70830134957319, -41.380439152279941 ], [ 175.708036310510067, -41.380224426897904 ], [ 175.707423070612805, -41.379711085988724 ], [ 175.707385989662214, -41.37968745007678 ], [ 175.706976101043068, -41.379413801378277 ], [ 175.706923925187908, -41.379377326644772 ], [ 175.70653110835292, -41.379089825659875 ], [ 175.705717924921117, -41.378466745416915 ], [ 175.705635252923884, -41.378402767991716 ], [ 175.705624560569021, -41.378394411005132 ], [ 175.70554273479911, -41.378329819406652 ], [ 175.704715178593801, -41.377670036232502 ], [ 175.704465603141074, -41.377647478290612 ], [ 175.70434881066646, -41.377633145969298 ], [ 175.703455988565622, -41.377497099173745 ], [ 175.702266222369019, -41.377279958495158 ], [ 175.701522225908548, -41.37712485368408 ], [ 175.701426471138689, -41.377102360256529 ], [ 175.699684640664799, -41.376577025291354 ], [ 175.699555940486164, -41.376529067274731 ], [ 175.69794469664393, -41.375804934495463 ], [ 175.697862860695949, -41.375761251737657 ], [ 175.696421886069714, -41.374856158945988 ], [ 175.696319166518037, -41.374780588998917 ], [ 175.695910289518196, -41.374428473292816 ], [ 175.694468601206978, -41.373656589084121 ], [ 175.694429741445958, -41.373632109837622 ], [ 175.693089398296365, -41.37264320909825 ], [ 175.692962549578937, -41.372533652770194 ], [ 175.691844120796731, -41.371398971931761 ], [ 175.691817207495376, -41.371366644762844 ], [ 175.690948223455223, -41.370114131334724 ], [ 175.690872533746301, -41.369980408532619 ], [ 175.690274382322684, -41.368640909042824 ], [ 175.690262048984408, -41.368603899055536 ], [ 175.68994944060691, -41.367210400979147 ], [ 175.689932313254445, -41.367065603504606 ], [ 175.689892709136018, -41.365945591114766 ], [ 175.68995356668762, -41.364658588886925 ], [ 175.689955442349714, -41.364621114796456 ], [ 175.689955699647101, -41.364616243568221 ], [ 175.689957782406054, -41.3645787756857 ], [ 175.690000240613983, -41.363851198005925 ], [ 175.689998581433741, -41.363376589581755 ], [ 175.689999964620796, -41.363213828854938 ], [ 175.690000398188118, -41.363192672911786 ], [ 175.690005685257375, -41.363029957589781 ], [ 175.690006181924105, -41.363018795765861 ], [ 175.689814884967632, -41.362764456327561 ], [ 175.689734915983934, -41.362656409278884 ], [ 175.689724648566653, -41.362642310031532 ], [ 175.68964665728231, -41.362533445583921 ], [ 175.689169272720591, -41.361855986649537 ], [ 175.689156345311773, -41.361837589775483 ], [ 175.689154668420173, -41.361835196722282 ], [ 175.689141797496717, -41.361816777393237 ], [ 175.688760937968624, -41.361270200031662 ], [ 175.688459205153436, -41.361166567760485 ], [ 175.687993733423468, -41.361238747738902 ], [ 175.687445375008423, -41.361313784760078 ], [ 175.687373825329701, -41.361322282425526 ], [ 175.685503675543174, -41.361432124162363 ], [ 175.685332375799703, -41.361432027269494 ], [ 175.683462447930339, -41.361320070117991 ], [ 175.683390915334229, -41.361311491531858 ], [ 175.681567272650597, -41.360980495299358 ], [ 175.681404400375811, -41.360940516458818 ], [ 175.679671965744205, -41.360398633564841 ], [ 175.67960745519423, -41.360373818851109 ], [ 175.679117129519199, -41.360174217508693 ], [ 175.677981959076277, -41.359686007078466 ], [ 175.676671615468393, -41.359032858965001 ], [ 175.676509398672238, -41.358939899226733 ], [ 175.675324100248218, -41.358162898964721 ], [ 175.674497420897865, -41.357544509062741 ], [ 175.673196584584105, -41.357293263915359 ], [ 175.6730740459071, -41.357261692514108 ], [ 175.671352345340921, -41.356700902064865 ], [ 175.671251283264695, -41.356660619741533 ], [ 175.669667249906411, -41.355903778667418 ], [ 175.669563662629656, -41.35584521868406 ], [ 175.66815630914374, -41.354910969662299 ], [ 175.668076719611321, -41.354849126239962 ], [ 175.667487755600689, -41.35435641242568 ], [ 175.665608654584503, -41.352662902440713 ], [ 175.665593591478, -41.352649299415006 ], [ 175.665591635583695, -41.35264752957098 ], [ 175.665576608008308, -41.352633904226991 ], [ 175.664897310430035, -41.352016750529224 ], [ 175.664274066723038, -41.351451512197734 ], [ 175.663630294326481, -41.350868494105363 ], [ 175.662467374501318, -41.349817686197525 ], [ 175.661541831082701, -41.348859602300358 ], [ 175.661432883794447, -41.34872963793439 ], [ 175.660682313299702, -41.347688271363857 ], [ 175.660312670259344, -41.347083636249735 ], [ 175.659003925256172, -41.346160989693551 ], [ 175.658950803206807, -41.346117160945923 ], [ 175.657798610223551, -41.345002096585937 ], [ 175.657707801680999, -41.344898339481283 ], [ 175.657065658832323, -41.344072185362471 ], [ 175.655633320445844, -41.341981891430542 ], [ 175.65558781753677, -41.341914796998005 ], [ 175.655581950683256, -41.341906056224737 ], [ 175.655537194306987, -41.34183867722264 ], [ 175.65491315260698, -41.340889289442082 ], [ 175.654836815352695, -41.340770987090224 ], [ 175.654827041087714, -41.340755553981488 ], [ 175.654154562566305, -41.339436304463256 ], [ 175.654091857562292, -41.33927691648524 ], [ 175.653701513001693, -41.337894623520967 ], [ 175.653700351253946, -41.337887986039071 ], [ 175.653408971293601, -41.337270761228908 ], [ 175.65288232576566, -41.336551559049461 ], [ 175.652220255296783, -41.335657800721982 ], [ 175.6518261403655, -41.335139486060505 ], [ 175.651638862044081, -41.335391937989655 ], [ 175.651059320622124, -41.336095184479653 ], [ 175.650978569516496, -41.336183806099228 ], [ 175.649799030949424, -41.337282414576492 ], [ 175.649729462634554, -41.337337704364664 ], [ 175.6483363795885, -41.338283697994832 ], [ 175.648223239388528, -41.338349171907218 ], [ 175.647322177392624, -41.338822634781522 ], [ 175.645747813318849, -41.339571247288816 ], [ 175.644957370024201, -41.339955418173822 ], [ 175.644270528555069, -41.340265188789949 ], [ 175.644179550348213, -41.340303161063794 ], [ 175.642472876032514, -41.340888717937922 ], [ 175.642341522486788, -41.340924703334039 ], [ 175.640534291932624, -41.341301809826497 ], [ 175.640432194524635, -41.341316732207211 ], [ 175.639641724787793, -41.341411683099849 ], [ 175.638524240320322, -41.341517121198436 ], [ 175.637639014281916, -41.34160394755714 ], [ 175.637291262843632, -41.341634157987464 ], [ 175.637245988518373, -41.341637585480768 ], [ 175.636897211919091, -41.341660105714112 ], [ 175.634806710965023, -41.341771847933146 ], [ 175.634315563333018, -41.341790450733704 ], [ 175.634260595195826, -41.341791678784617 ], [ 175.633928289233353, -41.341795617967719 ], [ 175.632652987166296, -41.34179736043086 ], [ 175.630783270156428, -41.34168900746576 ], [ 175.630543165894238, -41.341660678189044 ], [ 175.626985250866085, -41.340794658567077 ], [ 175.626768522151934, -41.340711791797482 ], [ 175.623739992132215, -41.339059472224058 ], [ 175.623567859695129, -41.338930182676506 ], [ 175.621365213406449, -41.336653359010079 ], [ 175.62125452659393, -41.336490306220647 ], [ 175.620093324249154, -41.333811903769266 ], [ 175.620054911764356, -41.333631051449075 ], [ 175.620048693726488, -41.330813282878729 ], [ 175.620086305969437, -41.330632335141225 ], [ 175.621235526872084, -41.327951021069566 ], [ 175.6213454725237, -41.327787689036697 ], [ 175.623537515602749, -41.325505259647208 ], [ 175.623709026611294, -41.325375528260224 ], [ 175.626729274372366, -41.32371534838402 ], [ 175.626945562220072, -41.323631912884089 ], [ 175.627975793145566, -41.323378063383828 ], [ 175.627658648797251, -41.323032890521858 ], [ 175.627552912937858, -41.32289597886934 ], [ 175.626739721561165, -41.321622614232602 ], [ 175.626727875975888, -41.321599599867262 ], [ 175.626222339190605, -41.321379810586507 ], [ 175.626022049548823, -41.321276142046699 ], [ 175.623309647059955, -41.319337451524639 ], [ 175.623161665681238, -41.319192193890771 ], [ 175.621376839038646, -41.316716463604159 ], [ 175.621295648559766, -41.316543839308444 ], [ 175.620613022634757, -41.31377345784 ], [ 175.620606562559033, -41.313590366804455 ], [ 175.621092812760907, -41.310796536767484 ], [ 175.621161705337244, -41.310620901261707 ], [ 175.622769086278879, -41.308077085094297 ], [ 175.622906579452888, -41.307926095363364 ], [ 175.625477655051327, -41.305881253471135 ], [ 175.625670286598051, -41.305769685868796 ], [ 175.628953377047168, -41.304423924236403 ], [ 175.629182293656811, -41.304362696177179 ], [ 175.632856113482859, -41.303847700510232 ], [ 175.63309891518054, -41.303842803170738 ], [ 175.636803989947396, -41.304208966448272 ], [ 175.63703691971287, -41.304260879168588 ], [ 175.638787025120024, -41.304766528554744 ], [ 175.638983675611939, -41.304837143462031 ], [ 175.637407198879032, -41.303204502110823 ], [ 175.637296707753165, -41.303041393996992 ], [ 175.636463853539396, -41.301115173062833 ], [ 175.636059495564609, -41.300672606563019 ], [ 175.63599656718111, -41.300590633010131 ], [ 175.635546385914267, -41.299945276245509 ], [ 175.635241405135872, -41.299461482850347 ], [ 175.635235336667478, -41.299452239222767 ], [ 175.635049351827547, -41.299203012276728 ], [ 175.634755084440116, -41.299067845423785 ], [ 175.634746874939765, -41.299064071134751 ], [ 175.633739514710697, -41.298599864210246 ], [ 175.633713980439666, -41.298588064178695 ], [ 175.63371066353838, -41.298586527036868 ], [ 175.633685168559253, -41.298574678732429 ], [ 175.632642337463892, -41.298088672889612 ], [ 175.629801060862462, -41.2967886119092 ], [ 175.629756225359728, -41.296767994058008 ], [ 175.629750404588094, -41.296765304084218 ], [ 175.629705689758168, -41.296744537723256 ], [ 175.627870622892146, -41.295888071467161 ], [ 175.627633746643625, -41.295774587917847 ], [ 175.627603186872022, -41.295759564204488 ], [ 175.627369912796524, -41.295641913710284 ], [ 175.626031999294355, -41.294949832149015 ], [ 175.62602730644457, -41.294947403335094 ], [ 175.624208998844296, -41.294005071974638 ], [ 175.624071220450162, -41.294128530752452 ], [ 175.624069571302698, -41.294130001520656 ], [ 175.623908537322677, -41.294384299499129 ], [ 175.623787005240189, -41.294542871764314 ], [ 175.621434196340232, -41.296731791418864 ], [ 175.621253628628523, -41.296854274629084 ], [ 175.618118917120739, -41.298387651051286 ], [ 175.617896990278865, -41.298462051965991 ], [ 175.614287289158483, -41.29918973620066 ], [ 175.614045733856955, -41.299208769247869 ], [ 175.610314520676809, -41.299059503957778 ], [ 175.610076991961989, -41.29902130542591 ], [ 175.606589656448648, -41.298009710202194 ], [ 175.606379414426414, -41.297918020911958 ], [ 175.60347743326497, -41.29614315797162 ], [ 175.603315062745935, -41.296006956455223 ], [ 175.60128253066793, -41.293642618359996 ], [ 175.6011839243277, -41.293475240700801 ], [ 175.60021973403758, -41.290752916693101 ], [ 175.60019453722299, -41.290570749671559 ], [ 175.600392935528561, -41.287756946275636 ], [ 175.600443604752968, -41.287577822290281 ], [ 175.600977126005574, -41.286223080873285 ], [ 175.601330232796755, -41.285530805792881 ], [ 175.601355575218832, -41.285481552254602 ], [ 175.601358894600793, -41.285475156638071 ], [ 175.602176672848515, -41.284203635003813 ], [ 175.602294917540348, -41.284051481452863 ], [ 175.603366287749196, -41.282892099957543 ], [ 175.603372064422956, -41.28288679096574 ], [ 175.603416659140947, -41.282846050872209 ], [ 175.604028849844696, -41.282290098412069 ], [ 175.604090388268929, -41.282234666637017 ], [ 175.604098426472717, -41.28222748484221 ], [ 175.604160552721936, -41.282172427465973 ], [ 175.604652789868112, -41.281739724689771 ], [ 175.605107021540448, -41.281332803578984 ], [ 175.605199581026426, -41.281250882414447 ], [ 175.605211697676907, -41.281240287277043 ], [ 175.605305548198089, -41.281159206326848 ], [ 175.605314290174675, -41.281151744272655 ], [ 175.605412933192554, -41.280818971975492 ], [ 175.602652214435551, -41.279782079713861 ], [ 175.602568756315407, -41.279750424369375 ], [ 175.602557928274052, -41.279746277215104 ], [ 175.60247480114262, -41.279714130186505 ], [ 175.600669636510901, -41.279009271123634 ], [ 175.599872860094848, -41.278668288506445 ], [ 175.599771684953254, -41.27862103008114 ], [ 175.599011921065824, -41.278234960270481 ], [ 175.59753305195764, -41.277419532482263 ], [ 175.596814388517799, -41.277039396383749 ], [ 175.595625964241293, -41.276441103655394 ], [ 175.594613312747072, -41.275938853240952 ], [ 175.594389551509039, -41.275825118192252 ], [ 175.594360687780409, -41.275810086526945 ], [ 175.594140391661512, -41.275692565193431 ], [ 175.592782491167412, -41.274950641705964 ], [ 175.589776558385097, -41.273690798987822 ], [ 175.589585394539682, -41.273577897548392 ], [ 175.587388698783656, -41.271797190062514 ], [ 175.586608943117881, -41.271299675828942 ], [ 175.5858978864091, -41.270807440967943 ], [ 175.585779522511245, -41.270718590933171 ], [ 175.584917917753245, -41.269998063223433 ], [ 175.582498688835159, -41.267741391406112 ], [ 175.581807461320892, -41.267114472806121 ], [ 175.58158147488615, -41.266903105632913 ], [ 175.58155265243434, -41.26687529996412 ], [ 175.581335216520841, -41.266658887634605 ], [ 175.580531643674618, -41.2658335227012 ], [ 175.580530528818741, -41.26583237740661 ], [ 175.57921460503843, -41.264479919402945 ], [ 175.579192774061767, -41.264457408744185 ], [ 175.579189942049027, -41.264454479049476 ], [ 175.579168203598584, -41.26443191748205 ], [ 175.578457791586231, -41.263692189565546 ], [ 175.578299060055855, -41.263522834066997 ], [ 175.57827876373841, -41.26350064146682 ], [ 175.578125244223173, -41.263328572354574 ], [ 175.577134314655638, -41.262189790901921 ], [ 175.576701363917323, -41.261652197509044 ], [ 175.576648382151973, -41.261580913187203 ], [ 175.576429691988409, -41.261260972215716 ], [ 175.575550045083219, -41.26103077061245 ], [ 175.575369032239706, -41.260982163838186 ], [ 175.575345569513985, -41.260975702433129 ], [ 175.575240535263447, -41.26094605191453 ], [ 175.574724362070981, -41.261115965158474 ], [ 175.574489439731423, -41.261162036118101 ], [ 175.574211538924828, -41.261182480697087 ], [ 175.572792351414506, -41.2615679278491 ], [ 175.572721794056491, -41.261582487890749 ], [ 175.570882017005232, -41.26184716934501 ], [ 175.570712831552356, -41.261861249352457 ], [ 175.568840827079043, -41.261905471108122 ], [ 175.568767760166054, -41.261902863825327 ], [ 175.566909643333389, -41.261725538408477 ], [ 175.566742974330225, -41.261699473969593 ], [ 175.565475528776375, -41.261445748484114 ], [ 175.562657289504557, -41.260754433278869 ], [ 175.562622493302314, -41.260745852693518 ], [ 175.562617972074776, -41.260744731984857 ], [ 175.562583210930285, -41.260736070898623 ], [ 175.561661973041709, -41.260505347763498 ], [ 175.56136115710558, -41.260421158467686 ], [ 175.561122700270374, -41.261662506844253 ], [ 175.560963131198861, -41.262505929381277 ], [ 175.560820485407049, -41.263259902461144 ], [ 175.560570281788898, -41.264671558680284 ], [ 175.560496453898281, -41.265032287273911 ], [ 175.560485600978012, -41.265079016011889 ], [ 175.560392460755537, -41.265437191063114 ], [ 175.560181601990365, -41.266169202754583 ], [ 175.560180136272891, -41.266174284063261 ], [ 175.559964044421974, -41.26692077325017 ], [ 175.55994842611733, -41.266975900100007 ], [ 175.56038676036934, -41.267359572960743 ], [ 175.560514539603048, -41.267515299610466 ], [ 175.561707055995669, -41.269659689646645 ], [ 175.562230240887601, -41.270138542663382 ], [ 175.562560982954068, -41.270455455322157 ], [ 175.562602735572, -41.270497359495394 ], [ 175.562914341427074, -41.270825126480652 ], [ 175.563429609606914, -41.271393568667392 ], [ 175.563464674410397, -41.271432469262379 ], [ 175.563469215299904, -41.271437535285955 ], [ 175.563504010335294, -41.271476573515081 ], [ 175.564315892613536, -41.272392604943313 ], [ 175.564837893044171, -41.272971793212285 ], [ 175.564879525208227, -41.273018296786503 ], [ 175.564884912376499, -41.273024354912039 ], [ 175.564926159724422, -41.273071053269454 ], [ 175.565608089222195, -41.2738483276949 ], [ 175.56581668810432, -41.274094683404904 ], [ 175.565843110063156, -41.274127033169208 ], [ 175.566041002827347, -41.274378366160306 ], [ 175.566454394887785, -41.274923339543214 ], [ 175.567281702571591, -41.275996001142374 ], [ 175.567346402637838, -41.27608094709575 ], [ 175.567354733793621, -41.27609202425208 ], [ 175.56741820535359, -41.276177496089019 ], [ 175.567805163119829, -41.27670528625022 ], [ 175.56810711255801, -41.277104456916575 ], [ 175.568905103084916, -41.278383069995122 ], [ 175.568990970995372, -41.27855438732626 ], [ 175.569749228793995, -41.281313482752203 ], [ 175.569760719086219, -41.281496432096894 ], [ 175.56935160480981, -41.284297243336098 ], [ 175.56928758266389, -41.284473916531169 ], [ 175.567756511357601, -41.287033044159983 ], [ 175.567709678512529, -41.288019691428502 ], [ 175.567706667917207, -41.288077857899474 ], [ 175.567706244144944, -41.288085418507706 ], [ 175.567678454572928, -41.288258100900947 ], [ 175.567831350810707, -41.288475574061444 ], [ 175.567898924678644, -41.288584985573713 ], [ 175.568361059844705, -41.289446874716766 ], [ 175.570037903453709, -41.293107117384274 ], [ 175.570077557761493, -41.293164572188374 ], [ 175.570158519826066, -41.293284041577778 ], [ 175.570168890946434, -41.293299630859352 ], [ 175.570247484576498, -41.293419996572794 ], [ 175.571925650932684, -41.296039024230204 ], [ 175.571925711188044, -41.296039118264872 ], [ 175.572255310165872, -41.296553506476776 ], [ 175.573682279971933, -41.298764930373892 ], [ 175.573726916384032, -41.298834866619544 ], [ 175.573732667068356, -41.298843977017604 ], [ 175.573776502722382, -41.298914200742473 ], [ 175.574245789141798, -41.299674460656519 ], [ 175.574437180954476, -41.300001310506772 ], [ 175.574460934793024, -41.300044156368578 ], [ 175.575045930038698, -41.301386772071403 ], [ 175.575088969301333, -41.30152001819939 ], [ 175.575388264331878, -41.302915114233222 ], [ 175.575393299423439, -41.302961398527628 ], [ 175.575422663732894, -41.303318011020131 ], [ 175.57561424654611, -41.306741236715723 ], [ 175.575795905446711, -41.309224205564824 ], [ 175.575922024997453, -41.310607249562807 ], [ 175.575940366128634, -41.310860396383006 ], [ 175.57594213574987, -41.310893324250756 ], [ 175.575951019521767, -41.311146760011979 ], [ 175.575972270458095, -41.31244427414078 ], [ 175.575973173818369, -41.312565432259781 ], [ 175.575973150736161, -41.312581182697997 ], [ 175.575971892260725, -41.312702339013136 ], [ 175.57593198025657, -41.314769148405588 ], [ 175.575929249800993, -41.314870977349059 ], [ 175.575928795573503, -41.314884213175077 ], [ 175.575733439523958, -41.316289748774757 ], [ 175.575692400988714, -41.316456975367437 ], [ 175.575526594216655, -41.316924079360014 ], [ 175.575552516599799, -41.31717294841102 ], [ 175.575533414605616, -41.317355535044832 ], [ 175.574660258450933, -41.320095312156347 ], [ 175.574567246016898, -41.320264511151308 ], [ 175.572613680556088, -41.322666746808508 ], [ 175.572455855388995, -41.322805993005588 ], [ 175.569613042294947, -41.32463548737357 ], [ 175.569405852055667, -41.324731146633944 ], [ 175.565952093073605, -41.325808759755311 ], [ 175.565715823776515, -41.325851464998031 ], [ 175.561989308168251, -41.326071673780142 ], [ 175.56174709661525, -41.326057243153649 ], [ 175.558112754318358, -41.325398485543623 ], [ 175.557888319823121, -41.325328332372784 ], [ 175.554702041231735, -41.323855120481447 ], [ 175.554517360001199, -41.323736114633107 ], [ 175.552091107087477, -41.321592709010055 ], [ 175.551964258364762, -41.321436503357496 ], [ 175.551343671341101, -41.320517284898202 ], [ 175.550624609621963, -41.319624541559875 ], [ 175.550386579034722, -41.319343101237536 ], [ 175.54950590775556, -41.318095552456768 ], [ 175.549408953773678, -41.317927617967399 ], [ 175.548471849665447, -41.31519989875892 ], [ 175.548448478328282, -41.315017595816585 ], [ 175.548675267252889, -41.312205056619618 ], [ 175.548727756342373, -41.312026230866095 ], [ 175.550096086284583, -41.309404173164012 ], [ 175.55021928872992, -41.309246327569547 ], [ 175.550311594183285, -41.309161829907552 ], [ 175.550207625355938, -41.307733140811386 ], [ 175.550203643169311, -41.307674981961846 ], [ 175.550203157909351, -41.307667420128361 ], [ 175.550199674557945, -41.307609243078275 ], [ 175.550114911245601, -41.306084121120222 ], [ 175.549372700981763, -41.304933241675258 ], [ 175.549365562040492, -41.304922152448569 ], [ 175.549364635287276, -41.304920710371185 ], [ 175.549357516487163, -41.304909613791942 ], [ 175.549020599221876, -41.304383514080875 ], [ 175.54742561728051, -41.301892939080169 ], [ 175.546977282778016, -41.301243013186699 ], [ 175.54654072802856, -41.300537176205495 ], [ 175.546489339011828, -41.300443740051577 ], [ 175.546135292686898, -41.299712098027108 ], [ 175.545949271435234, -41.299269059378311 ], [ 175.544749790363625, -41.296648730681881 ], [ 175.543086124992669, -41.294550562094628 ], [ 175.542323049940933, -41.293412106327509 ], [ 175.542238212291977, -41.293259563853304 ], [ 175.541651236592429, -41.291917468233223 ], [ 175.541645582668622, -41.291900048674478 ], [ 175.541344220217525, -41.290505221413866 ], [ 175.541326038801174, -41.290340372422932 ], [ 175.541317692204302, -41.288927160728051 ], [ 175.541319452121655, -41.288909276004418 ], [ 175.541604306898336, -41.287512477646196 ], [ 175.541654552407607, -41.287351459120309 ], [ 175.542157635913071, -41.286133551897819 ], [ 175.542370824157871, -41.285722516988109 ], [ 175.542441946075712, -41.284450136853664 ], [ 175.542445669628876, -41.284388532413864 ], [ 175.542446190034184, -41.284380525180595 ], [ 175.542450472715728, -41.284318941416188 ], [ 175.542535817253935, -41.283167083421617 ], [ 175.542536398826087, -41.283159293788515 ], [ 175.542594375340343, -41.282397719416295 ], [ 175.542400777304351, -41.282179203085924 ], [ 175.54224468922979, -41.282006946314368 ], [ 175.541781661716897, -41.281583029191573 ], [ 175.541207281091914, -41.2810571681079 ], [ 175.540336154456639, -41.280259627983249 ], [ 175.540335298504402, -41.280258844234226 ], [ 175.5394757631056, -41.279471571077401 ], [ 175.539464987507927, -41.279461686936344 ], [ 175.539463587891817, -41.279460401248258 ], [ 175.538829554708883, -41.278822344264597 ], [ 175.538753394485724, -41.278738177964613 ], [ 175.53820497452574, -41.278071473513258 ], [ 175.537736318071495, -41.277442082387694 ], [ 175.537722283745126, -41.277423181304549 ], [ 175.537720463203243, -41.277420722511501 ], [ 175.537706489193027, -41.277401796009158 ], [ 175.537259129449325, -41.276794164075902 ], [ 175.536797099549744, -41.276174865482147 ], [ 175.536780439182877, -41.276152459195572 ], [ 175.536778278846697, -41.276149544052579 ], [ 175.536761703271907, -41.276127101985495 ], [ 175.536331023511963, -41.275542027158011 ], [ 175.535808668122627, -41.274741320057565 ], [ 175.535747757257042, -41.274634948451791 ], [ 175.535333021215138, -41.273799169751911 ], [ 175.534855251327883, -41.272668650705903 ], [ 175.534841641061263, -41.272636233609944 ], [ 175.534839882279073, -41.272632016882163 ], [ 175.534826434358138, -41.272599561243119 ], [ 175.534387666699274, -41.27153354463244 ], [ 175.534103818368237, -41.27070759876532 ], [ 175.534073735495951, -41.270599149395174 ], [ 175.533835069399856, -41.269197440198511 ], [ 175.53383031561151, -41.269124631985164 ], [ 175.533885222211353, -41.267712011181644 ], [ 175.533901030398027, -41.267601856083218 ], [ 175.534075889235282, -41.266758859986957 ], [ 175.534209157928018, -41.266269433350871 ], [ 175.534534427952082, -41.265001786322692 ], [ 175.534534435840186, -41.265001755580663 ], [ 175.534755964912847, -41.264138410015555 ], [ 175.534778811262214, -41.264051656594013 ], [ 175.534781854606592, -41.264040389925114 ], [ 175.534805828938744, -41.263953809978801 ], [ 175.535108427887053, -41.262887185288768 ], [ 175.535114010617036, -41.262867612798871 ], [ 175.535114740118956, -41.262865068986628 ], [ 175.535120380495414, -41.262845505903456 ], [ 175.535340087415761, -41.262087521499197 ], [ 175.535440203397968, -41.261740418006958 ], [ 175.535629932725584, -41.260672261960416 ], [ 175.535637067041449, -41.26063276001635 ], [ 175.535638009559847, -41.260627626337879 ], [ 175.535645375526997, -41.260588148613344 ], [ 175.535796274755938, -41.259792161757112 ], [ 175.535796277959975, -41.259792144855815 ], [ 175.535958105134114, -41.258938513520896 ], [ 175.535959929493231, -41.25892892674139 ], [ 175.535960167547756, -41.258927680557143 ], [ 175.535962005565892, -41.258918095271376 ], [ 175.536379937109729, -41.256746736441286 ], [ 175.536495924811504, -41.256103160994485 ], [ 175.536501564690582, -41.256072267560903 ], [ 175.536502307086295, -41.256068252384573 ], [ 175.536508088679625, -41.256037373874591 ], [ 175.53664943421299, -41.255291782165912 ], [ 175.536651833434092, -41.255279189664613 ], [ 175.536652146864839, -41.255277552806 ], [ 175.536654569655298, -41.255264962867194 ], [ 175.536792285441294, -41.254552856113349 ], [ 175.537019704948449, -41.253353772969596 ], [ 175.537043002827943, -41.25322268189548 ], [ 175.536934569725901, -41.253281872349625 ], [ 175.536822455191697, -41.253333475680847 ], [ 175.5359377284814, -41.253702825466732 ], [ 175.535378678836167, -41.253913381761592 ], [ 175.534534518990853, -41.254200998477323 ], [ 175.534423021768959, -41.254235120596746 ], [ 175.533551840337338, -41.254472459362219 ], [ 175.53252068854664, -41.254719683590906 ], [ 175.531788881093917, -41.25487594317984 ], [ 175.531763139049275, -41.254880776762882 ], [ 175.528662769311637, -41.256336069393242 ], [ 175.528439160380543, -41.256407282641931 ], [ 175.524814222887642, -41.257083212630725 ], [ 175.524572393363229, -41.257098788150977 ], [ 175.520848083040676, -41.256896202218876 ], [ 175.520611714857637, -41.256854614898522 ], [ 175.518851165813032, -41.25631447094792 ], [ 175.517484259275477, -41.257333568263384 ], [ 175.517287042613759, -41.25744032320879 ], [ 175.513949756269881, -41.258704263426615 ], [ 175.513718468219849, -41.258759797220577 ], [ 175.510026858270322, -41.259183541447889 ], [ 175.509784147277998, -41.259182416019371 ], [ 175.506099721776621, -41.258724470657107 ], [ 175.5058693561665, -41.258666796387288 ], [ 175.503667226777168, -41.257807068618561 ], [ 175.502692047455042, -41.258235930964808 ], [ 175.502465811680395, -41.258302260766058 ], [ 175.498816531446806, -41.258899226274188 ], [ 175.498574203215497, -41.258909546280066 ], [ 175.498248036141405, -41.258884675711712 ], [ 175.498175012966982, -41.259217568414897 ], [ 175.498162109624843, -41.259275228353772 ], [ 175.498160399957385, -41.259282719957206 ], [ 175.498147000723094, -41.259340315455802 ], [ 175.497944308752466, -41.260195249958066 ], [ 175.49785864918573, -41.260521644453874 ], [ 175.497846478603975, -41.260563906054578 ], [ 175.497306402533354, -41.261917088663701 ], [ 175.497238975362677, -41.262047850601412 ], [ 175.496424980165642, -41.263320615907027 ], [ 175.496396096143798, -41.263357970746071 ], [ 175.49616687430526, -41.263642217914743 ], [ 175.496024219641896, -41.263811972589274 ], [ 175.494902850259422, -41.264939764527874 ], [ 175.495161653975998, -41.265055674871988 ], [ 175.495801967676101, -41.265363640839944 ], [ 175.495883437760227, -41.265405632466191 ], [ 175.49734238194128, -41.266291867504577 ], [ 175.497447699665798, -41.266366845632106 ], [ 175.498704982159154, -41.267414357562437 ], [ 175.498765271556181, -41.267473288161128 ], [ 175.499209919042727, -41.26793773534348 ], [ 175.499662373919904, -41.268443474954786 ], [ 175.500585291130392, -41.26967323544153 ], [ 175.50068796053003, -41.2698392001383 ], [ 175.501718679532047, -41.272547487922843 ], [ 175.501748352336506, -41.272729266319168 ], [ 175.501619352017485, -41.275545302413235 ], [ 175.501573113802351, -41.275725101520436 ], [ 175.500743244368095, -41.277447052865256 ], [ 175.500698480874092, -41.277878328823157 ], [ 175.500660596670656, -41.278059236798519 ], [ 175.499507738820711, -41.280739382481975 ], [ 175.499397595202225, -41.280902603400904 ], [ 175.497203114014098, -41.283182792455257 ], [ 175.49703148684776, -41.283312345971062 ], [ 175.494010149115667, -41.284969322298565 ], [ 175.493793838683615, -41.28505252304371 ], [ 175.490265986624848, -41.285918016080281 ], [ 175.491695892381983, -41.287417545008559 ], [ 175.491805095279915, -41.28758112885648 ], [ 175.492942548113973, -41.290265047249299 ], [ 175.492979392046578, -41.290446077512357 ], [ 175.492961592141029, -41.29326374803032 ], [ 175.49292246086506, -41.293444505170662 ], [ 175.491750996929397, -41.296120111426212 ], [ 175.491639711382192, -41.296282900314097 ], [ 175.491548734547763, -41.296376392496377 ], [ 175.491680851501485, -41.29677733502897 ], [ 175.49168319478477, -41.296787945713845 ], [ 175.491845077825303, -41.298195868434924 ], [ 175.491846898017741, -41.298368381248487 ], [ 175.491730540390904, -41.29969618485157 ], [ 175.491580554144349, -41.300499173636418 ], [ 175.490934064555944, -41.304069628085699 ], [ 175.490931601185167, -41.304090501069105 ], [ 175.490938638812423, -41.304484760581367 ], [ 175.490882032781229, -41.305490068968602 ], [ 175.490865029860686, -41.30562004168474 ], [ 175.490535275312538, -41.307011198286524 ], [ 175.490517513694044, -41.307062489953282 ], [ 175.489903186241122, -41.308397618221541 ], [ 175.489833746862274, -41.308517266911416 ], [ 175.489231293561176, -41.309415104596475 ], [ 175.488164543370203, -41.310806003833484 ], [ 175.487735491947859, -41.311640687470202 ], [ 175.487613358172041, -41.311799003047028 ], [ 175.487359634132645, -41.312033687249844 ], [ 175.487012288688931, -41.312625909774276 ], [ 175.486880501451424, -41.312779762290631 ], [ 175.48641036910567, -41.31317542914816 ], [ 175.486223110264604, -41.313430864246918 ], [ 175.48621575371692, -41.313440884028374 ], [ 175.486214796267603, -41.313442186140755 ], [ 175.486207422825686, -41.313452198857355 ], [ 175.485696822948427, -41.314144518141291 ], [ 175.485640018140259, -41.314220666389446 ], [ 175.48563256999455, -41.314230538420958 ], [ 175.485574787944358, -41.31430626758015 ], [ 175.485003411441539, -41.315046769277117 ], [ 175.484621682802327, -41.315508766641443 ], [ 175.484569696797877, -41.315567641227126 ], [ 175.484506865788347, -41.315634336643605 ], [ 175.484459591472557, -41.316192676560377 ], [ 175.484500306468618, -41.316674007980502 ], [ 175.484935963871152, -41.317356981567556 ], [ 175.485607901124979, -41.318395330328933 ], [ 175.485608748276036, -41.318396639679015 ], [ 175.486220384035477, -41.319342459600051 ], [ 175.48623309228816, -41.319362171903045 ], [ 175.486234740222812, -41.319364736013831 ], [ 175.486247384811065, -41.319384471568988 ], [ 175.486632963547379, -41.319988147466148 ], [ 175.486647772162087, -41.320011417364128 ], [ 175.486649691529067, -41.320014444524112 ], [ 175.486664411636923, -41.320037746318185 ], [ 175.488995046923634, -41.323740549840615 ], [ 175.489525104004429, -41.324730104290119 ], [ 175.489583677605992, -41.324861366914796 ], [ 175.489954750498526, -41.325891238076508 ], [ 175.490117807716814, -41.326479649199669 ], [ 175.490141943071023, -41.326569001140172 ], [ 175.490145002582381, -41.326580628567875 ], [ 175.49016793663165, -41.326670160130519 ], [ 175.490500117832966, -41.328003141528413 ], [ 175.490587960765538, -41.328405674371197 ], [ 175.490597802673477, -41.328458171701513 ], [ 175.490661373551404, -41.3288632901086 ], [ 175.491062567863906, -41.332033971724393 ], [ 175.491065781332196, -41.332059759281101 ], [ 175.491066192686759, -41.332063112109545 ], [ 175.491069307750024, -41.332088906528931 ], [ 175.491136340518523, -41.33265295315968 ], [ 175.492285506796236, -41.334814348291893 ], [ 175.492753646337718, -41.335884208045506 ], [ 175.492802748707874, -41.336025608899369 ], [ 175.493090027221996, -41.337131147472306 ], [ 175.493204766851392, -41.337788416902406 ], [ 175.493206866304661, -41.33780050647453 ], [ 175.493207137821884, -41.337802078257305 ], [ 175.493209215557044, -41.337814169958676 ], [ 175.493316222902166, -41.338440237166473 ], [ 175.493320673861575, -41.338466584673732 ], [ 175.49332124578379, -41.338470010485366 ], [ 175.493325593627986, -41.33849636777267 ], [ 175.493686967143503, -41.340713700422668 ], [ 175.49383971609987, -41.341579195451992 ], [ 175.497216997551305, -41.340717516907723 ], [ 175.497410537031612, -41.340692573197721 ], [ 175.497412823007664, -41.340688474300002 ], [ 175.497425342643851, -41.340666648971386 ], [ 175.497523909587386, -41.34049949887131 ], [ 175.497610772446365, -41.340356136679596 ], [ 175.498210003031033, -41.339493780189578 ], [ 175.498295701698424, -41.339385169347445 ], [ 175.499377590508459, -41.338230927045288 ], [ 175.499426168609574, -41.338186886913064 ], [ 175.50073427451494, -41.337174394767196 ], [ 175.500860303777699, -41.337091055507479 ], [ 175.502362414858595, -41.336245236172992 ], [ 175.502426669073259, -41.336214663562956 ], [ 175.50408580633632, -41.335556337821465 ], [ 175.504239830636749, -41.335506425405434 ], [ 175.506015150801574, -41.335051796251442 ], [ 175.506088792905871, -41.33503768278112 ], [ 175.507936599046729, -41.334797941742359 ], [ 175.508103546332933, -41.334786340136738 ], [ 175.509394164103355, -41.334749477217485 ], [ 175.510789226254815, -41.334766490466428 ], [ 175.511878262459589, -41.334817313969566 ], [ 175.512019142403773, -41.334828773485143 ], [ 175.513861777651044, -41.335090164044132 ], [ 175.513960257968932, -41.335110272816529 ], [ 175.515725980453055, -41.335585675803841 ], [ 175.515855271172683, -41.335629382689042 ], [ 175.51682943338713, -41.335999845841478 ], [ 175.51971211398407, -41.337223546354437 ], [ 175.519716406552192, -41.337225369333204 ], [ 175.524761503851153, -41.339370391451318 ], [ 175.526861994651199, -41.339591355490761 ], [ 175.528004227788045, -41.339754531983509 ], [ 175.528150999675717, -41.339781131310737 ], [ 175.529266797000417, -41.340027175533919 ], [ 175.52992712172167, -41.340199469490301 ], [ 175.531645500587956, -41.340765147600756 ], [ 175.531859884953576, -41.340851399741723 ], [ 175.534842145729385, -41.342550826220076 ], [ 175.535010682574466, -41.342682780233893 ], [ 175.537150322619368, -41.344993509526752 ], [ 175.537256513776526, -41.345158252598871 ], [ 175.538344033895299, -41.347854147440124 ], [ 175.538377478201028, -41.348035556233683 ], [ 175.538306294433198, -41.350852753506629 ], [ 175.538263708320727, -41.351033071333347 ], [ 175.53704063471227, -41.353695799417331 ], [ 175.536926177374113, -41.353857374053071 ], [ 175.534670817765573, -41.356104949058938 ], [ 175.53449568762727, -41.356231961222846 ], [ 175.531428773532156, -41.357844318868864 ], [ 175.531210114159251, -41.357924331958195 ], [ 175.527631912887472, -41.358743590381813 ], [ 175.527391134623514, -41.35876876929315 ], [ 175.523652035489874, -41.358714703913719 ], [ 175.523412717202262, -41.358682583092722 ], [ 175.52247644263096, -41.358498818403049 ], [ 175.518850106596233, -41.358117268964151 ], [ 175.51849139226573, -41.358075326520797 ], [ 175.51844488006904, -41.358069341721205 ], [ 175.516626477513142, -41.357722865259454 ], [ 175.516440470180783, -41.357675448207473 ], [ 175.514716422970594, -41.357118882448496 ], [ 175.514674643444522, -41.357102359912581 ], [ 175.514355824928941, -41.35697158564296 ], [ 175.512933377069345, -41.356366826879132 ], [ 175.512849093285155, -41.356434151934764 ], [ 175.51228708337419, -41.356898367544154 ], [ 175.512278456603951, -41.356905485558769 ], [ 175.51161885122329, -41.357448236827729 ], [ 175.511641677575824, -41.357470776629398 ], [ 175.511730479767351, -41.357574419731876 ], [ 175.512357679259708, -41.358398863791017 ], [ 175.514369233695135, -41.36139948590251 ], [ 175.514615552667379, -41.361789908857475 ], [ 175.514645939550007, -41.361841213404276 ], [ 175.51527356724759, -41.363172958002096 ], [ 175.515317488829936, -41.363296037017108 ], [ 175.515660884252327, -41.364685354112872 ], [ 175.51566874184951, -41.364741222043328 ], [ 175.515715490707237, -41.365172068500051 ], [ 175.515791275596513, -41.366162850743066 ], [ 175.515791791005483, -41.36616963286189 ], [ 175.515899224764439, -41.36760753235292 ], [ 175.518369037137319, -41.370151767208817 ], [ 175.518760154617837, -41.37058006441427 ], [ 175.518808825558608, -41.370636801569809 ], [ 175.519700276226047, -41.371880259722225 ], [ 175.519762660832669, -41.371986449701055 ], [ 175.520384939058289, -41.373319643718361 ], [ 175.520407955752347, -41.373384933371767 ], [ 175.520745722173331, -41.374775040148293 ], [ 175.520761493836886, -41.374890554383811 ], [ 175.520773958058641, -41.375282581238288 ], [ 175.521127319060525, -41.375238664479852 ], [ 175.521370461368406, -41.375237483645023 ], [ 175.525068858038509, -41.375660251291912 ], [ 175.525300589712799, -41.37571571550864 ], [ 175.528644655178795, -41.376978539951573 ], [ 175.528842300861697, -41.377085222313298 ], [ 175.531504784328689, -41.379064537085412 ], [ 175.531649000133683, -41.379211998410042 ], [ 175.531709871027147, -41.379285724170835 ], [ 175.532340816424863, -41.37968339444874 ], [ 175.532454970602856, -41.379766213615206 ], [ 175.533421968836421, -41.380556835810445 ], [ 175.533438963910754, -41.38057251360668 ], [ 175.533840221382917, -41.380964149065086 ], [ 175.533874679692815, -41.380999761785823 ], [ 175.534761687098808, -41.382065632454989 ], [ 175.534836281967443, -41.382170965964505 ], [ 175.535431631005764, -41.38314794802799 ], [ 175.535441362917965, -41.383166813874482 ], [ 175.53566232218472, -41.38363266866218 ], [ 175.535680484507481, -41.383674558085865 ], [ 175.535812140915965, -41.383998765242048 ], [ 175.536042458621239, -41.384606600449217 ], [ 175.536314608235415, -41.385294121307986 ], [ 175.536707969837124, -41.386675922381947 ], [ 175.536740136579539, -41.386857462979386 ], [ 175.536648769428183, -41.389674310978009 ], [ 175.536604869340692, -41.38985445214675 ], [ 175.535362046986592, -41.392512160596482 ], [ 175.535246367904676, -41.392673267365545 ], [ 175.532973628161443, -41.394911643216233 ], [ 175.532797488185082, -41.395037942077423 ], [ 175.52971726539073, -41.396637821308573 ], [ 175.52949790704551, -41.396716945480634 ], [ 175.525911772909723, -41.397521667874223 ], [ 175.525670675056205, -41.3975458692899 ], [ 175.52521132815383, -41.397537374319441 ], [ 175.524028533074613, -41.398503370645905 ], [ 175.523837712668183, -41.398616943682299 ], [ 175.520575077263004, -41.399996860535573 ], [ 175.520346977966199, -41.400060467537429 ], [ 175.518541214329531, -41.400445759795446 ], [ 175.51794959680322, -41.400534937824979 ], [ 175.516945526071055, -41.401653308244839 ], [ 175.516793906977966, -41.401796524764713 ], [ 175.514032160584179, -41.403697946870871 ], [ 175.513829173070917, -41.403798871283293 ], [ 175.510422066933899, -41.404964566156139 ], [ 175.510187585027751, -41.405013315863997 ], [ 175.50729123555692, -41.405259296084502 ], [ 175.507186844740716, -41.405340503139101 ], [ 175.507105016617913, -41.405399674323554 ], [ 175.506453480557127, -41.405837523511359 ], [ 175.505613030799879, -41.406362094979791 ], [ 175.504078429726945, -41.407175865452679 ], [ 175.504002427641353, -41.40720978344654 ], [ 175.503926662080971, -41.407244000115327 ], [ 175.503613118433066, -41.407361475364787 ], [ 175.502436543459709, -41.408741019128279 ], [ 175.502092125670458, -41.409152919741942 ], [ 175.501005828436973, -41.410593434168462 ], [ 175.500960517150162, -41.410652989101557 ], [ 175.500954587575791, -41.410660714231838 ], [ 175.500713399152318, -41.410924692819485 ], [ 175.501213389848886, -41.411609981925544 ], [ 175.501690827319237, -41.411988267830367 ], [ 175.501949114751909, -41.412077479174478 ], [ 175.502151643341051, -41.412178953193681 ], [ 175.502990893296726, -41.412760844231379 ], [ 175.503381444022381, -41.41284543799744 ], [ 175.503944002756498, -41.412978673079749 ], [ 175.504016524201063, -41.412997339518178 ], [ 175.5057396830193, -41.413558028424809 ], [ 175.505887565387042, -41.413616909817975 ], [ 175.507473035100872, -41.414373597411796 ], [ 175.50753434796863, -41.414408219022818 ], [ 175.507997264887592, -41.414683291996489 ], [ 175.508476351428726, -41.414982687827973 ], [ 175.508687942018383, -41.415118068920854 ], [ 175.508715173834815, -41.415135906366388 ], [ 175.51003035446081, -41.416144333603121 ], [ 175.51016370963967, -41.416264082252916 ], [ 175.510636393260597, -41.41676341362659 ], [ 175.510779399937292, -41.416854992153795 ], [ 175.510835772035563, -41.416892907818372 ], [ 175.511259983933854, -41.417192503575095 ], [ 175.511922990944242, -41.417684089050837 ], [ 175.512153038865591, -41.417859386651621 ], [ 175.512182525468717, -41.417882478984083 ], [ 175.512406117593429, -41.418062448049973 ], [ 175.513095325568315, -41.418632621142883 ], [ 175.513819580947342, -41.419292178361154 ], [ 175.513908117258808, -41.419381090182959 ], [ 175.514545958524337, -41.420089407678226 ], [ 175.514614921735216, -41.420174423909742 ], [ 175.514776363866474, -41.420313566972453 ], [ 175.515452690884587, -41.420952832876331 ], [ 175.515535429303128, -41.421038765676997 ], [ 175.516132000595064, -41.421721543318142 ], [ 175.516406390134193, -41.422068948208263 ], [ 175.516510128443031, -41.422133590673432 ], [ 175.517249940375081, -41.422602164690659 ], [ 175.517184494096426, -41.422660706619318 ], [ 175.517276960283425, -41.422712383060542 ], [ 175.517340079889379, -41.422653187294017 ], [ 175.518727291188043, -41.423491178394272 ], [ 175.518734475125086, -41.423495520665213 ], [ 175.518760308716878, -41.423511183435373 ], [ 175.519890580811278, -41.424198395132159 ], [ 175.520476123546189, -41.424578576482297 ], [ 175.520550044315911, -41.42462979869704 ], [ 175.521827353882912, -41.425665578315567 ], [ 175.521916477121749, -41.425750311047253 ], [ 175.522962824124221, -41.426923720895388 ], [ 175.523012101302669, -41.42698962813251 ], [ 175.523369381223802, -41.427505830191592 ], [ 175.523962644945868, -41.428435073159534 ], [ 175.523968406919721, -41.428444110843749 ], [ 175.524376119540449, -41.429085929556713 ], [ 175.524377285262773, -41.429087765164539 ], [ 175.524772120705279, -41.42970994806501 ], [ 175.525167675025671, -41.430321551474862 ], [ 175.525176845444207, -41.430335762224964 ], [ 175.525178035445578, -41.430337610408834 ], [ 175.525187172740232, -41.430351833256836 ], [ 175.525662733484609, -41.431093727686232 ], [ 175.526071950310524, -41.431407571678584 ], [ 175.526485167136855, -41.43174095499409 ], [ 175.526537394032971, -41.431785289923262 ], [ 175.526927667883854, -41.432133982525229 ], [ 175.528376187123115, -41.433496689755472 ], [ 175.528428268835285, -41.43354603766673 ], [ 175.528435009555324, -41.433552470642212 ], [ 175.528918242279985, -41.434047463781688 ], [ 175.528971946154229, -41.434106599508674 ], [ 175.529583091449325, -41.434901579195753 ], [ 175.530426643519235, -41.43525371916602 ], [ 175.53061837760481, -41.435366520355778 ], [ 175.533171156485309, -41.437427784246417 ], [ 175.53330719772049, -41.437579648964814 ], [ 175.534888747384827, -41.440133633718574 ], [ 175.534955775084541, -41.440309699835375 ], [ 175.53541118026655, -41.443106446111713 ], [ 175.535402624543536, -41.443289480911886 ], [ 175.534687155910206, -41.44605523514722 ], [ 175.534603844121079, -41.446227321476741 ], [ 175.533320200040919, -41.447968602539198 ], [ 175.533165902037723, -41.448566890900203 ], [ 175.532870692566803, -41.449456286864866 ], [ 175.532804374207359, -41.449706495354896 ], [ 175.532789739851324, -41.450151443389515 ], [ 175.53274601326649, -41.452359550381544 ], [ 175.532745202202562, -41.452395647718546 ], [ 175.532745084262444, -41.45240034019443 ], [ 175.532744080863154, -41.452436434794002 ], [ 175.532662720023609, -41.455106936012214 ], [ 175.532642895342235, -41.455980312025829 ], [ 175.532641643991326, -41.456028031619688 ], [ 175.532641459465566, -41.456034234799006 ], [ 175.532639871958196, -41.456081948733086 ], [ 175.53256448628261, -41.458130593024855 ], [ 175.532563533753915, -41.458155255952114 ], [ 175.532563404087114, -41.45815846199887 ], [ 175.53256236174164, -41.458183122867986 ], [ 175.532535616084175, -41.458789729437527 ], [ 175.532459886919668, -41.459545418005767 ], [ 175.532444569658026, -41.459643172271491 ], [ 175.532284647626767, -41.460391395375915 ], [ 175.531897656061403, -41.461816439532598 ], [ 175.531897571058323, -41.461816752509534 ], [ 175.531243995609117, -41.46422253279264 ], [ 175.531241219911635, -41.46444239551731 ], [ 175.531233875199092, -41.46517640344797 ], [ 175.532193581559767, -41.466316587782629 ], [ 175.532290045531653, -41.466484748910865 ], [ 175.533217825503328, -41.469214612479149 ], [ 175.533240486348802, -41.469396964730734 ], [ 175.533001327673134, -41.472208863675604 ], [ 175.532947957135434, -41.472387557679909 ], [ 175.531565116917989, -41.475006233868747 ], [ 175.531440930157771, -41.475163776039153 ], [ 175.529049659878979, -41.477332853762491 ], [ 175.528866808463277, -41.477453819366666 ], [ 175.526865911889132, -41.478406421059319 ], [ 175.526445567915999, -41.47895286223261 ], [ 175.525551386226567, -41.480117845169509 ], [ 175.524664373966544, -41.481113853193982 ], [ 175.524538137302073, -41.481237001629687 ], [ 175.523483046061699, -41.482135583411015 ], [ 175.523205201911139, -41.48234263021309 ], [ 175.523131005852179, -41.483013392268568 ], [ 175.523129305575992, -41.483028607121916 ], [ 175.523129082310533, -41.483030584910203 ], [ 175.523127347733322, -41.483045797569126 ], [ 175.523056392836963, -41.483661945372027 ], [ 175.52293962486462, -41.484358607882626 ], [ 175.52291977621897, -41.484448591680909 ], [ 175.522731179626248, -41.485136295184148 ], [ 175.52233411913204, -41.486343975793659 ], [ 175.522257471846672, -41.486565025216294 ], [ 175.522247024608703, -41.486593661994434 ], [ 175.522162945131669, -41.486813178383471 ], [ 175.521971446015471, -41.487290303354399 ], [ 175.521793972339282, -41.487748300893706 ], [ 175.521665854505414, -41.488058041234112 ], [ 175.521648240241149, -41.488098068899966 ], [ 175.521505369328423, -41.48840413878402 ], [ 175.521422335078512, -41.488572267582242 ], [ 175.522013637891973, -41.490248372468571 ], [ 175.522066403457927, -41.490403488307209 ], [ 175.522073024067339, -41.490423697617132 ], [ 175.522122114021585, -41.490579494240734 ], [ 175.522249527223721, -41.491000510661628 ], [ 175.522735609488791, -41.490418410579252 ], [ 175.522820285401991, -41.490332754571725 ], [ 175.524056354712741, -41.489268210494075 ], [ 175.524129520968927, -41.489214378265693 ], [ 175.525571808453634, -41.488308313416304 ], [ 175.525687536663725, -41.488246521142614 ], [ 175.526606620095436, -41.487801765692971 ], [ 175.52727180340969, -41.487511252502891 ], [ 175.527950709069643, -41.487236324722787 ], [ 175.528040404251044, -41.487202756081494 ], [ 175.529783406242416, -41.486674264254383 ], [ 175.529920868506082, -41.486641749911641 ], [ 175.531752337940134, -41.486324761763839 ], [ 175.531851436616364, -41.486313674450869 ], [ 175.532617386388807, -41.486246846408903 ], [ 175.534996517308429, -41.486097415375106 ], [ 175.53587594568927, -41.48574535327193 ], [ 175.535994530659508, -41.485706524093558 ], [ 175.537771140362253, -41.485245708634224 ], [ 175.53788243290245, -41.485224015807056 ], [ 175.538746731876159, -41.485080945213326 ], [ 175.539805221955618, -41.484936324881197 ], [ 175.540672445270843, -41.484805858762478 ], [ 175.540806317111475, -41.48478631369472 ], [ 175.54082373911865, -41.484783847412672 ], [ 175.540957898159917, -41.484765449679436 ], [ 175.542115187447735, -41.484611853461907 ], [ 175.543067624767502, -41.484483228370365 ], [ 175.543240436091423, -41.484460870319893 ], [ 175.543262928647579, -41.48445808757748 ], [ 175.543436156654195, -41.484437634205577 ], [ 175.544259638306784, -41.484345040133078 ], [ 175.544902138171125, -41.484246967699846 ], [ 175.54505978550003, -41.484223730239449 ], [ 175.545080305666175, -41.484220812847042 ], [ 175.545238353204695, -41.484199167346745 ], [ 175.546414861646667, -41.484044153684643 ], [ 175.546424146892235, -41.484042933028476 ], [ 175.54803800574993, -41.483832014042783 ], [ 175.549339219755552, -41.483611271404662 ], [ 175.549366992716159, -41.483606585795755 ], [ 175.549370604158185, -41.483605979893298 ], [ 175.549398391844278, -41.483601343925841 ], [ 175.550681718973237, -41.483388434476787 ], [ 175.552186654285492, -41.483134267846232 ], [ 175.552217855796385, -41.483129030917958 ], [ 175.552221913194387, -41.483128354188842 ], [ 175.5522531331913, -41.483123179900083 ], [ 175.553680696207948, -41.482888072798566 ], [ 175.55468489508624, -41.482718008314663 ], [ 175.554711376054456, -41.48271354724141 ], [ 175.554714819447383, -41.482712970235504 ], [ 175.554741313754988, -41.482708554294959 ], [ 175.555996408375989, -41.482500475178355 ], [ 175.557470128845324, -41.482250580234329 ], [ 175.557525333090069, -41.482241321948173 ], [ 175.557532513378959, -41.482240131119781 ], [ 175.557587775117696, -41.482231068969156 ], [ 175.558409047848983, -41.482097915274345 ], [ 175.558870166853666, -41.482030240115463 ], [ 175.55893031863431, -41.482022329647023 ], [ 175.559378834176442, -41.481970141162961 ], [ 175.559523796028373, -41.481910622481166 ], [ 175.560907688314046, -41.481337210785611 ], [ 175.560916900953032, -41.481063161834136 ], [ 175.560928240932782, -41.480345851434542 ], [ 175.560928976982837, -41.48030651844028 ], [ 175.560929087518389, -41.480301405332554 ], [ 175.560930052015038, -41.480262075130831 ], [ 175.560943100246135, -41.479786347802026 ], [ 175.560988435596983, -41.47916752559069 ], [ 175.560998000747247, -41.479087326354069 ], [ 175.561312196762856, -41.477694032614757 ], [ 175.56134568005811, -41.477593967797809 ], [ 175.561945807359763, -41.476254788115583 ], [ 175.561987855938696, -41.476180736517733 ], [ 175.562859121946133, -41.474928641192001 ], [ 175.56293207784347, -41.474841254153731 ], [ 175.564053017384055, -41.473707067435591 ], [ 175.56412343035214, -41.473646410908408 ], [ 175.565466437371015, -41.4726580531267 ], [ 175.565571722053392, -41.47259189595475 ], [ 175.566426421853549, -41.472135430538778 ], [ 175.568354962529099, -41.470751331151973 ], [ 175.568555259543729, -41.470647176452246 ], [ 175.571932023910477, -41.469427036018708 ], [ 175.572165302893495, -41.469374524794148 ], [ 175.57587802645179, -41.468998817669956 ], [ 175.576121461064503, -41.469003088139175 ], [ 175.579806866986246, -41.469508578296065 ], [ 175.580036638321104, -41.46956921277431 ], [ 175.583334117333692, -41.470906441973497 ], [ 175.58352774159377, -41.471017507629348 ], [ 175.586114595977591, -41.473055628091714 ], [ 175.586253122360972, -41.473206256742358 ], [ 175.587090171625761, -41.474516043560563 ], [ 175.587093195724549, -41.474517682950463 ], [ 175.58727896570187, -41.474636103765576 ], [ 175.589722915074418, -41.4767717544837 ], [ 175.589850946620373, -41.476927550799751 ], [ 175.59129790435162, -41.479526630943653 ], [ 175.591355660097634, -41.479704555650542 ], [ 175.591663876711777, -41.482512688538314 ], [ 175.591645693976147, -41.482695326730699 ], [ 175.590784845473422, -41.485437639803791 ], [ 175.590692494056071, -41.485607112859668 ], [ 175.588746708901027, -41.488015141413122 ], [ 175.588589221683748, -41.488154857353081 ], [ 175.585748898228218, -41.489992834412618 ], [ 175.585541689694793, -41.490089113098243 ], [ 175.584199882801443, -41.490511434730259 ], [ 175.584171217898358, -41.490581690576299 ], [ 175.584162374260018, -41.49060266097198 ], [ 175.584092330248154, -41.490763491067639 ], [ 175.584009397948336, -41.490948032168255 ], [ 175.58342976105547, -41.492009472989615 ], [ 175.583343045201303, -41.492143298077799 ], [ 175.582389777878603, -41.493361248037289 ], [ 175.582363373884505, -41.493389625094885 ], [ 175.581168395735773, -41.494480445741218 ], [ 175.581030913936615, -41.494587570167319 ], [ 175.579903384082655, -41.495360841983278 ], [ 175.579603885866533, -41.495541351799353 ], [ 175.578897093139091, -41.495936150339574 ], [ 175.578802826307054, -41.495984867211071 ], [ 175.578059360345208, -41.496339558761953 ], [ 175.577681976729451, -41.49650529402156 ], [ 175.575989523098542, -41.497120135191452 ], [ 175.575762540821358, -41.497186632226857 ], [ 175.575368556733395, -41.497251156493299 ], [ 175.574957612624246, -41.497420823391209 ], [ 175.574956617701901, -41.497421234117368 ], [ 175.573226825765403, -41.498135105200845 ], [ 175.571815454731023, -41.498719939115958 ], [ 175.571795310962244, -41.498728267008467 ], [ 175.571792690892124, -41.498729347744344 ], [ 175.571772525890026, -41.498737646557586 ], [ 175.570180315618273, -41.499391403302909 ], [ 175.569648581064143, -41.499596942426251 ], [ 175.569578611683397, -41.49962234917755 ], [ 175.569033894366299, -41.499807683089124 ], [ 175.568112973629269, -41.500100417197572 ], [ 175.5666084958049, -41.500492259993607 ], [ 175.566409283288948, -41.50053322324861 ], [ 175.564848956786619, -41.500771583648685 ], [ 175.56329729093477, -41.500928777510971 ], [ 175.563024227607684, -41.500973048085349 ], [ 175.561579185210206, -41.50121807533894 ], [ 175.56155129681062, -41.501222777735563 ], [ 175.561547670355139, -41.501223385794106 ], [ 175.561519767131898, -41.501228038144397 ], [ 175.560262831467156, -41.501436418985627 ], [ 175.55924988172859, -41.501607962173757 ], [ 175.559215432422661, -41.501613755914711 ], [ 175.559210952548, -41.501614504137848 ], [ 175.559176480705389, -41.501620221522124 ], [ 175.557745065773759, -41.501855959030095 ], [ 175.556249513578734, -41.502108536128752 ], [ 175.556227508867408, -41.502112235894643 ], [ 175.556224647651334, -41.502112714840266 ], [ 175.556202633653669, -41.502116383468334 ], [ 175.554925111274599, -41.502328326282878 ], [ 175.553343239582631, -41.502596673472681 ], [ 175.553051548001633, -41.502643292692319 ], [ 175.553013533609146, -41.502648997418419 ], [ 175.552720388408176, -41.502690143212249 ], [ 175.550810072260248, -41.502939799329106 ], [ 175.549810564284286, -41.503071488522338 ], [ 175.54901152041657, -41.503193451448155 ], [ 175.54870650966248, -41.503236919975727 ], [ 175.548666767504727, -41.503242183688876 ], [ 175.548360360476266, -41.503279695360206 ], [ 175.547394337634472, -41.503388315015933 ], [ 175.546606745523007, -41.503494674117988 ], [ 175.546589128930833, -41.503497042846703 ], [ 175.546586838467363, -41.503497349495369 ], [ 175.546569217160481, -41.503499698438382 ], [ 175.546289510164542, -41.503536821384714 ], [ 175.546131017243255, -41.503626214649444 ], [ 175.545916260895439, -41.503744559748959 ], [ 175.545888118531394, -41.503759709451202 ], [ 175.544278542860212, -41.504489786976777 ], [ 175.544091330326381, -41.504560277685208 ], [ 175.542349610981546, -41.505092055250145 ], [ 175.542316617366737, -41.505099924917886 ], [ 175.542122381762084, -41.505133913779034 ], [ 175.54183493344712, -41.505617034189974 ], [ 175.541173740061708, -41.506602536849165 ], [ 175.541160741168, -41.506621853457702 ], [ 175.541159047298606, -41.506624363086566 ], [ 175.541145986663224, -41.506643656152917 ], [ 175.540720534914499, -41.507270258543066 ], [ 175.539737127819791, -41.508474670969292 ], [ 175.539593776889944, -41.508622763390818 ], [ 175.536941294573495, -41.510613691764711 ], [ 175.536744068184817, -41.51072123282605 ], [ 175.533402776768298, -41.511998503369583 ], [ 175.533170984194044, -41.512054962644626 ], [ 175.529468046836627, -41.512493502013022 ], [ 175.52922438595192, -41.512493350782442 ], [ 175.525522420915195, -41.512050216336441 ], [ 175.52529075315951, -41.511993469577284 ], [ 175.524414431577867, -41.511657123888028 ], [ 175.523999146099101, -41.512190178906771 ], [ 175.523453267509751, -41.512827695065525 ], [ 175.523365001620817, -41.512921820521917 ], [ 175.52216457814373, -41.514009450716401 ], [ 175.52210104874132, -41.514058589686876 ], [ 175.520688996510273, -41.514991664939707 ], [ 175.520566346279054, -41.515060679079625 ], [ 175.519588052685179, -41.515556592404664 ], [ 175.518751220286987, -41.515937123267641 ], [ 175.517994300347851, -41.516281327547588 ], [ 175.517179229057007, -41.51665313763241 ], [ 175.517120663946685, -41.516679681225376 ], [ 175.517113037438889, -41.516683115532054 ], [ 175.517054271660612, -41.516709407426198 ], [ 175.516286839897901, -41.517050527198322 ], [ 175.515519696357273, -41.517399552390209 ], [ 175.515502862374632, -41.517407197018592 ], [ 175.515500672873571, -41.517408189469194 ], [ 175.515483822224667, -41.5174158133117 ], [ 175.514697811759504, -41.517770767854238 ], [ 175.514231131500537, -41.518451938387685 ], [ 175.513698895389808, -41.519235359150009 ], [ 175.513157207749515, -41.520034605728476 ], [ 175.513140519976275, -41.520059134917233 ], [ 175.513138344079834, -41.520062321210631 ], [ 175.513121556523117, -41.520086811920216 ], [ 175.512588867765714, -41.520861008570897 ], [ 175.512225158187476, -41.521401524151102 ], [ 175.512200440816855, -41.521438050128019 ], [ 175.512197213198391, -41.521442792986036 ], [ 175.512172274900252, -41.52147923405559 ], [ 175.511630392075602, -41.522266638491075 ], [ 175.510513617421111, -41.523908422227684 ], [ 175.510510770713807, -41.523912604426627 ], [ 175.509438809196411, -41.525484835798792 ], [ 175.509134468390215, -41.525903484141914 ], [ 175.509093014053377, -41.525957082976873 ], [ 175.508759595705897, -41.526363032007716 ], [ 175.507041815052901, -41.528335524438354 ], [ 175.507000394505866, -41.528382760516003 ], [ 175.506994984218608, -41.528388888435487 ], [ 175.50695316957686, -41.52843592804215 ], [ 175.506294639019075, -41.529171720565571 ], [ 175.505116685352448, -41.530508822494795 ], [ 175.505100954379401, -41.530526632389893 ], [ 175.505098905698901, -41.530528945848538 ], [ 175.505083118510697, -41.530546727624994 ], [ 175.504462570849569, -41.531243873445128 ], [ 175.503848502344567, -41.531872942145156 ], [ 175.503764112706506, -41.531951971597053 ], [ 175.50307987886319, -41.532538740196927 ], [ 175.502066090570736, -41.533335637371806 ], [ 175.502020214121444, -41.533371499458028 ], [ 175.502014233088943, -41.533376149116421 ], [ 175.501968093653602, -41.533411820236104 ], [ 175.500988154979609, -41.534165237872244 ], [ 175.500100806932295, -41.534852565398126 ], [ 175.500096603800358, -41.534855819416151 ], [ 175.49944397509222, -41.535360423300936 ], [ 175.499429463147408, -41.535371624115953 ], [ 175.49942757491084, -41.535373078992684 ], [ 175.499413037061942, -41.53538426089645 ], [ 175.498719654949639, -41.535916649465506 ], [ 175.497912131663497, -41.536482060377288 ], [ 175.497802875417676, -41.53655177937101 ], [ 175.496929533637683, -41.53705896785965 ], [ 175.495953748809427, -41.537573505729071 ], [ 175.495948570639939, -41.53757623465642 ], [ 175.494975209018207, -41.538088460450972 ], [ 175.494207866461124, -41.538492523065152 ], [ 175.493166939796424, -41.538982861815903 ], [ 175.49302763122887, -41.539041233864374 ], [ 175.491925350198983, -41.539448926042667 ], [ 175.491895957932485, -41.539458423724241 ], [ 175.490714258556068, -41.539919947605142 ], [ 175.490694515554338, -41.539932865267069 ], [ 175.490504930906724, -41.540038988201268 ], [ 175.488963663012441, -41.540771703214702 ], [ 175.488050729442506, -41.541135779305201 ], [ 175.487003226941226, -41.541559946233022 ], [ 175.486991168233374, -41.541564822420263 ], [ 175.486989600125355, -41.541565455649241 ], [ 175.486977534094819, -41.541570321446592 ], [ 175.48593466564185, -41.541990288935466 ], [ 175.485765531432548, -41.542057100242864 ], [ 175.485743453212308, -41.542065653476833 ], [ 175.484009182959483, -41.542612754218766 ], [ 175.483801035892128, -41.542664400900847 ], [ 175.481974176363451, -41.543000908719911 ], [ 175.481949660167658, -41.543003916766835 ], [ 175.481760828473767, -41.543025926064878 ], [ 175.481303112460381, -41.543076470315512 ], [ 175.481076290859392, -41.543099856594573 ], [ 175.481046768086372, -41.543102684952828 ], [ 175.480819393191553, -41.543122811876806 ], [ 175.480160436456316, -41.543176351005783 ], [ 175.478280260650195, -41.543217570773251 ], [ 175.478036784685884, -41.543208531047107 ], [ 175.474366111461592, -41.542630880418521 ], [ 175.474138276571779, -41.542565750409587 ], [ 175.470884992031102, -41.541164086833021 ], [ 175.47069510777095, -41.541049244577017 ], [ 175.46817774165163, -41.538960823913726 ], [ 175.468044397173372, -41.538807514721455 ], [ 175.466509347910318, -41.536236823435715 ], [ 175.466445591580822, -41.536060057690079 ], [ 175.466043014364203, -41.533258774393133 ], [ 175.466055078152721, -41.533075856925187 ], [ 175.466824227268944, -41.530318200496943 ], [ 175.466910920136996, -41.530147035993856 ], [ 175.468776364853511, -41.527702919418282 ], [ 175.468929193218884, -41.527560259998602 ], [ 175.47170825532416, -41.525668879207871 ], [ 175.471912257326551, -41.52556868562224 ], [ 175.475332921737618, -41.524415124898724 ], [ 175.47544506338329, -41.524392276436849 ], [ 175.47644897951119, -41.523719700091021 ], [ 175.476598487414464, -41.523631255470065 ], [ 175.478162716802444, -41.522846982050403 ], [ 175.478209802060519, -41.522827197546455 ], [ 175.47991799319405, -41.522236449490393 ], [ 175.480096545074417, -41.52218704825161 ], [ 175.481137745370461, -41.521952229922839 ], [ 175.481296269425826, -41.52186881536754 ], [ 175.481298662954401, -41.521867553396547 ], [ 175.481784443323363, -41.521492031946423 ], [ 175.482684441726718, -41.520795049755414 ], [ 175.482700050761991, -41.520782984091404 ], [ 175.482702081884071, -41.5207814169814 ], [ 175.482717720880544, -41.520769373260748 ], [ 175.483292054079357, -41.520327895820976 ], [ 175.483042960743489, -41.52003234787778 ], [ 175.48294637292085, -41.519864205166527 ], [ 175.482017181460236, -41.517134534607806 ], [ 175.481994459921111, -41.516952189332599 ], [ 175.482233083249724, -41.514140314850096 ], [ 175.482286442055596, -41.513961616772484 ], [ 175.483669368314025, -41.511342774287073 ], [ 175.483793575197609, -41.511185213841657 ], [ 175.486185323219871, -41.509015712375685 ], [ 175.486368215243715, -41.508894709264624 ], [ 175.486528971803438, -41.50880413494211 ], [ 175.486700949857124, -41.508455151593665 ], [ 175.486742776472141, -41.508378684799666 ], [ 175.487591884398626, -41.507117885679257 ], [ 175.487661806376536, -41.5070316089719 ], [ 175.488762802804871, -41.505886169094047 ], [ 175.48883401269606, -41.505823159133648 ], [ 175.489404572196207, -41.505353023252425 ], [ 175.489944669728658, -41.504938401130104 ], [ 175.489994459767274, -41.504900403651163 ], [ 175.490000951869575, -41.504895478429056 ], [ 175.490051040327899, -41.504857703260186 ], [ 175.490618473047306, -41.504432285358313 ], [ 175.491032179681838, -41.504136556106154 ], [ 175.491087148933389, -41.504099096059711 ], [ 175.491519123115125, -41.50381851683467 ], [ 175.492033856480873, -41.503499960467138 ], [ 175.492489709311798, -41.50321065282818 ], [ 175.493840184862307, -41.502468461781575 ], [ 175.49402382813463, -41.502381638598699 ], [ 175.495688695679291, -41.501725476070177 ], [ 175.495713495343409, -41.501717498130205 ], [ 175.497494379650504, -41.501265177651753 ], [ 175.497704718314793, -41.501225258552935 ], [ 175.499113182904409, -41.501044859617622 ], [ 175.499023361780814, -41.500572025485347 ], [ 175.498978232845076, -41.500437176700302 ], [ 175.498960990257956, -41.500384996549464 ], [ 175.498958775678517, -41.500378208159944 ], [ 175.498941947812199, -41.500325951549264 ], [ 175.498722438271756, -41.499635278359577 ], [ 175.498504070216768, -41.498972816091197 ], [ 175.498484373395286, -41.498912161481933 ], [ 175.498481849199038, -41.498904269804321 ], [ 175.498462712231316, -41.498843513988753 ], [ 175.498238265381758, -41.498119754540177 ], [ 175.498230705426124, -41.498095221081115 ], [ 175.49822972856569, -41.498092030704719 ], [ 175.498222259898824, -41.498067481450136 ], [ 175.497294822985509, -41.494999154171218 ], [ 175.495908755474886, -41.491065803070398 ], [ 175.495891016205064, -41.4910148586997 ], [ 175.495888735874615, -41.491008230918389 ], [ 175.495871393137435, -41.49095720942281 ], [ 175.495674934340457, -41.490372106041278 ], [ 175.495366990271123, -41.489040754396832 ], [ 175.495344404634835, -41.488866400878422 ], [ 175.495309531612691, -41.487453482322437 ], [ 175.49531017426591, -41.487445435853978 ], [ 175.49556967246906, -41.4860458099349 ], [ 175.495619843603492, -41.485874741761769 ], [ 175.496137430531121, -41.484580665496729 ], [ 175.497414023819431, -41.482085213351652 ], [ 175.497432500355558, -41.482047829696327 ], [ 175.497498547374704, -41.481877548561464 ], [ 175.497514748973259, -41.481836147068684 ], [ 175.497516872316567, -41.48183076870037 ], [ 175.497533337537561, -41.481789426065212 ], [ 175.497649090708819, -41.481501292809938 ], [ 175.497728337234122, -41.481260539353897 ], [ 175.497848912673192, -41.480174306720407 ], [ 175.498008531559549, -41.478667021588976 ], [ 175.498012302296189, -41.478632263984835 ], [ 175.498012804122823, -41.478627746226941 ], [ 175.498016753796122, -41.478592999863181 ], [ 175.498101751527884, -41.477861923367321 ], [ 175.498103030833164, -41.477850996449725 ], [ 175.49810319829308, -41.477849576027154 ], [ 175.498104495294115, -41.477838650290053 ], [ 175.498214047556559, -41.476922086641082 ], [ 175.498335690749713, -41.476217443513541 ], [ 175.498356280939191, -41.476126451256754 ], [ 175.498815883001839, -41.474756210017979 ], [ 175.498854766722815, -41.474669602932842 ], [ 175.499593696383016, -41.473370299077331 ], [ 175.499650662530343, -41.473288544740974 ], [ 175.500650711217446, -41.472092165760579 ], [ 175.500723271987312, -41.47201883306591 ], [ 175.501959806842422, -41.470954830858311 ], [ 175.50204756987398, -41.470890315505706 ], [ 175.502748714810252, -41.470414087917767 ], [ 175.503751514809466, -41.469785154595726 ], [ 175.504228379310632, -41.469485527670678 ], [ 175.504288634754772, -41.469438502380235 ], [ 175.504312266283137, -41.469420272504415 ], [ 175.504360595219111, -41.469357333227947 ], [ 175.504363866617553, -41.469353075495498 ], [ 175.504788213452485, -41.468801666929494 ], [ 175.505083538495796, -41.468381605040037 ], [ 175.505583833876187, -41.467506554103835 ], [ 175.505588773560248, -41.467497926526178 ], [ 175.50558941649561, -41.467496805194969 ], [ 175.505594368124946, -41.467488181522938 ], [ 175.505701342807811, -41.467302142252585 ], [ 175.50571252361263, -41.46697506651212 ], [ 175.505740489669222, -41.464285749520208 ], [ 175.505740601192031, -41.46427572760647 ], [ 175.505746649494824, -41.463810615181451 ], [ 175.505753106384162, -41.46318620928421 ], [ 175.505810055799202, -41.462376117929757 ], [ 175.505823743137654, -41.462271270233771 ], [ 175.50597736690159, -41.46146831999723 ], [ 175.506137202825727, -41.460836292704741 ], [ 175.50615301602673, -41.460774923901234 ], [ 175.506155108523018, -41.460766951419636 ], [ 175.506171487572402, -41.460705666659678 ], [ 175.50691462638278, -41.45797406342183 ], [ 175.50708452622581, -41.457349317185283 ], [ 175.507149613840767, -41.455599136609415 ], [ 175.507169253611664, -41.454748577603588 ], [ 175.507169912112545, -41.454722271498163 ], [ 175.507170004357619, -41.454718851805907 ], [ 175.507170765011352, -41.454692547261224 ], [ 175.507252848504805, -41.452032506562979 ], [ 175.507297615836734, -41.449815667157608 ], [ 175.50729865574948, -41.449771349064413 ], [ 175.507298809781702, -41.449765587997526 ], [ 175.507300139594719, -41.44972127429228 ], [ 175.507329817027284, -41.448829553863803 ], [ 175.507336641033305, -41.448507980325758 ], [ 175.507402992960351, -41.447694012126149 ], [ 175.5074179619007, -41.447588706698724 ], [ 175.507581900091367, -41.44678259127528 ], [ 175.507818101027539, -41.445892741219701 ], [ 175.50781710255626, -41.445891840420558 ], [ 175.50683870181831, -41.444658261709812 ], [ 175.505447252802895, -41.444326618420511 ], [ 175.505446203024974, -41.444326297717041 ], [ 175.504241623925822, -41.443957528236361 ], [ 175.502562901935676, -41.443323869722931 ], [ 175.502354577056991, -41.443229155546717 ], [ 175.499492062755024, -41.4414126595412 ], [ 175.499332842546323, -41.44127413725441 ], [ 175.497356580747066, -41.438880903026565 ], [ 175.497262049099163, -41.438712135879243 ], [ 175.497131300450917, -41.438313230769218 ], [ 175.494269465629458, -41.43734014549252 ], [ 175.494066088163834, -41.437239549377011 ], [ 175.491297534832484, -41.435342603625493 ], [ 175.491145431610221, -41.435199633576524 ], [ 175.489291493132072, -41.432751679440798 ], [ 175.489205550626565, -41.432580334020386 ], [ 175.488939969407937, -41.431613493704106 ], [ 175.488408640505298, -41.431997246660067 ], [ 175.48831560332772, -41.432054599781452 ], [ 175.486774059725576, -41.432861541699658 ], [ 175.48666715380827, -41.432908593955467 ], [ 175.485825621662087, -41.433245857291936 ], [ 175.48516301186109, -41.433486418735676 ], [ 175.48454976214083, -41.433744862077269 ], [ 175.483607308055639, -41.434147196369622 ], [ 175.483149571701006, -41.434332826028047 ], [ 175.483089397387545, -41.434355973699638 ], [ 175.48262137516079, -41.434526462023541 ], [ 175.481651081429078, -41.434860524668132 ], [ 175.481105277283916, -41.435036248812821 ], [ 175.481033613487398, -41.435057754670304 ], [ 175.480476897845847, -41.435212889819191 ], [ 175.479444463276138, -41.435478859582027 ], [ 175.478785360130729, -41.435649196054079 ], [ 175.478514796160766, -41.435708233406388 ], [ 175.478125308408352, -41.435857353959982 ], [ 175.47810596146698, -41.435864744533674 ], [ 175.478103445211588, -41.435865703590487 ], [ 175.478084080531403, -41.4358730677368 ], [ 175.477320217924841, -41.4361628973232 ], [ 175.476562603513827, -41.436457040709406 ], [ 175.47653743859783, -41.436466782508347 ], [ 175.476534165170847, -41.436468046030036 ], [ 175.476508969671869, -41.436477743026302 ], [ 175.475598039225247, -41.436827305393102 ], [ 175.474046727982994, -41.437427571493231 ], [ 175.474020717977425, -41.437437605355761 ], [ 175.474017334563996, -41.437438906648424 ], [ 175.473991292055189, -41.437448892673004 ], [ 175.473693372661558, -41.437562784858585 ], [ 175.473332123513785, -41.437758343832371 ], [ 175.473320924277573, -41.437764399035352 ], [ 175.473319467773649, -41.437765185580631 ], [ 175.473308259257067, -41.437771231074308 ], [ 175.471421393169805, -41.438787672807386 ], [ 175.470920618691792, -41.439059799243005 ], [ 175.470758626246607, -41.439146296781068 ], [ 175.470737444645124, -41.439157409166995 ], [ 175.470573566301312, -41.439241871409507 ], [ 175.469382071870143, -41.439845079832615 ], [ 175.469359839433849, -41.439856307880412 ], [ 175.469356947050244, -41.439857765091638 ], [ 175.46933468127736, -41.439868955678037 ], [ 175.469222770016728, -41.439925065068046 ], [ 175.469556848123659, -41.44178542933976 ], [ 175.469592025048456, -41.442000840330728 ], [ 175.469596148999301, -41.442028881152687 ], [ 175.469655629620405, -41.443441335426563 ], [ 175.469645965437309, -41.443596392035573 ], [ 175.469411058090373, -41.444998457425186 ], [ 175.469403464126174, -41.445026084717412 ], [ 175.468879934508436, -41.446383235638656 ], [ 175.46880705900864, -41.446528455460303 ], [ 175.468007779355048, -41.447807269731285 ], [ 175.467989209399605, -41.447831778885622 ], [ 175.467843343557206, -41.448019015579149 ], [ 175.465258016547693, -41.451247574838945 ], [ 175.465231545747599, -41.451280470506418 ], [ 175.465228092421711, -41.451284741395746 ], [ 175.465201435131377, -41.451317551717793 ], [ 175.464622435755672, -41.452026778530069 ], [ 175.46457496225301, -41.452091128897017 ], [ 175.464569559146355, -41.45209844489456 ], [ 175.464011044429782, -41.452852580670104 ], [ 175.463482215922426, -41.453646990410867 ], [ 175.463453909794197, -41.453689233954769 ], [ 175.463450210847412, -41.453694718306039 ], [ 175.463421610102102, -41.453736849396869 ], [ 175.46274184586818, -41.454731715984664 ], [ 175.462209054057098, -41.455520742837656 ], [ 175.462017775771159, -41.455805415387715 ], [ 175.461863334268088, -41.456027530035065 ], [ 175.4618427265641, -41.456056189140405 ], [ 175.461680126447249, -41.456274983793818 ], [ 175.459874526860403, -41.458627022830939 ], [ 175.459454222372983, -41.459176988439779 ], [ 175.459429353731593, -41.459209372732523 ], [ 175.459426109199455, -41.459213577622485 ], [ 175.459401061961898, -41.459245883944384 ], [ 175.459086563216061, -41.459649597548243 ], [ 175.459020445342645, -41.45973342718586 ], [ 175.459011771859139, -41.459744289724441 ], [ 175.458944451523678, -41.459827576064136 ], [ 175.458453146470191, -41.460428048905385 ], [ 175.458278553888732, -41.460642964952505 ], [ 175.457518798969886, -41.461470482905142 ], [ 175.457412364622201, -41.461573582348798 ], [ 175.456147248174574, -41.46261825889566 ], [ 175.456095788787451, -41.462654567467318 ], [ 175.454936505775208, -41.463352372042266 ], [ 175.454821830672529, -41.46355640973082 ], [ 175.454791475716348, -41.463607035331492 ], [ 175.454545688090491, -41.463992294364552 ], [ 175.45337944984243, -41.465714268103596 ], [ 175.453677435588077, -41.46613788265082 ], [ 175.454690202563484, -41.467500622657184 ], [ 175.455431427660443, -41.468695861555631 ], [ 175.455512185945651, -41.46885570210673 ], [ 175.456039762072493, -41.470211997494573 ], [ 175.456043106240116, -41.470224028885148 ], [ 175.456282110599005, -41.471625700335352 ], [ 175.456293249218788, -41.471796488086284 ], [ 175.456237778057869, -41.473209023240827 ], [ 175.456236015356552, -41.473221243029442 ], [ 175.455887414750691, -41.4746098598808 ], [ 175.45582783388673, -41.474774877119657 ], [ 175.455194667140972, -41.476105380021089 ], [ 175.455187969450833, -41.476116591983541 ], [ 175.454285814789046, -41.477356214994458 ], [ 175.454161338529644, -41.47749930675176 ], [ 175.453096348924106, -41.478547135909714 ], [ 175.45216144045628, -41.479339237964041 ], [ 175.452138578372256, -41.479358551621374 ], [ 175.452135601512964, -41.479361059182857 ], [ 175.452112665761689, -41.479380323394651 ], [ 175.45078351967183, -41.480493453069357 ], [ 175.44993283226728, -41.481137391120072 ], [ 175.44981691973291, -41.481216704126822 ], [ 175.449766859082871, -41.481247638075033 ], [ 175.450111723155487, -41.482346611836284 ], [ 175.450260883101208, -41.482898631096113 ], [ 175.450277271982742, -41.482970779212557 ], [ 175.450447385006868, -41.484378123713562 ], [ 175.450449163978249, -41.484488608022268 ], [ 175.450324408458158, -41.48589863669504 ], [ 175.450310346388477, -41.485971061983889 ], [ 175.450178992523746, -41.486525634361612 ], [ 175.450000282052798, -41.487163807967171 ], [ 175.449830005863987, -41.487806811185905 ], [ 175.44980892113864, -41.487884637686562 ], [ 175.449806120839753, -41.487894745845871 ], [ 175.449784124042822, -41.48797242948833 ], [ 175.44948744036904, -41.488997951144682 ], [ 175.449181975520531, -41.49010333332496 ], [ 175.449179419932506, -41.490112557124611 ], [ 175.448787181789584, -41.491518825691145 ], [ 175.448528288203221, -41.492280005097172 ], [ 175.448488960130163, -41.492377667252178 ], [ 175.448142805477517, -41.493118982279647 ], [ 175.447111147510753, -41.495053763665879 ], [ 175.446762316065048, -41.495713665254108 ], [ 175.446760822406247, -41.49597948173772 ], [ 175.44676525937777, -41.497969811652851 ], [ 175.446781295478019, -41.499120007545415 ], [ 175.446716201581467, -41.50015666329471 ], [ 175.446697455386186, -41.500290615122651 ], [ 175.446474143648743, -41.501314756471508 ], [ 175.445999921316712, -41.502907982903707 ], [ 175.44559246311772, -41.503967541308469 ], [ 175.445528491726492, -41.504102333360187 ], [ 175.44495177221242, -41.505116498021536 ], [ 175.443277312639708, -41.507623798479003 ], [ 175.443019991176556, -41.508023378899331 ], [ 175.442979577573738, -41.508085524727413 ], [ 175.442974282599863, -41.508093588397529 ], [ 175.442933235065624, -41.508155499032505 ], [ 175.442362490851337, -41.509008101539422 ], [ 175.442359273592302, -41.509012904023201 ], [ 175.441948035366238, -41.509625602742673 ], [ 175.44176176504854, -41.509910505331803 ], [ 175.441750501242154, -41.509927687174731 ], [ 175.441749033788113, -41.509929919641451 ], [ 175.441737721378445, -41.50994708344026 ], [ 175.441337734794104, -41.510552338928626 ], [ 175.441323151783024, -41.510574330190046 ], [ 175.441321250806055, -41.510577187103834 ], [ 175.441306588017397, -41.510599148362338 ], [ 175.440440863576157, -41.511891360142009 ], [ 175.439705204995676, -41.513005647462613 ], [ 175.439696193875847, -41.513019267252091 ], [ 175.439695020441775, -41.513021037079255 ], [ 175.439685978729642, -41.513034645400118 ], [ 175.439374280812785, -41.513502775985735 ], [ 175.439144838978109, -41.513868001697809 ], [ 175.438760306664619, -41.51473703591703 ], [ 175.438701639192118, -41.515006018986753 ], [ 175.438549642955877, -41.517070431681596 ], [ 175.438548665805683, -41.517083529884886 ], [ 175.438548537125996, -41.517085232580854 ], [ 175.438547534589077, -41.517098329699998 ], [ 175.438487795653913, -41.517868957203284 ], [ 175.43848771364847, -41.517870013996671 ], [ 175.438450718483239, -41.518345534653264 ], [ 175.438313334409287, -41.520276660918775 ], [ 175.438312032702271, -41.520294621141474 ], [ 175.438311860377979, -41.520296955840905 ], [ 175.438310510941903, -41.520314914070994 ], [ 175.438216780207426, -41.52154050614957 ], [ 175.438216736034121, -41.521541083412735 ], [ 175.438112734477983, -41.522898216155788 ], [ 175.438002616079302, -41.523703032207806 ], [ 175.437982081821218, -41.523806964381244 ], [ 175.437560819129374, -41.525184178683297 ], [ 175.437529452596834, -41.52525918584891 ], [ 175.436826663426842, -41.526569916054989 ], [ 175.436764393185427, -41.526663992001971 ], [ 175.436242083627434, -41.52737146593639 ], [ 175.435606474113399, -41.528147970426801 ], [ 175.435055513346072, -41.528825512168055 ], [ 175.434283327173318, -41.529664308473045 ], [ 175.43417505909153, -41.529768737044776 ], [ 175.432906459736131, -41.530811912536223 ], [ 175.432856674853724, -41.530846893063135 ], [ 175.431386482406452, -41.531728082484875 ], [ 175.4312405609287, -41.531802255427493 ], [ 175.430075009481385, -41.532324969906171 ], [ 175.429648707343119, -41.53249231471866 ], [ 175.42967362619882, -41.533328090394107 ], [ 175.429661353791374, -41.533502978238424 ], [ 175.429432272492647, -41.534842933201091 ], [ 175.429117325846335, -41.535993529068008 ], [ 175.429073416251299, -41.536147137650033 ], [ 175.429067476595861, -41.536167067832615 ], [ 175.429020006868029, -41.53632007744239 ], [ 175.428683854575723, -41.537362369558473 ], [ 175.42845472351604, -41.538317001166689 ], [ 175.428337357310085, -41.53874597360808 ], [ 175.428320304377081, -41.538801428381952 ], [ 175.428175317586124, -41.539225606271465 ], [ 175.427822052754379, -41.540163794204524 ], [ 175.427938033656915, -41.540687081904785 ], [ 175.427955938959286, -41.540842272426694 ], [ 175.427970849294923, -41.542255352089541 ], [ 175.427968252044138, -41.542282939915687 ], [ 175.427944936168899, -41.542494976633456 ], [ 175.427885006419615, -41.542971327352866 ], [ 175.427834623723186, -41.544249024343173 ], [ 175.428090073111235, -41.544677888226069 ], [ 175.428125410796753, -41.544742290899961 ], [ 175.428377605191372, -41.54524377677852 ], [ 175.428791439809686, -41.546147120259846 ], [ 175.428808755214021, -41.546185192995289 ], [ 175.42881099148957, -41.546190146203486 ], [ 175.42882808032374, -41.546228276671158 ], [ 175.429514692167032, -41.547771674009297 ], [ 175.429552031232532, -41.547857017931697 ], [ 175.429556811534269, -41.547868130552942 ], [ 175.429593015571044, -41.547953750034814 ], [ 175.43001899449493, -41.548978828763367 ], [ 175.430038438411202, -41.549026073585665 ], [ 175.430040943655484, -41.549032220579491 ], [ 175.43006004195891, -41.549079544893047 ], [ 175.430294114915938, -41.549665344429243 ], [ 175.430340421685941, -41.54978419374158 ], [ 175.430346299883496, -41.549799674512116 ], [ 175.430390426918279, -41.549918990901055 ], [ 175.430728123944533, -41.550857045011512 ], [ 175.431057077726621, -41.552126523941816 ], [ 175.431083887016968, -41.5522930059524 ], [ 175.431167378741037, -41.553584789098828 ], [ 175.431135151921751, -41.554621027571407 ], [ 175.431123563107064, -41.555681262054641 ], [ 175.43111668945312, -41.556417179779579 ], [ 175.431116400346582, -41.556442897117726 ], [ 175.431116356407102, -41.556446240324462 ], [ 175.431115969521613, -41.556471956936079 ], [ 175.431075043532218, -41.558886935957645 ], [ 175.431065603870337, -41.559147512678152 ], [ 175.431063724285167, -41.559181367216404 ], [ 175.430838086956669, -41.560584288953919 ], [ 175.430798759209296, -41.560730939629345 ], [ 175.430283680993455, -41.56209007509225 ], [ 175.430267963754318, -41.562121836275118 ], [ 175.430142352851988, -41.562364838617043 ], [ 175.429158817813232, -41.564188787563175 ], [ 175.428981665661297, -41.564500327282637 ], [ 175.428957629806177, -41.564540487834975 ], [ 175.42805394110087, -41.565779955894243 ], [ 175.427952206282612, -41.565896696356781 ], [ 175.426801425976151, -41.56701472134506 ], [ 175.426762039557019, -41.567047337209985 ], [ 175.426452781164357, -41.567293947638333 ], [ 175.425391304871113, -41.568109096361383 ], [ 175.425170638604726, -41.56827420506972 ], [ 175.425141585558208, -41.568295385760521 ], [ 175.424915281879663, -41.568456133822288 ], [ 175.423687241472436, -41.569305993320135 ], [ 175.4236686151215, -41.569318856055332 ], [ 175.423666191351003, -41.569320526288671 ], [ 175.423647528924846, -41.569333359451008 ], [ 175.422365199898195, -41.570213263357303 ], [ 175.421927306940347, -41.570499434401682 ], [ 175.42186921524933, -41.570535580331473 ], [ 175.420330481888641, -41.571349005731726 ], [ 175.420185015649537, -41.571413719451435 ], [ 175.418495742390093, -41.572036340137316 ], [ 175.41842561732696, -41.572057234053844 ], [ 175.417881010645687, -41.572208147866384 ], [ 175.416873083684209, -41.572466806256791 ], [ 175.416141250480109, -41.572664389070326 ], [ 175.416137828455305, -41.5726653125122 ], [ 175.414676186246624, -41.573059249158547 ], [ 175.414542626711096, -41.573094577448799 ], [ 175.414525228458444, -41.573099092979568 ], [ 175.414391122570663, -41.573133234392898 ], [ 175.413610459957738, -41.573328124758632 ], [ 175.413462800518431, -41.573364191339437 ], [ 175.413443565163362, -41.573368786467512 ], [ 175.411611062383287, -41.573690188930776 ], [ 175.411389680874549, -41.57371546674392 ], [ 175.409512774965862, -41.573817612591824 ], [ 175.409492589986797, -41.573817518565114 ], [ 175.409337327161921, -41.573816040324374 ], [ 175.408647936080598, -41.573806121885532 ], [ 175.408548355812968, -41.573804378172262 ], [ 175.408535411855127, -41.573804111116715 ], [ 175.408435854310852, -41.573801746283095 ], [ 175.407652055081059, -41.573780678251154 ], [ 175.407027684389931, -41.573769561973947 ], [ 175.406996199754502, -41.573768970269022 ], [ 175.406992106895558, -41.573768889311069 ], [ 175.406960624470457, -41.573768235509043 ], [ 175.405704874001913, -41.573740910829677 ], [ 175.405654424836712, -41.573740174788192 ], [ 175.405586473727396, -41.573772340483181 ], [ 175.405569037885982, -41.573780578239258 ], [ 175.405566770001343, -41.573781647685486 ], [ 175.405549315310196, -41.573789862948487 ], [ 175.404533758821344, -41.574266926932111 ], [ 175.403535661524103, -41.574737290926038 ], [ 175.402526880518195, -41.575216569985891 ], [ 175.402521095061957, -41.575219316938011 ], [ 175.40167438111888, -41.575620686769589 ], [ 175.401268148812164, -41.575804911335794 ], [ 175.401214728201495, -41.575828066592976 ], [ 175.399516086654728, -41.576436308593621 ], [ 175.399345441180799, -41.576485480605022 ], [ 175.397540970945727, -41.576886670788298 ], [ 175.397480634367639, -41.576896294999457 ], [ 175.395614786167044, -41.577080552743716 ], [ 175.395432254770839, -41.577087715552693 ], [ 175.393550991155251, -41.577050500284052 ], [ 175.393489647168963, -41.577045651014863 ], [ 175.393018753839357, -41.577001335930092 ], [ 175.392030163931253, -41.576893336694503 ], [ 175.390972149597701, -41.576778473518168 ], [ 175.389692564185822, -41.576640747966408 ], [ 175.388484342178572, -41.576511395672355 ], [ 175.387175973908484, -41.576373345653899 ], [ 175.387160025583114, -41.576371654599903 ], [ 175.38715795249388, -41.576371433716929 ], [ 175.387142007138806, -41.576369726571215 ], [ 175.387105623670891, -41.576365812545923 ], [ 175.38686012845389, -41.576407489801973 ], [ 175.386844384277282, -41.576410154280993 ], [ 175.386842337222959, -41.576410499629134 ], [ 175.386826588256298, -41.576413148198476 ], [ 175.385671573501298, -41.576606772585272 ], [ 175.384556375127204, -41.5767964345089 ], [ 175.384548492647042, -41.576797772971936 ], [ 175.383454693326968, -41.576982755921833 ], [ 175.38334093538549, -41.577001558404902 ], [ 175.383326131388799, -41.577003948736156 ], [ 175.383212135536127, -41.577021920579917 ], [ 175.382070463756435, -41.577197560088578 ], [ 175.382033322020675, -41.577203228015762 ], [ 175.382028492057486, -41.577203959114442 ], [ 175.381991326667418, -41.577209538859321 ], [ 175.380808933582699, -41.577385589539055 ], [ 175.379519777465021, -41.577579896240671 ], [ 175.379515058068847, -41.577580606807913 ], [ 175.378412249939714, -41.577746202633897 ], [ 175.377243080325712, -41.577925457878038 ], [ 175.376745479637407, -41.577993571292197 ], [ 175.376680571628356, -41.57800139790448 ], [ 175.376179587689535, -41.578053693896884 ], [ 175.374885903321371, -41.5781679032876 ], [ 175.37487563492391, -41.578168806420521 ], [ 175.373702936214869, -41.578270962676619 ], [ 175.372532691473964, -41.578374825574805 ], [ 175.371441054925469, -41.578473681736504 ], [ 175.370833123990423, -41.578516972001097 ], [ 175.370753953399145, -41.578521085577869 ], [ 175.368872092193897, -41.578507712922288 ], [ 175.368707531999291, -41.578496809327575 ], [ 175.366851637910997, -41.578262522157047 ], [ 175.36677465056195, -41.578248061725844 ], [ 175.366186214150218, -41.578125501512567 ], [ 175.364368771261525, -41.577709245902739 ], [ 175.362954824994176, -41.577310728389385 ], [ 175.362776077803915, -41.577250452016173 ], [ 175.361440069584518, -41.576721641735837 ], [ 175.360835483043587, -41.576444470594502 ], [ 175.360117655548578, -41.576088220615496 ], [ 175.360026669793058, -41.576039455302215 ], [ 175.359344716632336, -41.575645469926492 ], [ 175.358393481632561, -41.575053918769228 ], [ 175.357042809167922, -41.574069978306213 ], [ 175.356881629307452, -41.573932539404105 ], [ 175.35487303468139, -41.571552820059075 ], [ 175.354776311187607, -41.571384704838692 ], [ 175.353845402525025, -41.568655347058375 ], [ 175.353822596163724, -41.568473014451556 ], [ 175.354060358767754, -41.565661212133243 ], [ 175.35411369187463, -41.565482510650718 ], [ 175.355496697761794, -41.562863492452195 ], [ 175.355620940566837, -41.562705912847633 ], [ 175.358013700623417, -41.560536004778442 ], [ 175.358196686672045, -41.560414968617145 ], [ 175.361364955578324, -41.558906519014165 ], [ 175.361588774462433, -41.558833870410751 ], [ 175.365222489883251, -41.558134485712699 ], [ 175.365465239846372, -41.558117333377382 ], [ 175.369208846786336, -41.558295448888153 ], [ 175.369446775872916, -41.558335471284465 ], [ 175.372035428420844, -41.559106163872407 ], [ 175.372662101943632, -41.55905083752701 ], [ 175.373328334335753, -41.558948687365664 ], [ 175.37335217351432, -41.558945051060306 ], [ 175.373355273244954, -41.558944580701755 ], [ 175.373379122230062, -41.55894098072168 ], [ 175.374498401553353, -41.55877290771344 ], [ 175.3757975170154, -41.558577094397116 ], [ 175.37581138569945, -41.558575010300331 ], [ 175.375813188840226, -41.558574740166492 ], [ 175.375827060783308, -41.558572668358053 ], [ 175.376984313684716, -41.558400356330289 ], [ 175.377964634757916, -41.558249536101123 ], [ 175.378922735788677, -41.55808749998824 ], [ 175.380049482490136, -41.557895869994368 ], [ 175.380067592273235, -41.557892800965753 ], [ 175.380069946960901, -41.5578924033601 ], [ 175.380088063142068, -41.557889355378762 ], [ 175.381245283964432, -41.557695357262865 ], [ 175.382580823506743, -41.557468613389361 ], [ 175.383731752534288, -41.557271355361991 ], [ 175.384027866677144, -41.557223549615784 ], [ 175.384066459846537, -41.557217700993448 ], [ 175.385934137129567, -41.557047751502132 ], [ 175.386138811426036, -41.557041286086005 ], [ 175.388018890491509, -41.557092848561666 ], [ 175.388058001132833, -41.55709624262127 ], [ 175.388358413304161, -41.557125204884372 ], [ 175.388365203117047, -41.557125925061307 ], [ 175.390804535703808, -41.555343239992503 ], [ 175.391003728545655, -41.555237633632458 ], [ 175.39436880384747, -41.553992961982573 ], [ 175.394601686113987, -41.553938752614634 ], [ 175.398314042076976, -41.553535969162112 ], [ 175.398557826207167, -41.553538461177908 ], [ 175.402254221980286, -41.554016979464116 ], [ 175.402485054907743, -41.554075929213184 ], [ 175.402945049171507, -41.554257926033927 ], [ 175.404772704509782, -41.554541330338466 ], [ 175.405087318384034, -41.554546791454761 ], [ 175.40558540941575, -41.554554059539349 ], [ 175.405255073019873, -41.553758410518341 ], [ 175.404627387293687, -41.552346274786828 ], [ 175.404479863249236, -41.552023988949735 ], [ 175.404212283758369, -41.551608155802562 ], [ 175.40379272138361, -41.55087484103484 ], [ 175.403743904574441, -41.550777883293151 ], [ 175.40341243817204, -41.550019540783346 ], [ 175.402978783591379, -41.548855686827508 ], [ 175.40284137066854, -41.548450946465046 ], [ 175.402825140631364, -41.54839804737238 ], [ 175.402712860513333, -41.547988955565913 ], [ 175.402463743703805, -41.546961319358502 ], [ 175.402303580645565, -41.54602366006884 ], [ 175.402291321894268, -41.545901280293897 ], [ 175.402262886747195, -41.544956173893198 ], [ 175.40235544356608, -41.542632191101369 ], [ 175.402244305761229, -41.542362626603563 ], [ 175.402109606963847, -41.542010756286288 ], [ 175.402093340919038, -41.541964764655667 ], [ 175.401754440879131, -41.540574778415881 ], [ 175.401735897850216, -41.540439508412007 ], [ 175.401690593899616, -41.53902680398506 ], [ 175.401694040954311, -41.538979286959552 ], [ 175.40194342825788, -41.537578649863157 ], [ 175.401981427295169, -41.537445695159178 ], [ 175.40251934493341, -41.536091611307526 ], [ 175.402542165029246, -41.536047220030333 ], [ 175.40272694368366, -41.535708430234408 ], [ 175.403347970957554, -41.534632620354571 ], [ 175.403363180664059, -41.534606386220098 ], [ 175.403365165131106, -41.534602978151725 ], [ 175.403380485687052, -41.534576780465059 ], [ 175.403418972068266, -41.534511252686151 ], [ 175.403441836387657, -41.53445059097028 ], [ 175.403628200687109, -41.533675373879362 ], [ 175.40369656996333, -41.533413258136527 ], [ 175.40370612842608, -41.533379289609556 ], [ 175.403784812381133, -41.533118812621908 ], [ 175.404032998520137, -41.532350188807847 ], [ 175.403949583980392, -41.531699712756875 ], [ 175.403899082496167, -41.531318157115621 ], [ 175.403453095525663, -41.530989004531612 ], [ 175.40343197445668, -41.530973634602127 ], [ 175.402808911163646, -41.53067497404394 ], [ 175.402763804645332, -41.530653245597556 ], [ 175.402757949231614, -41.530650411062339 ], [ 175.402712972462353, -41.530628531274871 ], [ 175.402280290947772, -41.53041701075562 ], [ 175.40207228252811, -41.530347923321358 ], [ 175.401343436480261, -41.530099553709768 ], [ 175.39802458892521, -41.529007862934904 ], [ 175.397968555204699, -41.528989301920831 ], [ 175.397961279073655, -41.52898687501736 ], [ 175.397905372316956, -41.528968099054843 ], [ 175.397008866068973, -41.528664940068666 ], [ 175.396755918511303, -41.52857672905261 ], [ 175.396723217368361, -41.528564975659791 ], [ 175.396473070433188, -41.528472365254707 ], [ 175.395560697547182, -41.528124605186711 ], [ 175.394808074078099, -41.527849693042064 ], [ 175.394063290409548, -41.527582520160827 ], [ 175.394039347509022, -41.527573906635382 ], [ 175.394036236582963, -41.527572784286257 ], [ 175.394012319082691, -41.527564130901865 ], [ 175.393227542336717, -41.527279388595083 ], [ 175.392215292400607, -41.526865882099607 ], [ 175.392087439752714, -41.526807501691231 ], [ 175.391132726565843, -41.526322848589565 ], [ 175.390355441158874, -41.525885937790775 ], [ 175.390337561936406, -41.525875868233449 ], [ 175.390335239263635, -41.525874557563512 ], [ 175.39031738505912, -41.525864462967881 ], [ 175.389549510679188, -41.525429465578952 ], [ 175.388678567001591, -41.524941648350499 ], [ 175.388629240199691, -41.524913871319711 ], [ 175.388622840119183, -41.524910247934557 ], [ 175.388573704143994, -41.524882280578474 ], [ 175.387699162453885, -41.52438183381679 ], [ 175.387034399872078, -41.523972299820727 ], [ 175.386950631791848, -41.523916800814156 ], [ 175.38647761995054, -41.523579998309501 ], [ 175.385695550787688, -41.523395849891088 ], [ 175.385658687235093, -41.523387120640521 ], [ 175.385653897420809, -41.523385980031762 ], [ 175.385617071523086, -41.523377161455116 ], [ 175.384775013575762, -41.523174387998253 ], [ 175.383343490352445, -41.522751757112736 ], [ 175.383162842353642, -41.522688083292607 ], [ 175.381815167915107, -41.522131118056009 ], [ 175.381566266959652, -41.522012008246705 ], [ 175.37987296179017, -41.521606064658123 ], [ 175.378428458178405, -41.521180506029609 ], [ 175.378246217034132, -41.521116296499478 ], [ 175.377281606898492, -41.520717256602964 ], [ 175.375595147536274, -41.521189286509248 ], [ 175.375356293303497, -41.521225566544551 ], [ 175.371610667102914, -41.521344764370625 ], [ 175.3713685867273, -41.521323789249713 ], [ 175.367757341229861, -41.520567154198872 ], [ 175.367535741120349, -41.520490978157525 ], [ 175.364412501337114, -41.518932607265228 ], [ 175.364233079751926, -41.518808689940393 ], [ 175.361903627033001, -41.516601181779485 ], [ 175.36178394762112, -41.516441656862817 ], [ 175.36047626593421, -41.51380115334981 ], [ 175.360428038250149, -41.513621639404995 ], [ 175.360270012488996, -41.510806647063148 ], [ 175.360297947883851, -41.5106247174675 ], [ 175.361304891516085, -41.507910789402224 ], [ 175.36140624559178, -41.507744251645889 ], [ 175.363479460953386, -41.505397013722693 ], [ 175.363644305979051, -41.505262166688048 ], [ 175.365020920014103, -41.504299891798226 ], [ 175.365584437330455, -41.503963900081111 ], [ 175.366175374625215, -41.503593061403414 ], [ 175.366191990333192, -41.50358265334112 ], [ 175.366194151998855, -41.503581301759155 ], [ 175.366210792685848, -41.503570916252897 ], [ 175.366979413657219, -41.503092091544019 ], [ 175.367003291423259, -41.503077255415789 ], [ 175.367006398843188, -41.503075329739772 ], [ 175.367030327537464, -41.503060540083091 ], [ 175.367745435778204, -41.502619709911045 ], [ 175.368460802664003, -41.502176010564739 ], [ 175.36927605909662, -41.501666294120263 ], [ 175.369348778470311, -41.501621190402943 ], [ 175.369358262525992, -41.501615354972557 ], [ 175.369476875858538, -41.501543316221778 ], [ 175.369482792460133, -41.501539769367383 ], [ 175.370958039991876, -41.500783353482191 ], [ 175.371151995029635, -41.500699096350161 ], [ 175.372793971301434, -41.500106041128902 ], [ 175.372805389413884, -41.500102694186403 ], [ 175.372947803828453, -41.500061731841079 ], [ 175.37295488853357, -41.500059732845031 ], [ 175.373009435941128, -41.500044455487298 ], [ 175.373413972766883, -41.499931994592785 ], [ 175.373445272303854, -41.499923330492116 ], [ 175.373449343321482, -41.499922208419207 ], [ 175.373480674825089, -41.49991360985976 ], [ 175.374536080509245, -41.499625211142813 ], [ 175.375581438975047, -41.49933159293461 ], [ 175.377388388634671, -41.498942389796255 ], [ 175.377627108840159, -41.498905915845604 ], [ 175.38137126662582, -41.498783548712154 ], [ 175.381613296210219, -41.498804310759382 ], [ 175.385224567089267, -41.499557650285503 ], [ 175.385446224398009, -41.499633617030781 ], [ 175.388571243199465, -41.501188953242568 ], [ 175.3887508373804, -41.501312691515878 ], [ 175.391083762740635, -41.503517831512085 ], [ 175.391203714509999, -41.503677232744927 ], [ 175.391502675928535, -41.504278429008586 ], [ 175.392108436068298, -41.504448898074941 ], [ 175.392304193460063, -41.504515939991393 ], [ 175.39376242655544, -41.505110193412094 ], [ 175.394110580077296, -41.505276485524128 ], [ 175.394174031251367, -41.50529142493393 ], [ 175.394179208672426, -41.505292650113915 ], [ 175.395192363944261, -41.505420902725376 ], [ 175.395358682715027, -41.505449080300444 ], [ 175.39715445860395, -41.505866954754765 ], [ 175.397223001651469, -41.505887458579366 ], [ 175.398909740246836, -41.506511336625614 ], [ 175.399056341967565, -41.506576765539059 ], [ 175.400147299180219, -41.50712659980622 ], [ 175.400918236786111, -41.507563014989152 ], [ 175.400919652259034, -41.507563816376894 ], [ 175.401658903122865, -41.507982511865116 ], [ 175.402348311957866, -41.50840398731448 ], [ 175.4024351110032, -41.508461200295329 ], [ 175.403081072174075, -41.508919924818755 ], [ 175.403711660411631, -41.509402224241214 ], [ 175.403711824067074, -41.509402349412561 ], [ 175.403888418147119, -41.509537423203973 ], [ 175.403980972788474, -41.509590378293872 ], [ 175.4048271356925, -41.510064248473384 ], [ 175.404853337320873, -41.510078963613196 ], [ 175.404856740053788, -41.510080880072572 ], [ 175.404882888162007, -41.510095648923269 ], [ 175.405429694011474, -41.510405369055725 ], [ 175.405842234710008, -41.510553345882883 ], [ 175.405880483891167, -41.510567128152054 ], [ 175.405885452051052, -41.510568926456898 ], [ 175.405923636099232, -41.510582810416224 ], [ 175.406814128977004, -41.510908057373264 ], [ 175.406905379705933, -41.51094174602683 ], [ 175.406917217374314, -41.510946163298662 ], [ 175.407008084621481, -41.51098043267347 ], [ 175.407751989987815, -41.511263958632526 ], [ 175.408318023588748, -41.511455352441345 ], [ 175.411653391605, -41.512552401945847 ], [ 175.411725547782822, -41.51257634667499 ], [ 175.411734914356657, -41.512579482660996 ], [ 175.411806859315476, -41.512603783870659 ], [ 175.41238973551549, -41.512802398492646 ], [ 175.413064196736173, -41.513009223148131 ], [ 175.413295530447215, -41.513090040283387 ], [ 175.413311075113, -41.512948524032964 ], [ 175.413320167994129, -41.512886172618209 ], [ 175.413407219166317, -41.512407955688388 ], [ 175.413741247338152, -41.510879178109271 ], [ 175.413932184416694, -41.510179868252884 ], [ 175.413961756929012, -41.510089839689286 ], [ 175.414225780808408, -41.509404094555123 ], [ 175.415173066367913, -41.507265041766615 ], [ 175.415420597546756, -41.506757448384256 ], [ 175.41545538104296, -41.506692246387097 ], [ 175.415742980304685, -41.506196732017763 ], [ 175.416362518806039, -41.505211105910163 ], [ 175.41642175203674, -41.505118248019016 ], [ 175.416429543908151, -41.505106209981747 ], [ 175.416490185620432, -41.505013867298842 ], [ 175.416857686909083, -41.504462214268585 ], [ 175.41760073099897, -41.503337328741488 ], [ 175.417616442467903, -41.503313630376518 ], [ 175.417618490977787, -41.503310551853808 ], [ 175.41763429504536, -41.50328688833082 ], [ 175.417887450926941, -41.502909219480458 ], [ 175.417930219207562, -41.502780066768359 ], [ 175.419393341433249, -41.500186087904751 ], [ 175.419522354272885, -41.500030738482593 ], [ 175.420190080617971, -41.499452810615011 ], [ 175.420352013134504, -41.499201488933622 ], [ 175.420390011446699, -41.499143053488446 ], [ 175.420394987648933, -41.499135470389959 ], [ 175.420433546293509, -41.499077242781233 ], [ 175.42125082000004, -41.497854136716761 ], [ 175.421247378746415, -41.495980507849232 ], [ 175.421247382071329, -41.495953936876624 ], [ 175.421247389281461, -41.495950482658174 ], [ 175.421247496881506, -41.49592391180834 ], [ 175.421252245267283, -41.495134030987955 ], [ 175.421252289866658, -41.495127180568751 ], [ 175.421257383616734, -41.494473940535094 ], [ 175.421257677737628, -41.493839482787912 ], [ 175.421265761798736, -41.493511793599666 ], [ 175.421267843209989, -41.493469222485409 ], [ 175.421484035149376, -41.492065469238007 ], [ 175.421520140828648, -41.491927164006036 ], [ 175.422025714991292, -41.490566119045624 ], [ 175.422045189919885, -41.490526114928166 ], [ 175.422202444756067, -41.490220440833291 ], [ 175.422602797812118, -41.489482418216063 ], [ 175.423411554840271, -41.487953516810137 ], [ 175.423418211629951, -41.487940959709654 ], [ 175.423419078641729, -41.487939327775059 ], [ 175.423425760494951, -41.487926778189696 ], [ 175.424049589168447, -41.486757648471034 ], [ 175.424208262579583, -41.486189543826747 ], [ 175.424523842956546, -41.485049132505033 ], [ 175.424535349773379, -41.485008030381508 ], [ 175.424536862221316, -41.485002689757749 ], [ 175.424548623834056, -41.484961628438775 ], [ 175.424632336289676, -41.484672651339963 ], [ 175.424452410182909, -41.484099719803808 ], [ 175.424240879423706, -41.48343658476179 ], [ 175.423882238690481, -41.482331407869999 ], [ 175.423628106010455, -41.481281583295065 ], [ 175.423605918493195, -41.481144115797989 ], [ 175.423526559323506, -41.479732239658802 ], [ 175.423528734789215, -41.479687185043787 ], [ 175.4237440440846, -41.478283354950072 ], [ 175.423779428951292, -41.478147459445225 ], [ 175.424134110698304, -41.477114257432085 ], [ 175.424592300766534, -41.476045609008587 ], [ 175.425262493194452, -41.474436386852673 ], [ 175.425398981645571, -41.474093105135431 ], [ 175.424178706042568, -41.473948515627285 ], [ 175.424153836800997, -41.473944041235065 ], [ 175.422366396888151, -41.473508432847439 ], [ 175.422164722890216, -41.473445745671562 ], [ 175.420489930404813, -41.472805174226593 ], [ 175.420468117743837, -41.472795138303312 ], [ 175.420301171409449, -41.472716902173005 ], [ 175.419713121841454, -41.472436251500639 ], [ 175.418727096015033, -41.471971284829202 ], [ 175.418029170071833, -41.471644114376367 ], [ 175.417971846530321, -41.47161707273375 ], [ 175.417964407740527, -41.47161354150937 ], [ 175.417907288362017, -41.471586256623205 ], [ 175.41642133850749, -41.470871987740736 ], [ 175.415776878773443, -41.470588184802196 ], [ 175.415606871216028, -41.470511890542554 ], [ 175.415584880786923, -41.47050183553096 ], [ 175.415416574054518, -41.470423437307232 ], [ 175.414699960584642, -41.470083432972807 ], [ 175.414079317699958, -41.469799968154575 ], [ 175.413829652335153, -41.469682754460905 ], [ 175.413797449781981, -41.469667218935797 ], [ 175.413551691262484, -41.469545424559946 ], [ 175.412917235796158, -41.469222512429177 ], [ 175.412019367383294, -41.468717875878447 ], [ 175.411906979319923, -41.468648311537066 ], [ 175.411075800848437, -41.468082727984125 ], [ 175.410294708819748, -41.467498933377513 ], [ 175.409614741200016, -41.466946330740122 ], [ 175.409530490007768, -41.466871840519936 ], [ 175.408914285249438, -41.466278440145437 ], [ 175.408570503523947, -41.46591720374542 ], [ 175.408188378751305, -41.465554348158122 ], [ 175.407455389853624, -41.465044299329605 ], [ 175.40740633280862, -41.465009970514359 ], [ 175.407399972047898, -41.465005494378175 ], [ 175.40735117123549, -41.464970959559928 ], [ 175.406475073691581, -41.464347477431311 ], [ 175.405412999336761, -41.46360783019815 ], [ 175.405285014534741, -41.463517377223972 ], [ 175.405268492081291, -41.463505527171471 ], [ 175.40514228529193, -41.463413671647842 ], [ 175.404664140191244, -41.4630605214764 ], [ 175.403844863610715, -41.462390967832711 ], [ 175.403744469632471, -41.462300105007571 ], [ 175.403019223095384, -41.461571769693073 ], [ 175.40176582695068, -41.460170656024452 ], [ 175.401098583161797, -41.459329289085808 ], [ 175.401019996626133, -41.459216690630797 ], [ 175.400478215456502, -41.458325774317998 ], [ 175.400256938819581, -41.457902411437274 ], [ 175.400159796429705, -41.457710129371037 ], [ 175.40014754907034, -41.457685027464784 ], [ 175.39964065824546, -41.456324316567787 ], [ 175.399600365211199, -41.456170593598479 ], [ 175.399382680105617, -41.454766981471778 ], [ 175.399381343699531, -41.454740261007977 ], [ 175.399458203898604, -41.453328310706588 ], [ 175.399483025756865, -41.45317274437042 ], [ 175.399852518210992, -41.451787221747296 ], [ 175.399862222088444, -41.451761498326192 ], [ 175.400515231688729, -41.450436516504503 ], [ 175.400602730286607, -41.450294333799704 ], [ 175.401523160313076, -41.449062512618326 ], [ 175.40154295334375, -41.449040303914224 ], [ 175.401697800343015, -41.448870775975593 ], [ 175.402661390575673, -41.447841195630716 ], [ 175.403859870425748, -41.446753160320291 ], [ 175.40402941482796, -41.446621754473355 ], [ 175.407025913382739, -41.444931986032117 ], [ 175.407241118413936, -41.444846425827983 ], [ 175.410784819252797, -41.443935969167562 ], [ 175.411024625079563, -41.443904626809193 ], [ 175.41476877085168, -41.443862570709634 ], [ 175.415009713270621, -41.443888513098862 ], [ 175.418587955812683, -41.444718975332528 ], [ 175.418806459402219, -41.444799664282634 ], [ 175.421868661319735, -41.446421388144451 ], [ 175.422043343463599, -41.446548928364102 ], [ 175.424289803948994, -41.44880322339376 ], [ 175.424403565610106, -41.448965134148239 ], [ 175.425560568013083, -41.451512984891522 ], [ 175.425729320766692, -41.45163038648986 ], [ 175.425910435902182, -41.45175904365729 ], [ 175.42593374707792, -41.451775951560329 ], [ 175.426111265415415, -41.451907415984202 ], [ 175.426763076025395, -41.452400269933506 ], [ 175.427225318410592, -41.452770062781987 ], [ 175.427283562387572, -41.452819371212641 ], [ 175.42771738114169, -41.453208169721051 ], [ 175.428502438135155, -41.453953423844027 ], [ 175.428808381829811, -41.45409856599673 ], [ 175.430356663158506, -41.454020974077586 ], [ 175.430524016404604, -41.454022486855521 ], [ 175.432356434345451, -41.454147649141724 ], [ 175.432824964315955, -41.453238701916661 ], [ 175.433026576234056, -41.452871774096536 ], [ 175.433054170204599, -41.452824531196747 ], [ 175.433942404101884, -41.451579374478378 ], [ 175.434037242372142, -41.451468324217167 ], [ 175.435173402606864, -41.450343024285566 ], [ 175.435219047612662, -41.450304507885747 ], [ 175.436575155368274, -41.449326766713824 ], [ 175.436710955928845, -41.449243197293001 ], [ 175.438253371702444, -41.448437210581346 ], [ 175.439425297863124, -41.446911260761844 ], [ 175.439462207287079, -41.446856357624632 ], [ 175.439468318140399, -41.446847280226436 ], [ 175.44002635592858, -41.44602127553059 ], [ 175.440039395424549, -41.44600203164385 ], [ 175.440041094543261, -41.445999531472012 ], [ 175.440054195334938, -41.445980311176527 ], [ 175.440717563436408, -41.445009928079351 ], [ 175.441342399332996, -41.444071776502113 ], [ 175.441463093142943, -41.443895434368017 ], [ 175.441479116886796, -41.443872642667408 ], [ 175.441604942203071, -41.443698343247867 ], [ 175.442290470495777, -41.442773136843343 ], [ 175.442469361278171, -41.442530759644022 ], [ 175.442600035154811, -41.442358219598077 ], [ 175.442617349293727, -41.442335933036013 ], [ 175.442753046776375, -41.442165602890107 ], [ 175.443450883694879, -41.441311154258258 ], [ 175.443693997620329, -41.441007693655592 ], [ 175.443339422064867, -41.439028706392754 ], [ 175.443262054948178, -41.438462044513408 ], [ 175.443255101918993, -41.438388212901515 ], [ 175.443269732723081, -41.436975101272672 ], [ 175.443282298787551, -41.436865837822729 ], [ 175.443590498129709, -41.435471845261908 ], [ 175.443614202796795, -41.435400010254455 ], [ 175.443819779085345, -41.434851775071003 ], [ 175.444340983145509, -41.433613086412556 ], [ 175.444417871393426, -41.433436688760239 ], [ 175.444428179828037, -41.433413837025419 ], [ 175.444509882869681, -41.433238669522687 ], [ 175.445023207894224, -41.432173366297462 ], [ 175.445263063902502, -41.431670943850371 ], [ 175.445278247020326, -41.431639325332604 ], [ 175.445280231012248, -41.431635217712568 ], [ 175.445295570846753, -41.431603642075892 ], [ 175.445411650806506, -41.431366076993008 ], [ 175.445865071236767, -41.430561082176808 ], [ 175.445930618196911, -41.430458830200863 ], [ 175.446876666210244, -41.429238147231032 ], [ 175.44692979925091, -41.429180512136547 ], [ 175.448117885810575, -41.428086227002559 ], [ 175.448222202458226, -41.428004221373648 ], [ 175.449065363993043, -41.427402756929141 ], [ 175.44948572008326, -41.427130795671516 ], [ 175.45103993016042, -41.426111019233311 ], [ 175.451594936731397, -41.425768347167676 ], [ 175.451668796900606, -41.425725467936921 ], [ 175.452250100730424, -41.425408459394347 ], [ 175.454438051475933, -41.424288992014716 ], [ 175.454484976112866, -41.424265104137021 ], [ 175.454491086047426, -41.424262009597541 ], [ 175.454538160404212, -41.424238289175719 ], [ 175.455179722052065, -41.423916660177689 ], [ 175.456171881466929, -41.423414416905288 ], [ 175.456522546501247, -41.423223882032907 ], [ 175.456542700625363, -41.423212955096545 ], [ 175.456545322618837, -41.423211536642093 ], [ 175.456565506855725, -41.423200641202151 ], [ 175.458461709522282, -41.422179281304842 ], [ 175.459606923657873, -41.421559389545692 ], [ 175.460372648334697, -41.421177584865731 ], [ 175.46047457448563, -41.421130896898056 ], [ 175.461276944820327, -41.420794424895412 ], [ 175.46242114986967, -41.420357033283551 ], [ 175.463527874590625, -41.419928821011077 ], [ 175.465010158278517, -41.418662020436685 ], [ 175.46519755278166, -41.418545210354587 ], [ 175.468418445444343, -41.417109692485724 ], [ 175.468644612828029, -41.417042182223241 ], [ 175.472297078213728, -41.416426022975237 ], [ 175.472539887198963, -41.416414418441924 ], [ 175.47278117349893, -41.416431482194284 ], [ 175.473179613932729, -41.416093113542047 ], [ 175.473203984984821, -41.416072480488445 ], [ 175.473207158675194, -41.416069801853091 ], [ 175.473231613628769, -41.416049225131914 ], [ 175.473536018820141, -41.415793881789291 ], [ 175.473616271748256, -41.415726107328148 ], [ 175.473465465604107, -41.415119706957235 ], [ 175.473305850616782, -41.414505020344471 ], [ 175.473104429494953, -41.413307961630366 ], [ 175.473092180009701, -41.413151724815592 ], [ 175.47310514330519, -41.411945140338652 ], [ 175.473281944759606, -41.410176821915378 ], [ 175.473387517571211, -41.408350841545584 ], [ 175.473408419202826, -41.408081945342495 ], [ 175.473411830079726, -41.408047027241174 ], [ 175.473443403431048, -41.407778721882458 ], [ 175.473523568126666, -41.407196651285005 ], [ 175.47375119348348, -41.406149703298134 ], [ 175.473791310733247, -41.406015382089329 ], [ 175.474345494973107, -41.404665208213395 ], [ 175.474368006717469, -41.404622557176744 ], [ 175.475195872447188, -41.403354271185336 ], [ 175.475289150784789, -41.403235856205228 ], [ 175.47637029917675, -41.402080680901221 ], [ 175.476409211928996, -41.402045354173495 ], [ 175.477717017611127, -41.401031727341966 ], [ 175.477854322793377, -41.400940807316132 ], [ 175.478965309327265, -41.40028833811904 ], [ 175.479399704424935, -41.400062890478566 ], [ 175.479757072564979, -41.399827548082101 ], [ 175.479896378165648, -41.399734656332669 ], [ 175.480080428260266, -41.399490692275876 ], [ 175.480217498587905, -41.39931371787204 ], [ 175.480235662888703, -41.399290866763721 ], [ 175.480378043333559, -41.399116285648248 ], [ 175.480907454868799, -41.398483390913967 ], [ 175.480936150051178, -41.398449256316049 ], [ 175.480939893621724, -41.398444825140309 ], [ 175.480968791832083, -41.398410787803599 ], [ 175.482200563910396, -41.396967067871088 ], [ 175.483428000131511, -41.395512440978784 ], [ 175.483930186160251, -41.394963303470917 ], [ 175.483998887219371, -41.394893831752725 ], [ 175.484553640372837, -41.394374173338143 ], [ 175.485742830151992, -41.393340960514955 ], [ 175.486383458353032, -41.3928265038235 ], [ 175.486470086453636, -41.39276218043041 ], [ 175.487905604845793, -41.39185196130218 ], [ 175.488005051548186, -41.391798350096948 ], [ 175.489501127805397, -41.391118759742504 ], [ 175.489193949181384, -41.390944679605028 ], [ 175.48918558413834, -41.390939113631589 ], [ 175.487881147364874, -41.389923182721816 ], [ 175.487733357020858, -41.389788342011272 ], [ 175.487062488793697, -41.389073253955409 ], [ 175.486785880283691, -41.388904658546359 ], [ 175.486361613063792, -41.388633518288344 ], [ 175.48630757708645, -41.388597322925158 ], [ 175.485007638225397, -41.387578162549907 ], [ 175.484898902783925, -41.38747828290677 ], [ 175.483826712852306, -41.386318512775276 ], [ 175.483790176827199, -41.386271513074185 ], [ 175.483125637626557, -41.385238363379365 ], [ 175.482660079624537, -41.384674036905999 ], [ 175.482607912286568, -41.384599438881935 ], [ 175.481768143830408, -41.383073469605129 ], [ 175.48172892545756, -41.382978344851125 ], [ 175.481393040217711, -41.381955957346676 ], [ 175.481372664011957, -41.381873519860711 ], [ 175.481302263671466, -41.381215200690171 ], [ 175.481300194587959, -41.381216724148281 ], [ 175.481295014508646, -41.381220520521055 ], [ 175.479851736840004, -41.382123539170102 ], [ 175.479658906024582, -41.382226052553307 ], [ 175.478045797886864, -41.3829478792142 ], [ 175.478039313452058, -41.382950283958742 ], [ 175.477989376072372, -41.382968694639438 ], [ 175.476757405449916, -41.383420210574371 ], [ 175.47524204982625, -41.383881972105328 ], [ 175.475040537276186, -41.383931601432067 ], [ 175.473605225247127, -41.384204897943413 ], [ 175.473272707855386, -41.38434245225362 ], [ 175.473264124002071, -41.384349031736555 ], [ 175.473255650788246, -41.384355476289691 ], [ 175.473190217207076, -41.384404859613717 ], [ 175.472842404559714, -41.384665329454954 ], [ 175.471014261671257, -41.38605608190224 ], [ 175.470384754617811, -41.386501558920763 ], [ 175.470300249277273, -41.38655717052891 ], [ 175.468794712979786, -41.387400672429962 ], [ 175.468683192958395, -41.387453451742815 ], [ 175.467020944263737, -41.388109173298602 ], [ 175.466917752196139, -41.388142393497219 ], [ 175.466111700230613, -41.388376324866393 ], [ 175.464910258518415, -41.388687951139886 ], [ 175.464029594512141, -41.388985862341684 ], [ 175.463436027468276, -41.389172370423651 ], [ 175.463358053847173, -41.389195036605763 ], [ 175.462752026926665, -41.389357238952634 ], [ 175.462707048846198, -41.38936826055383 ], [ 175.462048661392942, -41.389558544612925 ], [ 175.46180187393756, -41.390185025342205 ], [ 175.461792278650108, -41.390209258304218 ], [ 175.461791025391562, -41.390212407264286 ], [ 175.461781339777815, -41.390236619841652 ], [ 175.461554312810506, -41.390801275917248 ], [ 175.461175332432418, -41.391757678087373 ], [ 175.461175140587187, -41.391758162175044 ], [ 175.46083235693402, -41.392622877744898 ], [ 175.460156113349484, -41.393941109190429 ], [ 175.460050940502725, -41.394106245919986 ], [ 175.457924956339468, -41.396424905806121 ], [ 175.45775715329836, -41.396557483152804 ], [ 175.454783532862592, -41.398267884012817 ], [ 175.454569525102272, -41.398354920596319 ], [ 175.451039391147077, -41.39928958165202 ], [ 175.45080013300182, -41.399322554658703 ], [ 175.447059162403207, -41.399389950841083 ], [ 175.446818083708337, -41.399365631468655 ], [ 175.443232623292857, -41.398559165503102 ], [ 175.443013332247233, -41.398479935467542 ], [ 175.439934479129903, -41.396878583688157 ], [ 175.439758447639377, -41.396752201638776 ], [ 175.437487632755932, -41.394512770301347 ], [ 175.437372092256055, -41.394351611179808 ], [ 175.436131554601957, -41.391693366230641 ], [ 175.436087809232703, -41.391513208478351 ], [ 175.435998858478797, -41.388696391336907 ], [ 175.436031180762853, -41.388514871221219 ], [ 175.43642572555629, -41.387133297878009 ], [ 175.436768448149508, -41.386269544695246 ], [ 175.437154889303855, -41.385295226178563 ], [ 175.437161786429868, -41.385277899911692 ], [ 175.437162686058684, -41.38527564817705 ], [ 175.43716962937583, -41.385258332372715 ], [ 175.437393892345824, -41.38470106469665 ], [ 175.437716925414293, -41.383881799659669 ], [ 175.437724751035233, -41.383862035278547 ], [ 175.43772577227088, -41.383859466789225 ], [ 175.43773365796747, -41.383839715950153 ], [ 175.438418603700313, -41.382131219830647 ], [ 175.438571629459176, -41.381776259103802 ], [ 175.438592783351453, -41.381730444386037 ], [ 175.438765201992595, -41.381380563270611 ], [ 175.439110134802348, -41.380722712671222 ], [ 175.439131909998679, -41.380681480484604 ], [ 175.43913475828839, -41.380676125584692 ], [ 175.439156802933752, -41.380634974695717 ], [ 175.439587189102724, -41.379837228033509 ], [ 175.439918615178584, -41.37927817941155 ], [ 175.439964928378544, -41.379206689441837 ], [ 175.440346012741315, -41.378665892208105 ], [ 175.441380593527072, -41.37731099516477 ], [ 175.441391832949478, -41.377296307542665 ], [ 175.441393296458614, -41.377294399189324 ], [ 175.441404572561396, -41.377279727529213 ], [ 175.442084095681821, -41.376397482131964 ], [ 175.442823840788265, -41.375550701033553 ], [ 175.442927913394556, -41.375445037885015 ], [ 175.443789284637916, -41.374666231178686 ], [ 175.443979984057677, -41.374512318210186 ], [ 175.445279714174404, -41.373607846839121 ], [ 175.445459270927955, -41.373500300908475 ], [ 175.446921953812904, -41.372750217461977 ], [ 175.447440156160553, -41.372524820293656 ], [ 175.448017596911683, -41.372289337231479 ], [ 175.448093722903991, -41.372260299564594 ], [ 175.449828723168736, -41.371722758788508 ], [ 175.449979572088495, -41.371686148992126 ], [ 175.451804821035751, -41.371359646446898 ], [ 175.451889131569601, -41.371349747481226 ], [ 175.452540450465079, -41.371287020619931 ], [ 175.453075792025516, -41.371246680602276 ], [ 175.453491931163171, -41.37122084136837 ], [ 175.453546090595125, -41.371218194719361 ], [ 175.453963173562187, -41.371203316273792 ], [ 175.454468453900631, -41.371191946817284 ], [ 175.454914647505291, -41.371041009976693 ], [ 175.455165062063344, -41.370853516142077 ], [ 175.456381057883249, -41.369914378030721 ], [ 175.457757244400483, -41.369002981086552 ], [ 175.457947113237253, -41.368895492055231 ], [ 175.459491987641258, -41.3681532093687 ], [ 175.459956566344403, -41.367966056625882 ], [ 175.463194773574344, -41.366626553041883 ], [ 175.463345373625231, -41.366565305732948 ], [ 175.463365026261016, -41.366557449548843 ], [ 175.465085923115652, -41.36599501792459 ], [ 175.465251466770241, -41.365952189721817 ], [ 175.465310081481192, -41.365898397895336 ], [ 175.465411714254316, -41.365806381144111 ], [ 175.46542503143624, -41.365794485637181 ], [ 175.465528278384824, -41.365703494587841 ], [ 175.466133022056425, -41.365177646084597 ], [ 175.466149339229645, -41.365163487303178 ], [ 175.466151463004365, -41.365161648325667 ], [ 175.466167819288017, -41.365147515145672 ], [ 175.466705180467301, -41.364684160609606 ], [ 175.466739268606972, -41.364654894780692 ], [ 175.466743710958639, -41.364651097456964 ], [ 175.466777966690728, -41.364621942920678 ], [ 175.467539803996971, -41.363976362433959 ], [ 175.467685556648263, -41.36385508618482 ], [ 175.467704692963281, -41.363839451212797 ], [ 175.467853345157749, -41.363720189427013 ], [ 175.468777297529783, -41.362992264092497 ], [ 175.470011372923835, -41.362017630594664 ], [ 175.470894739895385, -41.36131529575502 ], [ 175.470957095901809, -41.361266091355255 ], [ 175.470965234127107, -41.361259717939433 ], [ 175.471028081586525, -41.361210869787861 ], [ 175.471737179669901, -41.360663865453624 ], [ 175.472739259930705, -41.359883752744572 ], [ 175.473441035925759, -41.359379987436007 ], [ 175.473535637477738, -41.359317389929693 ], [ 175.474619638048722, -41.358679456002534 ], [ 175.474663097626888, -41.35865678716749 ], [ 175.475001338615499, -41.358486696169365 ], [ 175.475668746667509, -41.358163299001582 ], [ 175.475671480057713, -41.358161974894244 ], [ 175.476494152828622, -41.357763754496027 ], [ 175.476586693231383, -41.357648583690896 ], [ 175.474875195500573, -41.355488743872705 ], [ 175.473980803691404, -41.354450003180901 ], [ 175.47373274691563, -41.354149105209906 ], [ 175.473701532929425, -41.354109525807822 ], [ 175.473469374479834, -41.353801509934478 ], [ 175.472704589268233, -41.352738661137636 ], [ 175.472556732250524, -41.352526484853719 ], [ 175.472538001313097, -41.352498714119363 ], [ 175.472397690042101, -41.352283648345775 ], [ 175.471459418154154, -41.350795765776212 ], [ 175.470167678788243, -41.348885858639072 ], [ 175.470076414545218, -41.348748013194346 ], [ 175.470064754469263, -41.348730018130809 ], [ 175.469376685133824, -41.347415389264782 ], [ 175.469313222631655, -41.347259205020194 ], [ 175.468906554359222, -41.345879647628884 ], [ 175.468902844868353, -41.345859818092599 ], [ 175.468876041614493, -41.345707099276702 ], [ 175.468692550360203, -41.34458803922923 ], [ 175.468590983611051, -41.344011293799191 ], [ 175.468512231537289, -41.343882953125608 ], [ 175.46749317394611, -41.341171975073109 ], [ 175.467464330346615, -41.34099012175146 ], [ 175.467523932194723, -41.339811996361576 ], [ 175.466814996623555, -41.338477614426559 ], [ 175.466287111584279, -41.337226560837976 ], [ 175.466234538445462, -41.337061028011476 ], [ 175.465953601077587, -41.335765423561703 ], [ 175.465723751007715, -41.333825045079159 ], [ 175.465381841899557, -41.33111459616385 ], [ 175.465324356944564, -41.330883564430046 ], [ 175.463688723340084, -41.32828343290165 ], [ 175.463332550100716, -41.327725485585574 ], [ 175.462736283492859, -41.326802927047211 ], [ 175.462049727931486, -41.325741407923203 ], [ 175.462035027414743, -41.325718596799518 ], [ 175.46203312189067, -41.325715629330404 ], [ 175.462018506652356, -41.325692787083021 ], [ 175.46134029610397, -41.324628962981734 ], [ 175.460956384694754, -41.324029149597358 ], [ 175.460333035578486, -41.323654919450448 ], [ 175.460169005518679, -41.323519815676164 ], [ 175.458736340673795, -41.321885955627899 ], [ 175.457024462431406, -41.323171801274562 ], [ 175.456827651828547, -41.323279182546514 ], [ 175.453494189078782, -41.324553740685808 ], [ 175.453262985909959, -41.324610011484616 ], [ 175.451899021420189, -41.324770887871281 ], [ 175.451604496250127, -41.325398684801755 ], [ 175.451229373937082, -41.326102468793763 ], [ 175.451175587524972, -41.326192251748175 ], [ 175.450723225901129, -41.326869743673264 ], [ 175.450304005254168, -41.327436785632393 ], [ 175.450284170120256, -41.327463507605941 ], [ 175.450281583724291, -41.327466978148166 ], [ 175.450261628151026, -41.327493649131775 ], [ 175.449797210349118, -41.328111885948708 ], [ 175.449541643375937, -41.328469791336687 ], [ 175.449203332517328, -41.328912945120166 ], [ 175.449157218563528, -41.328969567916829 ], [ 175.448054031781368, -41.330112194844958 ], [ 175.447952932187462, -41.330201275496194 ], [ 175.446626149801347, -41.331199734424551 ], [ 175.446559076035015, -41.331242842883121 ], [ 175.445041369742967, -41.332072541527332 ], [ 175.444908691922791, -41.332133709720466 ], [ 175.443237438039375, -41.33277421039233 ], [ 175.443155970772693, -41.332799583414214 ], [ 175.442521944028442, -41.332981344794177 ], [ 175.441900678796401, -41.333144384474465 ], [ 175.441076793902795, -41.333510027333247 ], [ 175.440877247076656, -41.333583350512527 ], [ 175.439280867698443, -41.334057048814458 ], [ 175.437171561529937, -41.334947498286908 ], [ 175.436943591436517, -41.335010894702293 ], [ 175.434048343671236, -41.335444998813266 ], [ 175.433663121323434, -41.335614248805079 ], [ 175.433608146075841, -41.335638254997221 ], [ 175.433600988331904, -41.335641361457384 ], [ 175.433545844442193, -41.335665146959926 ], [ 175.432799740604906, -41.33598498175887 ], [ 175.431814668621087, -41.336419238031127 ], [ 175.4317414487831, -41.336451253670049 ], [ 175.431731910758799, -41.33645539023528 ], [ 175.431658391761886, -41.33648701406139 ], [ 175.43147882339494, -41.33656361989641 ], [ 175.431410880696518, -41.337009576960384 ], [ 175.431345735629264, -41.337186019112288 ], [ 175.429792361528087, -41.339748915039117 ], [ 175.429658052983513, -41.339901546859927 ], [ 175.427129716369109, -41.341977176597233 ], [ 175.426939387681557, -41.342091053874434 ], [ 175.425965140161026, -41.342505545978938 ], [ 175.425961007975872, -41.343645872563229 ], [ 175.425944660806323, -41.34379712312456 ], [ 175.425759223961222, -41.34466410713032 ], [ 175.425974638491709, -41.345323401453179 ], [ 175.426278745147187, -41.346717865393039 ], [ 175.42629922057003, -41.346900359992738 ], [ 175.42602750512026, -41.349710536313154 ], [ 175.425972139749206, -41.34988886677133 ], [ 175.424561233240638, -41.352498216947623 ], [ 175.424435437650089, -41.352654925200902 ], [ 175.422023341687463, -41.354807985748586 ], [ 175.421839425132447, -41.354927728673673 ], [ 175.418662230160407, -41.356413685915626 ], [ 175.418438197380055, -41.356484738530405 ], [ 175.414806981063464, -41.357158086330891 ], [ 175.414564769201775, -41.357173490935445 ], [ 175.410835118599806, -41.356968293078374 ], [ 175.410598447073198, -41.35692654130775 ], [ 175.410340497384539, -41.356847314409258 ], [ 175.410218481329139, -41.357005154804497 ], [ 175.410194348301701, -41.357036230265287 ], [ 175.410191200300574, -41.357040265334163 ], [ 175.410166902540908, -41.357071267855808 ], [ 175.409504502914899, -41.357912591759423 ], [ 175.408773502432268, -41.358856067817868 ], [ 175.408178055579242, -41.359549454427636 ], [ 175.408095329298391, -41.359636733536348 ], [ 175.407418063729011, -41.360286101960547 ], [ 175.405505813649597, -41.361955833345412 ], [ 175.405491006317732, -41.361968737560368 ], [ 175.405489079256199, -41.361970413733985 ], [ 175.405474239487404, -41.361983296805427 ], [ 175.404957899121115, -41.362430694019636 ], [ 175.40374408259882, -41.363508403372549 ], [ 175.403668575863179, -41.363574785964175 ], [ 175.403658704610763, -41.363583379600485 ], [ 175.403582345924491, -41.363649206797568 ], [ 175.403131584714174, -41.364034009122427 ], [ 175.402585947166472, -41.364519335766232 ], [ 175.402373586145529, -41.3647640757654 ], [ 175.402314377434919, -41.364831646520358 ], [ 175.402306628034836, -41.364840404471963 ], [ 175.402246615205343, -41.364907571433363 ], [ 175.40090556990782, -41.366393969648229 ], [ 175.400794318350592, -41.366515131994909 ], [ 175.400779685571479, -41.366530792920621 ], [ 175.400665817447305, -41.366650567889813 ], [ 175.398905857079939, -41.368470127471475 ], [ 175.39857841955623, -41.368826127570408 ], [ 175.398550292834045, -41.368856573444276 ], [ 175.398546625553848, -41.368860525717416 ], [ 175.398518332580579, -41.368890884045719 ], [ 175.397826390036641, -41.369630084586532 ], [ 175.39720812805092, -41.370292098299799 ], [ 175.396634254072723, -41.370911296256914 ], [ 175.39662993869635, -41.370915949317144 ], [ 175.395964032630843, -41.371632726646524 ], [ 175.395687077420973, -41.37191869919819 ], [ 175.395650117211659, -41.371955328289083 ], [ 175.39535845379072, -41.372232880173925 ], [ 175.394214689984636, -41.373278376766883 ], [ 175.39406504179891, -41.373412484984684 ], [ 175.394045364218982, -41.373429774856938 ], [ 175.393996594079567, -41.373471792996057 ], [ 175.393872292800353, -41.373599076917415 ], [ 175.393642403032175, -41.373840470192178 ], [ 175.393594448909425, -41.37389046129119 ], [ 175.393588185397732, -41.373896943976611 ], [ 175.393539777801607, -41.373946686499103 ], [ 175.393105590258386, -41.374389653975172 ], [ 175.393015416940187, -41.374534729618311 ], [ 175.392979709285328, -41.374591658705285 ], [ 175.392975032996304, -41.374599047171948 ], [ 175.392938797742744, -41.374655786802606 ], [ 175.391898403331339, -41.376270386283025 ], [ 175.391828329874556, -41.376377322503245 ], [ 175.391819098512002, -41.376391178169222 ], [ 175.39084861871487, -41.377600576946712 ], [ 175.390718764300459, -41.377736942171992 ], [ 175.389509012709993, -41.378817085558467 ], [ 175.389494547866946, -41.378828114063211 ], [ 175.388075313876868, -41.3797523993575 ], [ 175.387895859239563, -41.379851861337329 ], [ 175.386302088289682, -41.380597520226786 ], [ 175.386283805895857, -41.380604641703052 ], [ 175.386223518659108, -41.380627745383457 ], [ 175.386019830124013, -41.38116183237225 ], [ 175.385962293666182, -41.381321336003765 ], [ 175.385938653670848, -41.381498372289208 ], [ 175.385922705797952, -41.381610719746504 ], [ 175.385920511007043, -41.381625314545467 ], [ 175.385905880712102, -41.381717430914762 ], [ 175.386117309797271, -41.382676056715148 ], [ 175.386120595377065, -41.382704735692414 ], [ 175.386134726941066, -41.384117840980004 ], [ 175.386120157716533, -41.384272107299651 ], [ 175.385903552448355, -41.385453171280012 ], [ 175.385388718046528, -41.387332059407193 ], [ 175.385074455868761, -41.388489149907592 ], [ 175.38504222879385, -41.388603988102162 ], [ 175.385037910259996, -41.388618895872 ], [ 175.385031502488857, -41.38864034362242 ], [ 175.38498914859926, -41.389037508558708 ], [ 175.384907474882283, -41.389589458380563 ], [ 175.384893930755197, -41.389660897193359 ], [ 175.384483759962308, -41.391039868794287 ], [ 175.384440152135483, -41.391146443251372 ], [ 175.383748549970193, -41.392460112526933 ], [ 175.38370635148533, -41.392524902458042 ], [ 175.383548530156247, -41.39272564843192 ], [ 175.383005010818408, -41.39371109284739 ], [ 175.382877736133878, -41.393867155190009 ], [ 175.38044490941175, -41.396007865498156 ], [ 175.380259810157185, -41.396126668567305 ], [ 175.377965905487144, -41.397182770192124 ], [ 175.377128361691291, -41.397956041366051 ], [ 175.375974512358908, -41.399158159817063 ], [ 175.374759186064267, -41.400234991020682 ], [ 175.374587621317204, -41.400364811367893 ], [ 175.371565629366444, -41.40202651896449 ], [ 175.371349172512993, -41.402110060367747 ], [ 175.36779298298805, -41.402987195250695 ], [ 175.367552828463261, -41.403016277132494 ], [ 175.363810672815021, -41.403022947443603 ], [ 175.363570338340509, -41.402994722057052 ], [ 175.360008679444746, -41.402130277420518 ], [ 175.359791700233814, -41.402047508992858 ], [ 175.356759301359062, -41.400396603201266 ], [ 175.356586922656504, -41.400267396843624 ], [ 175.354380660967024, -41.39799168761671 ], [ 175.354269756197596, -41.397828694730933 ], [ 175.353105545240766, -41.395150998296643 ], [ 175.353066964400824, -41.394970176722133 ], [ 175.353058638394486, -41.392152636397427 ], [ 175.35309614832471, -41.391971687216113 ], [ 175.354244367761993, -41.38929010088134 ], [ 175.354354287137113, -41.389126735329036 ], [ 175.355331128815351, -41.387920185871948 ], [ 175.356702918174506, -41.386491459668321 ], [ 175.356911434134105, -41.386280822851965 ], [ 175.356939065668371, -41.386253743625183 ], [ 175.357155650226161, -41.386047776936451 ], [ 175.358026234844203, -41.385244222699811 ], [ 175.35845336671062, -41.384479426039938 ], [ 175.358635986065536, -41.384168945957519 ], [ 175.358660728255188, -41.384128934914898 ], [ 175.3595838802797, -41.382898671093862 ], [ 175.359687317977404, -41.382783051351005 ], [ 175.360204395220165, -41.382292963379044 ], [ 175.360208642227008, -41.38219372647896 ], [ 175.360296661959012, -41.381355492967124 ], [ 175.360615091350184, -41.379456363361385 ], [ 175.360728462638917, -41.378609785523615 ], [ 175.360867852708878, -41.377874276345295 ], [ 175.360891174364411, -41.377779385357321 ], [ 175.361110578083526, -41.377055033033614 ], [ 175.361468699468645, -41.376063281158302 ], [ 175.361491643710622, -41.376000633590003 ], [ 175.36149466543236, -41.375992497618292 ], [ 175.361518209216626, -41.375929976390879 ], [ 175.361886716343179, -41.37496465892287 ], [ 175.362282931822534, -41.3738743845431 ], [ 175.362286453613478, -41.373864714523457 ], [ 175.362286912375168, -41.37386345761324 ], [ 175.362290448456889, -41.373853790552729 ], [ 175.362633008224378, -41.372919306052218 ], [ 175.362643399475132, -41.372891137125144 ], [ 175.362644758224491, -41.372887476826364 ], [ 175.362655270809967, -41.372859333464298 ], [ 175.363070893739348, -41.371753530986282 ], [ 175.363197886625471, -41.371437825832409 ], [ 175.363215387781224, -41.371397025648477 ], [ 175.363930450080915, -41.370090574473281 ], [ 175.364014954304992, -41.369965132587971 ], [ 175.364992480539144, -41.368759021201896 ], [ 175.36502585997016, -41.368724291243652 ], [ 175.36624177390047, -41.367648211918151 ], [ 175.366373591807644, -41.367548577967632 ], [ 175.367797948161581, -41.366629018931562 ], [ 175.367843937770431, -41.366603757955041 ], [ 175.368202427811013, -41.366414324097079 ], [ 175.369455124035312, -41.365777821008315 ], [ 175.370430076234555, -41.3652623213491 ], [ 175.370803469106761, -41.365078585063983 ], [ 175.371054627677722, -41.364718113601711 ], [ 175.371125448041795, -41.364626763520498 ], [ 175.371712441480469, -41.36394264969789 ], [ 175.372187977654477, -41.363439856083332 ], [ 175.372247782614323, -41.363377192366393 ], [ 175.372255603442255, -41.363369071329053 ], [ 175.372316118912011, -41.363306796009461 ], [ 175.373005027279618, -41.362604179383098 ], [ 175.37322845096881, -41.36236965084197 ], [ 175.373270254099197, -41.362326045227348 ], [ 175.373275710924673, -41.362320388773632 ], [ 175.37331785895546, -41.362276972023182 ], [ 175.373832183097591, -41.361750467061455 ], [ 175.37417545643612, -41.361415813155375 ], [ 175.374221412690844, -41.361373121326928 ], [ 175.374585158622494, -41.361050977805462 ], [ 175.374724009636594, -41.360933701597489 ], [ 175.375391818835567, -41.360323430589091 ], [ 175.375762773982672, -41.359924268784823 ], [ 175.376345809119414, -41.359295396282 ], [ 175.376358155921423, -41.359282104145926 ], [ 175.376359763069672, -41.359280377259111 ], [ 175.376372141625012, -41.359267101905758 ], [ 175.377007730489055, -41.358586760494411 ], [ 175.37701200551831, -41.358582187372136 ], [ 175.37768165273431, -41.357867039040727 ], [ 175.37806551681993, -41.357449830264137 ], [ 175.378147184278674, -41.357362185390883 ], [ 175.378157890565802, -41.357350839514986 ], [ 175.378240935215388, -41.357263932450422 ], [ 175.379967639504684, -41.355479325327359 ], [ 175.381097327971304, -41.35422762623881 ], [ 175.381154708702525, -41.354152065531636 ], [ 175.381741379880253, -41.353455582302061 ], [ 175.381822983975866, -41.353367858397938 ], [ 175.382491759994167, -41.352714742622375 ], [ 175.383789906622098, -41.35156038905486 ], [ 175.383868914434373, -41.351490850626419 ], [ 175.38387924614554, -41.351481850194894 ], [ 175.383959187735854, -41.351412920445156 ], [ 175.384413824583959, -41.351024903142367 ], [ 175.385597463067228, -41.349974250711895 ], [ 175.385644305412796, -41.349932923719045 ], [ 175.385650416371845, -41.349927565103563 ], [ 175.385697588780431, -41.349886451857891 ], [ 175.386248547641202, -41.349409175278637 ], [ 175.387380059938096, -41.348421422737374 ], [ 175.387543268459297, -41.348210861710783 ], [ 175.387564517368361, -41.348183557918766 ], [ 175.387567287995097, -41.348180012093735 ], [ 175.387588664112656, -41.348152764731545 ], [ 175.388248100028761, -41.347315554250926 ], [ 175.389194075042496, -41.346092333121518 ], [ 175.389207692112336, -41.346074770385215 ], [ 175.389209465750497, -41.346072488738436 ], [ 175.389223135421474, -41.346054949216509 ], [ 175.389681256407584, -41.345468646002324 ], [ 175.390170800150685, -41.344893235828096 ], [ 175.390238112738786, -41.344820358764153 ], [ 175.390784147025471, -41.344274583066429 ], [ 175.391662098832597, -41.343463027408305 ], [ 175.391676948860464, -41.343449327690621 ], [ 175.391678881683163, -41.343447548157414 ], [ 175.391693767389057, -41.343433870441153 ], [ 175.392686774152764, -41.342523254935379 ], [ 175.393037333012785, -41.342196058994979 ], [ 175.393516372726793, -41.340572800611255 ], [ 175.393605588651781, -41.340402445288476 ], [ 175.395481335558628, -41.3380061196141 ], [ 175.396200122324672, -41.335349448665212 ], [ 175.396285320191737, -41.335177930657963 ], [ 175.398127521544183, -41.332726206180119 ], [ 175.398278860468054, -41.332582923420681 ], [ 175.399480679370839, -41.331753534270987 ], [ 175.39858102802043, -41.331470929094543 ], [ 175.398473605179049, -41.331429451020817 ], [ 175.396877198833693, -41.330688451633002 ], [ 175.396777824785318, -41.330633779329069 ], [ 175.39535490119286, -41.329713644919906 ], [ 175.395269746258748, -41.329649173358291 ], [ 175.394055345049992, -41.328572568172426 ], [ 175.393983253993099, -41.328497423234339 ], [ 175.393007274093264, -41.327290864183794 ], [ 175.392952722481368, -41.327209711934835 ], [ 175.392565323752081, -41.326573154375517 ], [ 175.392479018998529, -41.326415429890019 ], [ 175.391902368467896, -41.325070785613157 ], [ 175.391846004622607, -41.324892637719273 ], [ 175.391700907388383, -41.323475820781049 ], [ 175.391292193678254, -41.323735068689267 ], [ 175.39120999646687, -41.323783738979159 ], [ 175.390059157743821, -41.324361182618588 ], [ 175.388859372837345, -41.326691055597927 ], [ 175.388737101108063, -41.326849316939622 ], [ 175.38637379278066, -41.32903227985684 ], [ 175.386192616612277, -41.329154309145984 ], [ 175.383049913806275, -41.33067984746728 ], [ 175.382827569360529, -41.330753695898217 ], [ 175.37921316881787, -41.331472428186963 ], [ 175.378971427728544, -41.331490864300491 ], [ 175.375239267983119, -41.331332410148946 ], [ 175.37500180351816, -41.331293628715081 ], [ 175.371517367007868, -41.330273507967355 ], [ 175.371307432955831, -41.330181306913644 ], [ 175.370045526202404, -41.329404756180061 ], [ 175.369093484721162, -41.329130046904673 ], [ 175.368882958490929, -41.329038621282976 ], [ 175.365975957812367, -41.32726743284023 ], [ 175.365813226998029, -41.327131439460416 ], [ 175.363774764890877, -41.324769752241899 ], [ 175.36367575743148, -41.324602506817101 ], [ 175.362705306926699, -41.321881550559702 ], [ 175.362679707419971, -41.32169942692034 ], [ 175.362872127876273, -41.318885574108485 ], [ 175.36292243223707, -41.318706400393204 ], [ 175.364258735477165, -41.316075081819193 ], [ 175.364380010418643, -41.31591639510124 ], [ 175.365440295951856, -41.314751075689642 ], [ 175.366780892361817, -41.313500618812611 ], [ 175.367513657301402, -41.312878264861375 ], [ 175.367613665097906, -41.312800846151355 ], [ 175.368535408776467, -41.312158548942413 ], [ 175.368550559174679, -41.312149054237977 ], [ 175.368667715088492, -41.312076575428947 ], [ 175.369175937673276, -41.311766205515298 ], [ 175.369786125758992, -41.311417375904171 ], [ 175.369867295192734, -41.311373990642956 ], [ 175.370505867789745, -41.31105535453721 ], [ 175.371161166477862, -41.310750678805285 ], [ 175.371331085191969, -41.310670219874844 ], [ 175.371391664380894, -41.310632302909021 ], [ 175.37211714033495, -41.31017346918582 ], [ 175.372521291433515, -41.309911264676593 ], [ 175.372973573368512, -41.309587212905114 ], [ 175.373027981908592, -41.309548473674113 ], [ 175.373035075867875, -41.30954345432913 ], [ 175.37308980516309, -41.309504972867899 ], [ 175.373588040460731, -41.309156842415206 ], [ 175.374263078126233, -41.308719269415114 ], [ 175.374353520002671, -41.308664927782274 ], [ 175.374691800522641, -41.308492556556232 ], [ 175.375910714075843, -41.306812868708711 ], [ 175.376059197957431, -41.306667933879623 ], [ 175.378777944909814, -41.304735043833681 ], [ 175.378978546888305, -41.304631795892519 ], [ 175.380604511395291, -41.303929144569615 ], [ 175.381639430668685, -41.303559961539719 ], [ 175.381923373973706, -41.303457021103284 ], [ 175.382050766036457, -41.303376719219649 ], [ 175.382114924901515, -41.303288987821915 ], [ 175.382549644025119, -41.302382710408629 ], [ 175.382620404068263, -41.302258253299037 ], [ 175.383238370221704, -41.301324706534551 ], [ 175.383648552799741, -41.300785649176035 ], [ 175.38397642412059, -41.300379938387643 ], [ 175.384020861684746, -41.30032808019066 ], [ 175.384376645097404, -41.299935972474685 ], [ 175.384926575041902, -41.299362927468763 ], [ 175.385639855063857, -41.298689939209382 ], [ 175.385737911070066, -41.298605991580693 ], [ 175.386533184833922, -41.297987477290462 ], [ 175.38732101834853, -41.297430683252635 ], [ 175.388096255092933, -41.296881493209867 ], [ 175.388367969434796, -41.296694854981759 ], [ 175.388403778848016, -41.296671007597006 ], [ 175.388682978563878, -41.296490762964069 ], [ 175.389328925939964, -41.296086570917694 ], [ 175.389780144154315, -41.295817788600601 ], [ 175.389839883392995, -41.295783931776889 ], [ 175.390307730447489, -41.295531839814167 ], [ 175.3911117834555, -41.295120265113852 ], [ 175.391120970846032, -41.29511556689463 ], [ 175.391916204743069, -41.294709931622172 ], [ 175.392687284661008, -41.294312246279404 ], [ 175.392730374231832, -41.294290126428749 ], [ 175.392735984168354, -41.294287260081596 ], [ 175.392779201312777, -41.294265282283718 ], [ 175.393523283968591, -41.293888658054357 ], [ 175.394220605825438, -41.29352942020968 ], [ 175.394248209826458, -41.293515242001341 ], [ 175.394251801758145, -41.293513402621258 ], [ 175.394279458244483, -41.293499282674652 ], [ 175.39501248365795, -41.293126160119073 ], [ 175.395757367794261, -41.292745502264921 ], [ 175.39641075169564, -41.292406772069242 ], [ 175.397008692033893, -41.292091750929536 ], [ 175.397078642084097, -41.29205517686578 ], [ 175.397087757937527, -41.292050446738756 ], [ 175.397158051785993, -41.292014249617267 ], [ 175.398238686312425, -41.291462025665609 ], [ 175.398447798694264, -41.29135455800224 ], [ 175.398414998298193, -41.291344121242311 ], [ 175.395242574250318, -41.28985622691134 ], [ 175.395058969998416, -41.289736371912575 ], [ 175.39265159160243, -41.287581842715866 ], [ 175.392526089353311, -41.287425057949562 ], [ 175.391119377882063, -41.284814850249745 ], [ 175.391064257751054, -41.284636486149623 ], [ 175.390795799241261, -41.281826143259011 ], [ 175.39081644760634, -41.281643660846782 ], [ 175.391712368057625, -41.278908284161339 ], [ 175.391806753805469, -41.278739545267825 ], [ 175.392539590834502, -41.277672001776708 ], [ 175.38978948309429, -41.278364222555446 ], [ 175.389549999501298, -41.27839429546723 ], [ 175.385815055210088, -41.278416403208404 ], [ 175.385574975727025, -41.278389168941999 ], [ 175.384684395872, -41.278176669342457 ], [ 175.38465854462811, -41.278271292569265 ], [ 175.38457294477135, -41.278442676694382 ], [ 175.382725395254965, -41.280891466332768 ], [ 175.382573769803088, -41.281034504925586 ], [ 175.379813349520816, -41.282932697958628 ], [ 175.379610538646631, -41.283033385690239 ], [ 175.376207474647487, -41.284195116940055 ], [ 175.375973335110331, -41.284243594407073 ], [ 175.374133346124751, -41.284509560284299 ], [ 175.373427279535804, -41.284568803142378 ], [ 175.372718901329023, -41.284640160085004 ], [ 175.372543222551883, -41.284656856793532 ], [ 175.372520364223448, -41.284658899485464 ], [ 175.372344376415441, -41.28467362880626 ], [ 175.371115332000642, -41.284769532444606 ], [ 175.370741127696363, -41.284794248240999 ], [ 175.370692426158314, -41.284796883239231 ], [ 175.368818993607221, -41.284787069440888 ], [ 175.368625248330432, -41.284774544312043 ], [ 175.367495798736513, -41.284633520989765 ], [ 175.3664957722346, -41.285085259985891 ], [ 175.36645205956134, -41.285104910491505 ], [ 175.366446369721331, -41.285107455909319 ], [ 175.366402546395051, -41.28512696567811 ], [ 175.366104447900938, -41.285259030518162 ], [ 175.365904115912713, -41.285398794315803 ], [ 175.365821211982109, -41.285456088868209 ], [ 175.365810194433408, -41.285463631363214 ], [ 175.365726986005654, -41.285520060760248 ], [ 175.365413656971299, -41.28573055511233 ], [ 175.365373484591856, -41.285948534562706 ], [ 175.365302843477423, -41.286123756645402 ], [ 175.363670290696035, -41.288658041732305 ], [ 175.363531311770487, -41.288808219985668 ], [ 175.360940221435243, -41.290837895363993 ], [ 175.360746505673205, -41.290948325693357 ], [ 175.357450509699618, -41.292274655190674 ], [ 175.357221022343538, -41.292334524331999 ], [ 175.353542844510486, -41.292827631530535 ], [ 175.353300057477838, -41.292831076894124 ], [ 175.349955182859929, -41.292479975928913 ], [ 175.349524678211139, -41.292635128270426 ], [ 175.349420449273481, -41.292665367677721 ], [ 175.347624281765178, -41.293067667109469 ], [ 175.347495282018883, -41.293088416769642 ], [ 175.346493966520768, -41.293216170399987 ], [ 175.345453450769753, -41.293314803847927 ], [ 175.345232778865437, -41.293334149796571 ], [ 175.345204062973153, -41.293336463259564 ], [ 175.344982951930348, -41.293352709048548 ], [ 175.3439671743281, -41.293420148051588 ], [ 175.343960205414731, -41.293420609165707 ], [ 175.343823705016348, -41.293429564496861 ], [ 175.340329466054328, -41.294262730174587 ], [ 175.339364235350615, -41.294526080320033 ], [ 175.339217967773692, -41.294565177820296 ], [ 175.339198909988596, -41.294570167083599 ], [ 175.339051980874586, -41.294607827479652 ], [ 175.336318142508873, -41.295293601460038 ], [ 175.335442318565072, -41.295516148742635 ], [ 175.335352049208296, -41.295538784206009 ], [ 175.335340298831994, -41.295541691511886 ], [ 175.335249793169794, -41.295563783831007 ], [ 175.33456544286679, -41.295728561801397 ], [ 175.334305843521037, -41.295788622658343 ], [ 175.334271982230291, -41.295796140149314 ], [ 175.33401063865918, -41.295851732995629 ], [ 175.332775465691128, -41.296103070659463 ], [ 175.332103720376494, -41.296243779817047 ], [ 175.331467604083599, -41.296362941757778 ], [ 175.331384407578582, -41.296376709907996 ], [ 175.330740577906198, -41.296469365622663 ], [ 175.329076857720736, -41.296673262814139 ], [ 175.328252123210149, -41.296752217441146 ], [ 175.32814456405373, -41.29675965570496 ], [ 175.326270921923367, -41.296777872391708 ], [ 175.326135640442885, -41.296771163852874 ], [ 175.324464686327673, -41.296588164347064 ], [ 175.323164203226696, -41.297349558930676 ], [ 175.322951442753038, -41.297437851404041 ], [ 175.319436687191711, -41.298393254079556 ], [ 175.319198156314997, -41.298427634404625 ], [ 175.318832278409303, -41.298436401388159 ], [ 175.317991068164133, -41.298784025849578 ], [ 175.317105752562071, -41.299152230900916 ], [ 175.315243816554641, -41.299926615102699 ], [ 175.314263640891681, -41.300334272799475 ], [ 175.313031531033602, -41.300846710604226 ], [ 175.311809828613519, -41.301354819925692 ], [ 175.310570685353781, -41.301870182937371 ], [ 175.309333628985229, -41.30238467800261 ], [ 175.308172694164682, -41.302867513909959 ], [ 175.307995231039115, -41.302941322294465 ], [ 175.306216180904528, -41.304474699594728 ], [ 175.306029633450947, -41.304591971129469 ], [ 175.304385677477455, -41.305331425134057 ], [ 175.30375483077151, -41.306106074933425 ], [ 175.303596923583541, -41.306245225416625 ], [ 175.300762727730387, -41.30806697279489 ], [ 175.300995424576797, -41.309611087570694 ], [ 175.300984756932735, -41.309794051240026 ], [ 175.300238632194976, -41.312554859832858 ], [ 175.300153496126001, -41.312726382260941 ], [ 175.29831226287456, -41.315178197340252 ], [ 175.298160984633256, -41.315321486094952 ], [ 175.295404799776207, -41.317224256189888 ], [ 175.295202185512323, -41.317325281450842 ], [ 175.291800861043356, -41.318492693253589 ], [ 175.291566748248357, -41.318541562569699 ], [ 175.287853333537782, -41.318859300333344 ], [ 175.287610647610649, -41.318851228262503 ], [ 175.285750320737208, -41.318678354078983 ], [ 175.284436738592888, -41.318476369128611 ], [ 175.281791910708193, -41.319224005355167 ], [ 175.280041521439244, -41.320697719257431 ], [ 175.279853150955688, -41.320813362613293 ], [ 175.276621569490942, -41.322228767349557 ], [ 175.276395007537587, -41.322294860650935 ], [ 175.273193092070045, -41.322814706443161 ], [ 175.274189126753583, -41.324916861768443 ], [ 175.274234050771128, -41.325096841924285 ], [ 175.274342078084203, -41.327913179236731 ], [ 175.274311022869909, -41.328094815343285 ], [ 175.273259165438247, -41.33079846803799 ], [ 175.27315516117045, -41.330963979140641 ], [ 175.271046254649463, -41.33329026132396 ], [ 175.270879475779907, -41.33342344299863 ], [ 175.26791990234878, -41.335144587372916 ], [ 175.267706674031331, -41.335232399090494 ], [ 175.26418618027958, -41.336179873259447 ], [ 175.263947380476338, -41.336213716327755 ], [ 175.260210698605988, -41.33629474086635 ], [ 175.259969712233527, -41.336271301303498 ], [ 175.256382768751649, -41.335477944673954 ], [ 175.256163194960976, -41.335399518057841 ], [ 175.25586940464845, -41.335272414443487 ], [ 175.254882205604304, -41.335238530330685 ], [ 175.254644194646602, -41.33520168103864 ], [ 175.251145290776179, -41.334209953895069 ], [ 175.251066623886061, -41.334176256773382 ], [ 175.250928645834051, -41.334258127203526 ], [ 175.249529642671803, -41.334973487987725 ], [ 175.248565338961697, -41.335394734699989 ], [ 175.248395034051896, -41.335467730029961 ], [ 175.248372792654038, -41.335477081959922 ], [ 175.248200922216199, -41.335547962472944 ], [ 175.247054691086589, -41.33601150244121 ], [ 175.246993968650628, -41.336035888851683 ], [ 175.246986062685522, -41.336039041925332 ], [ 175.246925154889624, -41.336063164340217 ], [ 175.245864067101451, -41.336480463904039 ], [ 175.244775963138068, -41.336919954180544 ], [ 175.244745017120607, -41.336932409141795 ], [ 175.244740990989897, -41.336934023832285 ], [ 175.244709996535249, -41.336946410262946 ], [ 175.244223651726429, -41.337140079456354 ], [ 175.245698223272797, -41.337769476677195 ], [ 175.24580618978419, -41.337824411851464 ], [ 175.247273064012347, -41.338704532734987 ], [ 175.247356021207025, -41.338762881956143 ], [ 175.248622198979575, -41.339805097552336 ], [ 175.248702363196003, -41.339882487505307 ], [ 175.249285836602468, -41.340497315393264 ], [ 175.249894205265605, -41.341198821125595 ], [ 175.24990809409752, -41.341214873302043 ], [ 175.249909896698028, -41.341216961530378 ], [ 175.249923740181458, -41.341233035943688 ], [ 175.250523423475528, -41.341930976472895 ], [ 175.250532767847886, -41.341941868952766 ], [ 175.250533981262862, -41.341943285633803 ], [ 175.250543304813078, -41.34195418824676 ], [ 175.251132198966417, -41.342643900755526 ], [ 175.252020016069253, -41.34388856550347 ], [ 175.252117930352028, -41.344056178784484 ], [ 175.253070518676537, -41.346780679902032 ], [ 175.253094914609818, -41.34696289146752 ], [ 175.252883678011329, -41.34977587745913 ], [ 175.252832157574517, -41.349954851730281 ], [ 175.251477620649865, -41.352580958432952 ], [ 175.251355217911538, -41.352739174415454 ], [ 175.24898986116736, -41.354921299166286 ], [ 175.248808552997161, -41.355043266193171 ], [ 175.245663887172412, -41.356567750497852 ], [ 175.245441422683825, -41.356641525856659 ], [ 175.241825337162453, -41.357359091520756 ], [ 175.241583499770201, -41.357377450915081 ], [ 175.241151298569889, -41.357358978687749 ], [ 175.241140534607041, -41.357404860183109 ], [ 175.239921554544082, -41.360068436172938 ], [ 175.239807345013446, -41.360230097519889 ], [ 175.237555422909736, -41.362479459730288 ], [ 175.23738048634138, -41.362606614657494 ], [ 175.234316017520399, -41.364221523730073 ], [ 175.234097478553338, -41.364301721659196 ], [ 175.230520491287763, -41.365124046084169 ], [ 175.230279748498532, -41.365149433832286 ], [ 175.226540513498833, -41.365098649206828 ], [ 175.226301142291845, -41.365066740800728 ], [ 175.224485478198801, -41.364712102067017 ], [ 175.223702262018151, -41.364508520620461 ], [ 175.221834925899458, -41.364036408626546 ], [ 175.221816260146312, -41.364031676350862 ], [ 175.221813834275878, -41.364031059649946 ], [ 175.221795178945541, -41.364026304219379 ], [ 175.22133268046332, -41.363908087545575 ], [ 175.220549233353239, -41.36529865060843 ], [ 175.220420418405098, -41.365453958781579 ], [ 175.219146867007538, -41.366557675849712 ], [ 175.21943040394865, -41.366769261320918 ], [ 175.220184998916039, -41.367307829335353 ], [ 175.221032958062068, -41.367910050467728 ], [ 175.221056888248313, -41.367927092413062 ], [ 175.221059995117429, -41.367929311089888 ], [ 175.221083862917908, -41.367946402634111 ], [ 175.221779796968519, -41.368446125912747 ], [ 175.222244570382031, -41.368798798717513 ], [ 175.222303266630462, -41.368845866581054 ], [ 175.22274151239759, -41.369217314862766 ], [ 175.223279637635613, -41.369699578188722 ], [ 175.223850951741156, -41.370192549117654 ], [ 175.223859353943595, -41.370199806896437 ], [ 175.223860445558358, -41.370200750845861 ], [ 175.223868837429166, -41.370208015365932 ], [ 175.224502336171213, -41.370756997017622 ], [ 175.224528497560158, -41.370779744524782 ], [ 175.224531891972362, -41.37078270597317 ], [ 175.224557952309681, -41.370805519210379 ], [ 175.225177598461443, -41.371349788496161 ], [ 175.225962763837742, -41.372038639229515 ], [ 175.225963246649656, -41.372039062836045 ], [ 175.226726444107811, -41.372708770170938 ], [ 175.227503929630245, -41.373385968726993 ], [ 175.228256270840802, -41.374113425857701 ], [ 175.228347400366914, -41.374211514177169 ], [ 175.228997051174076, -41.374993108761842 ], [ 175.230034847157498, -41.37639663644984 ], [ 175.230164511723075, -41.37648510076459 ], [ 175.230276032664449, -41.376562159638276 ], [ 175.230290445651008, -41.376572245997558 ], [ 175.230400662965138, -41.376650361883321 ], [ 175.231814932893542, -41.37766547971507 ], [ 175.233015391867553, -41.378666674357028 ], [ 175.233157671423243, -41.378804878566235 ], [ 175.234146127074212, -41.379929904623388 ], [ 175.234413499169648, -41.380290236982276 ], [ 175.235453904244139, -41.380240120742272 ], [ 175.235695995536275, -41.380257164978829 ], [ 175.239320202831209, -41.380954929769153 ], [ 175.239543459489141, -41.381027478535231 ], [ 175.242704148062444, -41.382534515193584 ], [ 175.242886722936191, -41.382655469796759 ], [ 175.245274564962159, -41.384824312354276 ], [ 175.245398587382482, -41.384981836688631 ], [ 175.246779811702766, -41.387600239677191 ], [ 175.246833136391274, -41.387778917383436 ], [ 175.247072424054323, -41.390590610533252 ], [ 175.24704982193316, -41.390772952829373 ], [ 175.246356952830951, -41.392814990220998 ], [ 175.246738226780963, -41.393097243069455 ], [ 175.247431778792134, -41.393599079419729 ], [ 175.247547455061323, -41.393683917111893 ], [ 175.247562393435231, -41.393695021951011 ], [ 175.247676538303153, -41.393781027939106 ], [ 175.24843184405546, -41.394357864761233 ], [ 175.248807215121445, -41.394657975776646 ], [ 175.248854802388138, -41.394697810593662 ], [ 175.248998123405073, -41.394827497409395 ], [ 175.249825018740125, -41.395325517087734 ], [ 175.250413558468381, -41.395729751553411 ], [ 175.250998181727198, -41.396108937281809 ], [ 175.251046356685237, -41.396140351909644 ], [ 175.251052604937371, -41.39614444834524 ], [ 175.251100556935228, -41.396176055803444 ], [ 175.251815726981107, -41.396649992917148 ], [ 175.251822049741065, -41.396654185843985 ], [ 175.252356228336453, -41.3970090627177 ], [ 175.252744890101724, -41.397279001579271 ], [ 175.252794361707686, -41.397314917221593 ], [ 175.254039010399083, -41.398372499238405 ], [ 175.254144503912613, -41.398477732577923 ], [ 175.255154153587227, -41.399668893585535 ], [ 175.255186467359607, -41.399714562095596 ], [ 175.255936246116221, -41.401009978880836 ], [ 175.255993394895711, -41.40113460727877 ], [ 175.256464828187688, -41.402502387340327 ], [ 175.256476819366014, -41.402553339222159 ], [ 175.256658280026414, -41.403959806704954 ], [ 175.256661484078307, -41.404091632233119 ], [ 175.25654848442656, -41.405502156251735 ], [ 175.256538976508324, -41.405553404294814 ], [ 175.256134279336607, -41.406933251824064 ], [ 175.25608321770838, -41.407059370437956 ], [ 175.255396768930069, -41.408374561394218 ], [ 175.255366689874421, -41.408421088735935 ], [ 175.255124799419377, -41.408775139358383 ], [ 175.254745113763619, -41.40930190428876 ], [ 175.254528827932603, -41.409986658356075 ], [ 175.254436222530387, -41.41015600390449 ], [ 175.252487620773962, -41.412561438504149 ], [ 175.252330025908407, -41.412700948886581 ], [ 175.251940268740498, -41.41295263018278 ], [ 175.251418148251787, -41.413532656308512 ], [ 175.251340276694322, -41.413611774363204 ], [ 175.250107867321674, -41.414677649743425 ], [ 175.250027063181506, -41.414737348128362 ], [ 175.248588288652371, -41.415644950651441 ], [ 175.248481745190844, -41.415702078587223 ], [ 175.247637579303529, -41.416115528053851 ], [ 175.246756640802147, -41.416508271254891 ], [ 175.245071370358943, -41.417130719859792 ], [ 175.244845223707273, -41.417198238674622 ], [ 175.241192974508778, -41.417814441371334 ], [ 175.240950175947034, -41.417826042402872 ], [ 175.237223728611411, -41.417562398393947 ], [ 175.236988055072658, -41.417516945772491 ], [ 175.233552331471543, -41.416399276102688 ], [ 175.233346861108771, -41.416301221043753 ], [ 175.230538276851377, -41.414438975056292 ], [ 175.230383126629675, -41.414297919381411 ], [ 175.228476620986868, -41.411873444213597 ], [ 175.228386975931102, -41.411703199115657 ], [ 175.22756909297604, -41.408953868303769 ], [ 175.22755372058225, -41.408771101004817 ], [ 175.227895037202529, -41.406040790272925 ], [ 175.227634187606327, -41.405842190936227 ], [ 175.227123350270944, -41.405483850395619 ], [ 175.226992664180329, -41.4053907841637 ], [ 175.226975796812667, -41.40537859004391 ], [ 175.226846984939442, -41.405284054435029 ], [ 175.226293020859714, -41.404871331142402 ], [ 175.225520718012831, -41.404298645655558 ], [ 175.224811893825432, -41.40378087928849 ], [ 175.224794104760775, -41.40376785796785 ], [ 175.22479179451787, -41.403766163392305 ], [ 175.22477404138391, -41.403753114320182 ], [ 175.224186435375429, -41.403320305189325 ], [ 175.223544246541877, -41.40285312015758 ], [ 175.222831485420159, -41.402341399988899 ], [ 175.22272313265205, -41.402262621307621 ], [ 175.222709133017645, -41.402252313696287 ], [ 175.222602106795136, -41.402172513742947 ], [ 175.222580620468563, -41.402156290222692 ], [ 175.221003128807354, -41.402531954718917 ], [ 175.220762603751155, -41.402559184134574 ], [ 175.2170207417104, -41.402537031373086 ], [ 175.216780815465029, -41.402506957602199 ], [ 175.213231268819499, -41.40161516332779 ], [ 175.213015436560397, -41.4015307316185 ], [ 175.21000578080475, -41.399856627916584 ], [ 175.209835175314879, -41.399726106245453 ], [ 175.20766005799959, -41.397433621990558 ], [ 175.207551378899467, -41.397269790507224 ], [ 175.206847121284909, -41.395960003949071 ], [ 175.206598893651005, -41.395368676638725 ], [ 175.20653398605856, -41.395208909686886 ], [ 175.206525804681007, -41.395188082827424 ], [ 175.206464844917065, -41.395027436558792 ], [ 175.206355905948811, -41.394729929368538 ], [ 175.206319296849927, -41.394613294646497 ], [ 175.205326240687498, -41.39476693957495 ], [ 175.205083294515987, -41.394775279963014 ], [ 175.201365041697471, -41.394461665396712 ], [ 175.201130567922746, -41.394413057249416 ], [ 175.197723110103027, -41.39324946099935 ], [ 175.197520069235622, -41.393148664532724 ], [ 175.194757050809471, -41.39124903286347 ], [ 175.194605321654393, -41.391105918294862 ], [ 175.192757215992742, -41.388656257987961 ], [ 175.192671648341502, -41.388484838010676 ], [ 175.192039333701501, -41.386165390358101 ], [ 175.191198739780418, -41.385568397969919 ], [ 175.19105010757508, -41.385423459781521 ], [ 175.189513575403311, -41.383307919531461 ], [ 175.186906972997605, -41.383176284145641 ], [ 175.186669896567821, -41.383135596163363 ], [ 175.186503718544827, -41.383096524903699 ], [ 175.18633457190748, -41.384177640975388 ], [ 175.186215843940516, -41.384767567191886 ], [ 175.186197054415999, -41.38484378851269 ], [ 175.18602671230289, -41.385426497922779 ], [ 175.185867862167868, -41.385895332568282 ], [ 175.185479846863359, -41.386759189512794 ], [ 175.187324349195507, -41.387778715513853 ], [ 175.18734040389046, -41.387787604793381 ], [ 175.187342489719327, -41.387788761707469 ], [ 175.187358524699476, -41.387797671106334 ], [ 175.187881204061938, -41.388088587921743 ], [ 175.187950236085783, -41.388127299988966 ], [ 175.187959186088591, -41.388132356812434 ], [ 175.188027846416134, -41.388171442029723 ], [ 175.189354626333369, -41.388932366762695 ], [ 175.189791899520401, -41.389195543245826 ], [ 175.189847651095789, -41.389230739055925 ], [ 175.191186625169962, -41.390220677795398 ], [ 175.191298913973355, -41.390317857359193 ], [ 175.192415808522554, -41.39145333641833 ], [ 175.192454392462707, -41.391499783019285 ], [ 175.19332169748148, -41.392752850739804 ], [ 175.19338861980907, -41.392871403706778 ], [ 175.193984969048245, -41.394211210989539 ], [ 175.194002607085707, -41.39426436285509 ], [ 175.194125573105396, -41.39467561529446 ], [ 175.194271856706649, -41.395224498669592 ], [ 175.194319921200815, -41.395415508839299 ], [ 175.19445059780432, -41.39596731642326 ], [ 175.194458537089247, -41.395999818856232 ], [ 175.197278030429374, -41.39736213983641 ], [ 175.197459657090718, -41.397483932323198 ], [ 175.199830323803809, -41.399663712714705 ], [ 175.199953089111517, -41.399821803575819 ], [ 175.199994715330917, -41.399902130324691 ], [ 175.200682478729561, -41.400239681816068 ], [ 175.200990205188219, -41.400395887087264 ], [ 175.201029781710417, -41.40041665612241 ], [ 175.20190511271548, -41.400957546188835 ], [ 175.203762233438624, -41.401562882479936 ], [ 175.20396757712922, -41.401661029887904 ], [ 175.206774184235996, -41.403524463929365 ], [ 175.20692920763355, -41.403665581181315 ], [ 175.208833814182839, -41.406090777035025 ], [ 175.208855305082864, -41.406131652444081 ], [ 175.209250222408286, -41.406267101890585 ], [ 175.209947099663253, -41.406474127251791 ], [ 175.210008760693626, -41.406492593981682 ], [ 175.21001676772272, -41.406495011377089 ], [ 175.210078291755735, -41.406513735345953 ], [ 175.211027342096799, -41.406804868479789 ], [ 175.212652671466344, -41.407302334124985 ], [ 175.212655951669745, -41.407303338488738 ], [ 175.214218889169416, -41.407782397457019 ], [ 175.215481961171861, -41.408168416684184 ], [ 175.216980113780181, -41.408621540445495 ], [ 175.217028412984575, -41.40863624040297 ], [ 175.217034686325718, -41.408638161681289 ], [ 175.217082900061627, -41.408653019851926 ], [ 175.218391382384311, -41.409058755452754 ], [ 175.21921107860922, -41.409312725772629 ], [ 175.220539431107454, -41.40979849374235 ], [ 175.220706292277612, -41.409869411851474 ], [ 175.221945036338042, -41.410474692802104 ], [ 175.222984514631833, -41.411054252074258 ], [ 175.22306058340385, -41.411097016259305 ], [ 175.223070442891242, -41.411102605055461 ], [ 175.223146058540436, -41.411145822349894 ], [ 175.224145665582625, -41.411721848592784 ], [ 175.225146654751399, -41.412296740693399 ], [ 175.22551337385022, -41.412516032516656 ], [ 175.225560288077475, -41.41254523187299 ], [ 175.225915326338225, -41.412775160955356 ], [ 175.226935692357387, -41.413462571180418 ], [ 175.22694351576979, -41.413467846240195 ], [ 175.228027559614077, -41.414200413112987 ], [ 175.22803635526023, -41.414206362723547 ], [ 175.228206715436158, -41.414321886746713 ], [ 175.229196061713765, -41.414889962629879 ], [ 175.230485305364823, -41.415630199348485 ], [ 175.231277102876732, -41.416126837022659 ], [ 175.231376155279548, -41.416194614489491 ], [ 175.232108240965658, -41.416740707492863 ], [ 175.232550916915699, -41.417100658083505 ], [ 175.233128115519037, -41.417480821253093 ], [ 175.234201876978005, -41.418068118414794 ], [ 175.234383587465544, -41.418184593991704 ], [ 175.235712960921035, -41.419182312510522 ], [ 175.235716004503359, -41.419184986880829 ], [ 175.23682170388949, -41.420326949815987 ], [ 175.236946715559952, -41.420479989801457 ], [ 175.237801512859392, -41.421738083986966 ], [ 175.237803309747079, -41.4217413353918 ], [ 175.238386140858523, -41.423084589021364 ], [ 175.238442211965321, -41.423259216019041 ], [ 175.238735779739272, -41.424627559020664 ], [ 175.238772347087917, -41.424958140461285 ], [ 175.238788861715079, -41.425126512161029 ], [ 175.23879073583629, -41.425148413705003 ], [ 175.238803053831475, -41.425316988835995 ], [ 175.238858750731907, -41.426236297167861 ], [ 175.23889585353723, -41.426848289564489 ], [ 175.238973100613492, -41.42753261878979 ], [ 175.239015545302692, -41.428377570886397 ], [ 175.239014206541384, -41.428487367294125 ], [ 175.238951164068538, -41.429331590662329 ], [ 175.238874901470723, -41.429886267398238 ], [ 175.238922584459942, -41.430180776334716 ], [ 175.238924146377201, -41.430190467052952 ], [ 175.238924348519163, -41.430191726928889 ], [ 175.238925896478122, -41.430201418917235 ], [ 175.239132722919152, -41.431502315095891 ], [ 175.239182082669942, -41.431880124213549 ], [ 175.239187121298727, -41.431929319343617 ], [ 175.239184095109266, -41.433342391013632 ], [ 175.239169813518942, -41.433476196991634 ], [ 175.238873083710672, -41.43487151414773 ], [ 175.23885767477401, -41.434919473199827 ], [ 175.23827452959415, -41.436262675879547 ], [ 175.238205998812759, -41.436386610950464 ], [ 175.237350779780058, -41.437644620044303 ], [ 175.237316429204725, -41.437686647937653 ], [ 175.236210185223285, -41.438828481201043 ], [ 175.236094108400806, -41.438930411662945 ], [ 175.234764070901349, -41.439927945389755 ], [ 175.234714139987318, -41.439959927205535 ], [ 175.234323161606113, -41.440199846939393 ], [ 175.233297262256428, -41.440802723640587 ], [ 175.233144245048095, -41.440892836967024 ], [ 175.233086160512158, -41.440926827246038 ], [ 175.233078591536668, -41.440931228470475 ], [ 175.233020230295637, -41.440964949336433 ], [ 175.231992676422323, -41.441554885004827 ], [ 175.231177390370476, -41.442028064412689 ], [ 175.231323098459285, -41.442257231688082 ], [ 175.231456585017952, -41.442474549447297 ], [ 175.231473436228839, -41.442502969311526 ], [ 175.231599199045917, -41.442722880241348 ], [ 175.232118254933312, -41.443664783657354 ], [ 175.232160709341258, -41.443742853599801 ], [ 175.232166165128007, -41.443753021918162 ], [ 175.232207645899706, -41.443831387642888 ], [ 175.232694666702713, -41.444764140390525 ], [ 175.232845378267854, -41.445068829759798 ], [ 175.232864014381278, -41.445108692526908 ], [ 175.233000012187262, -41.445417276515897 ], [ 175.23333366147412, -41.446222709711137 ], [ 175.233599655686277, -41.446814413151706 ], [ 175.233873460815772, -41.447251859778298 ], [ 175.233934387664419, -41.447363911924818 ], [ 175.234343666318523, -41.448244133550475 ], [ 175.23509187769173, -41.450167437818713 ], [ 175.235183924360626, -41.450417329979857 ], [ 175.235195266380288, -41.450449938831298 ], [ 175.235277712284613, -41.450701721314537 ], [ 175.235437134998932, -41.451220635367804 ], [ 175.235685091043962, -41.452351682022162 ], [ 175.235704781205385, -41.452499662837894 ], [ 175.235759747142907, -41.45364524431546 ], [ 175.235696148920425, -41.455377711888211 ], [ 175.235685246146772, -41.455586712639288 ], [ 175.235683409568935, -41.455613866689127 ], [ 175.235441067651067, -41.457015122732393 ], [ 175.235398198733634, -41.457167986371687 ], [ 175.23486743770178, -41.458523467795295 ], [ 175.23485453628507, -41.458548865749613 ], [ 175.234048410572257, -41.459825192005432 ], [ 175.233944840564959, -41.459960606737091 ], [ 175.232883184426271, -41.461126343734783 ], [ 175.232860479949863, -41.461147499067025 ], [ 175.232683317103408, -41.461308706356391 ], [ 175.232498209066023, -41.46147321371572 ], [ 175.232491280883664, -41.461861924628657 ], [ 175.232484409225634, -41.461957196144496 ], [ 175.23239178133116, -41.462688430792269 ], [ 175.232047133469564, -41.46458572991785 ], [ 175.231931217122991, -41.465108589787299 ], [ 175.231913502422827, -41.465176169203801 ], [ 175.231756884591277, -41.465692992607785 ], [ 175.231270918833104, -41.467103600013282 ], [ 175.231166758974581, -41.467436470556201 ], [ 175.231017047141535, -41.467968326770183 ], [ 175.23101150680165, -41.467987901461555 ], [ 175.23101078279862, -41.467990445566173 ], [ 175.231005184630504, -41.468010010945733 ], [ 175.230810111579416, -41.468688111345266 ], [ 175.230777253307593, -41.468798944199342 ], [ 175.230772861115895, -41.468813331639673 ], [ 175.230738147204278, -41.468923844020601 ], [ 175.230536678518632, -41.469547613466439 ], [ 175.230194866365736, -41.470413843095535 ], [ 175.230143039858518, -41.470524494723733 ], [ 175.229687519772369, -41.471360597393321 ], [ 175.22837562269919, -41.473461353638491 ], [ 175.227854332372686, -41.474203960941963 ], [ 175.227780732571091, -41.474297915946991 ], [ 175.2267029298647, -41.475455357232377 ], [ 175.226639804037717, -41.475512938638921 ], [ 175.225334477838715, -41.476529309657749 ], [ 175.225225869468687, -41.476601558435796 ], [ 175.223725160099832, -41.47745182483677 ], [ 175.223641460077431, -41.477491915065251 ], [ 175.223552982118463, -41.477527284038523 ], [ 175.22343202002196, -41.477818401059444 ], [ 175.223351435318222, -41.478005163999342 ], [ 175.223340608568435, -41.478029354403212 ], [ 175.223254627876457, -41.478214751518486 ], [ 175.22283906677032, -41.479080329247083 ], [ 175.222795725135853, -41.479157197796944 ], [ 175.222796010270656, -41.479196718230995 ], [ 175.222723405061885, -41.480236912723143 ], [ 175.222703615315368, -41.480371275818662 ], [ 175.222350856597757, -41.481759206728555 ], [ 175.222333856036585, -41.48180587254781 ], [ 175.22203757324553, -41.482424029476803 ], [ 175.222674425930251, -41.483895668367907 ], [ 175.222712632960082, -41.484076531391615 ], [ 175.222714345508564, -41.486893927207895 ], [ 175.222676356505758, -41.487074816317694 ], [ 175.221961182217569, -41.488732417628214 ], [ 175.222028763845429, -41.489244754323998 ], [ 175.222035926383114, -41.489300838981279 ], [ 175.222036827169944, -41.489308132105528 ], [ 175.222043522890601, -41.489364249359703 ], [ 175.222126223778048, -41.490082607541652 ], [ 175.22212735133391, -41.490092464666297 ], [ 175.222127496979908, -41.490093746152375 ], [ 175.222128610131932, -41.49010360419831 ], [ 175.222209325309763, -41.49082309745819 ], [ 175.222214469777384, -41.490870445494338 ], [ 175.222215116960683, -41.490876602022553 ], [ 175.222219929159195, -41.490923969805259 ], [ 175.222291196711154, -41.491650705484034 ], [ 175.222368736262808, -41.492327655147818 ], [ 175.222470916570956, -41.493100085259023 ], [ 175.222475410390587, -41.493134735818501 ], [ 175.222475983003847, -41.493139241223325 ], [ 175.222480298618507, -41.493173904584125 ], [ 175.222574417712309, -41.493945948686296 ], [ 175.222624077519555, -41.494700273015113 ], [ 175.222625057334625, -41.494798366090507 ], [ 175.222590470563006, -41.49555316598375 ], [ 175.222491449234383, -41.496525893643764 ], [ 175.222432786691087, -41.497241705874103 ], [ 175.22236968699869, -41.498041364230453 ], [ 175.222367317840764, -41.498070584441464 ], [ 175.22236700163802, -41.498074382682482 ], [ 175.222364506138518, -41.49810359694856 ], [ 175.222289205244124, -41.498963262672454 ], [ 175.222286945052701, -41.498988523870551 ], [ 175.222286645087593, -41.498991807509107 ], [ 175.222284290431247, -41.499017063827282 ], [ 175.22217756708568, -41.500139148544747 ], [ 175.222116017583488, -41.500899739185733 ], [ 175.222107364531325, -41.50099782998857 ], [ 175.222106147080012, -41.501010576796858 ], [ 175.22209607010987, -41.501108590736955 ], [ 175.222027356903709, -41.501732573804908 ], [ 175.221971625740508, -41.502371166646491 ], [ 175.221971309184482, -41.502374782853472 ], [ 175.221699859482896, -41.503776251081739 ], [ 175.221673890418913, -41.503862214313081 ], [ 175.221648002740778, -41.503948191421223 ], [ 175.221088875307174, -41.505300629499878 ], [ 175.221088669565546, -41.505301016675006 ], [ 175.220727196537553, -41.505980546098108 ], [ 175.220340523499715, -41.506710319287933 ], [ 175.220024704136989, -41.50733084915214 ], [ 175.220006458771962, -41.507366471292158 ], [ 175.220004073826715, -41.50737109837052 ], [ 175.21998562772643, -41.507406662051352 ], [ 175.219641943388126, -41.508065142997935 ], [ 175.219620516811318, -41.508105902682658 ], [ 175.219617714217236, -41.508111196314637 ], [ 175.219596023961969, -41.508151877121783 ], [ 175.219209717895779, -41.508871322796338 ], [ 175.218876857719323, -41.509511011262688 ], [ 175.218865121376922, -41.509533477033379 ], [ 175.218863590447796, -41.509536396040914 ], [ 175.218851774034334, -41.509558838078398 ], [ 175.218532058110611, -41.510163674156701 ], [ 175.218399203477247, -41.51147505620812 ], [ 175.218342928487203, -41.511653233841514 ], [ 175.216917256656274, -41.514258867754691 ], [ 175.216790474826837, -41.514415251657582 ], [ 175.215564020881601, -41.515500059895466 ], [ 175.215536103751589, -41.515543809282583 ], [ 175.215155087779095, -41.516116348109868 ], [ 175.215147395477629, -41.5161286605275 ], [ 175.215150604064405, -41.516190244377924 ], [ 175.215121933928884, -41.516372101574134 ], [ 175.214103914754787, -41.519083592687728 ], [ 175.214001870187928, -41.519249889157813 ], [ 175.213968079644076, -41.519287884502049 ], [ 175.213954879036407, -41.51943030960193 ], [ 175.213941939469038, -41.519495499288652 ], [ 175.213519478173197, -41.520872409131208 ], [ 175.213472407667865, -41.520984708155247 ], [ 175.213197944963952, -41.521540200516931 ], [ 175.213901628066054, -41.52205417324101 ], [ 175.214725900109556, -41.522632850529796 ], [ 175.214778781316085, -41.522670201054687 ], [ 175.214785636248337, -41.522675072221183 ], [ 175.214838215538123, -41.522712662719378 ], [ 175.215609361106317, -41.523267322771979 ], [ 175.216425420809173, -41.523835164074946 ], [ 175.216490207760813, -41.523880579767599 ], [ 175.216498600912587, -41.523886507123962 ], [ 175.216562939372864, -41.523932281529675 ], [ 175.21789889602104, -41.52488980509581 ], [ 175.21874293750318, -41.525487959232372 ], [ 175.218747152999299, -41.525490948050141 ], [ 175.219634349657554, -41.526120744906166 ], [ 175.219650794701437, -41.526132440753905 ], [ 175.219652930643207, -41.526133962729766 ], [ 175.219669346242028, -41.526145681895009 ], [ 175.220522733759339, -41.526756063610947 ], [ 175.221408007996814, -41.527385665555471 ], [ 175.221431254605903, -41.527402242494276 ], [ 175.22143427282586, -41.527404400528795 ], [ 175.22145746037026, -41.527421024121203 ], [ 175.222239657941657, -41.527983292094262 ], [ 175.223067472564509, -41.528567566340676 ], [ 175.223075297441596, -41.528573093982359 ], [ 175.223965515134665, -41.529203390438347 ], [ 175.223983292973202, -41.529216003230452 ], [ 175.223985601862069, -41.529217644661514 ], [ 175.224003345390571, -41.529230284654808 ], [ 175.224845338764851, -41.529831315166334 ], [ 175.225563779698945, -41.530341935637779 ], [ 175.226349649149427, -41.530899259901233 ], [ 175.227254045546829, -41.531614993692052 ], [ 175.227364489821809, -41.531712593373506 ], [ 175.228466517190981, -41.53285757850405 ], [ 175.228504968669682, -41.532904957635203 ], [ 175.229355091502782, -41.534165378307478 ], [ 175.229419999016159, -41.534283845238555 ], [ 175.229852731226515, -41.535215718569724 ], [ 175.229955073473093, -41.535482249511531 ], [ 175.230281586348553, -41.535820390544906 ], [ 175.230393404353578, -41.535957696026905 ], [ 175.231246106327546, -41.537217148276895 ], [ 175.231257497995557, -41.537237849909367 ], [ 175.231837507357881, -41.538582018035868 ], [ 175.231887388169639, -41.538738565178555 ], [ 175.232077309835688, -41.539643254996029 ], [ 175.233015449864212, -41.540537136164765 ], [ 175.233135597613881, -41.540672197947323 ], [ 175.233144902735944, -41.540684677876129 ], [ 175.235371251544649, -41.541730184679359 ], [ 175.235555193816765, -41.541850345038249 ], [ 175.237965401693572, -41.544008773283771 ], [ 175.238090928497229, -41.544165754675731 ], [ 175.239495506106778, -41.546778071943677 ], [ 175.239550324965705, -41.546956511197628 ], [ 175.239811667656738, -41.549767043654697 ], [ 175.239790403206825, -41.549949475379144 ], [ 175.23929772972528, -41.551433362883763 ], [ 175.239298202170318, -41.551520802922759 ], [ 175.239271185089734, -41.552162681112932 ], [ 175.239263718741398, -41.552245925154715 ], [ 175.238990392880993, -41.553643974926864 ], [ 175.238976070755172, -41.553691118984517 ], [ 175.239005964380539, -41.554012653098724 ], [ 175.239006567336361, -41.554019172012516 ], [ 175.239070216557138, -41.554716632250063 ], [ 175.239096758424267, -41.555476013928811 ], [ 175.239094664216395, -41.555574667132063 ], [ 175.239035902704842, -41.556333027008542 ], [ 175.238975079849979, -41.556786858359807 ], [ 175.238861995266774, -41.557817222962463 ], [ 175.238778226377264, -41.558582856543481 ], [ 175.238775977520305, -41.558603129860245 ], [ 175.238775681205595, -41.558605765140044 ], [ 175.238773371374805, -41.558626034589508 ], [ 175.238605999878473, -41.560075460212346 ], [ 175.238725203530663, -41.561083716774682 ], [ 175.238811242148671, -41.561790681689999 ], [ 175.238980614077263, -41.563170153362549 ], [ 175.23905607523335, -41.563761499369207 ], [ 175.239170146215116, -41.564592643628075 ], [ 175.23918186932454, -41.56468247105996 ], [ 175.239183315370042, -41.564694154068697 ], [ 175.239193839113142, -41.564784065232899 ], [ 175.23931447278153, -41.565877493263201 ], [ 175.239407978146517, -41.566553839542323 ], [ 175.239417117062601, -41.56662250297061 ], [ 175.239418259565412, -41.566631432503819 ], [ 175.239426697614505, -41.566700146509632 ], [ 175.239570948753169, -41.567926166077442 ], [ 175.239678665755321, -41.568831258086867 ], [ 175.239679764518826, -41.568840543821487 ], [ 175.239746338271971, -41.56941167636981 ], [ 175.23974850165996, -41.569430463656296 ], [ 175.239748779494903, -41.569432906221977 ], [ 175.239750890490484, -41.569451696869017 ], [ 175.239829158310926, -41.570157194481602 ], [ 175.239920392073884, -41.570862017379618 ], [ 175.239934922306759, -41.570982694944533 ], [ 175.239936670605658, -41.570998391861046 ], [ 175.239949037274926, -41.571119205319626 ], [ 175.240000729854728, -41.571672926945638 ], [ 175.240081127199261, -41.572231504041937 ], [ 175.240093443428322, -41.572321281668046 ], [ 175.240094966615857, -41.572332958491366 ], [ 175.240106084039354, -41.572422824300958 ], [ 175.240122322606652, -41.572561634638276 ], [ 175.240582890125751, -41.572956098870208 ], [ 175.240677751680863, -41.573045862495988 ], [ 175.241362350714297, -41.573763234142589 ], [ 175.241944924569538, -41.574441586146982 ], [ 175.241977585367323, -41.574479827496788 ], [ 175.241981814546421, -41.574484806882097 ], [ 175.242014218042584, -41.574523171460108 ], [ 175.242598087671496, -41.575218313670199 ], [ 175.242613931774486, -41.57523722903548 ], [ 175.24261598744215, -41.575239689947935 ], [ 175.242631768995579, -41.575258634774244 ], [ 175.243189463193858, -41.575929956682273 ], [ 175.243762166023089, -41.5766136329947 ], [ 175.244348677288173, -41.577305742800839 ], [ 175.24444796610527, -41.577424951002968 ], [ 175.244460711773115, -41.577440522781664 ], [ 175.244537104715249, -41.577535508644118 ], [ 175.244539571729376, -41.577536676318324 ], [ 175.246047918017354, -41.578381633510652 ], [ 175.24618339933599, -41.578470766015464 ], [ 175.247497184929813, -41.579482477775692 ], [ 175.24753835384368, -41.579519610050788 ], [ 175.248625225487444, -41.580673173102646 ], [ 175.248717401565756, -41.580789377119231 ], [ 175.249550591900999, -41.582056393300128 ], [ 175.249574466297531, -41.582101260111308 ], [ 175.250133444714095, -41.583450537400324 ], [ 175.250173288937617, -41.583582440471965 ], [ 175.250444275814971, -41.584980758967561 ], [ 175.250448516693041, -41.585028969093067 ], [ 175.250424819137947, -41.586441899396725 ], [ 175.250408424360671, -41.586576591012381 ], [ 175.250202316754837, -41.587607191924469 ], [ 175.250142971509689, -41.587819418932447 ], [ 175.249612928702817, -41.589175272026907 ], [ 175.249526081613539, -41.589346401356373 ], [ 175.2483053695899, -41.590942879233474 ], [ 175.248146046219972, -41.591297465223619 ], [ 175.248108033616518, -41.591373288336364 ], [ 175.247788709399089, -41.591948937536465 ], [ 175.247697374014052, -41.59209874819998 ], [ 175.247647517460479, -41.592166011926267 ], [ 175.248572659469346, -41.592268832667123 ], [ 175.249674961408431, -41.592431249611408 ], [ 175.249816631448255, -41.592457348344944 ], [ 175.250893869858089, -41.592696450653563 ], [ 175.251798612594484, -41.592932363674031 ], [ 175.251894463246458, -41.592957698417116 ], [ 175.25189888948745, -41.592958884178437 ], [ 175.253594000410089, -41.592759355778313 ], [ 175.253756119555675, -41.592749965772846 ], [ 175.255638413940176, -41.592752121314192 ], [ 175.255720166646483, -41.592757044892856 ], [ 175.256347706594113, -41.592807339850545 ], [ 175.257559994611057, -41.592928779974088 ], [ 175.258099424586703, -41.592992224125695 ], [ 175.258169264266684, -41.593001665214139 ], [ 175.259989900694961, -41.593360416110826 ], [ 175.260153841826536, -41.593403290050176 ], [ 175.261877335896031, -41.593971401644936 ], [ 175.261939873533208, -41.593996579950939 ], [ 175.262415060556577, -41.594198479125886 ], [ 175.26347964344464, -41.594675125552989 ], [ 175.263537734326263, -41.594701301380127 ], [ 175.263545273283256, -41.594704720217919 ], [ 175.26360316635575, -41.594731141895387 ], [ 175.263962266639851, -41.594896074114793 ], [ 175.264113281954252, -41.594898840320617 ], [ 175.265381453306873, -41.594997173709352 ], [ 175.266677014859795, -41.595151746913501 ], [ 175.266843473432004, -41.595178682958448 ], [ 175.268646797935787, -41.595583889605024 ], [ 175.268716096331673, -41.595604028766587 ], [ 175.270412808482462, -41.596215986044129 ], [ 175.270560037965311, -41.596280212591637 ], [ 175.270858051077653, -41.596427140974988 ], [ 175.272633001301273, -41.59688624755492 ], [ 175.272841290433007, -41.596954271043842 ], [ 175.274503207662775, -41.597617908433797 ], [ 175.274517550627536, -41.597624770326846 ], [ 175.27462749776754, -41.597678005689801 ], [ 175.27591393595776, -41.598308355782365 ], [ 175.276033051526099, -41.59836748255276 ], [ 175.276048475071207, -41.598375237933212 ], [ 175.276166644813372, -41.598435424709294 ], [ 175.277136956651077, -41.598935976427491 ], [ 175.277552181111332, -41.599160101182726 ], [ 175.277605308783649, -41.599190087534396 ], [ 175.277622185476361, -41.599200042763876 ], [ 175.277840684417981, -41.599250456557783 ], [ 175.280374260710715, -41.600181519521037 ], [ 175.280694131581555, -41.600252384929647 ], [ 175.281175351966596, -41.600325108616659 ], [ 175.281354433759759, -41.600353239748664 ], [ 175.281377675900984, -41.600357029810127 ], [ 175.281556165517316, -41.600387207317127 ], [ 175.28231433572941, -41.600519956556901 ], [ 175.283882105934623, -41.600761196813345 ], [ 175.285358625720107, -41.600753830375425 ], [ 175.285480130948088, -41.600753685195016 ], [ 175.285495926350308, -41.600753726352359 ], [ 175.285617427312133, -41.600754504722545 ], [ 175.286427324892969, -41.600762768753036 ], [ 175.28735913820887, -41.600799509570088 ], [ 175.287479843597424, -41.600807811405076 ], [ 175.289335290176354, -41.601046739740227 ], [ 175.28945501880952, -41.601069536878292 ], [ 175.29123785114345, -41.601523361539407 ], [ 175.291349234540633, -41.601559251009661 ], [ 175.293015569202112, -41.602216802264742 ], [ 175.29312005731606, -41.602266251353136 ], [ 175.294628874785616, -41.603111344527164 ], [ 175.294720036627837, -41.603171309959905 ], [ 175.294994477128853, -41.603366507639954 ], [ 175.298291418952772, -41.604479424351155 ], [ 175.298495549591593, -41.604579738074143 ], [ 175.301275786867649, -41.606472726080405 ], [ 175.301428637396754, -41.606615471737037 ], [ 175.303293577953411, -41.609060601521136 ], [ 175.303380183840432, -41.609231809849959 ], [ 175.304147191865013, -41.611989783571012 ], [ 175.30415906767567, -41.612172697891779 ], [ 175.303752918367195, -41.614973566369635 ], [ 175.303688891373326, -41.615150281932877 ], [ 175.302149189720836, -41.617719861309254 ], [ 175.302015518606652, -41.617873077868573 ], [ 175.299492880548115, -41.619959794476543 ], [ 175.29930264610087, -41.620074510556996 ], [ 175.297746731345057, -41.620870510062929 ], [ 175.296821404937475, -41.621267915261619 ], [ 175.296127897851989, -41.62154356595282 ], [ 175.296036277234606, -41.621577151115559 ], [ 175.294284579234613, -41.622095858457428 ], [ 175.294148023952886, -41.622127254047484 ], [ 175.292309731808473, -41.622433925692761 ], [ 175.292208762385144, -41.622444619140815 ], [ 175.291428487373082, -41.622507807491985 ], [ 175.290783264255708, -41.622544088113813 ], [ 175.289794286082184, -41.62256899398286 ], [ 175.289665759701279, -41.622568251803237 ], [ 175.287789578382046, -41.622446531498582 ], [ 175.287674872372179, -41.622432217479435 ], [ 175.285847184658053, -41.622091736750924 ], [ 175.28572525737772, -41.622061225161538 ], [ 175.284800265960683, -41.621797477794338 ], [ 175.284222188041468, -41.621611833676496 ], [ 175.283551992851812, -41.62137802622405 ], [ 175.283466197210998, -41.621345647625688 ], [ 175.28185543905451, -41.620613642538935 ], [ 175.28173465433369, -41.620548513208441 ], [ 175.281640669586096, -41.62048891373167 ], [ 175.279475553488567, -41.620267608839612 ], [ 175.27924186798495, -41.620214807997542 ], [ 175.276369630994168, -41.619174818086606 ], [ 175.275939231235611, -41.619099455365955 ], [ 175.275095340468823, -41.618971914773581 ], [ 175.274578320345967, -41.61888481704095 ], [ 175.27451147366051, -41.618872386428244 ], [ 175.274000083371362, -41.618768243994445 ], [ 175.273077034171337, -41.618563740542193 ], [ 175.272279829863294, -41.618392387710486 ], [ 175.271419643830001, -41.618218315237684 ], [ 175.27138254790566, -41.618210760270657 ], [ 175.271377727545996, -41.61820977233117 ], [ 175.271340664090872, -41.618202128229299 ], [ 175.270327998117267, -41.61799195746724 ], [ 175.270275556741865, -41.617980977238588 ], [ 175.270268743714468, -41.617979538209305 ], [ 175.270216369284441, -41.617968379525905 ], [ 175.269335931445028, -41.617779172252511 ], [ 175.268889713976762, -41.617676188170336 ], [ 175.268832074735798, -41.617661958608743 ], [ 175.267095055825735, -41.61711640725413 ], [ 175.26693149005763, -41.617053294805508 ], [ 175.265329624036326, -41.616310525875505 ], [ 175.265280668113405, -41.616283625367117 ], [ 175.264621337315788, -41.61585785254259 ], [ 175.264296355172263, -41.61570979934158 ], [ 175.264187936250238, -41.615655628209474 ], [ 175.263525230277821, -41.615293626575273 ], [ 175.26332454332325, -41.615262629592927 ], [ 175.261515725512993, -41.614870042421614 ], [ 175.261485157618011, -41.614861405689382 ], [ 175.259780477552852, -41.614261280406126 ], [ 175.259596454768655, -41.61418272474635 ], [ 175.258037902934376, -41.613389842170513 ], [ 175.258012388992739, -41.613374538726148 ], [ 175.25758031806572, -41.613070748986047 ], [ 175.256881966009018, -41.612838474982034 ], [ 175.25686160727048, -41.61283968685084 ], [ 175.256618327780956, -41.612825430341651 ], [ 175.254122240324392, -41.61237688599261 ], [ 175.252609309773391, -41.61253422472744 ], [ 175.252497954512592, -41.612539173442379 ] ], [ [ 175.51715010781723, -41.105812391176372 ], [ 175.513671965791303, -41.104803015153394 ], [ 175.513462243598894, -41.10471145940069 ], [ 175.51192229618195, -41.103911137395386 ], [ 175.511645898892112, -41.103741880799276 ], [ 175.511594300905813, -41.103752859887997 ], [ 175.510708211620596, -41.10393946403282 ], [ 175.509076356660017, -41.10419163545815 ], [ 175.508862228744988, -41.104213060094857 ], [ 175.507397949318261, -41.104281269833763 ], [ 175.507357688747931, -41.104291304260521 ], [ 175.507127062326134, -41.104346825616894 ], [ 175.507096986985118, -41.104353812143643 ], [ 175.506864915864867, -41.104405775811323 ], [ 175.505756055521573, -41.104644812166605 ], [ 175.504647378073486, -41.104884397160546 ], [ 175.50459250575733, -41.104896147299577 ], [ 175.504585367559827, -41.104897661885637 ], [ 175.504530421453126, -41.104909213070556 ], [ 175.503576819536789, -41.105107822082431 ], [ 175.502583975232056, -41.105274636041472 ], [ 175.501816056352396, -41.106316825089692 ], [ 175.501666532702018, -41.10646089374908 ], [ 175.498935997368335, -41.108377825101279 ], [ 175.498734921867225, -41.108479888759284 ], [ 175.497882773983719, -41.108778591135952 ], [ 175.497193745715691, -41.110247630454793 ], [ 175.497078074434228, -41.110408542222849 ], [ 175.494808311436941, -41.11264305456298 ], [ 175.494632545888805, -41.11276905235809 ], [ 175.493046016545208, -41.113592645843802 ], [ 175.493207714054051, -41.113895388534189 ], [ 175.493269546112145, -41.114043738535969 ], [ 175.493689782714, -41.115420789426366 ], [ 175.493695233537125, -41.115448385165408 ], [ 175.493825463623693, -41.116858198990855 ], [ 175.493823654908653, -41.11701373864058 ], [ 175.493660652446437, -41.118421601733054 ], [ 175.493654560326405, -41.118449120675585 ], [ 175.493202320168933, -41.119820365238731 ], [ 175.493137039230817, -41.119967869029388 ], [ 175.492406677965249, -41.121268726430991 ], [ 175.492389637809254, -41.121293474620408 ], [ 175.492255559113886, -41.121482663953159 ], [ 175.492252098786651, -41.121487409850246 ], [ 175.491470826661811, -41.122384387717304 ], [ 175.491488563106259, -41.122393827861181 ], [ 175.491442892036417, -41.122442894659002 ], [ 175.491319142834243, -41.122558532258822 ], [ 175.491224096773607, -41.122667651761645 ], [ 175.491150858470746, -41.122738866250359 ], [ 175.491135698386188, -41.122729951143874 ], [ 175.490439157844776, -41.123380819470015 ], [ 175.490409376488003, -41.123405119828377 ], [ 175.489396526484484, -41.124062786864968 ], [ 175.490837530365326, -41.124064147939222 ], [ 175.491032985842253, -41.124075964206753 ], [ 175.492878578153579, -41.124298758749106 ], [ 175.492923878026915, -41.124307026563095 ], [ 175.493271073049101, -41.124374590612632 ], [ 175.49436730547572, -41.124601264301177 ], [ 175.494557560489255, -41.124641889293351 ], [ 175.494582233993555, -41.124647325363988 ], [ 175.494771571360388, -41.124690332229342 ], [ 175.495417701016919, -41.124841525877613 ], [ 175.495428036316866, -41.12484394813071 ], [ 175.497253029008988, -41.125273400583595 ], [ 175.497266618562008, -41.125275181763328 ], [ 175.497417583609234, -41.125281007979545 ], [ 175.498124535599402, -41.125251019357272 ], [ 175.499993060058785, -41.125282793050488 ], [ 175.500234046120141, -41.125301262631353 ], [ 175.503837136705613, -41.126020404250475 ], [ 175.504058787187944, -41.126094272447361 ], [ 175.507191779234603, -41.127620030283062 ], [ 175.507372404034641, -41.127742069241044 ], [ 175.509728678372653, -41.129925144438332 ], [ 175.509850597575422, -41.13008341187377 ], [ 175.511199471747005, -41.132710165130447 ], [ 175.511250745913912, -41.132889171897197 ], [ 175.511460067895229, -41.135702514847438 ], [ 175.51143566873921, -41.135884739910438 ], [ 175.510484796723773, -41.138609286760925 ], [ 175.510387102831004, -41.138776891743646 ], [ 175.50836898381209, -41.141145914478741 ], [ 175.508207551543336, -41.141282490157302 ], [ 175.506026735377333, -41.142627864315692 ], [ 175.506639593524966, -41.142696620513675 ], [ 175.508174365263386, -41.14292915683022 ], [ 175.508175568390186, -41.142929339157781 ], [ 175.508492492860995, -41.142977399691901 ], [ 175.508882298374971, -41.142698821128683 ], [ 175.509564458650374, -41.140056694832417 ], [ 175.509647496014082, -41.139884632383648 ], [ 175.511456956494641, -41.137421170781586 ], [ 175.511530240232872, -41.137350366083304 ], [ 175.511803670044685, -41.136419565140201 ], [ 175.511870346774401, -41.136251591656546 ], [ 175.512613597573051, -41.134830285828528 ], [ 175.512618244481871, -41.134823220427997 ], [ 175.513491120389574, -41.133705973818977 ], [ 175.513623148339548, -41.13356181614968 ], [ 175.51491586064526, -41.132379727622947 ], [ 175.514923200853815, -41.132374074060685 ], [ 175.51620531873354, -41.131518963237077 ], [ 175.516389761328213, -41.131412722282676 ], [ 175.518094807750515, -41.130593408832041 ], [ 175.518104132337555, -41.130589727198846 ], [ 175.519681010514802, -41.130072871788379 ], [ 175.519899806394562, -41.130014936897837 ], [ 175.521007061513131, -41.129798550088474 ], [ 175.522412021323191, -41.129109370996566 ], [ 175.522633358736158, -41.129034948649462 ], [ 175.526233469703527, -41.128306796877581 ], [ 175.52647438628793, -41.128287724597925 ], [ 175.530082290207815, -41.128431727019112 ], [ 175.530861598540866, -41.126992678337828 ], [ 175.530987323816049, -41.126836123943548 ], [ 175.533395954591526, -41.124686011539076 ], [ 175.533579496005075, -41.124566491929777 ], [ 175.534026197803684, -41.124357595076674 ], [ 175.533995790219222, -41.12423071658867 ], [ 175.533990847090877, -41.124209952295978 ], [ 175.533990208666495, -41.124207252372422 ], [ 175.533806091440482, -41.122779730862163 ], [ 175.533804490883597, -41.122710615135539 ], [ 175.533802462122395, -41.122641505837045 ], [ 175.533911493396943, -41.121209582493222 ], [ 175.53391198955444, -41.121206865532457 ], [ 175.533915838520585, -41.121185969215617 ], [ 175.534124326727863, -41.120063672268188 ], [ 175.534316057227443, -41.119027984913238 ], [ 175.534423442445615, -41.118544242467195 ], [ 175.534439655703522, -41.118481689944083 ], [ 175.534581704965831, -41.118003085836747 ], [ 175.534725513766716, -41.117573631712212 ], [ 175.532833174035204, -41.117305677027311 ], [ 175.53260502251365, -41.117244218391335 ], [ 175.529333871521629, -41.115895046600087 ], [ 175.52914200989909, -41.115783272865635 ], [ 175.526582419312177, -41.113735613604049 ], [ 175.526445630679859, -41.11358446962651 ], [ 175.524848139104961, -41.111038818795301 ], [ 175.524779809454884, -41.110863103029317 ], [ 175.524479369717653, -41.109110839926252 ], [ 175.523607353479576, -41.108952740064908 ], [ 175.52337701817487, -41.108896200651394 ], [ 175.520057003437984, -41.107617747634009 ], [ 175.519861051605176, -41.107510134910633 ], [ 175.517680849919515, -41.10586204520267 ], [ 175.517386975935722, -41.105850438303968 ], [ 175.51715010781723, -41.105812391176372 ] ], [ [ 175.551433884520947, -41.141225746089376 ], [ 175.551449342968908, -41.141237541606401 ], [ 175.552129706912552, -41.141842344325973 ], [ 175.552316481878648, -41.141978223419557 ], [ 175.552395580976139, -41.142055559990219 ], [ 175.55237988527017, -41.142064734113788 ], [ 175.552621516206756, -41.142279523966458 ], [ 175.552675158984783, -41.14233528978346 ], [ 175.553630222960464, -41.143700732138257 ], [ 175.553720533158469, -41.143666344908361 ], [ 175.553735265149072, -41.143688454222357 ], [ 175.554098696669314, -41.144370479636656 ], [ 175.554255388557721, -41.144594488803939 ], [ 175.554296009593315, -41.144680192593761 ], [ 175.554267806728234, -41.144687831058427 ], [ 175.554479385678547, -41.145084874924088 ], [ 175.554505756958434, -41.1451494868532 ], [ 175.555008119778108, -41.147196475372191 ], [ 175.555018545842842, -41.147312897066371 ], [ 175.555037986146345, -41.148246307258241 ], [ 175.555034800798524, -41.148312961780974 ], [ 175.554720601355513, -41.150067355643131 ], [ 175.554684774165963, -41.150181469649389 ], [ 175.554178439128748, -41.151401231842343 ], [ 175.554146304595093, -41.151462924501622 ], [ 175.553832786673098, -41.152010816352011 ], [ 175.553829723780126, -41.152015716471432 ], [ 175.553293470701789, -41.152776958742336 ], [ 175.553217655134659, -41.152873173247464 ], [ 175.552137754608623, -41.154026905789848 ], [ 175.552077050369036, -41.154082017049824 ], [ 175.550771613690955, -41.155093845560295 ], [ 175.55066016547147, -41.155167640489971 ], [ 175.549161335640235, -41.156012642499157 ], [ 175.54908106610921, -41.156050876108317 ], [ 175.547425756445904, -41.156708238390003 ], [ 175.547289585841867, -41.156752387921969 ], [ 175.545518566320879, -41.157205917403182 ], [ 175.54542659061255, -41.157223529492249 ], [ 175.543583486351167, -41.157462055285805 ], [ 175.543435927016787, -41.157472236164118 ], [ 175.543430848529852, -41.157472284132652 ], [ 175.543437338015195, -41.15772116964915 ], [ 175.543427464017441, -41.157801300884458 ], [ 175.543252809709855, -41.158711848370039 ], [ 175.543226415112088, -41.158812811562498 ], [ 175.542565730952589, -41.160476132642962 ], [ 175.542525117571813, -41.160551186309817 ], [ 175.542435002546938, -41.160689889861608 ], [ 175.54212895501945, -41.161699744435325 ], [ 175.542065068321477, -41.161853806413099 ], [ 175.541367534805175, -41.163165071165729 ], [ 175.541354622873513, -41.163184727242452 ], [ 175.540394210410454, -41.164397377268706 ], [ 175.54027044612107, -41.164528977139362 ], [ 175.539225593175303, -41.165491435915641 ], [ 175.539225501842964, -41.165491509083907 ], [ 175.539069979723934, -41.16561377383681 ], [ 175.539049752253334, -41.165629378971744 ], [ 175.537642156034906, -41.166557223391408 ], [ 175.537470535005639, -41.166653549239896 ], [ 175.536033064300909, -41.167333794069471 ], [ 175.534828450850597, -41.168968437583068 ], [ 175.534678850267994, -41.169112545518324 ], [ 175.531946579162195, -41.171030195583668 ], [ 175.531745357719274, -41.171132312246634 ], [ 175.530582538240481, -41.171539893127203 ], [ 175.530294283830187, -41.172316652527229 ], [ 175.530193132905652, -41.172483099418159 ], [ 175.529950151936276, -41.172758766065833 ], [ 175.530409870798962, -41.174182666987946 ], [ 175.53042977377612, -41.174365204619448 ], [ 175.530150772061148, -41.17717509281735 ], [ 175.530095043599857, -41.177353343248718 ], [ 175.52956840207807, -41.178323970120552 ], [ 175.529915189815569, -41.179693874710473 ], [ 175.529922921870167, -41.179876937386474 ], [ 175.529457250311765, -41.182672669544843 ], [ 175.529389724501556, -41.18284857723657 ], [ 175.527803216441214, -41.185398741110625 ], [ 175.527667034294609, -41.185550272597688 ], [ 175.525114893227226, -41.187605194771464 ], [ 175.524923381700546, -41.187717513545422 ], [ 175.521655422612696, -41.1890759867469 ], [ 175.521427330894625, -41.189138094668571 ], [ 175.519960983020781, -41.189349829389712 ], [ 175.520721257013349, -41.191178617443136 ], [ 175.520756821678617, -41.191359791527475 ], [ 175.520720005763252, -41.1941774239884 ], [ 175.520679712118636, -41.194358032414506 ], [ 175.51949193974653, -41.197029157094242 ], [ 175.51937972259168, -41.197191519260777 ], [ 175.517157141287925, -41.199454631320229 ], [ 175.516983979655691, -41.199582850909522 ], [ 175.513944110025676, -41.201216365735455 ], [ 175.513726954605943, -41.201297887969368 ], [ 175.510167413653932, -41.202141852600519 ], [ 175.50992752738216, -41.202168694623303 ], [ 175.506196875308092, -41.20214046537658 ], [ 175.505957749613401, -41.202109998777985 ], [ 175.503705959446307, -41.201538439276142 ], [ 175.502435806599379, -41.202291009596941 ], [ 175.502370600290021, -41.202329368758797 ], [ 175.502362100684223, -41.202334333199538 ], [ 175.500796633336734, -41.203108498004944 ], [ 175.500593262509284, -41.203192642969135 ], [ 175.498886681846017, -41.203772292101199 ], [ 175.498876566660158, -41.203775029548076 ], [ 175.497070911321629, -41.204145887789394 ], [ 175.496843060338932, -41.20417844325236 ], [ 175.496771942779219, -41.204184290291408 ], [ 175.496749767893334, -41.204338231672125 ], [ 175.496744191314491, -41.204360502337828 ], [ 175.496253283104352, -41.205724234184132 ], [ 175.496181507162845, -41.205875550704242 ], [ 175.495523073954303, -41.207010763370043 ], [ 175.495067233116657, -41.20766923935301 ], [ 175.494072768136789, -41.208866402033436 ], [ 175.49392816155617, -41.209013437918316 ], [ 175.491262161920474, -41.210984823889241 ], [ 175.491064455602896, -41.211090912260815 ], [ 175.487774666805791, -41.212323876473945 ], [ 175.487775277489675, -41.212324196130552 ], [ 175.487794869547088, -41.212334621623476 ], [ 175.487944756982841, -41.212415697320431 ], [ 175.48827288208156, -41.212596096436606 ], [ 175.488402962802468, -41.212662562264427 ], [ 175.488687584182173, -41.212729375767879 ], [ 175.488905079483146, -41.212810435036261 ], [ 175.49104722086193, -41.213954386041799 ], [ 175.49129575869091, -41.214023067986943 ], [ 175.491507689142992, -41.21411214288586 ], [ 175.49292097297041, -41.214948926300451 ], [ 175.494602308690531, -41.214888473588459 ], [ 175.494843407109613, -41.214908486768735 ], [ 175.497527427318886, -41.215461883414754 ], [ 175.498063223066993, -41.215136928052701 ], [ 175.498263663412445, -41.215033792609283 ], [ 175.50163804331126, -41.213830837329169 ], [ 175.501870872804517, -41.213779513425209 ], [ 175.505572320490415, -41.21342270466176 ], [ 175.505814756760174, -41.213428214362395 ], [ 175.509481097785311, -41.213952467204052 ], [ 175.509709419507686, -41.214014271577703 ], [ 175.512981908098652, -41.215368291813938 ], [ 175.513173773178153, -41.215480343535283 ], [ 175.515732154862633, -41.217531639796569 ], [ 175.515868784521047, -41.217682974140324 ], [ 175.517462614496623, -41.220230808159982 ], [ 175.517530630586009, -41.22040661490076 ], [ 175.51800379377579, -41.223201629450436 ], [ 175.517996529806197, -41.223384701279102 ], [ 175.517302560606367, -41.226153312747421 ], [ 175.517220717591641, -41.226325728923769 ], [ 175.516808463038615, -41.226893832787113 ], [ 175.517084161830979, -41.228191602534473 ], [ 175.517084635512333, -41.228374755948643 ], [ 175.516507941646523, -41.231158667754976 ], [ 175.516433419031046, -41.231332966941899 ], [ 175.515662109653903, -41.232481241194805 ], [ 175.515854514686936, -41.23256734011126 ], [ 175.515919512505263, -41.232596636497753 ], [ 175.515927946135406, -41.232600465225211 ], [ 175.515992696473006, -41.232630072338374 ], [ 175.517243084366754, -41.233205901692031 ], [ 175.521006151653978, -41.234898214617679 ], [ 175.52100923294114, -41.234899600704964 ], [ 175.5221152294327, -41.235397547455577 ], [ 175.522121868760451, -41.235400538764544 ], [ 175.522506064872573, -41.235573959883411 ], [ 175.523490091185693, -41.234580145397011 ], [ 175.523663959721262, -41.234452401045644 ], [ 175.526713115902226, -41.232827133883092 ], [ 175.526930758101912, -41.232746194132275 ], [ 175.529127922032018, -41.232231886359692 ], [ 175.529205924096942, -41.232151651070978 ], [ 175.529378300822884, -41.232022764212189 ], [ 175.53240841525448, -41.230377438397149 ], [ 175.53262510428263, -41.230295065628731 ], [ 175.536180289737672, -41.22943703436485 ], [ 175.536420086210029, -41.229409235988228 ], [ 175.53826929065545, -41.229415802080929 ], [ 175.538397556113154, -41.229311400253671 ], [ 175.541332474415128, -41.227570611817576 ], [ 175.541544336476306, -41.227481380739043 ], [ 175.543171095547962, -41.227030564513882 ], [ 175.545359062114699, -41.2250290491844 ], [ 175.545540843341371, -41.22490776474676 ], [ 175.548689585658536, -41.223395078659735 ], [ 175.548912102136853, -41.223322134375117 ], [ 175.55236329230803, -41.222649661015929 ], [ 175.553268194240701, -41.221754917563686 ], [ 175.553412999852782, -41.221632913955233 ], [ 175.554767668950717, -41.220657677243658 ], [ 175.554787748212732, -41.220645340614219 ], [ 175.555083501913117, -41.220491083219223 ], [ 175.555126707867515, -41.220412807183394 ], [ 175.555133265776419, -41.220401105459921 ], [ 175.555184358057176, -41.220311298872645 ], [ 175.555559394350468, -41.219661817996183 ], [ 175.555562265001157, -41.219656850626897 ], [ 175.555856691444717, -41.219148433707701 ], [ 175.556485893508267, -41.218214141960871 ], [ 175.556576755791809, -41.218096682798425 ], [ 175.557345433718837, -41.217223909593642 ], [ 175.557952507604085, -41.216614720038734 ], [ 175.558375545366943, -41.21605599802124 ], [ 175.558583609362159, -41.215791766359715 ], [ 175.558611425932753, -41.215757774735941 ], [ 175.558831309147763, -41.21549905831607 ], [ 175.559354247978405, -41.214906261038252 ], [ 175.559823714665896, -41.213695698853215 ], [ 175.559927454700215, -41.213530140656218 ], [ 175.560845236177101, -41.212514995858179 ], [ 175.56040592829558, -41.210684796084706 ], [ 175.560400536575514, -41.210501685031971 ], [ 175.560902154945779, -41.207709473748871 ], [ 175.560971952445584, -41.207534066101111 ], [ 175.562591466715475, -41.204995555750386 ], [ 175.562729612899147, -41.204845019423132 ], [ 175.56281769561744, -41.20477546702066 ], [ 175.562770338053298, -41.203900433143438 ], [ 175.562763135631116, -41.203725903519761 ], [ 175.5627624906177, -41.203703209945758 ], [ 175.562759769743963, -41.203528607661426 ], [ 175.562758760420792, -41.203161157573682 ], [ 175.562758742799389, -41.203132014410102 ], [ 175.562758748624759, -41.203128225805983 ], [ 175.56275885586652, -41.203099082752331 ], [ 175.562768538681297, -41.201435825033251 ], [ 175.562773811069491, -41.200117909210512 ], [ 175.562926251716817, -41.198709352271145 ], [ 175.562964909128624, -41.198528537753027 ], [ 175.564128410253204, -41.195851286893053 ], [ 175.564239144330429, -41.195688343350888 ], [ 175.566440868395006, -41.193413657094233 ], [ 175.566612834033293, -41.193284531431758 ], [ 175.569637217716831, -41.191635016735404 ], [ 175.569853581999098, -41.191552344920247 ], [ 175.570999257137686, -41.191273951960376 ], [ 175.570737521890663, -41.188523236200787 ], [ 175.570758184759455, -41.188340745068089 ], [ 175.57165351701849, -41.185605316271946 ], [ 175.57174781274469, -41.185436579412048 ], [ 175.573718131497003, -41.183044011529702 ], [ 175.573876822907152, -41.182905543279404 ], [ 175.57520846322231, -41.181912974196322 ], [ 175.576082789681664, -41.181356450599331 ], [ 175.577193597811146, -41.180729223035407 ], [ 175.577318477359967, -41.180113135008277 ], [ 175.577392209827394, -41.17993865382558 ], [ 175.578394367882964, -41.178433620233555 ], [ 175.577901550597915, -41.177606183593873 ], [ 175.577837879320327, -41.177429455975094 ], [ 175.577433338408014, -41.174628264820619 ], [ 175.577445065041303, -41.174445321058592 ], [ 175.577736876247542, -41.173387380421964 ], [ 175.576725739148657, -41.172727644340142 ], [ 175.576683354856556, -41.172693956426286 ], [ 175.57652506911748, -41.172546529348296 ], [ 175.576490159587763, -41.172524309791456 ], [ 175.576390927417378, -41.172437721323107 ], [ 175.576401100760222, -41.172431064817353 ], [ 175.575505011762516, -41.171596428777804 ], [ 175.57540210778302, -41.17148350532316 ], [ 175.574465533443089, -41.170260196884044 ], [ 175.574439003250035, -41.170218260793142 ], [ 175.573767246774935, -41.168899300252264 ], [ 175.57371556587799, -41.168767875017274 ], [ 175.573325154702815, -41.167385744053774 ], [ 175.573317073925097, -41.167339665497927 ], [ 175.573217601924284, -41.165928399619361 ], [ 175.573222196610317, -41.165791338853197 ], [ 175.573416093464857, -41.164385688531034 ], [ 175.573427250629834, -41.164339978208481 ], [ 175.573909723115293, -41.162974553440797 ], [ 175.573970136127002, -41.162845273342093 ], [ 175.574512155687472, -41.161871442803829 ], [ 175.574515302031472, -41.161866605185182 ], [ 175.574762137697576, -41.161507677058516 ], [ 175.574788291957674, -41.161471646653489 ], [ 175.575722334178636, -41.160379953113733 ], [ 175.575835792470485, -41.160266269057402 ], [ 175.577536601285601, -41.158889182569276 ], [ 175.577578029485494, -41.158861994020931 ], [ 175.578451576531222, -41.158340719308214 ], [ 175.578604133803623, -41.158258120911775 ], [ 175.58057120705999, -41.157456754054209 ], [ 175.580565634324785, -41.157291295635872 ], [ 175.580597441863745, -41.157109721207291 ], [ 175.58165891467965, -41.154408509789782 ], [ 175.581763398189025, -41.154243249666806 ], [ 175.583877190944747, -41.151922122773691 ], [ 175.584044116717706, -41.151789350750583 ], [ 175.587003265218129, -41.150075462300201 ], [ 175.587216293100909, -41.149988171276902 ], [ 175.59073117812477, -41.149049234189938 ], [ 175.590969461115833, -41.149015965768378 ], [ 175.594696141979682, -41.148943855831213 ], [ 175.594936364720866, -41.148967865368377 ], [ 175.596765011768326, -41.149262465529716 ], [ 175.597016741218766, -41.149318939661086 ], [ 175.597146910416257, -41.149226706991385 ], [ 175.599393758716843, -41.14807466262144 ], [ 175.59957718775533, -41.147922088633941 ], [ 175.599750668748413, -41.147723139525532 ], [ 175.599914026769994, -41.147587862200176 ], [ 175.600352363177564, -41.147323261670259 ], [ 175.600428504477804, -41.146993833721616 ], [ 175.600435583855585, -41.1469635102128 ], [ 175.600436513086265, -41.146959569357229 ], [ 175.600443729565598, -41.146929264318771 ], [ 175.601027983742682, -41.144499465856811 ], [ 175.601161615572977, -41.143917463442016 ], [ 175.600395596715742, -41.143435835308722 ], [ 175.599867726046796, -41.143113033312538 ], [ 175.59922819680213, -41.142726862605414 ], [ 175.599172057884601, -41.14269275289616 ], [ 175.599164777625958, -41.142688301996287 ], [ 175.599108912564049, -41.142653936322873 ], [ 175.598735791357058, -41.14242298668443 ], [ 175.59738669277192, -41.141444601522764 ], [ 175.597225552534638, -41.14130782315496 ], [ 175.595212515733806, -41.138936255216677 ], [ 175.595115182285497, -41.138768526094346 ], [ 175.594170180343667, -41.136042750613697 ], [ 175.5941461744153, -41.135860491880166 ], [ 175.59436157619686, -41.133047352588804 ], [ 175.594413237789098, -41.132868405579956 ], [ 175.5957678071685, -41.130243263144479 ], [ 175.595890070265796, -41.130085142733556 ], [ 175.596999639224208, -41.129060571751388 ], [ 175.595774058700187, -41.129350901193781 ], [ 175.595534413019095, -41.129377643497676 ], [ 175.591807829840548, -41.129347848643803 ], [ 175.591568985992495, -41.129317280739905 ], [ 175.588037054312423, -41.128418111485544 ], [ 175.587822401388308, -41.128333226958347 ], [ 175.584830970742104, -41.126652736692506 ], [ 175.584661526004709, -41.126521847799943 ], [ 175.583063895023571, -41.124821191660693 ], [ 175.582876862864197, -41.124727437194707 ], [ 175.582698395162396, -41.124603598623402 ], [ 175.580380773512672, -41.122397039121815 ], [ 175.580261659337282, -41.122237557250813 ], [ 175.578959325083275, -41.1195974131005 ], [ 175.578911218803711, -41.119417902249765 ], [ 175.578793873489445, -41.118690574103098 ], [ 175.578531055080816, -41.11827976531962 ], [ 175.578487687875338, -41.118211242304696 ], [ 175.578482099922809, -41.118202316489835 ], [ 175.578439498627176, -41.118133519276512 ], [ 175.578032438180259, -41.117468861572085 ], [ 175.578009594150075, -41.117431335433963 ], [ 175.578006639238225, -41.117426451910681 ], [ 175.577984023086145, -41.117388846921493 ], [ 175.577656421379459, -41.116840790383947 ], [ 175.57724493235861, -41.116204227408296 ], [ 175.577085547399832, -41.115947490923546 ], [ 175.577065527387106, -41.115913876741423 ], [ 175.576916912113035, -41.115653471977396 ], [ 175.576829949773867, -41.115494249871084 ], [ 175.575487199143254, -41.11673899666657 ], [ 175.575306626099945, -41.116861059131068 ], [ 175.572174255387694, -41.118387122946885 ], [ 175.571952634438958, -41.118461005678739 ], [ 175.568349888685674, -41.119180254922533 ], [ 175.568108920548184, -41.119198723110962 ], [ 175.564388595768975, -41.119040726691452 ], [ 175.564151877936951, -41.119001971950631 ], [ 175.564035744903094, -41.118967880024776 ], [ 175.562980674743443, -41.119967990429593 ], [ 175.562801866767899, -41.120091536368584 ], [ 175.560097228155115, -41.12144098561506 ], [ 175.561227350985689, -41.121704412110908 ], [ 175.561392066998707, -41.121753806709492 ], [ 175.562630276285944, -41.122188764322004 ], [ 175.565342353671809, -41.12328845891988 ], [ 175.565342510278953, -41.123288522419273 ], [ 175.566438743049787, -41.123733023549725 ], [ 175.56838992579975, -41.124520824519152 ], [ 175.569110208124613, -41.124800085508383 ], [ 175.570504111163359, -41.125434950431455 ], [ 175.57067703675736, -41.125526434515507 ], [ 175.571012490484776, -41.125731070709833 ], [ 175.572096796834131, -41.126015155304458 ], [ 175.572132574640875, -41.12602457697011 ], [ 175.572137223171438, -41.126025807376621 ], [ 175.572172961219508, -41.126035315041904 ], [ 175.576168480007397, -41.127103589010616 ], [ 175.576893808556008, -41.127317916680646 ], [ 175.576986796941043, -41.127348078626639 ], [ 175.578641420636217, -41.128005414893558 ], [ 175.578761370840965, -41.128062567596345 ], [ 175.580259667962366, -41.128907505228447 ], [ 175.580335782965449, -41.128957916173292 ], [ 175.581640864914675, -41.129969657631008 ], [ 175.581731593242324, -41.130052037714748 ], [ 175.582811324493321, -41.131205677677904 ], [ 175.582863115910385, -41.131271404607411 ], [ 175.583115891026893, -41.131617439160088 ], [ 175.584079444317979, -41.131858706462602 ], [ 175.585802334593069, -41.132406888427106 ], [ 175.586017561531236, -41.132490957102846 ], [ 175.58902045740416, -41.134159988910639 ], [ 175.589190801256365, -41.134290223720022 ], [ 175.59136472332699, -41.136579100250103 ], [ 175.591473509325738, -41.136742756645617 ], [ 175.592605607158561, -41.139427479938448 ], [ 175.592642180422303, -41.139608541001245 ], [ 175.592621510151957, -41.142426342629271 ], [ 175.592582281005548, -41.142607085805317 ], [ 175.591410713481963, -41.145282136628111 ], [ 175.591299512515945, -41.145444868165981 ], [ 175.589091608424155, -41.147715279570583 ], [ 175.588919315133808, -41.147844067023854 ], [ 175.585891157058484, -41.149487540148961 ], [ 175.585674637036192, -41.149569773157928 ], [ 175.582122694047399, -41.150425380134529 ], [ 175.581883147938782, -41.150453006247957 ], [ 175.578155235335203, -41.150436963303321 ], [ 175.577916121219886, -41.150407277321541 ], [ 175.576672341612465, -41.150175872678467 ], [ 175.576637290840267, -41.150178843472126 ], [ 175.574768574496346, -41.150225635537979 ], [ 175.574595828296196, -41.15021969869386 ], [ 175.572740443121745, -41.150044918909295 ], [ 175.572671867611575, -41.150034274583589 ], [ 175.57087551797963, -41.149642230361096 ], [ 175.570713658063255, -41.149596229511943 ], [ 175.569020593865361, -41.148996577019574 ], [ 175.568959728842799, -41.148970434173371 ], [ 175.567411649675279, -41.148177946105193 ], [ 175.567276525303413, -41.148096385985738 ], [ 175.565911559010971, -41.147130581951046 ], [ 175.565864363798511, -41.147091500583592 ], [ 175.565510317267496, -41.146784669692053 ], [ 175.564854181461612, -41.146189381485044 ], [ 175.564081608408657, -41.145405572711503 ], [ 175.563988774849378, -41.145299863602588 ], [ 175.563333138392665, -41.144457379142516 ], [ 175.562970046717936, -41.143926875923093 ], [ 175.560380453037624, -41.14324833414971 ], [ 175.559825491405576, -41.143091116808037 ], [ 175.559754063473974, -41.143069334967329 ], [ 175.558080522751453, -41.142439407774091 ], [ 175.557938260756828, -41.142374864949652 ], [ 175.556415719877606, -41.141554763200972 ], [ 175.556356695229198, -41.141517360137478 ], [ 175.555948090202634, -41.141245067178254 ], [ 175.554476231980004, -41.14065074133989 ], [ 175.554465831222728, -41.140646536546427 ], [ 175.553755883334532, -41.14035864668331 ], [ 175.552811065492932, -41.140389642812167 ], [ 175.551243109362048, -41.140449672400258 ], [ 175.550917682242556, -41.140735348408498 ], [ 175.550753028733027, -41.140840782323544 ], [ 175.551359126314793, -41.141281736640352 ], [ 175.551433884520947, -41.141225746089376 ] ], [ [ 175.588159494341966, -41.203300018571682 ], [ 175.588203411066132, -41.204105714025218 ], [ 175.590799510475193, -41.204104320253727 ], [ 175.591039069066937, -41.204132840906695 ], [ 175.594588376272355, -41.205001586595117 ], [ 175.594804548360116, -41.205084612866557 ], [ 175.595521246185598, -41.205477225749412 ], [ 175.595689344728868, -41.205464858171624 ], [ 175.595782833296084, -41.205458260280906 ], [ 175.59579499109006, -41.205457438696733 ], [ 175.595888545508103, -41.205451396830917 ], [ 175.596133160305357, -41.205436331276807 ], [ 175.595736920232099, -41.205292069877451 ], [ 175.595694192974179, -41.205276434560538 ], [ 175.595688643813162, -41.205274393626169 ], [ 175.595645999363143, -41.20525862995283 ], [ 175.593718935776081, -41.204542665015225 ], [ 175.593119375807305, -41.204322463770836 ], [ 175.592257955820941, -41.203972386676348 ], [ 175.592148629732378, -41.203923486871304 ], [ 175.591328110338765, -41.203521259594922 ], [ 175.590411839377509, -41.203030601249473 ], [ 175.58899609669038, -41.202275020817055 ], [ 175.588665280200217, -41.20209902126723 ], [ 175.588163831810675, -41.202264534519067 ], [ 175.588159022963964, -41.203149595299777 ], [ 175.588159494341966, -41.203300018571682 ] ], [ [ 175.476765151019492, -41.282335352129955 ], [ 175.477005283355567, -41.282308281013528 ], [ 175.478158237926323, -41.282247459196888 ], [ 175.476866727170261, -41.280906910746516 ], [ 175.4767564745257, -41.280743732931306 ], [ 175.476739738162792, -41.280704893306627 ], [ 175.476684447058261, -41.281377613219796 ], [ 175.476631698536806, -41.281556388879451 ], [ 175.476146959602119, -41.282482378587886 ], [ 175.476765151019492, -41.282335352129955 ] ], [ [ 175.16833706461415, -41.327037385920733 ], [ 175.168490990862068, -41.327147798529758 ], [ 175.168519369713238, -41.327169395756378 ], [ 175.169240346303155, -41.327911982218005 ], [ 175.171580056429434, -41.328352398753431 ], [ 175.171618311942495, -41.328364239418242 ], [ 175.171940159312669, -41.328468034829363 ], [ 175.172124334948563, -41.328529852528526 ], [ 175.174210161248396, -41.329482665016855 ], [ 175.174478215024493, -41.328935950143773 ], [ 175.171506441390306, -41.327801725151581 ], [ 175.171309533913814, -41.327694456675097 ], [ 175.168660050758433, -41.325707238202412 ], [ 175.168516765922647, -41.325559349541336 ], [ 175.168468226108388, -41.325487976655587 ], [ 175.166699858517802, -41.325424336136216 ], [ 175.167052669998924, -41.326269049989619 ], [ 175.167949218493817, -41.326788220377829 ], [ 175.167967552567234, -41.326772808910853 ], [ 175.16797915268711, -41.326780650439666 ], [ 175.168159288278616, -41.326909864730411 ], [ 175.16820587049699, -41.326936838815698 ], [ 175.16833967812866, -41.327035369148774 ], [ 175.16833706461415, -41.327037385920733 ] ], [ [ 175.193910231338009, -41.324082922732408 ], [ 175.193516792712558, -41.324046691186709 ], [ 175.192752006518532, -41.323966529999829 ], [ 175.19196683350205, -41.323850675687922 ], [ 175.191805569292029, -41.323932475749046 ], [ 175.193201480380651, -41.324522852116772 ], [ 175.193375110343709, -41.32461045302793 ], [ 175.194650336355551, -41.325352335544629 ], [ 175.195582354728884, -41.325974451960846 ], [ 175.195618893252146, -41.325998941546104 ], [ 175.195623634599002, -41.326002132504946 ], [ 175.195660039873957, -41.326026734594265 ], [ 175.196362651012493, -41.326503500386664 ], [ 175.196419878525631, -41.326437157362399 ], [ 175.196582544606741, -41.326301133746441 ], [ 175.199321713318596, -41.324630984168465 ], [ 175.199038643135196, -41.324676148381741 ], [ 175.198796028016517, -41.324685574189949 ], [ 175.195079368173737, -41.324388575458478 ], [ 175.194844767882358, -41.324341015347557 ], [ 175.194121563139078, -41.324097685051804 ], [ 175.19396146795836, -41.324086991864533 ], [ 175.193910231338009, -41.324082922732408 ] ], [ [ 175.183610855615996, -41.304919532543948 ], [ 175.183612206052402, -41.304918826781922 ], [ 175.183622597819749, -41.304913401994838 ], [ 175.184396949007976, -41.304509621128098 ], [ 175.186017114123473, -41.303799559478655 ], [ 175.186236011416923, -41.30372024066844 ], [ 175.186994419304114, -41.303549032824591 ], [ 175.18676637602195, -41.301683269816237 ], [ 175.186781613116977, -41.301507209226159 ], [ 175.186465458597127, -41.301355773838466 ], [ 175.185447863632305, -41.300875886142784 ], [ 175.185425232800355, -41.30086518691671 ], [ 175.185422292858391, -41.300863793537061 ], [ 175.185399693813508, -41.300853056153336 ], [ 175.184359870144988, -41.300357774850987 ], [ 175.183300208391188, -41.299855798104019 ], [ 175.181796607818569, -41.299012561294028 ], [ 175.181613715656482, -41.298892084177901 ], [ 175.179219196925231, -41.296729441811294 ], [ 175.179094633738174, -41.296572237433679 ], [ 175.177703600520658, -41.293957390602898 ], [ 175.177649554391195, -41.293778850444362 ], [ 175.177398056688645, -41.290967795929326 ], [ 175.177419808807514, -41.290785398192682 ], [ 175.178332312080613, -41.288053306164237 ], [ 175.178427723310733, -41.287884904333971 ], [ 175.180414772034567, -41.285499181051144 ], [ 175.180574496080823, -41.285361256605917 ], [ 175.183441521181607, -41.283555380276603 ], [ 175.183649922058152, -41.283461430462353 ], [ 175.187116310672053, -41.282412117017387 ], [ 175.18735299367313, -41.282371335078267 ], [ 175.189503831867029, -41.28226164588137 ], [ 175.189527875857493, -41.282174497097522 ], [ 175.189613915104559, -41.282003248230893 ], [ 175.191467592548349, -41.279557267558147 ], [ 175.191619563636834, -41.279414453155916 ], [ 175.194350088032223, -41.27754369485605 ], [ 175.194241670779746, -41.27736119950459 ], [ 175.1936120883976, -41.276030318415593 ], [ 175.193548686663064, -41.275853539310226 ], [ 175.193149259578433, -41.273052230766893 ], [ 175.193161373269248, -41.272869323409481 ], [ 175.193928889504633, -41.27011199933154 ], [ 175.194015322835327, -41.269940867388243 ], [ 175.195874513659419, -41.267497407950373 ], [ 175.196026798585734, -41.267354800349231 ], [ 175.198795599637918, -41.265464337339765 ], [ 175.198998827572012, -41.265364209785112 ], [ 175.202406228741211, -41.264211738219366 ], [ 175.202640510623041, -41.264163888531137 ], [ 175.206353076961307, -41.263862179684935 ], [ 175.206595488493264, -41.263871290003124 ], [ 175.210249958975908, -41.264449868094268 ], [ 175.210476781236139, -41.26451504721507 ], [ 175.212570926724027, -41.2654217389397 ], [ 175.212035227780092, -41.264801786715324 ], [ 175.211936105802238, -41.264634617796908 ], [ 175.210963176619998, -41.261914449715412 ], [ 175.210937373375231, -41.261732350768717 ], [ 175.211126080971326, -41.258918460142397 ], [ 175.211176112346351, -41.258739256877334 ], [ 175.212507832444743, -41.256107078054598 ], [ 175.212628791903484, -41.255948310430398 ], [ 175.214973054823247, -41.253755458938606 ], [ 175.215153097173413, -41.253632664882602 ], [ 175.216636523190914, -41.252770339944 ], [ 175.21759925440665, -41.252296577929975 ], [ 175.218550725015888, -41.251817807475021 ], [ 175.218589863215954, -41.25179819708535 ], [ 175.218594957811945, -41.251795655301322 ], [ 175.218634198011245, -41.251776161321679 ], [ 175.219594906799017, -41.251300929836759 ], [ 175.220190415217616, -41.25088546901582 ], [ 175.2203301085313, -41.250798856085225 ], [ 175.221456281140888, -41.250180015902728 ], [ 175.222175239145429, -41.249831497176395 ], [ 175.223125549988453, -41.249352370741988 ], [ 175.223173524747068, -41.249328308688256 ], [ 175.223179771431177, -41.249325191999162 ], [ 175.223227899505559, -41.249301304989906 ], [ 175.224291090331263, -41.248776380624633 ], [ 175.224347965275058, -41.248748473415638 ], [ 175.224355372618476, -41.248744861368642 ], [ 175.224412456804259, -41.248717198623893 ], [ 175.225344541995867, -41.248268325888262 ], [ 175.226264824740468, -41.24780218524041 ], [ 175.226332972827294, -41.24776792176992 ], [ 175.226341852220088, -41.247763490511026 ], [ 175.226410310176419, -41.247729580767391 ], [ 175.227443258085771, -41.247221733136257 ], [ 175.227443446879192, -41.247221951869591 ], [ 175.227447187448064, -41.247219780932561 ], [ 175.22849103811069, -41.246706983604462 ], [ 175.228507282180317, -41.246699017637859 ], [ 175.228509395017767, -41.246697983358388 ], [ 175.228525656139169, -41.246690037332904 ], [ 175.229565673540407, -41.246182725932321 ], [ 175.230570691778581, -41.245688864303538 ], [ 175.231590010886435, -41.245183006240651 ], [ 175.231619300705574, -41.245168516738133 ], [ 175.231623112034981, -41.245166637324168 ], [ 175.231652458052793, -41.245152212765412 ], [ 175.232596566534795, -41.244689631944972 ], [ 175.233549425758412, -41.24420744357279 ], [ 175.233556825462671, -41.244203701920782 ], [ 175.234618471982429, -41.24366797531669 ], [ 175.236066783318108, -41.243043002638629 ], [ 175.236261648838592, -41.242972063000224 ], [ 175.237811271649235, -41.242505655294927 ], [ 175.238864076509884, -41.242251559375859 ], [ 175.240497178974209, -41.241845315668265 ], [ 175.240507497368611, -41.241842752695376 ], [ 175.241783465526112, -41.241527044874445 ], [ 175.242743685124594, -41.241322587837672 ], [ 175.242869766110516, -41.24129999036748 ], [ 175.243849254910828, -41.241156793863638 ], [ 175.245263120047923, -41.24099604107937 ], [ 175.245273468069371, -41.240994867925487 ], [ 175.24673210793776, -41.240830749882278 ], [ 175.248114691708935, -41.240674315748976 ], [ 175.248118551954207, -41.240673879433295 ], [ 175.249061179588864, -41.240567635620572 ], [ 175.249174811694814, -41.240497286856872 ], [ 175.24997613537883, -41.239953810810469 ], [ 175.251087430194133, -41.239176941865338 ], [ 175.251149388713628, -41.239133933368571 ], [ 175.251157469344804, -41.239128363778825 ], [ 175.251219828227903, -41.23908568627931 ], [ 175.252359065179292, -41.238311503191767 ], [ 175.252366957192578, -41.23830614470063 ], [ 175.253414924128293, -41.23759620703229 ], [ 175.254581100677854, -41.236801439986834 ], [ 175.255703041911914, -41.236030353804679 ], [ 175.255703891929414, -41.236029769650422 ], [ 175.256910942732844, -41.235200440511569 ], [ 175.257602293255559, -41.234760404141454 ], [ 175.25769490913828, -41.234705850825115 ], [ 175.259256550019074, -41.233926609659115 ], [ 175.259366684656783, -41.233880589576422 ], [ 175.261070546796645, -41.233295330201628 ], [ 175.26118095762294, -41.233265048115804 ], [ 175.262041972268321, -41.23305642299357 ], [ 175.26295642644331, -41.232863374053196 ], [ 175.263252931384557, -41.232803870101598 ], [ 175.263291602373528, -41.232796509958085 ], [ 175.26359003575061, -41.23274278092795 ], [ 175.264416986788547, -41.232602353637432 ], [ 175.265082807433998, -41.232504209279817 ], [ 175.265169774383168, -41.232493317726252 ], [ 175.265841907107955, -41.232423899688811 ], [ 175.266624644286821, -41.232360109783514 ], [ 175.267290675948203, -41.232320033756324 ], [ 175.267377385314234, -41.232316657409136 ], [ 175.268045344204893, -41.232304789627591 ], [ 175.269211019365713, -41.232308719844433 ], [ 175.270379534563432, -41.232310850662323 ], [ 175.271556669656974, -41.232311301484934 ], [ 175.271576093573287, -41.2323113207608 ], [ 175.271578618674425, -41.232311324818333 ], [ 175.271598042468327, -41.232311367965877 ], [ 175.272785683896245, -41.232314729858345 ], [ 175.274231361293431, -41.232385210941032 ], [ 175.274417871229019, -41.232402937170214 ], [ 175.276251076407789, -41.23268889995736 ], [ 175.276304037771524, -41.232700496094992 ], [ 175.277222482350652, -41.232962128174691 ], [ 175.277326944875, -41.232816009731309 ], [ 175.277798931819802, -41.232193598940071 ], [ 175.277817699050843, -41.232168940618003 ], [ 175.27782014548896, -41.232165737951206 ], [ 175.277839015767654, -41.232141124476556 ], [ 175.278307172027695, -41.231532695015126 ], [ 175.2787043967123, -41.23105192944535 ], [ 175.278758587598418, -41.230990717455654 ], [ 175.2791950686983, -41.230529759953868 ], [ 175.279719843583251, -41.23001086374272 ], [ 175.280606152297679, -41.22923105901355 ], [ 175.280728644060929, -41.22913496807967 ], [ 175.282128409927736, -41.228196763057589 ], [ 175.282181477275969, -41.228166463553272 ], [ 175.283042493799172, -41.227750750278197 ], [ 175.283288415342327, -41.227574836702068 ], [ 175.284743964265431, -41.226686357921452 ], [ 175.284943984401565, -41.226582739028188 ], [ 175.286000099858029, -41.226203156147868 ], [ 175.285521154650553, -41.224873685323224 ], [ 175.285494891831547, -41.224691619728603 ], [ 175.285676178616455, -41.221877374080599 ], [ 175.285725716739677, -41.221698091883169 ], [ 175.28704986750347, -41.219063869411528 ], [ 175.287170348311605, -41.218904918319929 ], [ 175.28950763399996, -41.216708534905464 ], [ 175.289687259119461, -41.216585470821478 ], [ 175.292808860815427, -41.215041867304045 ], [ 175.293030048521899, -41.214966732877734 ], [ 175.296630466917634, -41.214226956712295 ], [ 175.296871572684665, -41.214207103943501 ], [ 175.297549848326526, -41.214231943924901 ], [ 175.298037157282351, -41.214105737724282 ], [ 175.298212440595506, -41.214071677535586 ], [ 175.298447890784445, -41.214040548645137 ], [ 175.298768353230685, -41.211969621663471 ], [ 175.298833837370069, -41.211793280711319 ], [ 175.300390822139775, -41.209232741928908 ], [ 175.300525252880192, -41.209080310478356 ], [ 175.303053655002259, -41.20700837691659 ], [ 175.303243869687634, -41.206894772479743 ], [ 175.306496182984063, -41.205514202230233 ], [ 175.306723564643704, -41.205450541591446 ], [ 175.310381512920657, -41.204896427204332 ], [ 175.310623811646138, -41.204888939609624 ], [ 175.312493652197446, -41.20494210792387 ], [ 175.313173259277221, -41.205001996476931 ], [ 175.314466139758849, -41.205170801215019 ], [ 175.314632109961423, -41.205199651116416 ], [ 175.315892619269789, -41.205474691433295 ], [ 175.316324110191204, -41.20558860652401 ], [ 175.317389131140061, -41.205914045583526 ], [ 175.317524567884988, -41.205961285033197 ], [ 175.318543190144794, -41.206362607199374 ], [ 175.319743322940354, -41.206892467688256 ], [ 175.320898201544594, -41.207400225954537 ], [ 175.322401114338959, -41.20805701686313 ], [ 175.322408758936831, -41.208060360378312 ], [ 175.323740057934629, -41.208643885423783 ], [ 175.323836169883236, -41.208686466246839 ], [ 175.323848629927625, -41.208692045711103 ], [ 175.325378397166475, -41.20950594078802 ], [ 175.325554064676481, -41.209615939591004 ], [ 175.326896445637971, -41.210600516986453 ], [ 175.326906013423695, -41.21060873086487 ], [ 175.326979220942775, -41.210672174188595 ], [ 175.328508319897395, -41.212009855394768 ], [ 175.328587012380609, -41.212079405929202 ], [ 175.328597181340797, -41.21208848649718 ], [ 175.328623479350284, -41.212112213159799 ], [ 175.32756597487159, -41.210690424096036 ], [ 175.327481750159677, -41.210518678222826 ], [ 175.326753534519014, -41.207827397752283 ], [ 175.32675282558526, -41.20781635729319 ], [ 175.326748365968598, -41.207740254400171 ], [ 175.326739254230034, -41.207568300210106 ], [ 175.326956840851693, -41.205458896601193 ], [ 175.326959759279987, -41.20544776562987 ], [ 175.327193111965386, -41.204718593193675 ], [ 175.327255728157894, -41.204553393640715 ], [ 175.327884403990453, -41.203271643507996 ], [ 175.327885886973604, -41.203269205979211 ], [ 175.327923445828958, -41.203208075618015 ], [ 175.327928367776195, -41.203200142578432 ], [ 175.328852776732305, -41.20197148448662 ], [ 175.328982321258565, -41.201827009456323 ], [ 175.33014979508215, -41.200722682284024 ], [ 175.330157721489968, -41.200716286055851 ], [ 175.331539513689506, -41.199763476142742 ], [ 175.331721819501894, -41.199656301993002 ], [ 175.333283903510107, -41.198878461261025 ], [ 175.333294058466777, -41.198874227771711 ], [ 175.334997983089579, -41.198290505092778 ], [ 175.335215207409931, -41.198231119353174 ], [ 175.335730921396845, -41.198123841206801 ], [ 175.335727044079391, -41.198102817165932 ], [ 175.335640955329154, -41.197625979251853 ], [ 175.335512033094091, -41.196964995511465 ], [ 175.335390962226711, -41.195943867699029 ], [ 175.33538526143721, -41.195810875572185 ], [ 175.335418625286877, -41.194785970677366 ], [ 175.335519053060978, -41.193857636048776 ], [ 175.335577629029927, -41.193201103134335 ], [ 175.33399223254068, -41.193219584128592 ], [ 175.33398244818224, -41.193219117018941 ], [ 175.332130349661071, -41.193019584621069 ], [ 175.33190320013577, -41.192981176056598 ], [ 175.330115250096185, -41.192565215198108 ], [ 175.330106135972528, -41.192562486778407 ], [ 175.330036115221276, -41.192541331414525 ], [ 175.32907116152353, -41.192247106806811 ], [ 175.327616143084896, -41.191714099753895 ], [ 175.327434069191128, -41.191635458553414 ], [ 175.326087952906875, -41.190958602421283 ], [ 175.325072086916435, -41.190368939395483 ], [ 175.325043232426481, -41.190352137389823 ], [ 175.325039485770048, -41.190349948803657 ], [ 175.325010699391441, -41.190333080252906 ], [ 175.323996473268778, -41.18973686578866 ], [ 175.323979682285625, -41.189726976819685 ], [ 175.32397750098059, -41.18972568978274 ], [ 175.323960733424656, -41.189715778183675 ], [ 175.322700911610468, -41.188969688699494 ], [ 175.322782253682249, -41.188891310503053 ], [ 175.321637086689378, -41.188268843746442 ], [ 175.321464870917623, -41.188139935773485 ], [ 175.319258782651389, -41.185868031668193 ], [ 175.319147737231702, -41.185705228969297 ], [ 175.317979078920331, -41.183029507196473 ], [ 175.31794006771284, -41.182848748979531 ], [ 175.317923110596894, -41.180031159474261 ], [ 175.317959942684183, -41.179850140622939 ], [ 175.318928884893523, -41.17742780092388 ], [ 175.318945513357988, -41.177400724841057 ], [ 175.319146681471636, -41.17708902428641 ], [ 175.319239113499208, -41.176952538956492 ], [ 175.32070591512263, -41.175278043793469 ], [ 175.320731776579038, -41.175254673094393 ], [ 175.321551488970783, -41.174585822154839 ], [ 175.321696235048847, -41.17447909626074 ], [ 175.322471665864839, -41.173982535549499 ], [ 175.320150970222244, -41.173886411151578 ], [ 175.319914001920807, -41.173847899841704 ], [ 175.316435943403064, -41.172831738857838 ], [ 175.316226332110517, -41.172739776108671 ], [ 175.313334241575063, -41.17096116844332 ], [ 175.313172510261012, -41.170824759563871 ], [ 175.312607970865514, -41.170265940567774 ], [ 175.310871781686046, -41.169889137667319 ], [ 175.31086583715819, -41.169887922848609 ], [ 175.310862592339021, -41.169887256883975 ], [ 175.310837639566188, -41.16988211361371 ], [ 175.310784652591281, -41.169871145215581 ], [ 175.310014669460088, -41.170374279809828 ], [ 175.309808791991713, -41.170470928734595 ], [ 175.306372554319466, -41.171565072497224 ], [ 175.306137221957215, -41.171608910601378 ], [ 175.302421658325954, -41.17184701682551 ], [ 175.302179916050193, -41.171833751357205 ], [ 175.298548882993344, -41.171192505837517 ], [ 175.298324404120621, -41.17112343604748 ], [ 175.295133467685559, -41.169665636324943 ], [ 175.294948232775994, -41.169547526005971 ], [ 175.29250981155954, -41.167415923616133 ], [ 175.292381954130178, -41.167260337960556 ], [ 175.290934711785752, -41.164663645061609 ], [ 175.290876742729409, -41.164485817153476 ], [ 175.290832138550115, -41.164087653866304 ], [ 175.290614373244296, -41.163552148331007 ], [ 175.290563016132751, -41.163378270487016 ], [ 175.290300100288789, -41.161979149565873 ], [ 175.29029968290007, -41.161974111384303 ], [ 175.290329623831411, -41.160561133635397 ], [ 175.290351879962373, -41.160383772641893 ], [ 175.29066123490415, -41.159029358696323 ], [ 175.290899587606901, -41.158315888251863 ], [ 175.290917171654058, -41.158263905483913 ], [ 175.290919484193836, -41.158257152930169 ], [ 175.290937477681553, -41.158205250255719 ], [ 175.290948176076853, -41.158174761154669 ], [ 175.290253481944205, -41.155839202554425 ], [ 175.290237973649567, -41.1556564335094 ], [ 175.290584293916282, -41.152851009720735 ], [ 175.290644267762616, -41.15267356363632 ], [ 175.292120533213847, -41.150086318073249 ], [ 175.292250109867268, -41.149931562639189 ], [ 175.292257903956738, -41.149924863586193 ], [ 175.29221158749337, -41.149923750281026 ], [ 175.292102190692049, -41.149907944299677 ], [ 175.291680777828617, -41.150194023941374 ], [ 175.291625208698633, -41.15023151068047 ], [ 175.291617964625658, -41.150236366839501 ], [ 175.291562086479388, -41.150273590239202 ], [ 175.291007733940233, -41.150640549502135 ], [ 175.290979485357354, -41.150659189463688 ], [ 175.290975808004589, -41.150661608284111 ], [ 175.290947481929862, -41.150680180944661 ], [ 175.290497161112683, -41.150974504646626 ], [ 175.290082599521128, -41.151257317565843 ], [ 175.29006286659839, -41.151270749088127 ], [ 175.290060298746397, -41.151272493023036 ], [ 175.290040526253932, -41.151285891268692 ], [ 175.289506139970825, -41.151647187874033 ], [ 175.289421775613675, -41.151703685048076 ], [ 175.289410762521044, -41.151710990301368 ], [ 175.289325694684237, -41.151766881638977 ], [ 175.288882454460889, -41.15205532644277 ], [ 175.28848517091015, -41.152326275965144 ], [ 175.288465427769154, -41.152339710648079 ], [ 175.28846285858603, -41.152341454992751 ], [ 175.288443075832447, -41.152354856381614 ], [ 175.287910568808172, -41.152714779781405 ], [ 175.287387450949637, -41.153069257260086 ], [ 175.287331764621513, -41.153106754371301 ], [ 175.287324505280196, -41.153111611822077 ], [ 175.287268509433801, -41.153148844722416 ], [ 175.286768326372766, -41.153479331485393 ], [ 175.286093217603849, -41.15392974383311 ], [ 175.285935232380353, -41.154036622282725 ], [ 175.285553849869103, -41.154442174985121 ], [ 175.285384298643947, -41.154573016854528 ], [ 175.283848937131523, -41.155434680801648 ], [ 175.283846814312653, -41.155436059376541 ], [ 175.283198490463548, -41.155864829853329 ], [ 175.283056439319807, -41.155959474908329 ], [ 175.282075877137117, -41.15690548202938 ], [ 175.281898435934153, -41.157030209317512 ], [ 175.280191494875936, -41.157897881742102 ], [ 175.279788055336297, -41.158167945729609 ], [ 175.279734596446104, -41.158203516130939 ], [ 175.279727628562171, -41.158208124542647 ], [ 175.279715727940783, -41.158215948018572 ], [ 175.278497646138788, -41.159274690900816 ], [ 175.278565652699029, -41.15932168787176 ], [ 175.278548905411185, -41.159335529649297 ], [ 175.277866133701366, -41.159823575429726 ], [ 175.277698217443429, -41.15996951913214 ], [ 175.277600590241377, -41.160033817043995 ], [ 175.277587673733507, -41.160022615536384 ], [ 175.277294292310785, -41.160232319260885 ], [ 175.277225971981522, -41.160274503372399 ], [ 175.275452919937663, -41.161084711750583 ], [ 175.27540325155411, -41.161118112226397 ], [ 175.275444362453015, -41.161172896786653 ], [ 175.275422774128828, -41.161182149291889 ], [ 175.275176942244372, -41.161270297633081 ], [ 175.274764899134425, -41.161547379771186 ], [ 175.274727777518763, -41.161572237935353 ], [ 175.274722942828305, -41.161575461892447 ], [ 175.274685684590708, -41.161600203068062 ], [ 175.273992281779101, -41.162058719619054 ], [ 175.273351124294692, -41.162487475934007 ], [ 175.272637216896584, -41.162970387194314 ], [ 175.271975320361776, -41.163420501903047 ], [ 175.271961233867216, -41.163430065846427 ], [ 175.271959401314149, -41.163431308060268 ], [ 175.271945294684684, -41.16344085509882 ], [ 175.271244365149528, -41.163914464268423 ], [ 175.271148850972224, -41.163978309497899 ], [ 175.271136375710739, -41.163986558930326 ], [ 175.271039962788279, -41.16404962804522 ], [ 175.270484055686865, -41.164409360424287 ], [ 175.269955438501228, -41.164778594255274 ], [ 175.269900499415144, -41.16481672801401 ], [ 175.269893336867256, -41.164821668459766 ], [ 175.269838082908819, -41.164859541558684 ], [ 175.269159821348836, -41.165321525472621 ], [ 175.26903002407704, -41.16540864656524 ], [ 175.26901304213996, -41.165419878820039 ], [ 175.268881578842098, -41.165505561645318 ], [ 175.268404915707634, -41.16581168266795 ], [ 175.267899442074651, -41.16615687878533 ], [ 175.267789100238531, -41.166231297485609 ], [ 175.267774676895328, -41.166240904274737 ], [ 175.267663121143926, -41.16631428232909 ], [ 175.267125403576614, -41.166663565063345 ], [ 175.266508611273252, -41.167088534170418 ], [ 175.266461759838052, -41.16712064274526 ], [ 175.26645565453353, -41.167124804615291 ], [ 175.266408578206836, -41.16715672481017 ], [ 175.26626539191443, -41.167253295168422 ], [ 175.266218793238323, -41.167307804955669 ], [ 175.266206416485659, -41.16732225259728 ], [ 175.266204805134521, -41.167324129626344 ], [ 175.266192391869254, -41.167338559354874 ], [ 175.265681704826846, -41.167930958197736 ], [ 175.265677118378903, -41.167936274391572 ], [ 175.265232091704121, -41.168451094130489 ], [ 175.264788129234063, -41.168977009875007 ], [ 175.264770336561895, -41.168998022524804 ], [ 175.264768018511006, -41.169000751743326 ], [ 175.264750148862163, -41.169021727070827 ], [ 175.264528327773689, -41.169281307833216 ], [ 175.264365834215198, -41.169792900314256 ], [ 175.264115307267303, -41.17046549436072 ], [ 175.264078301741307, -41.170551845942832 ], [ 175.263364325760023, -41.171857956633175 ], [ 175.263308591503232, -41.171940810683687 ], [ 175.262332967497912, -41.173146436779703 ], [ 175.262262454415662, -41.173219919917273 ], [ 175.261690997438251, -41.173769261714476 ], [ 175.26116669490699, -41.174234885155172 ], [ 175.261026472578976, -41.174357169487628 ], [ 175.261008056116026, -41.174372941429056 ], [ 175.260864948243551, -41.174493302345745 ], [ 175.260235274724749, -41.175013406985244 ], [ 175.260222964114888, -41.175023559722888 ], [ 175.260221362401296, -41.175024878653076 ], [ 175.260209031263798, -41.175035017149114 ], [ 175.259681549447009, -41.175468036463634 ], [ 175.25913339536109, -41.175936475590248 ], [ 175.259090195898949, -41.175973190107619 ], [ 175.259084562778014, -41.175977951384425 ], [ 175.259041098840981, -41.17601448727936 ], [ 175.258911517860327, -41.176122817264769 ], [ 175.258603826334479, -41.176543207962553 ], [ 175.258454783751631, -41.176687637782749 ], [ 175.257521794505266, -41.177346289813563 ], [ 175.256908700185363, -41.178005709981143 ], [ 175.256869908536004, -41.178035967965585 ], [ 175.256326989384974, -41.178638172920827 ], [ 175.256160865810898, -41.178771543599829 ], [ 175.254832019998901, -41.179548579340512 ], [ 175.254448974723289, -41.179871027033421 ], [ 175.254431161143572, -41.179885988739287 ], [ 175.254428842503842, -41.179887931803712 ], [ 175.254410984703242, -41.179902863396677 ], [ 175.253606606805363, -41.180573915728537 ], [ 175.253572460321806, -41.180602280405296 ], [ 175.253568010907088, -41.18060596065633 ], [ 175.253533704856522, -41.180634215226135 ], [ 175.252784015380286, -41.181249020537706 ], [ 175.25203013879306, -41.181884537994243 ], [ 175.252026986597258, -41.181887194211413 ], [ 175.25140902058456, -41.182407392476001 ], [ 175.250771550501327, -41.182944189742315 ], [ 175.250714418301555, -41.182991954125747 ], [ 175.250706961827575, -41.182998143357892 ], [ 175.250649379043011, -41.183045597930636 ], [ 175.250311297422087, -41.183322221026707 ], [ 175.24955092381424, -41.183962709117118 ], [ 175.24951890951516, -41.183989566813267 ], [ 175.249514738396954, -41.183993051989702 ], [ 175.24948258164639, -41.184019812392556 ], [ 175.248780068087541, -41.184602074549609 ], [ 175.248021140519427, -41.185253367099818 ], [ 175.247973066642402, -41.185294370177239 ], [ 175.247966795633602, -41.185299686168626 ], [ 175.247918392452135, -41.185340467573958 ], [ 175.247092341357643, -41.186032189987841 ], [ 175.246253636600812, -41.186734759411635 ], [ 175.246232074242585, -41.186752772668768 ], [ 175.246229266961194, -41.186755111531703 ], [ 175.246207640374905, -41.186773080781265 ], [ 175.245594883064257, -41.187280829784306 ], [ 175.24500290436626, -41.187776986231817 ], [ 175.24439473584593, -41.188294871072465 ], [ 175.244289178532654, -41.188383566882074 ], [ 175.244275355588343, -41.188395028179649 ], [ 175.244168252219851, -41.188482660023546 ], [ 175.243520203939312, -41.189005890348596 ], [ 175.24322893969628, -41.189232928392649 ], [ 175.243190401125787, -41.189261932172315 ], [ 175.242888764286562, -41.189481106094995 ], [ 175.242218428036182, -41.189951343477695 ], [ 175.24161279059598, -41.190383300766278 ], [ 175.240955985634997, -41.190858279694169 ], [ 175.240902949554965, -41.190896398055465 ], [ 175.240896034783702, -41.190901337403112 ], [ 175.240842689767391, -41.19093920900572 ], [ 175.240150875368954, -41.191427334323208 ], [ 175.240138305808301, -41.191436190146156 ], [ 175.240136670669443, -41.191437340511158 ], [ 175.240124084247611, -41.191446182611479 ], [ 175.239486693503835, -41.191893304798157 ], [ 175.238872869491104, -41.192336047228444 ], [ 175.238823894712368, -41.19237117185196 ], [ 175.23881751091713, -41.192375724393557 ], [ 175.238768273461517, -41.192410638871365 ], [ 175.238143352528709, -41.192851259150807 ], [ 175.237673458552081, -41.193153179889293 ], [ 175.237384146676646, -41.195705715548463 ], [ 175.237325927010545, -41.195883497906067 ], [ 175.235874746310259, -41.198479091273732 ], [ 175.235746633877, -41.198634581248534 ], [ 175.233832183359169, -41.200304130716695 ], [ 175.233894480207823, -41.200351734457868 ], [ 175.23385569216407, -41.200380690609485 ], [ 175.233466222877382, -41.200623263063136 ], [ 175.233304403787685, -41.20076437446432 ], [ 175.233193469386066, -41.200834938099234 ], [ 175.23316596363432, -41.200810270823268 ], [ 175.232202404545802, -41.201410382934277 ], [ 175.23216665815994, -41.201428836780771 ], [ 175.231597667170746, -41.201705022073078 ], [ 175.231581902220313, -41.20171220539342 ], [ 175.230345053266376, -41.202203528805001 ], [ 175.230179866422674, -41.202260076151887 ], [ 175.228420338774441, -41.202740654636685 ], [ 175.228360857418238, -41.202753012857897 ], [ 175.226523434063211, -41.203019759617092 ], [ 175.226343192640115, -41.203034980637412 ], [ 175.224735238001585, -41.20307482978496 ], [ 175.223812791668706, -41.203818323705029 ], [ 175.223683176965721, -41.203911378305023 ], [ 175.222230061862518, -41.204801617726659 ], [ 175.222177148862784, -41.204829132056759 ], [ 175.220697822344391, -41.205475404143193 ], [ 175.220648067757935, -41.205513987767439 ], [ 175.220604712157723, -41.205547434714049 ], [ 175.220599061002815, -41.205551771724352 ], [ 175.220555475758061, -41.205585048013148 ], [ 175.219981665883381, -41.206020862174412 ], [ 175.219904267142681, -41.206093608705132 ], [ 175.219238373100637, -41.206600467787091 ], [ 175.219223319931785, -41.206612009248708 ], [ 175.218563367537854, -41.207114448927193 ], [ 175.218001017347149, -41.207545240217769 ], [ 175.217433658799081, -41.207998663928755 ], [ 175.217278114732494, -41.208120652197223 ], [ 175.217257698309368, -41.208136365676545 ], [ 175.217099143558386, -41.208256123239302 ], [ 175.216503196088411, -41.208697854674149 ], [ 175.21599027573177, -41.209097334690568 ], [ 175.21562381574455, -41.209410307301489 ], [ 175.214278090504962, -41.210392206747251 ], [ 175.21418774212006, -41.21044847863071 ], [ 175.214097442278558, -41.210504794983748 ], [ 175.212971712869631, -41.211101185524086 ], [ 175.212907006125505, -41.211201832313407 ], [ 175.21251586037647, -41.211811989324083 ], [ 175.212126399517587, -41.212437982980283 ], [ 175.212003897279089, -41.21262900054969 ], [ 175.211987586665487, -41.212653687672493 ], [ 175.211859156373635, -41.212842471985105 ], [ 175.211523211220481, -41.213322287441876 ], [ 175.211219792307503, -41.21379000408465 ], [ 175.210839161545948, -41.214396157505732 ], [ 175.210801527430561, -41.214455527599505 ], [ 175.210796597702767, -41.214463232106681 ], [ 175.210758389851463, -41.214522392892327 ], [ 175.21031836956368, -41.215197435678391 ], [ 175.20995565445844, -41.215763748036508 ], [ 175.209588545646, -41.216352837566362 ], [ 175.20956367255738, -41.21634399961367 ], [ 175.209357914233351, -41.216733702449886 ], [ 175.209000208056153, -41.217254391548714 ], [ 175.208661146217253, -41.21778340310513 ], [ 175.208644134613849, -41.217809834641841 ], [ 175.208641915685064, -41.217813268007774 ], [ 175.208624789922453, -41.217839657485385 ], [ 175.208200261126109, -41.218491123454399 ], [ 175.207554271268378, -41.2193579866004 ], [ 175.20746231755632, -41.219466838252714 ], [ 175.206335163392566, -41.220594922290388 ], [ 175.206287303522146, -41.220635720533345 ], [ 175.2049402643527, -41.221616764673186 ], [ 175.204808254575084, -41.221698830312008 ], [ 175.203274498162671, -41.22250866966931 ], [ 175.203212280189319, -41.222536302612028 ], [ 175.201529581999552, -41.223154990494685 ], [ 175.201370439743215, -41.223202234389419 ], [ 175.200119639108067, -41.223514519194389 ], [ 175.199216890047921, -41.223698826536015 ], [ 175.199139307821042, -41.223714454131688 ], [ 175.199129213186239, -41.223716460060857 ], [ 175.199051493339653, -41.223731692913923 ], [ 175.198229392120595, -41.223890590464528 ], [ 175.197487293298195, -41.224043837635016 ], [ 175.197482324013407, -41.224030120229969 ], [ 175.197129943649259, -41.224125506172662 ], [ 175.196277031916452, -41.224284484823073 ], [ 175.195581546269636, -41.224430540673836 ], [ 175.195490131732782, -41.224449442758328 ], [ 175.195478235096488, -41.224451864336487 ], [ 175.195386624460014, -41.224470217300542 ], [ 175.194423207641307, -41.224660129642594 ], [ 175.193973600932878, -41.224726820996501 ], [ 175.193531388413618, -41.225399613659746 ], [ 175.193390897862827, -41.225548907163272 ], [ 175.190780126024521, -41.227562144999361 ], [ 175.19058539482856, -41.227671349508206 ], [ 175.188999872329106, -41.228422368821199 ], [ 175.188262589399443, -41.228713409305676 ], [ 175.188089809203206, -41.228783716242624 ], [ 175.188071561312597, -41.228799230757105 ], [ 175.188070979123154, -41.228799725703297 ], [ 175.18746767916133, -41.229312516282135 ], [ 175.187413345818442, -41.229358381210851 ], [ 175.187406255578736, -41.229364325362354 ], [ 175.187351508310513, -41.229409908918115 ], [ 175.187109663245394, -41.229609895061813 ], [ 175.186881027200911, -41.229838941827708 ], [ 175.186514243216095, -41.230208194185693 ], [ 175.186372812782935, -41.230347718336496 ], [ 175.186354194172651, -41.230365719344462 ], [ 175.186209184444351, -41.230503133772856 ], [ 175.186014853554212, -41.230683643289197 ], [ 175.18544792905854, -41.231173029948437 ], [ 175.185371284231422, -41.231234560017555 ], [ 175.184759057517766, -41.231691789560983 ], [ 175.183934706308378, -41.232264482372607 ], [ 175.183901683232818, -41.232287337498732 ], [ 175.183897382855093, -41.232290302568707 ], [ 175.183864246273316, -41.232313063903703 ], [ 175.183024576218628, -41.23288764796515 ], [ 175.182198748994864, -41.233453821364051 ], [ 175.181389686703909, -41.233961200071072 ], [ 175.18128086384317, -41.234023533713611 ], [ 175.180944298429097, -41.234199222165813 ], [ 175.180945346846187, -41.234280814331427 ], [ 175.180909721553974, -41.234461964985307 ], [ 175.179790803693862, -41.237149856079071 ], [ 175.17968275902922, -41.237313828831311 ], [ 175.17859932423039, -41.238462686304338 ], [ 175.178423075714136, -41.239025373096325 ], [ 175.178208656937272, -41.23971852998028 ], [ 175.178038277729001, -41.240207005093133 ], [ 175.178013787128975, -41.240269988174674 ], [ 175.177807387620589, -41.24075048347958 ], [ 175.177516222919792, -41.241368641725899 ], [ 175.177497646967367, -41.241407792392515 ], [ 175.177495216535334, -41.241412877743677 ], [ 175.177476401225761, -41.241451963248615 ], [ 175.177171885291358, -41.242080012793025 ], [ 175.177066517203912, -41.242287400504082 ], [ 175.176917980728973, -41.242617381557977 ], [ 175.176884514887547, -41.242690689412029 ], [ 175.176880110046767, -41.242700205118659 ], [ 175.17684580910597, -41.242773292750989 ], [ 175.176545167874821, -41.243405227148834 ], [ 175.176318979906227, -41.24389454100514 ], [ 175.176182657874904, -41.244265243716107 ], [ 175.175844949778082, -41.245200245161499 ], [ 175.175742942192443, -41.245488942124325 ], [ 175.175555275348444, -41.246089693443544 ], [ 175.175511431743104, -41.246225326188082 ], [ 175.175505551316206, -41.246242924038455 ], [ 175.175458926809682, -41.246378027452273 ], [ 175.175184610404756, -41.247148368086599 ], [ 175.17518079666084, -41.247159051587715 ], [ 175.175180299743971, -41.247160440211907 ], [ 175.175176468612392, -41.247171120159777 ], [ 175.174902521320064, -41.247932930557965 ], [ 175.17489188200679, -41.247962319898399 ], [ 175.174890490336054, -41.247966138735698 ], [ 175.174879719330391, -41.247995500738469 ], [ 175.174640129603659, -41.248644349976097 ], [ 175.174418409633404, -41.249310195774974 ], [ 175.174364345480768, -41.249466601358314 ], [ 175.174357075906499, -41.249486884840209 ], [ 175.174299300446279, -41.249642532822385 ], [ 175.174006436395501, -41.250405086779836 ], [ 175.173916451878398, -41.250628507588154 ], [ 175.173904256874351, -41.250657432948792 ], [ 175.17319828525126, -41.251966230802068 ], [ 175.173107293405451, -41.252103058805119 ], [ 175.172138682955563, -41.253312387774663 ], [ 175.172115239425466, -41.253337052973087 ], [ 175.172095738333212, -41.253357018524298 ], [ 175.172111138276506, -41.253646273096031 ], [ 175.172082828941768, -41.253828157606321 ], [ 175.171072569989235, -41.256540507708301 ], [ 175.170971161049579, -41.256706887161577 ], [ 175.168899528415352, -41.25905086172763 ], [ 175.168734940131742, -41.25918544675033 ], [ 175.165804664557356, -41.260931547115909 ], [ 175.16559300744467, -41.261021159819528 ], [ 175.165062895799878, -41.261169097128565 ], [ 175.165021350280142, -41.261281544577031 ], [ 175.165000661464916, -41.261336857972765 ], [ 175.164997941533329, -41.261344042164559 ], [ 175.164976785246722, -41.261399254796174 ], [ 175.164706815046173, -41.262095466669031 ], [ 175.164508844839105, -41.262649609995762 ], [ 175.164056006896288, -41.263670077312163 ], [ 175.16398686055183, -41.263799614831044 ], [ 175.163153030785736, -41.265064904915256 ], [ 175.163123120954481, -41.265102555157299 ], [ 175.162037191759282, -41.266253835592472 ], [ 175.16198548350738, -41.266300431183232 ], [ 175.161978285687951, -41.266310976285396 ], [ 175.161959217064634, -41.266338793645176 ], [ 175.161956729815358, -41.266342406638998 ], [ 175.161937533065014, -41.266370173799274 ], [ 175.161440541247032, -41.267086000266467 ], [ 175.16140879214862, -41.267131413028189 ], [ 175.161404642490396, -41.267137307760549 ], [ 175.161372550692391, -41.267182583189147 ], [ 175.161123464022268, -41.267531598442133 ], [ 175.160798906991403, -41.268027802075721 ], [ 175.160710399267714, -41.26816035300785 ], [ 175.160698705812763, -41.268177511914224 ], [ 175.160607314225246, -41.268308944154427 ], [ 175.160257962761023, -41.26880143995762 ], [ 175.159911725485841, -41.269324305465041 ], [ 175.159878743507846, -41.269373731823997 ], [ 175.159874429720901, -41.269380147249841 ], [ 175.159841045745623, -41.269429419749969 ], [ 175.15936860423318, -41.270121447714011 ], [ 175.159325274176126, -41.270184307608879 ], [ 175.159319598740382, -41.270192462548444 ], [ 175.159275614401224, -41.27025506326197 ], [ 175.158967300765852, -41.270689725898137 ], [ 175.158648537762332, -41.271176891219447 ], [ 175.15822400782173, -41.271826657652191 ], [ 175.158161112425091, -41.27192150866744 ], [ 175.158152840050207, -41.271933802543685 ], [ 175.158088468139198, -41.272028088085314 ], [ 175.157650625269071, -41.272660216039007 ], [ 175.157622160651158, -41.2727010555964 ], [ 175.157618442243717, -41.272706357550994 ], [ 175.157589700593462, -41.272747086525861 ], [ 175.157193120909852, -41.273305608033368 ], [ 175.156817703144782, -41.273859158358256 ], [ 175.156788564087606, -41.273901842200154 ], [ 175.156784756426731, -41.273907383441355 ], [ 175.156755316085906, -41.273949949464011 ], [ 175.156429134438611, -41.274418501777589 ], [ 175.156434033337177, -41.274455335904648 ], [ 175.156533636522454, -41.275123132654585 ], [ 175.156534418054804, -41.275128386140352 ], [ 175.156641761668709, -41.275854846787475 ], [ 175.156644972562589, -41.275876821966229 ], [ 175.156645385329881, -41.275879679121743 ], [ 175.156648524702064, -41.275901660181454 ], [ 175.156746108786308, -41.27659287714021 ], [ 175.156752012161945, -41.276635662204264 ], [ 175.156752761987377, -41.276641225613581 ], [ 175.156758394387737, -41.276684031462253 ], [ 175.156837997294417, -41.277304065068876 ], [ 175.156943614541262, -41.278010340389812 ], [ 175.156944960847483, -41.278019384237339 ], [ 175.156945135079724, -41.278020560003988 ], [ 175.156946469270054, -41.278029604874057 ], [ 175.15704583337785, -41.278706328109017 ], [ 175.157056794230328, -41.278784058345316 ], [ 175.157058160978352, -41.278794167750853 ], [ 175.157068227017106, -41.278871966830806 ], [ 175.157154911578601, -41.279573409049853 ], [ 175.157244820956379, -41.280248699677742 ], [ 175.157335749797483, -41.280918343442067 ], [ 175.157389834604942, -41.281290411269474 ], [ 175.157463120907096, -41.281601735227518 ], [ 175.157625503269344, -41.282226577551974 ], [ 175.157629665884258, -41.282242672631149 ], [ 175.15763020449819, -41.282244765360772 ], [ 175.157634328251135, -41.282260866121852 ], [ 175.157812506147309, -41.282959952831312 ], [ 175.157815003269633, -41.282969779713227 ], [ 175.157815326954932, -41.282971057344717 ], [ 175.157817809606144, -41.282980886332055 ], [ 175.157987727239373, -41.283655633967832 ], [ 175.158163127156172, -41.28432183778348 ], [ 175.158169317298047, -41.284345514949067 ], [ 175.158170116547495, -41.284348593788586 ], [ 175.158176222551248, -41.284372283384933 ], [ 175.158354758748487, -41.285069935624804 ], [ 175.158397532108239, -41.2852465147974 ], [ 175.158402788809838, -41.285269509609321 ], [ 175.158440887769075, -41.285446696775246 ], [ 175.158548465235697, -41.285980623930286 ], [ 175.158685671213931, -41.286496192430931 ], [ 175.15888296244114, -41.287567650436301 ], [ 175.158897446547826, -41.287707597309762 ], [ 175.158922984728321, -41.288789168239759 ], [ 175.158883910715161, -41.289485622287557 ], [ 175.158844906606021, -41.29020844567421 ], [ 175.158844703822751, -41.290212184725959 ], [ 175.158805661157942, -41.290922851772038 ], [ 175.158805108685755, -41.290932777094632 ], [ 175.158777743994392, -41.291408468385349 ], [ 175.161087272972367, -41.290732598022686 ], [ 175.161324590846959, -41.290693874300793 ], [ 175.16505424074839, -41.290536172675985 ], [ 175.165295809836522, -41.29055464755173 ], [ 175.168907593673765, -41.291273813118039 ], [ 175.169129777347109, -41.291347679102969 ], [ 175.171961391811436, -41.292723293871269 ], [ 175.172672906545387, -41.293026015950176 ], [ 175.172874382344645, -41.293128231870668 ], [ 175.175609759670749, -41.295047094438253 ], [ 175.175759504992726, -41.295191260170959 ], [ 175.177574935822804, -41.297653671732348 ], [ 175.177658289866741, -41.297825678938828 ], [ 175.178375982504832, -41.30059064852707 ], [ 175.17838477809704, -41.300773662214148 ], [ 175.177934335799023, -41.303570554032689 ], [ 175.177867701867541, -41.303746659610994 ], [ 175.17768428999014, -41.304044277653439 ], [ 175.177683082224434, -41.30434192163483 ], [ 175.178743050772169, -41.304706941039896 ], [ 175.17894546470319, -41.304808138741578 ], [ 175.181044962878332, -41.306261062850417 ], [ 175.181693347842923, -41.305932128614621 ], [ 175.182714373943099, -41.305389377926325 ], [ 175.182748295558213, -41.305371412144616 ], [ 175.182752710728948, -41.305369082370419 ], [ 175.182786714817667, -41.305351205472142 ], [ 175.183600471439121, -41.304924965634356 ], [ 175.183610855615996, -41.304919532543948 ] ], [ [ 175.435775652028241, -41.277674063290704 ], [ 175.435556146514756, -41.277595814300227 ], [ 175.433930457852512, -41.276893637797009 ], [ 175.432121354844469, -41.275962839807249 ], [ 175.43117380626677, -41.27542124432032 ], [ 175.431055572724802, -41.275346389604515 ], [ 175.431010322349181, -41.275314714011479 ], [ 175.430785530007483, -41.276686057603584 ], [ 175.430762977768666, -41.27676931111467 ], [ 175.430758919078073, -41.27678440000291 ], [ 175.430773174038933, -41.276846572754081 ], [ 175.430827717066165, -41.277107125924665 ], [ 175.430834148681669, -41.277141068898764 ], [ 175.430878553542669, -41.277402715333551 ], [ 175.431014846857636, -41.278311221092444 ], [ 175.431090550297228, -41.279306403856026 ], [ 175.431090884954131, -41.279435791595517 ], [ 175.43102032771489, -41.280431189400872 ], [ 175.430943781680128, -41.28095984926496 ], [ 175.430800104872191, -41.281971478302232 ], [ 175.430795387234554, -41.282004132290815 ], [ 175.430794763680666, -41.282008376451515 ], [ 175.430789888181124, -41.282041017242911 ], [ 175.43062242590986, -41.283144048770495 ], [ 175.43049143340599, -41.283795188212181 ], [ 175.430470326424512, -41.283879253776512 ], [ 175.430302038114434, -41.284437094544337 ], [ 175.430493302645061, -41.2852440241682 ], [ 175.430511981509454, -41.285351226541934 ], [ 175.430609622186125, -41.28676249177073 ], [ 175.430606977391705, -41.286838037437995 ], [ 175.430410720611235, -41.288243448326469 ], [ 175.430384565330769, -41.288349757585557 ], [ 175.430133195306496, -41.289160498235745 ], [ 175.429943790943696, -41.289664939044265 ], [ 175.429874697385742, -41.290325275979022 ], [ 175.429817959583517, -41.290503353964873 ], [ 175.429209187987766, -41.291611151714122 ], [ 175.428969874041968, -41.292241199284703 ], [ 175.428716825457286, -41.292910685150837 ], [ 175.428713049910641, -41.29292065217016 ], [ 175.428712558100671, -41.292921947669889 ], [ 175.428708767340254, -41.292931911415515 ], [ 175.428422043421989, -41.293683902698149 ], [ 175.428407847979202, -41.293720835572003 ], [ 175.428405988987976, -41.293725633851878 ], [ 175.428391584565674, -41.293762520668395 ], [ 175.428187147415315, -41.294281943653182 ], [ 175.428021790585092, -41.294669698549534 ], [ 175.427998793956277, -41.294719714354535 ], [ 175.427247867442048, -41.296014455246954 ], [ 175.427166188061079, -41.29612969935269 ], [ 175.426155906852841, -41.297319896816298 ], [ 175.426113539473448, -41.297362104420635 ], [ 175.425777896564909, -41.297681218212794 ], [ 175.425217894796731, -41.298189583329233 ], [ 175.425024661056511, -41.298360610450608 ], [ 175.424998863909991, -41.298382874176816 ], [ 175.42479747573887, -41.298552309131708 ], [ 175.424154559335875, -41.299079650873878 ], [ 175.424119790432428, -41.29910804661354 ], [ 175.42411525998898, -41.2991117307282 ], [ 175.424080329762546, -41.299140013675583 ], [ 175.4234388215487, -41.299657205792357 ], [ 175.42279832534399, -41.300175889210003 ], [ 175.422776698755769, -41.300193356011448 ], [ 175.422773883309162, -41.300195623877784 ], [ 175.422752195334567, -41.300213047327787 ], [ 175.42144757686404, -41.301258329825686 ], [ 175.420808763124484, -41.301775926666082 ], [ 175.41999090709291, -41.302439776052616 ], [ 175.419964608386437, -41.302461053236932 ], [ 175.419961183639373, -41.302463815099514 ], [ 175.419934793929571, -41.302485028109011 ], [ 175.419312187270918, -41.302983879262356 ], [ 175.419106013593989, -41.303363042257466 ], [ 175.41897985134645, -41.303519540606509 ], [ 175.41656323420014, -41.305668572685732 ], [ 175.41637910379356, -41.305788008262589 ], [ 175.413199931177985, -41.307268653583975 ], [ 175.412975858326178, -41.307339331501737 ], [ 175.412675677697621, -41.307394509155415 ], [ 175.412428674744149, -41.307627708577137 ], [ 175.412249273790138, -41.307751172996952 ], [ 175.409129093363788, -41.30930163182569 ], [ 175.408907865528846, -41.309377244899977 ], [ 175.408312973971704, -41.309500664096085 ], [ 175.407829649747214, -41.309749680364646 ], [ 175.40778926453271, -41.309770396076217 ], [ 175.407784007172069, -41.309773081011897 ], [ 175.407743509915491, -41.309793672003067 ], [ 175.40700223337339, -41.310168911870235 ], [ 175.406249942188936, -41.310556944501002 ], [ 175.406224629388618, -41.310569964796272 ], [ 175.406221335849835, -41.310571654248712 ], [ 175.406195978822353, -41.310584625529486 ], [ 175.405502894858557, -41.310938187477248 ], [ 175.405062080184678, -41.311629696936741 ], [ 175.404428008181668, -41.312502501980937 ], [ 175.404420544326257, -41.312512760050694 ], [ 175.40441957287706, -41.31251409312295 ], [ 175.404412091360086, -41.31252434385717 ], [ 175.404164057229792, -41.31286366143614 ], [ 175.405448371858142, -41.312468446539235 ], [ 175.405684857787634, -41.312426616741533 ], [ 175.405855594170447, -41.312417156970156 ], [ 175.406682087116337, -41.312095140580617 ], [ 175.407651947020554, -41.311757785076196 ], [ 175.407780374161462, -41.311718262089116 ], [ 175.40956587294923, -41.311288518606474 ], [ 175.409668025672261, -41.31127044673331 ], [ 175.41152068855888, -41.311056561859047 ], [ 175.411659026568657, -41.311048891347916 ], [ 175.412726667231908, -41.311025792135652 ], [ 175.413367399123842, -41.311033536792202 ], [ 175.413416280637705, -41.311034202938309 ], [ 175.413422634971113, -41.311034299341244 ], [ 175.415287777194663, -41.3111734793682 ], [ 175.415520695901336, -41.311204924375652 ], [ 175.417334018836243, -41.311562352794176 ], [ 175.41734002280532, -41.311563924815566 ], [ 175.417386174376645, -41.311576088546765 ], [ 175.417676974050607, -41.311653235251917 ], [ 175.418349156525835, -41.311802167496843 ], [ 175.41841956167616, -41.311817944033074 ], [ 175.418428705897952, -41.311820016178039 ], [ 175.418498981083701, -41.311836118795362 ], [ 175.419441319757709, -41.312054426730221 ], [ 175.4196289993763, -41.312019750232956 ], [ 175.423353060506173, -41.311785427771753 ], [ 175.423595304482774, -41.311798931343837 ], [ 175.427233187874691, -41.312443636624167 ], [ 175.427458047883505, -41.312512913213645 ], [ 175.429737704717894, -41.313554874238299 ], [ 175.430330068690921, -41.313150678188158 ], [ 175.430491460829614, -41.312803880078832 ], [ 175.430503028144926, -41.312779139565194 ], [ 175.430504538104827, -41.312775924956497 ], [ 175.430516200941383, -41.312751209951813 ], [ 175.430654976246018, -41.312458476884437 ], [ 175.431074466945176, -41.311554239970363 ], [ 175.431148283490586, -41.311399660177024 ], [ 175.431158121914621, -41.311379632466632 ], [ 175.431235665730583, -41.311226093635732 ], [ 175.431472726346044, -41.31076927583694 ], [ 175.432036947958323, -41.309840892771035 ], [ 175.432119120431196, -41.309723721290169 ], [ 175.432819089323971, -41.308849465378096 ], [ 175.433366009270458, -41.308246488186725 ], [ 175.434257196923397, -41.307220080957705 ], [ 175.434820249439156, -41.306625661505066 ], [ 175.434897477830447, -41.306550750390684 ], [ 175.436160234334807, -41.305506512708988 ], [ 175.436246192352485, -41.305445771788754 ], [ 175.436958794024804, -41.305016188963549 ], [ 175.437072369946179, -41.30472371780052 ], [ 175.43708140390325, -41.304700569222959 ], [ 175.437082583661379, -41.30469756109985 ], [ 175.437091699829438, -41.304674430860388 ], [ 175.437508160051664, -41.303622897934495 ], [ 175.437692373950711, -41.303148580629447 ], [ 175.437710992495113, -41.303098718771075 ], [ 175.437631824076959, -41.302964050387516 ], [ 175.437569340127652, -41.302787067585278 ], [ 175.437184743359524, -41.299984377324101 ], [ 175.437197843466294, -41.299801496251305 ], [ 175.437980506935446, -41.297046352677526 ], [ 175.438067898748585, -41.296875474424652 ], [ 175.439941071122092, -41.294437544224849 ], [ 175.440094192795698, -41.294295392884138 ], [ 175.442874441602186, -41.292413266567983 ], [ 175.443078302683006, -41.292313753179833 ], [ 175.446493497920272, -41.291171609690842 ], [ 175.446728147417161, -41.291124471955939 ], [ 175.4469034564693, -41.291110774348063 ], [ 175.446919107533176, -41.291096582458707 ], [ 175.447681217328125, -41.290395912812961 ], [ 175.448455597326387, -41.289680079055046 ], [ 175.448459245989653, -41.289676707836094 ], [ 175.449256657000831, -41.288940846342193 ], [ 175.449415878826215, -41.288793660467313 ], [ 175.449409557475889, -41.288303903745373 ], [ 175.449409403978592, -41.288291072232333 ], [ 175.449409385599523, -41.288289404125692 ], [ 175.449409256341937, -41.288276572459779 ], [ 175.449401226613674, -41.287396971323759 ], [ 175.449400951609761, -41.287345409713879 ], [ 175.449400941299302, -41.287338706682284 ], [ 175.449401057680092, -41.287287144729227 ], [ 175.449406507541511, -41.28638665876607 ], [ 175.449396759757065, -41.28547725424783 ], [ 175.449396638670919, -41.285464911589422 ], [ 175.449396624387447, -41.285463307036466 ], [ 175.449396525727877, -41.285450964264847 ], [ 175.449389990186916, -41.284528503328104 ], [ 175.449379110153359, -41.283576110107035 ], [ 175.449378779317442, -41.283537589392267 ], [ 175.449378750507037, -41.283532581652871 ], [ 175.44937863810577, -41.283494060222914 ], [ 175.449378580770912, -41.282801533922317 ], [ 175.44936605159549, -41.282093003358511 ], [ 175.449365506037509, -41.282056650032487 ], [ 175.44936544776084, -41.282051924011306 ], [ 175.449365096754377, -41.282015569319164 ], [ 175.449358831965299, -41.281117941981172 ], [ 175.449358816306017, -41.281115643351519 ], [ 175.449353069880829, -41.280215086990587 ], [ 175.449347359638068, -41.279335341196429 ], [ 175.449339410741828, -41.278439972566112 ], [ 175.449339268990599, -41.278421031536034 ], [ 175.449339253995447, -41.278418569190428 ], [ 175.449339165052322, -41.278399627980299 ], [ 175.449336404982915, -41.277563720271608 ], [ 175.449327499490835, -41.276671131202683 ], [ 175.449320656990807, -41.27615384621113 ], [ 175.447302689567721, -41.277331105940597 ], [ 175.447089767122094, -41.277419099952112 ], [ 175.443573589810086, -41.278369554015889 ], [ 175.443335038353808, -41.278403597404058 ], [ 175.439601587183233, -41.278487729729733 ], [ 175.439360767278117, -41.278464488880161 ], [ 175.435775652028241, -41.277674063290704 ] ], [ [ 175.473964885764588, -41.252227676766331 ], [ 175.474054769481199, -41.251831322847529 ], [ 175.474244838457935, -41.250980154829108 ], [ 175.474249385119492, -41.250959934180166 ], [ 175.474249980150688, -41.250957306006811 ], [ 175.474254587815068, -41.25093709321969 ], [ 175.474412903725494, -41.250247290383818 ], [ 175.474413499736073, -41.250244695685119 ], [ 175.474577860898989, -41.249530731814438 ], [ 175.474584843594215, -41.24950070108779 ], [ 175.47458576009771, -41.249496798264133 ], [ 175.474592877456189, -41.249466785550041 ], [ 175.474753553291407, -41.248795785990772 ], [ 175.474897617513534, -41.248175152883697 ], [ 175.474934414427452, -41.248000974946535 ], [ 175.471618140045564, -41.248029389012515 ], [ 175.471378041165792, -41.248002789520747 ], [ 175.469172168450001, -41.247482606296877 ], [ 175.469115318636796, -41.247826375827103 ], [ 175.469047963666327, -41.248002330575666 ], [ 175.46860813345819, -41.248710498364858 ], [ 175.468608173980812, -41.248723360619437 ], [ 175.468585430599177, -41.248833428279504 ], [ 175.468968733626099, -41.249287830405223 ], [ 175.468975955284378, -41.249296402081157 ], [ 175.470811836747032, -41.251482333425272 ], [ 175.470812237684044, -41.251482810825195 ], [ 175.47163101136826, -41.252457888970589 ], [ 175.471634672728214, -41.252462251939455 ], [ 175.472898800381046, -41.253971017451484 ], [ 175.47328726687843, -41.253729736947413 ], [ 175.473680949073213, -41.25348080632596 ], [ 175.473865749876211, -41.252660497834867 ], [ 175.47386861366445, -41.252647840264835 ], [ 175.473868987511167, -41.252646194981352 ], [ 175.473871875210676, -41.252633540497882 ], [ 175.473964885764588, -41.252227676766331 ] ], [ [ 175.466543999489943, -41.187399780131052 ], [ 175.465420430244535, -41.187190587428702 ], [ 175.46536259895538, -41.187179703822785 ], [ 175.465355085617716, -41.187178274764634 ], [ 175.465297327097034, -41.187167172860605 ], [ 175.464105276956815, -41.186935640579144 ], [ 175.463983135351839, -41.186911394447932 ], [ 175.463967279494852, -41.186908178997754 ], [ 175.463845484839851, -41.186882956665166 ], [ 175.46313138663254, -41.186731995308534 ], [ 175.462535988448138, -41.186606760936073 ], [ 175.462577455718531, -41.187036555406465 ], [ 175.462701103119116, -41.188214033787986 ], [ 175.462703338868437, -41.188235654382559 ], [ 175.462703625035857, -41.188238465320147 ], [ 175.462705791862646, -41.188260089919396 ], [ 175.462831598286442, -41.189536006547279 ], [ 175.462832792484903, -41.189548230074728 ], [ 175.462832946299272, -41.189549819212758 ], [ 175.462834118475712, -41.189562043962511 ], [ 175.462930169571024, -41.190573307319134 ], [ 175.463667134865261, -41.190442539453414 ], [ 175.463897352232721, -41.190416024297328 ], [ 175.464971025545566, -41.190356284333738 ], [ 175.465348907973549, -41.189109652067621 ], [ 175.465439328723193, -41.188939713076927 ], [ 175.466643775016053, -41.187419235304858 ], [ 175.466543999489943, -41.187399780131052 ] ], [ [ 175.496779742377839, -41.175980493777928 ], [ 175.49826903015844, -41.175742850496171 ], [ 175.498503126086206, -41.175717157864042 ], [ 175.498505299754839, -41.175717070210538 ], [ 175.498786890074939, -41.174333993767874 ], [ 175.498827178004404, -41.17420466822648 ], [ 175.499397234051031, -41.172858669315985 ], [ 175.499422659127276, -41.172811698859 ], [ 175.499628603244787, -41.172453591568122 ], [ 175.500081904510438, -41.171709885814273 ], [ 175.500223193485368, -41.171486228455159 ], [ 175.500242086883048, -41.171457349427136 ], [ 175.500391465543373, -41.171236714036262 ], [ 175.500820921280024, -41.170623352670638 ], [ 175.500857828075624, -41.170571057660901 ], [ 175.500862655505188, -41.170564271311001 ], [ 175.500900016856349, -41.170512160937584 ], [ 175.500956915753903, -41.170433419747859 ], [ 175.501065456604408, -41.17018692567197 ], [ 175.500885678894576, -41.170393724219245 ], [ 175.500722546300949, -41.170529189119698 ], [ 175.497812173585174, -41.17229089905932 ], [ 175.49760161626358, -41.172381636144529 ], [ 175.494113092517807, -41.173377447503128 ], [ 175.49387572659316, -41.173414571653112 ], [ 175.492932588844496, -41.173448104960336 ], [ 175.493717881761853, -41.174878460420445 ], [ 175.493774595035831, -41.175056531390005 ], [ 175.493966504149853, -41.176886460983233 ], [ 175.494489042240644, -41.176659678538954 ], [ 175.494701219734992, -41.176580563599757 ], [ 175.496774058693461, -41.175981691612066 ], [ 175.496779742377839, -41.175980493777928 ] ], [ [ 175.503818306679904, -41.161977739373974 ], [ 175.503867458471603, -41.162157088322076 ], [ 175.504038279487673, -41.164893190652762 ], [ 175.504394258155486, -41.164491288189758 ], [ 175.50495083127754, -41.163909474804818 ], [ 175.50502444715525, -41.163833361751045 ], [ 175.505034085473937, -41.163823505173404 ], [ 175.505108751421943, -41.163747978570619 ], [ 175.505863914895059, -41.162992378496909 ], [ 175.506289387392457, -41.162566219280301 ], [ 175.50463875370508, -41.162117497770375 ], [ 175.504053242685444, -41.161960319609932 ], [ 175.503960377278418, -41.161935062145233 ], [ 175.503948322978033, -41.161931740946279 ], [ 175.503855737610536, -41.161905903042665 ], [ 175.50378275820799, -41.16188527660816 ], [ 175.503818306679904, -41.161977739373974 ] ], [ [ 175.403681123721157, -41.154712106185116 ], [ 175.403678440530342, -41.154711115072999 ], [ 175.403657810322159, -41.154703476091655 ], [ 175.402353971094726, -41.154219499192294 ], [ 175.402353413964164, -41.154219292370868 ], [ 175.40104777793789, -41.153734513715605 ], [ 175.400625906178561, -41.153579172100855 ], [ 175.400629510252884, -41.15373089667078 ], [ 175.400622069081834, -41.153810119599633 ], [ 175.400374944034297, -41.15510308106083 ], [ 175.400345386976539, -41.155204861088663 ], [ 175.400053132984908, -41.156024579905925 ], [ 175.40005192479498, -41.156027426983535 ], [ 175.399789807070448, -41.156582045036899 ], [ 175.399752650326263, -41.156653226619483 ], [ 175.399443125485448, -41.157193709706263 ], [ 175.398958449732589, -41.157969403877296 ], [ 175.398957092686317, -41.157971574978404 ], [ 175.398457911403142, -41.158769487613306 ], [ 175.398030808294777, -41.159452548134098 ], [ 175.399416117526329, -41.159814897373977 ], [ 175.399757371747086, -41.158876288920929 ], [ 175.399857344104248, -41.158709449659284 ], [ 175.401907654940885, -41.156356110171096 ], [ 175.402070940754498, -41.156220781213861 ], [ 175.404232529151443, -41.154914805517372 ], [ 175.40370177337212, -41.154719715082557 ], [ 175.403681123721157, -41.154712106185116 ] ], [ [ 175.401026923485773, -41.132523918698155 ], [ 175.401028985701714, -41.132524643134161 ], [ 175.401067213631052, -41.132538134500365 ], [ 175.401070120338346, -41.132539165075784 ], [ 175.401092468766649, -41.132547110103332 ], [ 175.401841734948931, -41.132814193468427 ], [ 175.401951064765882, -41.13285367967152 ], [ 175.401965242754159, -41.13285886738916 ], [ 175.402074035835113, -41.132899192226922 ], [ 175.40260978780114, -41.133100331488542 ], [ 175.403542556741456, -41.133424302110086 ], [ 175.404496085400439, -41.133343995509314 ], [ 175.404585391125437, -41.133341806894649 ], [ 175.405273001248048, -41.133339966296717 ], [ 175.406034552987421, -41.133354546966835 ], [ 175.406814074076863, -41.133361097321185 ], [ 175.40684012593789, -41.133361337688697 ], [ 175.406843512627347, -41.133361371736243 ], [ 175.406869563680829, -41.133361655177147 ], [ 175.407689114881975, -41.133371246840632 ], [ 175.407802187652976, -41.133372975706024 ], [ 175.407816885371489, -41.133373253203686 ], [ 175.407929931348178, -41.133375793533233 ], [ 175.408701677294886, -41.133395905770513 ], [ 175.408937921725453, -41.133400706262108 ], [ 175.408832414289805, -41.133040470724602 ], [ 175.408817684819354, -41.132857658194041 ], [ 175.408973007033836, -41.131148659751375 ], [ 175.408081376470506, -41.130130245862205 ], [ 175.408074504470477, -41.130120873317523 ], [ 175.407299335177754, -41.128834930402562 ], [ 175.407221270881053, -41.128672780151604 ], [ 175.407152474577629, -41.12848523906225 ], [ 175.406712439075903, -41.12847864846951 ], [ 175.405684080800313, -41.128468523928923 ], [ 175.405660926574029, -41.128468278840465 ], [ 175.405657916568686, -41.128468244766282 ], [ 175.405634763020458, -41.12846796563646 ], [ 175.404605117614665, -41.128454790948503 ], [ 175.403548473464383, -41.128446586434357 ], [ 175.403502751483984, -41.128446164831622 ], [ 175.403496807788088, -41.128446101395561 ], [ 175.403451088292968, -41.128445547058831 ], [ 175.402401505794728, -41.128431292407491 ], [ 175.401352452462504, -41.128420214318247 ], [ 175.401328774105679, -41.128419946361028 ], [ 175.401325695971678, -41.128419909212589 ], [ 175.401302018420694, -41.128419605655552 ], [ 175.400276310008564, -41.128405679724473 ], [ 175.399199665818884, -41.1283941221307 ], [ 175.399175477408534, -41.128393843779627 ], [ 175.399172332965691, -41.128393805179158 ], [ 175.399148145332248, -41.128393489676803 ], [ 175.39804885860903, -41.128378300921838 ], [ 175.398044586379882, -41.128378241300354 ], [ 175.397497547045674, -41.128370416498377 ], [ 175.398440503842465, -41.129757762497817 ], [ 175.398516159665121, -41.129931751150494 ], [ 175.398913219850471, -41.131785362430406 ], [ 175.399890384576281, -41.132126187032313 ], [ 175.399898187816575, -41.132128911219588 ], [ 175.401011054870281, -41.132518354916478 ], [ 175.401026923485773, -41.132523918698155 ] ], [ [ 175.400562689254201, -41.086555872210205 ], [ 175.400341302208602, -41.086481792549641 ], [ 175.397212998636917, -41.084952967564099 ], [ 175.397032713827855, -41.084830747521686 ], [ 175.394682092374751, -41.082645274246822 ], [ 175.394560558186924, -41.082486881310075 ], [ 175.393948230626364, -41.08128852708888 ], [ 175.393818354652382, -41.081521055206217 ], [ 175.393722955729714, -41.081660252558457 ], [ 175.392735684913561, -41.082859897413314 ], [ 175.392714792832578, -41.08288133015747 ], [ 175.391491616172601, -41.083949332574257 ], [ 175.391344029457798, -41.084059407612138 ], [ 175.389915059716401, -41.08496946114213 ], [ 175.389886435384881, -41.084984959243364 ], [ 175.389686604771583, -41.085090573820082 ], [ 175.388315419655157, -41.085943501818754 ], [ 175.388116944713801, -41.086048354708034 ], [ 175.384767487092233, -41.08728015575862 ], [ 175.384535894565715, -41.087333464972382 ], [ 175.380847203133783, -41.087721743002788 ], [ 175.380605171352158, -41.087718288333839 ], [ 175.379198225164942, -41.087529032766234 ], [ 175.377417895038604, -41.088538041990439 ], [ 175.377203828593366, -41.088623562983479 ], [ 175.377021197618518, -41.088670698017864 ], [ 175.375495038758828, -41.089531626148734 ], [ 175.37528071774716, -41.08961678582488 ], [ 175.37485008444753, -41.089727115051907 ], [ 175.374885636814724, -41.090369467257048 ], [ 175.374857802965607, -41.090551403637313 ], [ 175.373856059754019, -41.093265278572261 ], [ 175.373755268752035, -41.093431801950899 ], [ 175.371693899778904, -41.095778625834051 ], [ 175.37153001140129, -41.095913432788336 ], [ 175.371513489775879, -41.095923337380277 ], [ 175.372943516013265, -41.096537065572889 ], [ 175.373132815560012, -41.096651246082331 ], [ 175.374177913561567, -41.097516035095431 ], [ 175.375695851226652, -41.096331532388099 ], [ 175.375889485443906, -41.096221590925296 ], [ 175.379181493351638, -41.094903493540393 ], [ 175.379410552316415, -41.094844191432841 ], [ 175.383079781297624, -41.094360062527038 ], [ 175.383321851175708, -41.094357202533345 ], [ 175.387009275982081, -41.094754415403031 ], [ 175.387240671288936, -41.094808277547465 ], [ 175.390585486170977, -41.096047968816727 ], [ 175.390783564454438, -41.096153282952464 ], [ 175.393458445967525, -41.098114149698304 ], [ 175.393603821104051, -41.098260610525529 ], [ 175.394604899862259, -41.099453804149846 ], [ 175.395193025242833, -41.100293966957331 ], [ 175.395554875250639, -41.100800177400153 ], [ 175.3956460230809, -41.100763807361382 ], [ 175.395668059726006, -41.100755036496338 ], [ 175.39567092606103, -41.100753898551567 ], [ 175.395692986877634, -41.100745162574093 ], [ 175.396841970090406, -41.100291318937643 ], [ 175.397545368679175, -41.10000009890004 ], [ 175.39766516724049, -41.099951170649092 ], [ 175.397680788607744, -41.099944877531762 ], [ 175.397801318774668, -41.099896988592221 ], [ 175.398789746192932, -41.099509698252071 ], [ 175.399608783229041, -41.099180815096524 ], [ 175.399635809112169, -41.099169996362008 ], [ 175.399639324858896, -41.099168593340877 ], [ 175.399666387386873, -41.099157827134988 ], [ 175.399756086736858, -41.099122253392778 ], [ 175.400074836076413, -41.0988996675827 ], [ 175.400276240062084, -41.098798016897447 ], [ 175.402038781908374, -41.098184432531042 ], [ 175.40208375480961, -41.098157956450137 ], [ 175.40247205775961, -41.097995860302746 ], [ 175.403482720071224, -41.095608444399566 ], [ 175.403591716997994, -41.09544490310082 ], [ 175.404054876274529, -41.094958311709604 ], [ 175.403801428264075, -41.093757735638036 ], [ 175.403801117000285, -41.093574583422544 ], [ 175.404379013639243, -41.090790978597433 ], [ 175.404453524808417, -41.090616717147697 ], [ 175.406140012725075, -41.088104433100121 ], [ 175.406282044693171, -41.08795611800246 ], [ 175.407310211385038, -41.087176155746185 ], [ 175.404403207430107, -41.087297028780604 ], [ 175.404162395601503, -41.08727834382605 ], [ 175.400562689254201, -41.086555872210205 ] ], [ [ 175.499667582414133, -41.086010157179814 ], [ 175.500390254711391, -41.085830036999958 ], [ 175.500395725997151, -41.085828674400844 ], [ 175.50140179226031, -41.085578632867744 ], [ 175.501432775083686, -41.085570967987707 ], [ 175.501436804646914, -41.085569975726948 ], [ 175.503252846953387, -41.085239375081578 ], [ 175.503324330025322, -41.085230780685322 ], [ 175.503823599713456, -41.084612356334461 ], [ 175.503673014523173, -41.084033885670245 ], [ 175.503663964948345, -41.083850856125984 ], [ 175.50387501244893, -41.082523004046323 ], [ 175.502191326266484, -41.081590709812389 ], [ 175.502020754497579, -41.081460752541254 ], [ 175.501745808921044, -41.081172322642736 ], [ 175.500663235769082, -41.081799865461086 ], [ 175.500502774570606, -41.081878577969192 ], [ 175.498860635292147, -41.082551943519 ], [ 175.49881372688651, -41.082567712036699 ], [ 175.498450232716721, -41.082684478062198 ], [ 175.498288829872507, -41.082733950782149 ], [ 175.49654110015328, -41.083152229637015 ], [ 175.49675609650518, -41.083506857489283 ], [ 175.496821363986641, -41.083683231576927 ], [ 175.497213075679696, -41.086228369419949 ], [ 175.497354296879621, -41.086232249107745 ], [ 175.497354365740364, -41.086232250999615 ], [ 175.498269220117692, -41.086257387597406 ], [ 175.498496149266202, -41.086262844093561 ], [ 175.498794761709007, -41.086198312481052 ], [ 175.498799044538174, -41.086197387581031 ], [ 175.499667582414133, -41.086010157179814 ] ], [ [ 175.431817877121148, -41.046289090776114 ], [ 175.430958955242545, -41.046305486537761 ], [ 175.430069430010946, -41.0463229543805 ], [ 175.42998905465825, -41.046324326657114 ], [ 175.429978605185767, -41.046324478317104 ], [ 175.429898219423478, -41.0463254392712 ], [ 175.429674039441693, -41.046327545275901 ], [ 175.430298178618187, -41.046377054896489 ], [ 175.43031099137724, -41.046378076468301 ], [ 175.4305069086885, -41.046393900444606 ], [ 175.431282464619699, -41.046372059211635 ], [ 175.431414364669962, -41.046368898643898 ], [ 175.431431514158817, -41.046368559773185 ], [ 175.431563452401178, -41.046366506945297 ], [ 175.432360542971736, -41.04635744996974 ], [ 175.432969638633864, -41.046348158503136 ], [ 175.432972528819164, -41.046318171167655 ], [ 175.432988569202081, -41.04626628739242 ], [ 175.432498899005566, -41.04627772564028 ], [ 175.432441419629299, -41.046278962904893 ], [ 175.4324339468414, -41.046279110073961 ], [ 175.432376460250566, -41.046280136948802 ], [ 175.431817877121148, -41.046289090776114 ] ], [ [ 175.414545506696726, -41.044813883891884 ], [ 175.414521985056751, -41.044801867757215 ], [ 175.413061332601814, -41.043921904935246 ], [ 175.413009324960285, -41.043885173159588 ], [ 175.411324493195991, -41.045565651172566 ], [ 175.411149880386091, -41.045692417939847 ], [ 175.411068476763177, -41.045735249439183 ], [ 175.412436891819453, -41.046363218890697 ], [ 175.413130189490573, -41.046740679102236 ], [ 175.413159117971134, -41.046745491942801 ], [ 175.413198381888293, -41.046757137651866 ], [ 175.413382434205317, -41.046800258205707 ], [ 175.413383404490816, -41.046800619584246 ], [ 175.413490078135936, -41.046804270073203 ], [ 175.413551015302119, -41.046777762632097 ], [ 175.417028469271742, -41.04577338254677 ], [ 175.417043658681763, -41.045770962720262 ], [ 175.416363839950577, -41.045578445367248 ], [ 175.416170035269744, -41.045509998455898 ], [ 175.414545506696726, -41.044813883891884 ] ], [ [ 175.243331473831944, -41.308943865403926 ], [ 175.243525872439022, -41.308834076794142 ], [ 175.245648898447229, -41.30798884930428 ], [ 175.246844700727138, -41.307086500961205 ], [ 175.246844795112708, -41.307086429737467 ], [ 175.247554394938675, -41.306550971616097 ], [ 175.24757184955439, -41.306537827516976 ], [ 175.247574120990606, -41.306536120553709 ], [ 175.247591611547421, -41.306523003679345 ], [ 175.247718215437914, -41.306428253987214 ], [ 175.248115480623852, -41.305439613610851 ], [ 175.247620707594251, -41.305728354897433 ], [ 175.246908035087188, -41.306121590385978 ], [ 175.24643440385546, -41.306369905989769 ], [ 175.246371833828164, -41.306401047058294 ], [ 175.245882849337761, -41.306631824750362 ], [ 175.244826246247868, -41.307104090672517 ], [ 175.243983005541622, -41.307447282893328 ], [ 175.243871188299636, -41.307488512233476 ], [ 175.242994164318333, -41.307779617298316 ], [ 175.24174620442426, -41.308149510852054 ], [ 175.241447945552778, -41.308234463798293 ], [ 175.241408983270105, -41.308245115445594 ], [ 175.241107822434316, -41.308324033988747 ], [ 175.23981316095032, -41.308648748169396 ], [ 175.238565826995625, -41.3089617142751 ], [ 175.238553590784505, -41.308964778898662 ], [ 175.237318854735861, -41.309272597200582 ], [ 175.236192481946688, -41.309557378667471 ], [ 175.235961522082334, -41.309615912808361 ], [ 175.235875167295404, -41.30965295656366 ], [ 175.235845739532834, -41.309665538651572 ], [ 175.235841910860159, -41.309667170233062 ], [ 175.235812435966153, -41.309679689398948 ], [ 175.235446743064642, -41.309834498734304 ], [ 175.234801024126142, -41.310541158578971 ], [ 175.234795232226162, -41.310546538746934 ], [ 175.235965913065371, -41.311305892115158 ], [ 175.236122998692224, -41.311445573334552 ], [ 175.237081131873765, -41.312633914443033 ], [ 175.237598235686477, -41.312271876078128 ], [ 175.238757335759914, -41.311556936277618 ], [ 175.238915137434134, -41.31147146699287 ], [ 175.2401837566116, -41.31087149352512 ], [ 175.241425364304746, -41.310363107513709 ], [ 175.241562423617665, -41.310317086375967 ], [ 175.243331473831944, -41.308943865403926 ] ], [ [ 175.221906127547157, -41.274456399080435 ], [ 175.222002883065613, -41.274624360563301 ], [ 175.222937326085315, -41.277352239593668 ], [ 175.222960550932243, -41.277534536672292 ], [ 175.222731869932716, -41.280346743323541 ], [ 175.222679280739243, -41.280525532007744 ], [ 175.22259769739469, -41.280681682266462 ], [ 175.222754408391296, -41.280882967660979 ], [ 175.222845615044946, -41.281024496739356 ], [ 175.223529929801344, -41.282339940455394 ], [ 175.22353998253854, -41.282364858400733 ], [ 175.223614484468612, -41.282557183849654 ], [ 175.223700550715705, -41.282788905960693 ], [ 175.223851010622951, -41.282812976352332 ], [ 175.225025518131218, -41.283048565248187 ], [ 175.225175745298372, -41.283084966368776 ], [ 175.226312426446498, -41.283409395142641 ], [ 175.227001722149112, -41.283637014145391 ], [ 175.227072651988863, -41.283641968205011 ], [ 175.230259884922731, -41.284254291954454 ], [ 175.229283721567583, -41.283118212832122 ], [ 175.229217872707096, -41.283026533028476 ], [ 175.229121772861504, -41.282863321194206 ], [ 175.228720834773497, -41.282508880454458 ], [ 175.228594077829285, -41.282352685664023 ], [ 175.227166380098083, -41.279749146974268 ], [ 175.227109820049805, -41.279571049199561 ], [ 175.226818588344543, -41.276762131167082 ], [ 175.226837752562972, -41.276579565385497 ], [ 175.227711342298363, -41.273840230348362 ], [ 175.227804344932053, -41.273671066578181 ], [ 175.229757108153592, -41.271269430934169 ], [ 175.229914838519051, -41.271130225296467 ], [ 175.230196816332352, -41.27094869147183 ], [ 175.231065848251745, -41.270181807250331 ], [ 175.231132563627, -41.27007496461092 ], [ 175.231168312742199, -41.270027727315252 ], [ 175.232221755897683, -41.268859322458312 ], [ 175.232328894089477, -41.268758514479714 ], [ 175.233611582621819, -41.26772881334216 ], [ 175.233664926259308, -41.267692221470803 ], [ 175.235145277492336, -41.266826572033843 ], [ 175.235288452690611, -41.266755673243551 ], [ 175.236930018975329, -41.266075382486122 ], [ 175.236995735852219, -41.266053016798558 ], [ 175.238078022624876, -41.265759363316327 ], [ 175.238554672910226, -41.265408709321299 ], [ 175.238741218035784, -41.265291541768811 ], [ 175.241949460447159, -41.263849855797723 ], [ 175.242174852913166, -41.263781911028104 ], [ 175.245816418138219, -41.263158715123858 ], [ 175.246058602451939, -41.263146641597267 ], [ 175.249777168912829, -41.263402916565504 ], [ 175.250012448417863, -41.263447895826282 ], [ 175.253444167119056, -41.264558569053925 ], [ 175.253649519760245, -41.264656200185932 ], [ 175.255038888277625, -41.26557440153492 ], [ 175.255431570420882, -41.265677225522062 ], [ 175.255539429541443, -41.265720750181956 ], [ 175.257124966906019, -41.264953004852316 ], [ 175.257347231599056, -41.26487941878964 ], [ 175.258550258347697, -41.264641426987836 ], [ 175.258914424828248, -41.263719751432603 ], [ 175.259019301048227, -41.263554591169694 ], [ 175.261139628561324, -41.261235374717728 ], [ 175.261307000691517, -41.261102748128806 ], [ 175.264273179753303, -41.259391368955143 ], [ 175.264486664014271, -41.259304254687002 ], [ 175.265198068840476, -41.259115174169438 ], [ 175.26507920498824, -41.258833278376798 ], [ 175.265042703044173, -41.258652221589941 ], [ 175.265044515360898, -41.25842824414292 ], [ 175.264340250323727, -41.257428844207475 ], [ 175.2642612283978, -41.257255684304724 ], [ 175.26399774376506, -41.256128299735735 ], [ 175.263361500314346, -41.256519289373884 ], [ 175.261910013444606, -41.257283516592516 ], [ 175.261712619566481, -41.257371788482139 ], [ 175.260127280400553, -41.257965588527988 ], [ 175.258911106078841, -41.258339067704718 ], [ 175.258858662444851, -41.2583550631973 ], [ 175.258851838277565, -41.258357130405614 ], [ 175.258799294722905, -41.258372938117773 ], [ 175.257540140219703, -41.258749137537748 ], [ 175.256270288657561, -41.259067626800928 ], [ 175.256102654726277, -41.259101926243382 ], [ 175.254793524885315, -41.259311120288515 ], [ 175.253377292253731, -41.259475447425103 ], [ 175.253351992709952, -41.259478361843726 ], [ 175.253348703235815, -41.259478738056053 ], [ 175.253323395484898, -41.259481611519391 ], [ 175.251879489294168, -41.259644349644944 ], [ 175.250495095052628, -41.259800980972059 ], [ 175.250489731011982, -41.259801586901389 ], [ 175.249039790390611, -41.259964716373958 ], [ 175.248689029438424, -41.260004596725253 ], [ 175.248444202994762, -41.260065171418944 ], [ 175.247276570723756, -41.260355630232624 ], [ 175.246674114351748, -41.260660525186765 ], [ 175.246600455313313, -41.26069750465394 ], [ 175.246590856149453, -41.260702285132787 ], [ 175.246516835744728, -41.260738851493997 ], [ 175.245524849187973, -41.261224933916154 ], [ 175.244512616230054, -41.261727319588474 ], [ 175.244490128221855, -41.261738453143963 ], [ 175.244487202624214, -41.261739898017481 ], [ 175.244464681437535, -41.261750993285396 ], [ 175.243417692484911, -41.262265524029829 ], [ 175.243400953366915, -41.262273735094745 ], [ 175.243398776099525, -41.262274801158817 ], [ 175.24338201879587, -41.262282991079779 ], [ 175.242341317459079, -41.262790679932316 ], [ 175.241319131654876, -41.263292877902586 ], [ 175.24131890606327, -41.263293008943123 ], [ 175.240358788551589, -41.263765091342698 ], [ 175.239388805202196, -41.264256450365835 ], [ 175.239273820990888, -41.264313971583114 ], [ 175.239258816251095, -41.264321383896366 ], [ 175.239142958312584, -41.264377898266844 ], [ 175.23814779039671, -41.264857191755375 ], [ 175.237196256617324, -41.265327029470143 ], [ 175.236331330321036, -41.265763146847362 ], [ 175.235904959913626, -41.266063705663896 ], [ 175.235778480709769, -41.266143779602004 ], [ 175.234761995795026, -41.266720559590603 ], [ 175.23372927581633, -41.26724395553336 ], [ 175.233674103395401, -41.267271749558702 ], [ 175.233666917723156, -41.267275347713124 ], [ 175.233611541340736, -41.267302909909439 ], [ 175.232612536008958, -41.267797130112328 ], [ 175.231648495827585, -41.268282269124441 ], [ 175.231597643188849, -41.268307718065287 ], [ 175.231591021175944, -41.268311013654618 ], [ 175.231539996693158, -41.268336266087822 ], [ 175.230522689021484, -41.268836929473629 ], [ 175.228878504531082, -41.269513700840953 ], [ 175.228656953090422, -41.269588523920568 ], [ 175.225051715557015, -41.270323125016077 ], [ 175.224810357975002, -41.270342624023911 ], [ 175.221080689925543, -41.270200602733972 ], [ 175.220843161882698, -41.270162868371898 ], [ 175.217354301583157, -41.269158135571274 ], [ 175.217143863104468, -41.269066863245975 ], [ 175.217096916522166, -41.269038289615771 ], [ 175.217441652702803, -41.269514241022691 ], [ 175.217892396290154, -41.270272501952725 ], [ 175.218325550899948, -41.270999021104153 ], [ 175.218388511102006, -41.271102158219563 ], [ 175.219739358622434, -41.271942659157382 ], [ 175.219900166627525, -41.272079846418166 ], [ 175.221906127547157, -41.274456399080435 ] ], [ [ 175.283138566355916, -41.278276916165368 ], [ 175.279769392255872, -41.279492990046812 ], [ 175.279536696914931, -41.279545214396926 ], [ 175.279483956855586, -41.279550500482465 ], [ 175.279692922559548, -41.279763048629384 ], [ 175.279739662257356, -41.279810919163346 ], [ 175.279745711124804, -41.279817157393403 ], [ 175.279792030925819, -41.279865259629766 ], [ 175.279962173407654, -41.280043180817422 ], [ 175.280645482224003, -41.280208648568824 ], [ 175.280862188410566, -41.280291213726763 ], [ 175.282053667080504, -41.280939357701392 ], [ 175.283413462752179, -41.279566362675737 ], [ 175.283587401493179, -41.279438598562969 ], [ 175.286637970135672, -41.277812939179356 ], [ 175.286855723496188, -41.277731968829386 ], [ 175.290422801146377, -41.27689689147298 ], [ 175.290663060262943, -41.276870637961174 ], [ 175.29439760533586, -41.276907855839781 ], [ 175.294636861722211, -41.276938888161773 ], [ 175.298173464340977, -41.277844762607572 ], [ 175.298388307340815, -41.277930044544156 ], [ 175.301380899644926, -41.279615939483733 ], [ 175.301550304432169, -41.279747126257412 ], [ 175.302300093149228, -41.280547460999941 ], [ 175.303116062426341, -41.279584352852453 ], [ 175.303231668451389, -41.279468969747484 ], [ 175.304474948760316, -41.278411936800993 ], [ 175.304512080406795, -41.278384963889458 ], [ 175.304802276558064, -41.278181059012454 ], [ 175.305495759527474, -41.277709761873709 ], [ 175.305495814491394, -41.277709724519546 ], [ 175.305908257812519, -41.277429424402435 ], [ 175.305910605259839, -41.277427829464074 ], [ 175.306256691219289, -41.277192844442027 ], [ 175.307743028866128, -41.276332793348018 ], [ 175.307946652937034, -41.276233074875364 ], [ 175.308605582953362, -41.276011857514128 ], [ 175.309121096741848, -41.27549848068864 ], [ 175.309261007348738, -41.275379786490156 ], [ 175.310611732136664, -41.274400709200393 ], [ 175.310636912002451, -41.274385130161185 ], [ 175.310832269772874, -41.274266824570489 ], [ 175.312198938033418, -41.273456812826588 ], [ 175.312451541148647, -41.273307048670198 ], [ 175.312504568275784, -41.273255831316604 ], [ 175.312519123437738, -41.273241801521294 ], [ 175.312521017999188, -41.273239979060271 ], [ 175.312535609936873, -41.273225970993892 ], [ 175.31334708583617, -41.272448536409406 ], [ 175.3143249142081, -41.271509542699967 ], [ 175.314330640140952, -41.271504048399549 ], [ 175.315346478303866, -41.270531266230485 ], [ 175.316268450000081, -41.269646874105433 ], [ 175.317109329861438, -41.26883780345662 ], [ 175.317111113292185, -41.268836087884004 ], [ 175.317954130889149, -41.268025648550747 ], [ 175.318803949538392, -41.267204289335581 ], [ 175.318808816458386, -41.267199588491835 ], [ 175.319351650968429, -41.266676182077639 ], [ 175.319894023514763, -41.266068627406781 ], [ 175.320537851440946, -41.265332275091239 ], [ 175.32056725953737, -41.265298802871847 ], [ 175.320571095427312, -41.265294457935909 ], [ 175.320600701021931, -41.265261084987081 ], [ 175.321450772626008, -41.264307429242074 ], [ 175.321451359408059, -41.264306771008314 ], [ 175.322314003601235, -41.263339300575446 ], [ 175.323198413758206, -41.262342341157343 ], [ 175.323198737073341, -41.262341976709422 ], [ 175.324100274705529, -41.261325860300687 ], [ 175.324982417197617, -41.260328561274555 ], [ 175.324985868814963, -41.260324661172355 ], [ 175.325862061148371, -41.259336024159914 ], [ 175.325862125576293, -41.259335951463221 ], [ 175.326633429366552, -41.258465665311533 ], [ 175.327623778868769, -41.25734195817072 ], [ 175.327868970331906, -41.257061325610593 ], [ 175.327861030707908, -41.257061698302905 ], [ 175.327756497007641, -41.257066257840492 ], [ 175.326897690985362, -41.257100861630647 ], [ 175.326149290109015, -41.257147102009462 ], [ 175.326130252489179, -41.257148266622643 ], [ 175.326127777440604, -41.257148416527443 ], [ 175.326108737390257, -41.257149558141933 ], [ 175.326075145932123, -41.257151551818652 ], [ 175.325970788168263, -41.25721761284376 ], [ 175.325762739422572, -41.257311916709178 ], [ 175.322300577301831, -41.258366983159789 ], [ 175.322064087574461, -41.258408148830171 ], [ 175.319315770212938, -41.258552753550525 ], [ 175.319224188774854, -41.25877345904334 ], [ 175.318932600432618, -41.259435823716217 ], [ 175.31820458123812, -41.260737820712869 ], [ 175.318092974279182, -41.260900451959955 ], [ 175.315878298451821, -41.263168961044947 ], [ 175.315705541674646, -41.26329760452731 ], [ 175.312670070096971, -41.264938604561038 ], [ 175.312453074525564, -41.265020663996836 ], [ 175.30889399333509, -41.265873469158564 ], [ 175.308654006249327, -41.26590090909766 ], [ 175.3049198307464, -41.265882010216977 ], [ 175.304680353465585, -41.265852143715883 ], [ 175.301136764226669, -41.264963394456984 ], [ 175.300921247924833, -41.264879146451705 ], [ 175.300475447824766, -41.264631258635518 ], [ 175.300065595586091, -41.264843511835203 ], [ 175.300040726739809, -41.264856355935464 ], [ 175.300037490999728, -41.264858022586068 ], [ 175.300012579229389, -41.264870819264139 ], [ 175.299000713648667, -41.265389176028805 ], [ 175.297959737976356, -41.265923955392488 ], [ 175.297949715595962, -41.26592909847237 ], [ 175.297948412236423, -41.265929766573549 ], [ 175.297938382931591, -41.265934901973296 ], [ 175.296867144934851, -41.266482809072627 ], [ 175.295929229543731, -41.266967440675529 ], [ 175.295220506645563, -41.267337005029255 ], [ 175.294902353969093, -41.267511222851873 ], [ 175.29410325443925, -41.267952487315256 ], [ 175.294094580010665, -41.267957272826187 ], [ 175.293308407468061, -41.268389941230524 ], [ 175.292528928716109, -41.268820144403243 ], [ 175.291992598236618, -41.26909951213063 ], [ 175.291921613241641, -41.269134367041531 ], [ 175.291365866997637, -41.269391228617714 ], [ 175.290674201811356, -41.269691626242022 ], [ 175.290628109022322, -41.269711541702257 ], [ 175.290622109352341, -41.269714120638902 ], [ 175.290575899526345, -41.269733881127102 ], [ 175.289341900933351, -41.270258825143287 ], [ 175.289340312982858, -41.27025950052564 ], [ 175.288731172931961, -41.27051845742114 ], [ 175.288726374654686, -41.270663946941724 ], [ 175.288050567168, -41.273434982672327 ], [ 175.28796983028414, -41.273607697698957 ], [ 175.286191971612595, -41.276085529746091 ], [ 175.286044431391247, -41.276230966480902 ], [ 175.283338470037791, -41.278172997769623 ], [ 175.283138566355916, -41.278276916165368 ] ], [ [ 175.333745070449879, -41.215864400439855 ], [ 175.333876407132919, -41.215986024188425 ], [ 175.334050144079669, -41.216175526827961 ], [ 175.334134080654565, -41.215993420134907 ], [ 175.333980607888662, -41.215938065232116 ], [ 175.33404196264766, -41.215841074020503 ], [ 175.333460205324172, -41.215639259733521 ], [ 175.333745070449879, -41.215864400439855 ] ], [ [ 175.351469831248636, -41.26731615890462 ], [ 175.35146650045462, -41.267314854319714 ], [ 175.351439248089804, -41.267304146655341 ], [ 175.351435707663001, -41.267302751220051 ], [ 175.350742559485525, -41.266986993770018 ], [ 175.350735409459162, -41.26698543499198 ], [ 175.34990721336905, -41.266692498634058 ], [ 175.349630747365609, -41.267003964362608 ], [ 175.348835314026957, -41.267914711779525 ], [ 175.348822219169733, -41.267929672302465 ], [ 175.34882051427212, -41.267931615891698 ], [ 175.348807379935408, -41.2679465567414 ], [ 175.347845320424, -41.269038554602353 ], [ 175.347964020069071, -41.269067978930082 ], [ 175.349692113101156, -41.269613042670386 ], [ 175.349908038682884, -41.269696720429174 ], [ 175.350556122037432, -41.270054411359943 ], [ 175.350749043287124, -41.269937104450946 ], [ 175.351454042313406, -41.269539846976478 ], [ 175.351548088316292, -41.269490820287139 ], [ 175.352289951136953, -41.269133820763329 ], [ 175.353479819235844, -41.268606726110548 ], [ 175.35446077253053, -41.268163634942319 ], [ 175.354471116508591, -41.268158967898088 ], [ 175.354472461629655, -41.26815836169537 ], [ 175.354482811822265, -41.268153702543913 ], [ 175.354512865134353, -41.268140189519052 ], [ 175.35393697420659, -41.268043908984595 ], [ 175.353767340651075, -41.268007544833104 ], [ 175.352363046032423, -41.267633631894633 ], [ 175.352359566819075, -41.267632516808106 ], [ 175.351916897473842, -41.267482554707335 ], [ 175.351859727199269, -41.267462123600026 ], [ 175.351469831248636, -41.26731615890462 ] ], [ [ 175.339837033027436, -41.241400278908742 ], [ 175.338734808351802, -41.241297794713944 ], [ 175.338673063477557, -41.241284410685772 ], [ 175.339169268785554, -41.241729663876058 ], [ 175.339348211020251, -41.241618102691504 ], [ 175.339837033027436, -41.241400278908742 ] ], [ [ 175.616740771756582, -41.04679584635663 ], [ 175.619666827526942, -41.045054207744521 ], [ 175.619878066432477, -41.044964917141044 ], [ 175.62157436474152, -41.044374870738523 ], [ 175.622133888796412, -41.044219204097182 ], [ 175.622949123521323, -41.04396733387096 ], [ 175.622953744638522, -41.043965906979771 ], [ 175.623445284172163, -41.043814361550801 ], [ 175.623476867517155, -41.043804117222088 ], [ 175.623617838736806, -41.043741092271127 ], [ 175.624422010735373, -41.043380056655238 ], [ 175.624499008159177, -41.043351412639488 ], [ 175.62456980010856, -41.043314722494642 ], [ 175.62530180595121, -41.04299611511756 ], [ 175.626029523019412, -41.042663640899157 ], [ 175.626106128610871, -41.042628937609294 ], [ 175.626116109549713, -41.042624454531548 ], [ 175.626193056863769, -41.04259018739431 ], [ 175.626921427761062, -41.042268594764394 ], [ 175.626919531043768, -41.04225625349828 ], [ 175.626919109073327, -41.042253479069103 ], [ 175.626915896765269, -41.04223213437578 ], [ 175.626866176833545, -41.041898220893131 ], [ 175.625559238216454, -41.039445492741415 ], [ 175.625504940140843, -41.039267001674723 ], [ 175.625247233322625, -41.036455849244312 ], [ 175.625268440166138, -41.03627338985445 ], [ 175.625795014913365, -41.034677677574088 ], [ 175.625722969981581, -41.033691738391184 ], [ 175.625710002265777, -41.032927903470522 ], [ 175.62571387554263, -41.032828729413723 ], [ 175.625781400522925, -41.032119637120545 ], [ 175.625224983996929, -41.031620889642944 ], [ 175.625186234262969, -41.031585976775119 ], [ 175.62518121200759, -41.031581428472869 ], [ 175.625142696274111, -41.03154636746023 ], [ 175.624480179783603, -41.03094015329679 ], [ 175.623809099979155, -41.030333715429364 ], [ 175.623793130556237, -41.030319253366542 ], [ 175.623791057132905, -41.030317371655549 ], [ 175.623775127735541, -41.030302884318708 ], [ 175.623071075836066, -41.029661196041431 ], [ 175.622403183467213, -41.02906262493822 ], [ 175.621986216730505, -41.028691138090494 ], [ 175.621383770783751, -41.028722523677374 ], [ 175.621142841486773, -41.02870635348512 ], [ 175.618202607289049, -41.028148488335169 ], [ 175.617649325551525, -41.028502438106301 ], [ 175.61763257399565, -41.028513134433076 ], [ 175.617630394604163, -41.028514523434595 ], [ 175.617613617060158, -41.028525196361997 ], [ 175.616749579869889, -41.029073812766377 ], [ 175.616647256911222, -41.029138047319165 ], [ 175.61663389371472, -41.029146341261097 ], [ 175.616530629034798, -41.029209705813813 ], [ 175.616330302621321, -41.029331230252915 ], [ 175.616146611402741, -41.029451718658059 ], [ 175.616085634885678, -41.029491442275031 ], [ 175.616077684964665, -41.029496585985839 ], [ 175.616016355004916, -41.029535996380922 ], [ 175.615315106654094, -41.029983530331009 ], [ 175.61526146915179, -41.030017557311176 ], [ 175.615254479149996, -41.030021965246384 ], [ 175.615200578163382, -41.030055752653574 ], [ 175.614598509114415, -41.030430896197984 ], [ 175.61381776199093, -41.030927278321059 ], [ 175.613796154647503, -41.03094098259897 ], [ 175.613793342909844, -41.030942761631231 ], [ 175.613771692751016, -41.030956427080497 ], [ 175.612963217638935, -41.031465496479179 ], [ 175.612155073853899, -41.031979210639818 ], [ 175.612145169291722, -41.031985499751841 ], [ 175.611294750358553, -41.032523969262414 ], [ 175.611259817948593, -41.032546001506958 ], [ 175.611255269521706, -41.032548859115536 ], [ 175.6112202261329, -41.032570790079859 ], [ 175.610791415606741, -41.032838104799254 ], [ 175.610785735886594, -41.032923488956953 ], [ 175.610019386018365, -41.03568100084 ], [ 175.60993315399142, -41.035852131482365 ], [ 175.608078840076757, -41.038295336824923 ], [ 175.607926978269177, -41.038437911884571 ], [ 175.606450471330788, -41.03944854763094 ], [ 175.606453540100404, -41.039453405301927 ], [ 175.607514512991173, -41.042154383994003 ], [ 175.607546355367361, -41.042335954102185 ], [ 175.60753605361262, -41.042646948736909 ], [ 175.608114214776691, -41.043168618160479 ], [ 175.608126975944884, -41.043180151869905 ], [ 175.608128633241165, -41.043181652299495 ], [ 175.608141368938448, -41.043193202122175 ], [ 175.608769782634511, -41.043764063399934 ], [ 175.608777865151666, -41.043771413431315 ], [ 175.609348180340106, -41.044291463551247 ], [ 175.609636337922666, -41.044548903584833 ], [ 175.610128442189591, -41.04501947667621 ], [ 175.61018965438447, -41.045082196031068 ], [ 175.611177819434346, -41.046281262401259 ], [ 175.611242223963217, -41.046375082684904 ], [ 175.611970493091121, -41.047676412302131 ], [ 175.612003112670124, -41.047750382173597 ], [ 175.612228977553826, -41.048325713915901 ], [ 175.612320944060912, -41.048592183425079 ], [ 175.61232486185034, -41.048595822601783 ], [ 175.612377192467903, -41.048644780219377 ], [ 175.612632472947865, -41.048885320039147 ], [ 175.613013916328725, -41.048860819506764 ], [ 175.613255228930456, -41.048874075140638 ], [ 175.614638979596208, -41.049118804863639 ], [ 175.616576306142861, -41.046930181908643 ], [ 175.616740771756582, -41.04679584635663 ] ], [ [ 175.579133554825091, -40.862488650737667 ], [ 175.579367744369875, -40.862444616299079 ], [ 175.583065880080653, -40.862203339732794 ], [ 175.583306531039597, -40.862216394298443 ], [ 175.586921926311675, -40.862854407971774 ], [ 175.587145491844211, -40.862923274358238 ], [ 175.59032438014674, -40.864378152162828 ], [ 175.590429259261498, -40.864445157809875 ], [ 175.592512473510993, -40.862570655367769 ], [ 175.592694984361202, -40.862450858163228 ], [ 175.595847961371277, -40.860963942220401 ], [ 175.596070291978151, -40.860892819590397 ], [ 175.599674069225216, -40.86021827669758 ], [ 175.599914463374716, -40.860202788079157 ], [ 175.60361641269057, -40.860406623130459 ], [ 175.603851348704808, -40.860448284191122 ], [ 175.607289245846175, -40.861510554954293 ], [ 175.607495735317258, -40.861605289405823 ], [ 175.609008595212316, -40.862428912224168 ], [ 175.609235657208615, -40.862574296297787 ], [ 175.610426908525056, -40.86345240799173 ], [ 175.610570519004995, -40.86357420976114 ], [ 175.611659355534783, -40.86465106588858 ], [ 175.611668470858206, -40.864661645295293 ], [ 175.611777509302158, -40.864790577651334 ], [ 175.611782618998348, -40.864796734148733 ], [ 175.612597323204113, -40.865958774133183 ], [ 175.612684334993844, -40.866108304140212 ], [ 175.613281613654522, -40.867387885912642 ], [ 175.61328597701592, -40.867400085895625 ], [ 175.613318874024742, -40.867494069464648 ], [ 175.613599842296765, -40.868314578576467 ], [ 175.613879515182191, -40.869109446025902 ], [ 175.614079857903022, -40.869780756272753 ], [ 175.61410147508272, -40.869868654069371 ], [ 175.614233703638746, -40.870549617708534 ], [ 175.614333009432784, -40.871244051790072 ], [ 175.61437751150595, -40.871634083672532 ], [ 175.614381842756387, -40.871684859285139 ], [ 175.614382954311907, -40.871704503151498 ], [ 175.614473184059221, -40.871859557677169 ], [ 175.615423561755506, -40.874583640568545 ], [ 175.615448086803582, -40.874765861301853 ], [ 175.615242985947162, -40.877579544316319 ], [ 175.61519212426316, -40.877758598927272 ], [ 175.614658053610185, -40.879112568904937 ], [ 175.614655461353465, -40.879117650083835 ], [ 175.613848879925882, -40.880391531685511 ], [ 175.61372760126261, -40.880549891383438 ], [ 175.612782474882806, -40.881430423312842 ], [ 175.611915861748031, -40.883160061441529 ], [ 175.612248784594954, -40.883627443861833 ], [ 175.612328935599152, -40.883800216578315 ], [ 175.612767347047225, -40.885613720085253 ], [ 175.615876694801671, -40.886855374349338 ], [ 175.616070078944603, -40.886964972210158 ], [ 175.618342472130024, -40.888735284886295 ], [ 175.6183931991348, -40.888577718047273 ], [ 175.618975780334182, -40.887235301831204 ], [ 175.619253598423484, -40.88673198632376 ], [ 175.619277276465255, -40.886533779988312 ], [ 175.619590420781179, -40.885140554674003 ], [ 175.619649544364535, -40.884962966705665 ], [ 175.619661873197543, -40.884941114635801 ], [ 175.618967781000833, -40.882915250517961 ], [ 175.618944332940487, -40.882732948001575 ], [ 175.618909380171687, -40.881319846994323 ], [ 175.618947166261023, -40.880840585740678 ], [ 175.618948559007862, -40.88082320249638 ], [ 175.618948742943218, -40.880820942809414 ], [ 175.618950179971279, -40.88080356163892 ], [ 175.618992663303914, -40.880297538891064 ], [ 175.619013506373449, -40.880087867506631 ], [ 175.619016634752199, -40.880060637943096 ], [ 175.619043920565076, -40.879851392963545 ], [ 175.619105893329703, -40.879426771786484 ], [ 175.619129831300285, -40.879274595945709 ], [ 175.619133164741527, -40.879254834611707 ], [ 175.619513824924042, -40.877871330729214 ], [ 175.61957425492227, -40.877714432378319 ], [ 175.620235345360243, -40.876393155529463 ], [ 175.620246560379599, -40.876375143096539 ], [ 175.62033438263262, -40.876237142996224 ], [ 175.62066317105166, -40.875731522235974 ], [ 175.62076283240458, -40.875581788050248 ], [ 175.620776026034378, -40.875562415866121 ], [ 175.620879343595277, -40.875414116446038 ], [ 175.621185235804347, -40.874984765855878 ], [ 175.621574910891951, -40.8744779898243 ], [ 175.621628340135032, -40.874413430594636 ], [ 175.622503081513116, -40.873520566723506 ], [ 175.621714386823896, -40.870978447974572 ], [ 175.621696496933282, -40.87079578251695 ], [ 175.622003772045105, -40.867987458795923 ], [ 175.622061114126382, -40.86780953679569 ], [ 175.623496444327088, -40.865210728477479 ], [ 175.623623396664726, -40.865054964326312 ], [ 175.624057238455094, -40.864672678840243 ], [ 175.624047339609831, -40.864616273779795 ], [ 175.624039856778893, -40.864572828497948 ], [ 175.624038902112318, -40.864567178848425 ], [ 175.62403169776502, -40.864523706445134 ], [ 175.623882346124759, -40.863604430130252 ], [ 175.623740817718272, -40.862782108922239 ], [ 175.623601480707038, -40.862066810506548 ], [ 175.623584956681498, -40.861976633238598 ], [ 175.623137252424527, -40.861393354492826 ], [ 175.623092251601435, -40.861334211436272 ], [ 175.62308643998216, -40.861326506108 ], [ 175.623042031277151, -40.8612671056528 ], [ 175.622436429465722, -40.860449846295708 ], [ 175.62178500501588, -40.859619075016226 ], [ 175.621781254966578, -40.859614289132139 ], [ 175.62119135961737, -40.858860092121461 ], [ 175.62046013400149, -40.857760105287369 ], [ 175.62037837349439, -40.857612850656331 ], [ 175.619851742035621, -40.856447382754318 ], [ 175.619750163454142, -40.856159824976842 ], [ 175.619727858977768, -40.856169735858671 ], [ 175.61627075271403, -40.857195033167599 ], [ 175.616035073491304, -40.857234162985428 ], [ 175.612329837519667, -40.857398029766252 ], [ 175.612089768152316, -40.857379940308761 ], [ 175.608499246542948, -40.856666331990532 ], [ 175.608278296342377, -40.856592794865513 ], [ 175.605154083905489, -40.855071594186093 ], [ 175.60497388755843, -40.854949810556569 ], [ 175.604058279392945, -40.854101255361407 ], [ 175.603185222880938, -40.853967578545458 ], [ 175.603085568982976, -40.854012151883317 ], [ 175.599632466258782, -40.855044951093419 ], [ 175.599396944023312, -40.855084592572503 ], [ 175.595692475305668, -40.855256506957431 ], [ 175.5954523474648, -40.855238939143398 ], [ 175.59185928162205, -40.854533136083603 ], [ 175.591638063221609, -40.854460079503298 ], [ 175.590410350845019, -40.853866053664468 ], [ 175.588086728517226, -40.853404575809712 ], [ 175.587865771034046, -40.853331072328992 ], [ 175.587158545695672, -40.852986866204631 ], [ 175.585956350909214, -40.852724318830084 ], [ 175.585940230322251, -40.852720788762412 ], [ 175.585938135072013, -40.852720328727777 ], [ 175.585922021039949, -40.852716781339517 ], [ 175.584954562537348, -40.85250323421306 ], [ 175.583825552991385, -40.852256655878463 ], [ 175.583796318358566, -40.852250239953989 ], [ 175.583792519272663, -40.852249402183098 ], [ 175.583763306430285, -40.852242929324724 ], [ 175.582872012619077, -40.852044493657814 ], [ 175.581824634391523, -40.851815343605971 ], [ 175.58180373249715, -40.85181075471553 ], [ 175.581801015972331, -40.851810156267334 ], [ 175.581780125177545, -40.851805538262397 ], [ 175.581714485669238, -40.851790978723166 ], [ 175.579892368558205, -40.852061405248108 ], [ 175.578511131528387, -40.852286082736775 ], [ 175.578505043297525, -40.852287071780324 ], [ 175.577065785758265, -40.852520107085425 ], [ 175.576160646784814, -40.852672597133797 ], [ 175.576131061474172, -40.852677551189132 ], [ 175.576127214303938, -40.85267819148573 ], [ 175.574253114605312, -40.852872851685333 ], [ 175.574164880070128, -40.852876615634166 ], [ 175.574076672002604, -40.852880721696415 ], [ 175.57218544461881, -40.852854009521252 ], [ 175.572181525171601, -40.85285371564602 ], [ 175.572151379355915, -40.852851425826003 ], [ 175.57087950756079, -40.852753563707246 ], [ 175.570788851464499, -40.852746320456305 ], [ 175.570777071113014, -40.852745344458164 ], [ 175.570686491033342, -40.852737572352979 ], [ 175.569077702133086, -40.852594764372533 ], [ 175.566334324071221, -40.852373845362237 ], [ 175.564769156391748, -40.852166527703226 ], [ 175.564568969862904, -40.852129371968843 ], [ 175.563759383055753, -40.85193464696092 ], [ 175.563596028013819, -40.851952292557797 ], [ 175.56351021116825, -40.851959706489751 ], [ 175.561650010546884, -40.852008793424922 ], [ 175.561494619503151, -40.85200362054826 ], [ 175.559647216171413, -40.851831109758933 ], [ 175.559562583310452, -40.851818021671164 ], [ 175.558984049089531, -40.851715655544218 ], [ 175.558189100229129, -40.851610382318668 ], [ 175.557610574344807, -40.851677404903995 ], [ 175.557050512451013, -40.851744453923665 ], [ 175.557285263726897, -40.851904712087048 ], [ 175.558893868820576, -40.852176298892758 ], [ 175.558911617632589, -40.852180428271886 ], [ 175.560643023629325, -40.852699212823907 ], [ 175.560843285556473, -40.852773489650296 ], [ 175.562446531984307, -40.85349152287047 ], [ 175.562461732327222, -40.853499614296211 ], [ 175.563897347312775, -40.854399224796111 ], [ 175.564057589133228, -40.854516851281765 ], [ 175.565202757857236, -40.855488764264734 ], [ 175.565211104709761, -40.855496974266678 ], [ 175.565534631368735, -40.855830800607748 ], [ 175.565537448717691, -40.855833852306375 ], [ 175.566241795293735, -40.856696387483524 ], [ 175.566354834064924, -40.856853998290383 ], [ 175.567593069509201, -40.859488901226712 ], [ 175.567637871580644, -40.859668882614038 ], [ 175.567748129609697, -40.862485599678791 ], [ 175.567717482807666, -40.862667283320185 ], [ 175.566675807547739, -40.865372001133714 ], [ 175.566572702283366, -40.865537601474195 ], [ 175.564480935190744, -40.867865530879747 ], [ 175.564315458016807, -40.867998834832143 ], [ 175.562540782460019, -40.869170407238819 ], [ 175.561855611605921, -40.869538982350875 ], [ 175.561768819453619, -40.869585229144697 ], [ 175.561736408684169, -40.869602335436376 ], [ 175.560852123397524, -40.869994748675495 ], [ 175.561080756158645, -40.871549845128079 ], [ 175.561069676231, -40.871732818737456 ], [ 175.560321166313514, -40.874492894748009 ], [ 175.560236136309584, -40.87466431317938 ], [ 175.558400512447747, -40.877113700587927 ], [ 175.558249848405012, -40.877256781638216 ], [ 175.557031240903257, -40.878100364664668 ], [ 175.556889032179754, -40.879046365743406 ], [ 175.556510847646308, -40.880590607582903 ], [ 175.556471619486501, -40.880743420758471 ], [ 175.556466293985864, -40.880763251534709 ], [ 175.556423591358623, -40.880915527222882 ], [ 175.556319650374149, -40.881271054106101 ], [ 175.556956916005845, -40.88302759428214 ], [ 175.55810355468796, -40.882831472132132 ], [ 175.558344389356449, -40.882819650148143 ], [ 175.562041425758963, -40.883079854154701 ], [ 175.562275290427181, -40.883125086353338 ], [ 175.564038182996228, -40.883580465577424 ], [ 175.565154909613227, -40.883945391564886 ], [ 175.566351036636206, -40.884324830108078 ], [ 175.566391711043366, -40.884337800114643 ], [ 175.566396994567924, -40.884339493667525 ], [ 175.566437605154192, -40.884352578320652 ], [ 175.567663958558001, -40.884749741375529 ], [ 175.56846921885554, -40.885038081688819 ], [ 175.568571904431252, -40.885078491057065 ], [ 175.570152790750001, -40.885825500392812 ], [ 175.57025453988831, -40.885882445858698 ], [ 175.571662027320372, -40.886807927071821 ], [ 175.571743238769216, -40.88687043875025 ], [ 175.572344161709736, -40.887369093539256 ], [ 175.572995875971202, -40.887952392650618 ], [ 175.573025024676497, -40.887978581962194 ], [ 175.573028805459558, -40.887981992033595 ], [ 175.573057822647513, -40.888008265358934 ], [ 175.573628423211886, -40.888526906031544 ], [ 175.574551726137969, -40.88948876854397 ], [ 175.574660372339451, -40.889619268889575 ], [ 175.575528538541874, -40.890869649423749 ], [ 175.57554369951103, -40.890896383162229 ], [ 175.576143450649113, -40.892234429558933 ], [ 175.576193645165432, -40.89238402053261 ], [ 175.576479368631794, -40.893554118559891 ], [ 175.576602725356736, -40.894349742684277 ], [ 175.576684937629466, -40.894544166666662 ], [ 175.576742154840531, -40.894722113203436 ], [ 175.576766380399363, -40.894945139971178 ], [ 175.576842522321158, -40.895095956482642 ], [ 175.576877885922556, -40.895166894562443 ], [ 175.576882431946501, -40.895176131036479 ], [ 175.576917007174217, -40.895247292557521 ], [ 175.577018566066926, -40.895459059430998 ], [ 175.577134115835236, -40.895589199648995 ], [ 175.57759617581894, -40.896153441454729 ], [ 175.577652600060162, -40.896228372768242 ], [ 175.578058604964298, -40.896816920617638 ], [ 175.578405945898425, -40.897369071161442 ], [ 175.578750604538243, -40.897906056528143 ], [ 175.579136598892347, -40.898502592565386 ], [ 175.579166133835798, -40.898548566428069 ], [ 175.579169950986767, -40.898554551253028 ], [ 175.579199141442871, -40.898600651620548 ], [ 175.579552354476817, -40.899162555470156 ], [ 175.579825387928167, -40.899576150771161 ], [ 175.579957324550122, -40.899699853606492 ], [ 175.580875021103765, -40.900689469268102 ], [ 175.580982421548441, -40.90082360519547 ], [ 175.581717037536379, -40.901897620535912 ], [ 175.581947803544693, -40.902298829777322 ], [ 175.582301908655637, -40.902990973220057 ], [ 175.582342980870919, -40.903082237302876 ], [ 175.582620755222962, -40.903794156880657 ], [ 175.582764930221515, -40.904228731172751 ], [ 175.58305688856845, -40.905470673142098 ], [ 175.583079791274145, -40.905633345441949 ], [ 175.58313171076486, -40.907046128223953 ], [ 175.583130389975565, -40.907065889335527 ], [ 175.582891770137053, -40.908459208515922 ], [ 175.582909969543351, -40.908460821044635 ], [ 175.583309022655868, -40.908471972900152 ], [ 175.583442682761756, -40.908476280072222 ], [ 175.583460053867043, -40.908476914248588 ], [ 175.583593641537647, -40.908482363636232 ], [ 175.584448150490573, -40.908520881985908 ], [ 175.584439951224653, -40.908625585060882 ], [ 175.586124032563788, -40.908678579537224 ], [ 175.586360724178718, -40.908714703971619 ], [ 175.589842760977433, -40.909695733216431 ], [ 175.5900531624373, -40.909785572896524 ], [ 175.592965337567023, -40.911534824974339 ], [ 175.593128858269267, -40.911669589026324 ], [ 175.594681916808668, -40.91344085013111 ], [ 175.595619933447097, -40.913523228145593 ], [ 175.595770922177337, -40.913555215479661 ], [ 175.596360908748807, -40.913617824781916 ], [ 175.596397784595979, -40.913623649969054 ], [ 175.597051843841086, -40.913741718310867 ], [ 175.59713623093387, -40.913758880174328 ], [ 175.598892373748356, -40.914230816273914 ], [ 175.599015108859675, -40.91427228186491 ], [ 175.601839705400494, -40.914631124967826 ], [ 175.602068675911653, -40.91468926333463 ], [ 175.60226546959791, -40.914766996693359 ], [ 175.602358805861115, -40.914728824203252 ], [ 175.602586650274731, -40.91466819300291 ], [ 175.60624112027952, -40.914162801997954 ], [ 175.60648250963726, -40.914158541041765 ], [ 175.607535277602096, -40.914266046024913 ], [ 175.607171947537125, -40.913603608153636 ], [ 175.607115209619309, -40.913425569465261 ], [ 175.607112541220829, -40.91340035938503 ], [ 175.607048360405656, -40.913343514188639 ], [ 175.606810213389849, -40.913049625282028 ], [ 175.606605741698161, -40.91297146744644 ], [ 175.603590833443377, -40.911325344445984 ], [ 175.603419346398795, -40.911196404878353 ], [ 175.601222692346937, -40.9089240203892 ], [ 175.601112129563035, -40.908761187599161 ], [ 175.599948705112894, -40.906085031663942 ], [ 175.599909883319498, -40.905904247792378 ], [ 175.599896349160844, -40.903583505171675 ], [ 175.598782071740487, -40.903208631064793 ], [ 175.597534443902077, -40.902791586913231 ], [ 175.596691667039721, -40.902471836191914 ], [ 175.595004557942218, -40.902705200196046 ], [ 175.594763210756469, -40.902709455722679 ], [ 175.591082415457066, -40.902333349992631 ], [ 175.59085115215953, -40.902280802892307 ], [ 175.587503802374215, -40.901059991741832 ], [ 175.587305268785315, -40.900955787868682 ], [ 175.586180778586197, -40.900141177471319 ], [ 175.585501042190799, -40.899886130975119 ], [ 175.585304057135517, -40.899780252592535 ], [ 175.582646742080414, -40.897811660722226 ], [ 175.582502529257027, -40.897664773603211 ], [ 175.580777141960198, -40.89516942348753 ], [ 175.580699814884042, -40.894995909480109 ], [ 175.580075159939696, -40.892218108486333 ], [ 175.580072279923826, -40.892034954475655 ], [ 175.580609359684814, -40.889246629525864 ], [ 175.580681198743804, -40.889071763828284 ], [ 175.581540114594503, -40.887753790655481 ], [ 175.578848968233473, -40.886659249929245 ], [ 175.578656695132139, -40.886548535574271 ], [ 175.57608624719677, -40.884514995982272 ], [ 175.575948475994267, -40.884364605578973 ], [ 175.575364964477558, -40.883448887506333 ], [ 175.575256630084908, -40.883449466022192 ], [ 175.575026647093068, -40.883449002456899 ], [ 175.574996752882413, -40.883448722305289 ], [ 175.573142232060576, -40.883320430257861 ], [ 175.572933498176894, -40.883293326186973 ], [ 175.571128271607677, -40.882946400578575 ], [ 175.571099955259484, -40.882939122101661 ], [ 175.570882852256176, -40.882881531653069 ], [ 175.570141112550061, -40.882678625783697 ], [ 175.568444205228815, -40.882096534775251 ], [ 175.568232766159127, -40.882008231402587 ], [ 175.565299995983565, -40.880280189189563 ], [ 175.565134869284776, -40.880146613497921 ], [ 175.56304936699658, -40.877815254390704 ], [ 175.562946715573219, -40.877649485394649 ], [ 175.561912566032902, -40.874943070658553 ], [ 175.56188243164064, -40.87476133773562 ], [ 175.562000735657705, -40.871944818207318 ], [ 175.562046058424329, -40.871764911402074 ], [ 175.563305085591537, -40.869113981532031 ], [ 175.563421419898646, -40.86895350985332 ], [ 175.565697814131283, -40.866727623158603 ], [ 175.565873767260626, -40.866602291469619 ], [ 175.568944665155641, -40.865019277928418 ], [ 175.569163014435304, -40.864941350876315 ], [ 175.56986921948257, -40.864785804594739 ], [ 175.571491302570905, -40.864055289153377 ], [ 175.571715509285099, -40.863987629498041 ], [ 175.575336830061872, -40.863369115392778 ], [ 175.575577600716343, -40.863357357892852 ], [ 175.576272806219237, -40.863406499446285 ], [ 175.579133554825091, -40.862488650737667 ] ], [ [ 175.618702267838785, -41.093670258778111 ], [ 175.618342841975164, -41.095057154334533 ], [ 175.61827776167604, -41.095233575869671 ], [ 175.616727534158088, -41.097795835390855 ], [ 175.61659356487786, -41.097948406120636 ], [ 175.614072392244282, -41.100022815864861 ], [ 175.613882644143274, -41.100136597592808 ], [ 175.610637306734418, -41.101520042934069 ], [ 175.610410356165175, -41.101583894304667 ], [ 175.606758611801013, -41.102140906508488 ], [ 175.606516681977041, -41.102148574979459 ], [ 175.603712562021968, -41.101903099307997 ], [ 175.604178643420795, -41.10244516070621 ], [ 175.604277286319814, -41.102612435166449 ], [ 175.605244012350767, -41.105333775841473 ], [ 175.605269494974834, -41.105515920437817 ], [ 175.605077146404227, -41.108330031998555 ], [ 175.605026964508511, -41.10850921777579 ], [ 175.603694218611309, -41.111140627083792 ], [ 175.603573275286266, -41.111299312426098 ], [ 175.602884492992615, -41.111943512604896 ], [ 175.603574398260974, -41.112701538884039 ], [ 175.603681754997183, -41.112838666087463 ], [ 175.604412229669748, -41.113936191243852 ], [ 175.605041444416401, -41.115067779222976 ], [ 175.605246952539773, -41.115463211218881 ], [ 175.6052720510489, -41.115515065190742 ], [ 175.605452673693804, -41.115917386650011 ], [ 175.605907208116065, -41.117014122100031 ], [ 175.606324506822119, -41.118391727566248 ], [ 175.606359899749947, -41.118572922640936 ], [ 175.606321052912421, -41.121390633864493 ], [ 175.606280670242597, -41.121571231414372 ], [ 175.606268719482756, -41.121598088724923 ], [ 175.607616675891734, -41.120564817902675 ], [ 175.607811654812878, -41.12045615306608 ], [ 175.609051867823752, -41.119970213995416 ], [ 175.609037145817013, -41.119008294077183 ], [ 175.609072263722425, -41.118827068268736 ], [ 175.610182586997183, -41.11613721261741 ], [ 175.610290032545549, -41.115973061934525 ], [ 175.611247921676096, -41.114759552217023 ], [ 175.611512949082481, -41.114476837897577 ], [ 175.611566199818327, -41.114420493447597 ], [ 175.611573159542843, -41.114413188904521 ], [ 175.611626981491725, -41.114357155768474 ], [ 175.612225607684024, -41.113738940500177 ], [ 175.613333209150142, -41.112752432834938 ], [ 175.613488603250516, -41.112632651583276 ], [ 175.614897942067813, -41.11170460336308 ], [ 175.6149144371619, -41.111695356572845 ], [ 175.616498345001474, -41.11094545482856 ], [ 175.616695066060231, -41.110867847566475 ], [ 175.618414547172279, -41.110314548429791 ], [ 175.618434012371722, -41.110309608723171 ], [ 175.620076875763999, -41.109998684357947 ], [ 175.620143403379814, -41.109902616632979 ], [ 175.62028794085046, -41.109755654649341 ], [ 175.622087511525422, -41.10842478837602 ], [ 175.62209454134458, -41.108393248882479 ], [ 175.622260520745471, -41.108019549447654 ], [ 175.621974226284976, -41.107534363495759 ], [ 175.621911340487344, -41.107357484880147 ], [ 175.621518609299983, -41.104555304436303 ], [ 175.621531066820324, -41.104372384643213 ], [ 175.622302336696436, -41.101615554739098 ], [ 175.622388908175054, -41.101444498691038 ], [ 175.624248543941974, -41.099002851786906 ], [ 175.624400747853343, -41.098860401026116 ], [ 175.624589988038082, -41.098731264872931 ], [ 175.624588043248224, -41.098227425310995 ], [ 175.624625221962901, -41.098046434782574 ], [ 175.625765926099376, -41.095363926198459 ], [ 175.625875211745523, -41.09520048358636 ], [ 175.627484573753208, -41.093514313423007 ], [ 175.627612045689887, -41.093154991619009 ], [ 175.627643861491634, -41.093067086633006 ], [ 175.627648073860485, -41.093055675108296 ], [ 175.627681063732069, -41.092968018175277 ], [ 175.627893389796071, -41.092414492893724 ], [ 175.628099617055057, -41.091829045462624 ], [ 175.628113484055604, -41.091790030661642 ], [ 175.628115301791382, -41.091784961821872 ], [ 175.628129399956549, -41.091745994472518 ], [ 175.628380325711163, -41.091058486335143 ], [ 175.628496581782485, -41.090739570561304 ], [ 175.628284127095696, -41.090491327136846 ], [ 175.628280072695446, -41.09048565941594 ], [ 175.62752258691674, -41.089193762631645 ], [ 175.627444883767225, -41.089027027922363 ], [ 175.626963873065364, -41.087661383051383 ], [ 175.62696233227561, -41.087655044835905 ], [ 175.626950657402006, -41.087606264651939 ], [ 175.626754992021972, -41.086775690713971 ], [ 175.626747983249345, -41.086745644506358 ], [ 175.626747080856205, -41.086741737342713 ], [ 175.626740206657047, -41.086711673340332 ], [ 175.626495873027153, -41.085632191852625 ], [ 175.626351581768432, -41.085030869929682 ], [ 175.625586338370567, -41.083308062648847 ], [ 175.625517563584424, -41.083566407085939 ], [ 175.625433227964834, -41.083738095286407 ], [ 175.62360555828306, -41.086193341876395 ], [ 175.623455221143814, -41.08633690547272 ], [ 175.620714072858448, -41.088244596817468 ], [ 175.620512448161662, -41.088345979127425 ], [ 175.618880346445508, -41.089033478794754 ], [ 175.618530359848762, -41.089154747643647 ], [ 175.618853755580915, -41.090404348082906 ], [ 175.61886748241551, -41.090494401782259 ], [ 175.618935232333712, -41.091906772049434 ], [ 175.618930033986658, -41.091999767293892 ], [ 175.61885240239701, -41.092713910876725 ], [ 175.618780530658341, -41.09315794388764 ], [ 175.618702267838785, -41.093670258778111 ] ], [ [ 175.734560348034677, -41.0925902658105 ], [ 175.734563872583607, -41.092592138353368 ], [ 175.734590958007487, -41.092606571060763 ], [ 175.735732919287983, -41.093216863868626 ], [ 175.735993706291737, -41.09335302860562 ], [ 175.736187893180698, -41.093336059746854 ], [ 175.736348835317813, -41.093331618533128 ], [ 175.738215381242952, -41.093391057611001 ], [ 175.738296523992716, -41.093398496722131 ], [ 175.738918701062431, -41.093468196169262 ], [ 175.739627141629995, -41.093562084238265 ], [ 175.739864293503302, -41.093592337420588 ], [ 175.739903637065453, -41.093570395940311 ], [ 175.739913615695542, -41.093564837022896 ], [ 175.739914913415419, -41.093564114873793 ], [ 175.739924899706352, -41.093558563804947 ], [ 175.740999855539229, -41.092961670081216 ], [ 175.742690756079412, -41.091502631577697 ], [ 175.744655668750056, -41.089803258425604 ], [ 175.744657876092305, -41.089801349850731 ], [ 175.745994245832662, -41.088646668733141 ], [ 175.746875723385642, -41.087961988561133 ], [ 175.746996224930399, -41.087877823880355 ], [ 175.747830465035548, -41.087354351859098 ], [ 175.748151218517307, -41.086832305707063 ], [ 175.748160301854398, -41.086817556743284 ], [ 175.748161484976038, -41.086815640186508 ], [ 175.748170603510346, -41.086800903661398 ], [ 175.748566154469131, -41.086163144704003 ], [ 175.748960881020565, -41.085520685073831 ], [ 175.748969143835978, -41.085507265170747 ], [ 175.748970219895455, -41.08550552125336 ], [ 175.748978511841045, -41.085492111657935 ], [ 175.749487278208903, -41.084671089941416 ], [ 175.750154758712256, -41.083591960471161 ], [ 175.750537280353029, -41.082973467349895 ], [ 175.751047028943901, -41.082142506641851 ], [ 175.751054981178015, -41.082129570051997 ], [ 175.751056016727375, -41.082127888916787 ], [ 175.751063996022253, -41.082114961887683 ], [ 175.751222177927389, -41.08185922316747 ], [ 175.7517297611532, -41.079500549319334 ], [ 175.751805561078555, -41.079326592655576 ], [ 175.753510566315441, -41.076821310313335 ], [ 175.753653687151399, -41.076673589445384 ], [ 175.755607699010028, -41.07520760108315 ], [ 175.755712755991169, -41.075073458952744 ], [ 175.755981492103331, -41.074677628629054 ], [ 175.755995898773961, -41.074656477196505 ], [ 175.755997776437482, -41.074653729386512 ], [ 175.756012256897606, -41.074632606819272 ], [ 175.756442836446013, -41.074006540225909 ], [ 175.756858730870817, -41.073394698953408 ], [ 175.756895390351957, -41.073341207539364 ], [ 175.757475873558462, -41.07250107454076 ], [ 175.757800619036544, -41.072019949506114 ], [ 175.75826997188372, -41.071323129664719 ], [ 175.758279518674669, -41.071308986774248 ], [ 175.758280761896941, -41.071307149029614 ], [ 175.758290341602503, -41.071293018925509 ], [ 175.758751187052695, -41.070614734746968 ], [ 175.759211158160412, -41.069932337991844 ], [ 175.759271289961788, -41.0698443266757 ], [ 175.759279190000228, -41.06983291808718 ], [ 175.7593405972504, -41.069745412656012 ], [ 175.759832093696815, -41.069054224144601 ], [ 175.76084336747175, -41.067866029108238 ], [ 175.760912444639644, -41.067797368803575 ], [ 175.760981421545068, -41.067728650828037 ], [ 175.76222426572096, -41.066673758086701 ], [ 175.762644678824842, -41.066368864939449 ], [ 175.762852558341848, -41.066143931387188 ], [ 175.76362685625196, -41.065393849273022 ], [ 175.763734031010273, -41.065300630359452 ], [ 175.764608575292272, -41.064616574582509 ], [ 175.765028115116451, -41.064321355784301 ], [ 175.764525316197791, -41.06381940881316 ], [ 175.764463198008428, -41.063756832282962 ], [ 175.764455169505112, -41.063748670928717 ], [ 175.76439377225833, -41.063685688163275 ], [ 175.763585268342126, -41.062848703339213 ], [ 175.763561711169757, -41.062826863483103 ], [ 175.763244962080591, -41.062519886295966 ], [ 175.763204943945397, -41.062479324129896 ], [ 175.76220852980623, -41.061284005375235 ], [ 175.762126716588597, -41.061166302650705 ], [ 175.761389652673529, -41.059867715334271 ], [ 175.761368155895411, -41.059819778264867 ], [ 175.760908575631049, -41.058449903385373 ], [ 175.760878824588644, -41.058318825476597 ], [ 175.76070802781021, -41.056911397063296 ], [ 175.760707154421226, -41.056860778102781 ], [ 175.760829326784147, -41.055450452837519 ], [ 175.760854543275457, -41.055318831371999 ], [ 175.761266656552891, -41.053940334843212 ], [ 175.761286489285453, -41.053891988915893 ], [ 175.761978379170387, -41.052579260973289 ], [ 175.762056087917813, -41.05245997910766 ], [ 175.763010702080066, -41.051245337865417 ], [ 175.763049297323164, -41.051203996790136 ], [ 175.764243122881311, -41.050117344608026 ], [ 175.764365712907704, -41.050022076267801 ], [ 175.765769348435754, -41.049090162023312 ], [ 175.765822927346051, -41.04905987156603 ], [ 175.766241727716192, -41.048833615092512 ], [ 175.766247524754789, -41.04883062430001 ], [ 175.767457402007949, -41.048282924963196 ], [ 175.767607076265477, -41.048223983750027 ], [ 175.768986650011215, -41.04776229157347 ], [ 175.769055765703598, -41.047743025018143 ], [ 175.771353026764416, -41.047293498102327 ], [ 175.771520368109009, -41.047273953352168 ], [ 175.772544829894514, -41.04718849237171 ], [ 175.772617489221119, -41.047184833110954 ], [ 175.774733308700178, -41.047281602180981 ], [ 175.774740154962331, -41.04723025930415 ], [ 175.77477050213119, -41.047232578568774 ], [ 175.775418861035291, -41.04731294820062 ], [ 175.775620557753598, -41.047322169748391 ], [ 175.775758278251089, -41.047341907383895 ], [ 175.775755097861946, -41.047354626121631 ], [ 175.776218249010896, -41.047412033900365 ], [ 175.776287909531646, -41.04742404728934 ], [ 175.778546348608074, -41.048072681413707 ], [ 175.778577138789728, -41.048019736005983 ], [ 175.778591387229852, -41.048024484984474 ], [ 175.779234141216023, -41.048270207356246 ], [ 175.77936235856771, -41.0483070292889 ], [ 175.779499892001922, -41.048364073556371 ], [ 175.779495511398778, -41.04837012663041 ], [ 175.779714597758527, -41.048453880525344 ], [ 175.77977501028775, -41.048480098312254 ], [ 175.781552302626011, -41.049541540674696 ], [ 175.782192140153995, -41.04879021369586 ], [ 175.782202911787522, -41.048777588153051 ], [ 175.782204313907897, -41.048775947717601 ], [ 175.782215113357353, -41.048763335791875 ], [ 175.782823113820285, -41.048054581030605 ], [ 175.783621579375477, -41.047102717792988 ], [ 175.783635040604707, -41.04708670746097 ], [ 175.78363679345884, -41.047084627515389 ], [ 175.783650299216333, -41.047068638684486 ], [ 175.784012776061644, -41.046640510295184 ], [ 175.784381804661479, -41.046197418201601 ], [ 175.784417613111088, -41.046154689183659 ], [ 175.784422288780803, -41.046149144353549 ], [ 175.784458413710894, -41.046106568292984 ], [ 175.785463506288153, -41.044929247080162 ], [ 175.785478184280834, -41.044912096252489 ], [ 175.785480095757862, -41.044909868286439 ], [ 175.785494825104166, -41.04489274271338 ], [ 175.785745131277537, -41.044602434858703 ], [ 175.785793334806954, -41.044546975134075 ], [ 175.785799636270667, -41.044539782951283 ], [ 175.785848378336425, -41.044484593709647 ], [ 175.786375267194018, -41.04389273764945 ], [ 175.786398066035019, -41.043867221593878 ], [ 175.786401037367625, -41.043863908352535 ], [ 175.786423951336019, -41.043838451464524 ], [ 175.787486016493631, -41.042662819959077 ], [ 175.787608187965617, -41.04253015332737 ], [ 175.78762427344509, -41.042513015997628 ], [ 175.787749570884529, -41.042382031398944 ], [ 175.787849920723232, -41.042279084629541 ], [ 175.786657295792253, -41.041982040417587 ], [ 175.786442137576728, -41.041898284868786 ], [ 175.783439081582912, -41.040233510412904 ], [ 175.78326864947573, -41.040103510438144 ], [ 175.781092202456847, -41.037817551268532 ], [ 175.780983179281208, -41.037654035903877 ], [ 175.779846336387379, -41.034970710866084 ], [ 175.779809388020283, -41.034789689055671 ], [ 175.779823306280065, -41.031971692018544 ], [ 175.779862039923557, -41.031790884432056 ], [ 175.781025205225916, -41.029114058028931 ], [ 175.781135819962429, -41.028951162060416 ], [ 175.783334253210256, -41.026677497279806 ], [ 175.783505915651546, -41.026548455205671 ], [ 175.786524375773354, -41.024900459431933 ], [ 175.786740282662322, -41.024817899060139 ], [ 175.787838570214035, -41.02447692751646 ], [ 175.787767471702466, -41.024431895952063 ], [ 175.787328142609994, -41.024139435580075 ], [ 175.787272298805476, -41.024100375301913 ], [ 175.786852492455949, -41.023791908394472 ], [ 175.786488097764988, -41.023510652677274 ], [ 175.786161438002381, -41.023248209102391 ], [ 175.786119891213701, -41.023213461277912 ], [ 175.785807369599723, -41.022941322979023 ], [ 175.7853712067419, -41.022545792960294 ], [ 175.784683734793049, -41.021951955303784 ], [ 175.784671831759709, -41.021941657572995 ], [ 175.784670285707762, -41.021940317976828 ], [ 175.784658403326404, -41.021930006535719 ], [ 175.783210730489486, -41.020671765640074 ], [ 175.783210655814031, -41.0206717007338 ], [ 175.78174671607357, -41.01939921373085 ], [ 175.781607264189887, -41.019327814006004 ], [ 175.779412974493681, -41.018221587383984 ], [ 175.777750758407393, -41.017383600227738 ], [ 175.776464087258319, -41.016634116386783 ], [ 175.776306360087545, -41.016528510269865 ], [ 175.775166459834765, -41.015653286254562 ], [ 175.774005448081169, -41.014630751517018 ], [ 175.773958633627302, -41.014627382322615 ], [ 175.772311866764682, -41.014419692396103 ], [ 175.772101338884937, -41.014381469865178 ], [ 175.770326491518375, -41.013945186067566 ], [ 175.770302818089988, -41.013937765809885 ], [ 175.769758173233726, -41.013727741464272 ], [ 175.766545479080946, -41.014690287522008 ], [ 175.766309454488209, -41.014730183270593 ], [ 175.762596237547029, -41.014906092003464 ], [ 175.762355488809447, -41.014888782786201 ], [ 175.758752302335438, -41.014186844111244 ], [ 175.758530405365462, -41.014114025116228 ], [ 175.755390085759672, -41.012602978968765 ], [ 175.755208768053876, -41.012481781045715 ], [ 175.752838773494972, -41.010309591463106 ], [ 175.752715784744936, -41.010151882028296 ], [ 175.751348075434038, -41.007531233400911 ], [ 175.751295449662791, -41.007352453350308 ], [ 175.751256691326859, -41.006881900751814 ], [ 175.751236002496938, -41.006889846112699 ], [ 175.74769568179326, -41.007755153078698 ], [ 175.747456776745537, -41.00778343170569 ], [ 175.743736723471642, -41.00777751873359 ], [ 175.743497977416666, -41.007748480913179 ], [ 175.739962487839279, -41.006871929232908 ], [ 175.739747280302339, -41.006788418693752 ], [ 175.736742553271625, -41.005127066621696 ], [ 175.736571955928611, -41.004997261068539 ], [ 175.734392158477903, -41.002713788046805 ], [ 175.734282870349347, -41.00255039748027 ], [ 175.733141326004642, -40.999868378961409 ], [ 175.733104038931543, -40.999687400109629 ], [ 175.733107596888146, -40.998483398427602 ], [ 175.73264323717197, -40.998467015528036 ], [ 175.732535432394968, -40.998456746196133 ], [ 175.730708465376722, -40.998170931853828 ], [ 175.73057990469988, -40.998142693822452 ], [ 175.728834471743824, -40.997643839628715 ], [ 175.728736135250699, -40.997608830579715 ], [ 175.727115228940136, -40.996909225435196 ], [ 175.727004483319689, -40.996852267472718 ], [ 175.725548025951497, -40.995969144195179 ], [ 175.725468786393208, -40.995912823691313 ], [ 175.72487938083421, -40.995463333674493 ], [ 175.724846709842325, -40.995436599719447 ], [ 175.723838078539728, -40.994490367026053 ], [ 175.72378866142796, -40.994437000520591 ], [ 175.723561824134975, -40.994182939281544 ], [ 175.723476767513091, -40.994084087912213 ], [ 175.721998433896346, -40.99162036614409 ], [ 175.720730965837078, -40.991132443973399 ], [ 175.720535228326099, -40.991024951019142 ], [ 175.719867605205394, -40.990520249420776 ], [ 175.71955337873635, -40.990594232384979 ], [ 175.718856147293309, -40.990931453099073 ], [ 175.717697459492797, -40.991399247911289 ], [ 175.717544608200257, -40.991603111776016 ], [ 175.717393785153746, -40.991746260302186 ], [ 175.714647233041205, -40.993646361766473 ], [ 175.714445400412956, -40.993747184612623 ], [ 175.711058196936449, -40.994911113711133 ], [ 175.710825115609623, -40.994959738266317 ], [ 175.710528150664089, -40.994984953124025 ], [ 175.709490169162734, -40.995937630247795 ], [ 175.709432512948183, -40.995982802472227 ], [ 175.708388097768733, -40.996681890376017 ], [ 175.708237545250398, -40.996799595949724 ], [ 175.708069034110935, -40.996895453355009 ], [ 175.708034500374907, -40.996918568126617 ], [ 175.707907053529169, -40.996991222116627 ], [ 175.707865336772215, -40.99701132568763 ], [ 175.705263103760529, -40.998491526131495 ], [ 175.705049433022026, -40.998577230055922 ], [ 175.704302769355422, -40.998770880174213 ], [ 175.704196579447625, -40.998926031384769 ], [ 175.704165610561802, -40.998970969116961 ], [ 175.704161562935639, -40.998976802391681 ], [ 175.70316660285377, -41.000172358081748 ], [ 175.703027146130836, -41.000313939058913 ], [ 175.701797528958963, -41.001376841975983 ], [ 175.701791299773021, -41.00138144199596 ], [ 175.700357305181484, -41.00228551424668 ], [ 175.700196988341105, -41.00237140090254 ], [ 175.69839874042006, -41.003914229422918 ], [ 175.6982123195138, -41.004030875207917 ], [ 175.695122953222608, -41.005412429699241 ], [ 175.69492777339542, -41.005579553257633 ], [ 175.694880915441644, -41.00561791457563 ], [ 175.693510228778109, -41.006576760388135 ], [ 175.693373989574582, -41.006658033362839 ], [ 175.691822131495115, -41.007442619049321 ], [ 175.691761915690108, -41.007468132019611 ], [ 175.691292930724501, -41.007656549525365 ], [ 175.690517795206318, -41.007951355708038 ], [ 175.690398735132248, -41.007995966004131 ], [ 175.690160297325377, -41.008311658441322 ], [ 175.690082079496989, -41.00840473799893 ], [ 175.689435762052568, -41.009099209781304 ], [ 175.688936482467994, -41.009585259664121 ], [ 175.688482507710916, -41.010000891382823 ], [ 175.688421408364178, -41.010053536754462 ], [ 175.687935393131596, -41.010447833691842 ], [ 175.687326967149659, -41.010912706842689 ], [ 175.686921252031794, -41.011241645298604 ], [ 175.686864733427626, -41.011287150643625 ], [ 175.686857359004676, -41.011293046962081 ], [ 175.686800424948132, -41.011338254208574 ], [ 175.686401751846319, -41.011652618980577 ], [ 175.686121941157495, -41.011878202268875 ], [ 175.685538315083903, -41.01239527902846 ], [ 175.685510238656718, -41.012420062584518 ], [ 175.685506581020576, -41.012423279423395 ], [ 175.685478386122526, -41.012447985696284 ], [ 175.684677840714329, -41.013146901736867 ], [ 175.683989219646179, -41.013754759423804 ], [ 175.683969520652141, -41.013772103214578 ], [ 175.683966956005349, -41.013774355440162 ], [ 175.683964123261973, -41.013776836724041 ], [ 175.683958578398403, -41.014829854047399 ], [ 175.683940277637475, -41.014997433995717 ], [ 175.68367665461048, -41.016278813631928 ], [ 175.683486087740505, -41.016904726777213 ], [ 175.683477130171241, -41.016933925429534 ], [ 175.68347595735014, -41.016937719776017 ], [ 175.683466871517595, -41.016966895684938 ], [ 175.68318831611316, -41.017854748551365 ], [ 175.683180779514288, -41.017878625239831 ], [ 175.683179794172673, -41.017881728192336 ], [ 175.683172171669838, -41.017905589234573 ], [ 175.682907740532357, -41.018728430083335 ], [ 175.682805116002839, -41.019072863121224 ], [ 175.683634199414826, -41.019127800789185 ], [ 175.683754909077436, -41.019143099419111 ], [ 175.685565567979552, -41.019484995418154 ], [ 175.685679559980429, -41.019513880254621 ], [ 175.686545003004341, -41.019761925078512 ], [ 175.686739588537705, -41.019824351935419 ], [ 175.688395498624146, -41.020476009044252 ], [ 175.688600695406052, -41.02057295376715 ], [ 175.690827272916692, -41.022036535214831 ], [ 175.691115196802144, -41.02149393679241 ], [ 175.691239376075998, -41.021336757266923 ], [ 175.692052933181571, -41.020599678797289 ], [ 175.692226798091468, -41.020024570950767 ], [ 175.692316989472317, -41.019854616775127 ], [ 175.693917301769062, -41.017829081133328 ], [ 175.693920744178882, -41.017732592632242 ], [ 175.693946223872985, -41.017550443976653 ], [ 175.694912136504684, -41.014829097424041 ], [ 175.695010677938257, -41.014661826220404 ], [ 175.697039446868359, -41.012299717620586 ], [ 175.697201397614975, -41.012163694664373 ], [ 175.700094374144925, -41.010391990863418 ], [ 175.700303880509153, -41.010300527304956 ], [ 175.703777914620758, -41.009292600006205 ], [ 175.704014473822298, -41.009254645784601 ], [ 175.707729617604741, -41.009109121718417 ], [ 175.707970082761705, -41.009128390681681 ], [ 175.711562823073649, -41.009859511151227 ], [ 175.711783665475963, -41.009934118043844 ], [ 175.714902449496549, -41.011470346262456 ], [ 175.715082058059551, -41.011592990914345 ], [ 175.715418072786832, -41.011907677315918 ], [ 175.716178654629203, -41.011739945040055 ], [ 175.716418547284661, -41.011716883676684 ], [ 175.720137043471738, -41.011803720363382 ], [ 175.720374605622396, -41.011837931581319 ], [ 175.723875767419599, -41.012790795496436 ], [ 175.724087754018797, -41.012878931967933 ], [ 175.727028978335426, -41.014604587984032 ], [ 175.727194643842495, -41.01473802552124 ], [ 175.729288058208482, -41.017067609903457 ], [ 175.729391185326477, -41.017233290423533 ], [ 175.7304318134494, -41.019938819205208 ], [ 175.730462300891787, -41.020120527528903 ], [ 175.730348149395439, -41.022937193316842 ], [ 175.73030300314511, -41.023117143359372 ], [ 175.729045094806139, -41.025769225587261 ], [ 175.728928724892228, -41.025929801080785 ], [ 175.726650077398375, -41.028157657617726 ], [ 175.726473869727783, -41.028283137087804 ], [ 175.725018091173155, -41.029167569704583 ], [ 175.723938205421746, -41.029724110491991 ], [ 175.723896492333921, -41.029745510022117 ], [ 175.723891061873985, -41.029748283249866 ], [ 175.723849229424388, -41.029769548761827 ], [ 175.723559347257009, -41.029916235953529 ], [ 175.723654542503084, -41.031437306806311 ], [ 175.723642383438488, -41.031520884516809 ], [ 175.723987752935216, -41.031879189567135 ], [ 175.724098042653708, -41.032042211132179 ], [ 175.725255844106726, -41.034720346157471 ], [ 175.725294214008329, -41.0349011961301 ], [ 175.725294348219649, -41.034947159685224 ], [ 175.726032088465814, -41.03518013762536 ], [ 175.726669506923798, -41.035409036883976 ], [ 175.726824226595653, -41.035465636575267 ], [ 175.726844268938862, -41.035473104134873 ], [ 175.7269978930116, -41.035531389977315 ], [ 175.728353416032888, -41.036054978254533 ], [ 175.729765374549686, -41.036697278872708 ], [ 175.72994043454915, -41.036789976264473 ], [ 175.731221708280856, -41.037573790996852 ], [ 175.732106200785097, -41.038196238588938 ], [ 175.732192363922678, -41.038257480360642 ], [ 175.732203512636318, -41.038265483718106 ], [ 175.732288868170258, -41.03832737052349 ], [ 175.733046841952415, -41.038882420595662 ], [ 175.733056516298035, -41.038885586671242 ], [ 175.733810439887378, -41.039133719536999 ], [ 175.734565659653498, -41.03937836394249 ], [ 175.735216859490862, -41.039586604782627 ], [ 175.736709313454469, -41.040031960585353 ], [ 175.738012795115566, -41.040491630347773 ], [ 175.738176868878156, -41.040558908064455 ], [ 175.739397600564274, -41.041134281075699 ], [ 175.741283045830016, -41.042147535845231 ], [ 175.742715869249565, -41.043053489104075 ], [ 175.74288882537661, -41.043181567459307 ], [ 175.745109875807088, -41.045442868393337 ], [ 175.745222100852317, -41.045605140557321 ], [ 175.746411585945623, -41.048275372472801 ], [ 175.746452088701886, -41.048455957101844 ], [ 175.746493450820196, -41.051273771763199 ], [ 175.746458257115506, -41.051454993072404 ], [ 175.745347295573879, -41.05414456222379 ], [ 175.745239840910813, -41.05430867979625 ], [ 175.743085181178941, -41.056606695489592 ], [ 175.74291597807445, -41.056737641294113 ], [ 175.739928485844047, -41.058419103352122 ], [ 175.739714097045152, -41.058504055762583 ], [ 175.736186255377504, -41.059404317142786 ], [ 175.735947672598286, -41.05943495743697 ], [ 175.73222493389315, -41.059465861604821 ], [ 175.731985520766756, -41.059439189401388 ], [ 175.73104169754356, -41.059215675892332 ], [ 175.730604895504399, -41.059358621145179 ], [ 175.730370486077902, -41.059404114459113 ], [ 175.726663922052126, -41.059668315896708 ], [ 175.726422412367668, -41.059656745809797 ], [ 175.72278944816, -41.059040927811722 ], [ 175.722564488748418, -41.058973427500561 ], [ 175.719360880378645, -41.057537896887865 ], [ 175.719174498973871, -41.057421076420056 ], [ 175.716713908433462, -41.055306403857465 ], [ 175.716584351016195, -41.055151702132491 ], [ 175.715711499515407, -41.053902313444929 ], [ 175.715277571549422, -41.053142200684661 ], [ 175.714989799478843, -41.052662821914502 ], [ 175.712534024021778, -41.052200523427011 ], [ 175.712468589864727, -41.052186029454887 ], [ 175.712260078476277, -41.052509384648822 ], [ 175.712978945387761, -41.053694518474515 ], [ 175.713044273693441, -41.053870884268179 ], [ 175.713476248075239, -41.056669813775365 ], [ 175.713466383275119, -41.056852829218045 ], [ 175.712734563091232, -41.059615811844573 ], [ 175.712650460888113, -41.059787561658304 ], [ 175.710826342757912, -41.062244113427077 ], [ 175.710676228215846, -41.062387782996431 ], [ 175.707938293059101, -41.064297389761592 ], [ 175.707736858323216, -41.064398912037802 ], [ 175.704353129653413, -41.065574591685746 ], [ 175.70412009658952, -41.065624025569832 ], [ 175.700421898671152, -41.065950652723366 ], [ 175.700180086813219, -41.065943157466542 ], [ 175.698600370397401, -41.06579962132178 ], [ 175.698478251363184, -41.065803615160675 ], [ 175.698055825993123, -41.065817944262868 ], [ 175.696310904273616, -41.066332734401001 ], [ 175.696074439758917, -41.06637174051464 ], [ 175.695579991339201, -41.066393286869193 ], [ 175.695630734929267, -41.066914795254839 ], [ 175.69563005907338, -41.067016462739211 ], [ 175.695474173542152, -41.068424860971113 ], [ 175.69545667325184, -41.068505842832714 ], [ 175.695293175921051, -41.069125205659098 ], [ 175.695237684882187, -41.069302760560987 ], [ 175.695210113281263, -41.069389079109946 ], [ 175.695206455958385, -41.069400286875243 ], [ 175.695192847667812, -41.069441123106934 ], [ 175.695060056170121, -41.070041791236171 ], [ 175.695042177721803, -41.070120515078891 ], [ 175.695039793601296, -41.070130741177202 ], [ 175.695020993271385, -41.0702093419237 ], [ 175.694913063361781, -41.070649430242085 ], [ 175.69470601517105, -41.071533559983877 ], [ 175.694546809106754, -41.072243327779162 ], [ 175.694538653700391, -41.072279244974403 ], [ 175.694537581018693, -41.07228391256735 ], [ 175.694529233629652, -41.072319804494178 ], [ 175.69438371839675, -41.072938150516848 ], [ 175.694378656338699, -41.07295951165846 ], [ 175.694377993850935, -41.072962288003083 ], [ 175.694372863789567, -41.072983639855472 ], [ 175.694227855452226, -41.073583069574994 ], [ 175.694220196339529, -41.073615613273041 ], [ 175.695521094761546, -41.074568234899822 ], [ 175.69680341025591, -41.075456809708683 ], [ 175.697443823969138, -41.07593549257831 ], [ 175.697523851996294, -41.076000012744089 ], [ 175.698114638639055, -41.076513948087893 ], [ 175.698466754434975, -41.076844726589819 ], [ 175.698931725923075, -41.077067358414574 ], [ 175.699492506373474, -41.077326975286269 ], [ 175.699882506079547, -41.077480145694238 ], [ 175.699915657031084, -41.077493215512355 ], [ 175.69991996311947, -41.077494919704719 ], [ 175.699953059681235, -41.077508068230699 ], [ 175.700800994590594, -41.077846215173196 ], [ 175.701408241924298, -41.078086750222447 ], [ 175.701425428145825, -41.078093571249788 ], [ 175.70142766139935, -41.078094459361303 ], [ 175.701444832924466, -41.078101301588163 ], [ 175.701871297170186, -41.078271566946057 ], [ 175.70282624819373, -41.078651073455632 ], [ 175.704373065620189, -41.078807182142377 ], [ 175.703629222662471, -41.077367424819762 ], [ 175.703577440385118, -41.0771884985068 ], [ 175.70335967391469, -41.074375371616796 ], [ 175.703383493272668, -41.074193093940657 ], [ 175.704325090220152, -41.071466722971564 ], [ 175.704422169850886, -41.07129893566362 ], [ 175.706430829039931, -41.068926167004705 ], [ 175.706591659483308, -41.068789291409118 ], [ 175.707938285764726, -41.067810080697306 ], [ 175.708315762858518, -41.067575787738235 ], [ 175.708563116951154, -41.067426376887582 ], [ 175.708595608431551, -41.067407280430253 ], [ 175.708848123276709, -41.067262899617866 ], [ 175.710116182966431, -41.066557687717399 ], [ 175.711076651990339, -41.066075910648792 ], [ 175.71120522089987, -41.066017995347451 ], [ 175.711337153647975, -41.065964934930967 ], [ 175.711622284896379, -41.065588363828866 ], [ 175.711773982217949, -41.06544564538877 ], [ 175.714532797590209, -41.063553288518293 ], [ 175.714735330954113, -41.063453028635706 ], [ 175.718131608890673, -41.062298429427848 ], [ 175.718365157100294, -41.062250438875409 ], [ 175.722066549386568, -41.061946576540279 ], [ 175.722308259826434, -41.061955551205465 ], [ 175.725952597416153, -41.062532159897557 ], [ 175.726178819700209, -41.062597221788835 ], [ 175.729363647309185, -41.063978002248938 ], [ 175.729448057093776, -41.063953573009222 ], [ 175.729684842084936, -41.063915721304355 ], [ 175.733403191781889, -41.063771805465699 ], [ 175.733643842791963, -41.063791178407904 ], [ 175.737239025469819, -41.064523850625811 ], [ 175.737459995621208, -41.064598552784027 ], [ 175.740580219687018, -41.066136124445855 ], [ 175.740759885402667, -41.066258846330761 ], [ 175.743099780412621, -41.068450862086081 ], [ 175.743220555592387, -41.068609594555433 ], [ 175.744551041565529, -41.07124153975478 ], [ 175.744601098716885, -41.071420748127693 ], [ 175.744791823315154, -41.074235025959851 ], [ 175.744766253285036, -41.074417169452929 ], [ 175.743798395538647, -41.07713830243609 ], [ 175.743699691571919, -41.077305550649207 ], [ 175.742806606327861, -41.078546853677835 ], [ 175.742299098691831, -41.079136724220696 ], [ 175.742263833535787, -41.079177470659786 ], [ 175.742259230168344, -41.079182758277199 ], [ 175.742223674286635, -41.07922335979837 ], [ 175.740824311045685, -41.080811908769519 ], [ 175.740471113756399, -41.081220807629954 ], [ 175.740417670608764, -41.081282131068221 ], [ 175.74041068014526, -41.081290081543898 ], [ 175.740356577700112, -41.081351073115748 ], [ 175.739692495638735, -41.08209314706162 ], [ 175.739142394425784, -41.082717581953382 ], [ 175.738434797807969, -41.083439868581038 ], [ 175.738336852153708, -41.083530062005586 ], [ 175.737537592250163, -41.084195365888725 ], [ 175.737440958450946, -41.084268147415777 ], [ 175.737113161440362, -41.085060227858392 ], [ 175.737005571206083, -41.085224312229876 ], [ 175.7358058165523, -41.086502242740025 ], [ 175.73564452178482, -41.087197377452959 ], [ 175.735631761821082, -41.087232726348084 ], [ 175.735453167953324, -41.08768124545707 ], [ 175.735451166645618, -41.087685835747457 ], [ 175.735448603354257, -41.087691708518904 ], [ 175.735444751859291, -41.087700514977726 ], [ 175.734935793018622, -41.088671141091517 ], [ 175.734859854453163, -41.088794559629378 ], [ 175.73394101162026, -41.090025114022509 ], [ 175.733905962124197, -41.090064481455634 ], [ 175.732743952999272, -41.091171125625706 ], [ 175.73262131401421, -41.09127074702068 ], [ 175.732274632544744, -41.091511382797457 ], [ 175.73272102833505, -41.091686522919083 ], [ 175.732795597832649, -41.091717781189679 ], [ 175.733602524509621, -41.092088395375526 ], [ 175.733633743652831, -41.092104047991469 ], [ 175.733871965467586, -41.092226651029137 ], [ 175.73453320962912, -41.092575890166152 ], [ 175.734560348034677, -41.0925902658105 ] ], [ [ 175.921950810788132, -41.032189025801316 ], [ 175.921982884956861, -41.032186316113879 ], [ 175.92189087830883, -41.031565021776679 ], [ 175.92173039848953, -41.030990486791914 ], [ 175.92152651189673, -41.030262921401352 ], [ 175.921525205760219, -41.030258254421824 ], [ 175.921396207829758, -41.029795789780742 ], [ 175.921377080695578, -41.029729189495782 ], [ 175.919125408800596, -41.031486953405953 ], [ 175.919806635052026, -41.031611197114003 ], [ 175.919903263853712, -41.031631351458472 ], [ 175.921658348449654, -41.032112425541264 ], [ 175.921788030372767, -41.032156967785546 ], [ 175.921882408685889, -41.032196416849615 ], [ 175.921950810788132, -41.032189025801316 ] ], [ [ 175.67353086386413, -41.088688448613844 ], [ 175.6723364011211, -41.089318897976817 ], [ 175.67235313189255, -41.089335890957429 ], [ 175.672791732974474, -41.089821512989992 ], [ 175.673903225917599, -41.090601208967968 ], [ 175.673926947852067, -41.090620682728691 ], [ 175.67508127995464, -41.091731898041445 ], [ 175.675196287588392, -41.091862537115176 ], [ 175.676106677090218, -41.093096678505809 ], [ 175.676121285231687, -41.093120744805766 ], [ 175.676639763403585, -41.094188823892665 ], [ 175.677607513386931, -41.095276895116598 ], [ 175.677610864130003, -41.095280664409714 ], [ 175.677745328535309, -41.095432134838745 ], [ 175.678326690945795, -41.095917951654656 ], [ 175.679189123561514, -41.096629693975359 ], [ 175.680256921346995, -41.097489354134524 ], [ 175.680695273326478, -41.097862451474803 ], [ 175.680750439666724, -41.09791211086155 ], [ 175.681836513014616, -41.099062103362321 ], [ 175.681917511039245, -41.099163902837724 ], [ 175.682752434431507, -41.100428252603294 ], [ 175.682784618069377, -41.100488376766357 ], [ 175.682796300670162, -41.100512068664187 ], [ 175.68293092525991, -41.100688886391382 ], [ 175.6829899098461, -41.100774311245139 ], [ 175.683722316978248, -41.102074517917885 ], [ 175.6837591115804, -41.102157320266812 ], [ 175.683796657969566, -41.102270564520282 ], [ 175.68518292330802, -41.102678682278196 ], [ 175.686634758975202, -41.103105361817398 ], [ 175.687601813970929, -41.103457905116237 ], [ 175.68764999649099, -41.103331750860555 ], [ 175.687939973387813, -41.102558059308009 ], [ 175.687954873407136, -41.102517845925291 ], [ 175.687989022776264, -41.102280867047241 ], [ 175.68815259493698, -41.101144022751811 ], [ 175.688157277038556, -41.101112013149354 ], [ 175.688157895544521, -41.101107852737393 ], [ 175.688162728919167, -41.101075856001962 ], [ 175.688309137257249, -41.100121749247286 ], [ 175.688322437370829, -41.100038462731092 ], [ 175.688324233004295, -41.100027641809639 ], [ 175.688408056540851, -41.099604206472776 ], [ 175.688418205356186, -41.099560121225217 ], [ 175.688504842364807, -41.099222132772049 ], [ 175.688719855848376, -41.09846141234032 ], [ 175.688725034364495, -41.098443182760263 ], [ 175.688725710813486, -41.098440813444235 ], [ 175.688730939204618, -41.098422592008632 ], [ 175.688949757969908, -41.097663768325098 ], [ 175.687239730510328, -41.09711580802955 ], [ 175.687137173949026, -41.097075472619935 ], [ 175.687034571495445, -41.097035204191201 ], [ 175.685444690389915, -41.09628559383804 ], [ 175.685444152400265, -41.096285293272587 ], [ 175.682917805849968, -41.094872534245582 ], [ 175.682622473237188, -41.094701917885565 ], [ 175.682584546958338, -41.094679289890252 ], [ 175.682296398369175, -41.094501783264455 ], [ 175.681666041944652, -41.094100924632933 ], [ 175.680476491419626, -41.093230796834654 ], [ 175.680332964390942, -41.093110115494774 ], [ 175.679314406201428, -41.09212360901369 ], [ 175.678502383567178, -41.091213116166266 ], [ 175.67789977599088, -41.090460573006496 ], [ 175.677827933543369, -41.090360084121869 ], [ 175.677325271786856, -41.089566644932873 ], [ 175.677278753079804, -41.089482955073315 ], [ 175.676925934234447, -41.089433338434517 ], [ 175.676726677256966, -41.089392859974652 ], [ 175.674966105884522, -41.088920371876753 ], [ 175.674933077137638, -41.088909229843672 ], [ 175.673816673406492, -41.088450020452036 ], [ 175.673705302904267, -41.088561438694114 ], [ 175.67353086386413, -41.088688448613844 ] ], [ [ 175.580064672153611, -41.067039589850246 ], [ 175.580436403987136, -41.066625922778677 ], [ 175.578888586975268, -41.067119951339002 ], [ 175.578653627442264, -41.067163846241812 ], [ 175.576058487085731, -41.067331019062202 ], [ 175.575851019258607, -41.068151887771961 ], [ 175.575977127668892, -41.068543640361462 ], [ 175.575996924497218, -41.068726187967094 ], [ 175.575862554632096, -41.070076101052685 ], [ 175.576927095837789, -41.070436360627014 ], [ 175.57712986124173, -41.070536365413936 ], [ 175.578409993300852, -41.071411484374678 ], [ 175.578419258321276, -41.071263967086253 ], [ 175.578654000305562, -41.069861885750072 ], [ 175.578658474255718, -41.069845566210205 ], [ 175.579180128214887, -41.068488535063835 ], [ 175.579258052040416, -41.068332635469766 ], [ 175.580053754330919, -41.067054064515261 ], [ 175.580064672153611, -41.067039589850246 ] ], [ [ 175.589689808562042, -41.062266457393896 ], [ 175.590625838650396, -41.062244358353183 ], [ 175.588858020852086, -41.060425023912821 ], [ 175.58874691127059, -41.060262310498459 ], [ 175.588580098438911, -41.059881252118196 ], [ 175.588044258564508, -41.059635106238595 ], [ 175.587511985378541, -41.061362557708016 ], [ 175.587420831827728, -41.061532228722214 ], [ 175.58630054245063, -41.06293627257083 ], [ 175.587621218155817, -41.062576702202854 ], [ 175.587833649616982, -41.06253276141743 ], [ 175.58966792026132, -41.062268282395642 ], [ 175.589689808562042, -41.062266457393896 ] ], [ [ 175.563170146776514, -40.980825537979484 ], [ 175.563328456219153, -40.980687133840178 ], [ 175.565420939653166, -40.979352679803824 ], [ 175.564014116289741, -40.979020125554179 ], [ 175.563789749872967, -40.97895203267376 ], [ 175.5605967714923, -40.977508077907551 ], [ 175.560411161959138, -40.977390768354049 ], [ 175.557963398419588, -40.975269656415101 ], [ 175.557834716095016, -40.975114616960084 ], [ 175.556371748090214, -40.972524032923353 ], [ 175.556312584794824, -40.972346443195576 ], [ 175.55606351496931, -40.970260362881561 ], [ 175.555594420083736, -40.969935653787751 ], [ 175.555130266737081, -40.969620333997142 ], [ 175.555131603683435, -40.969712875425103 ], [ 175.555096416244822, -40.969894086774332 ], [ 175.554820879575431, -40.970561619431159 ], [ 175.555895366487192, -40.972765622456365 ], [ 175.555942636750245, -40.972945247808347 ], [ 175.556090545749157, -40.975760915760219 ], [ 175.55606226511199, -40.97594282074509 ], [ 175.555066988244079, -40.978622625787501 ], [ 175.556018176268537, -40.980845390023184 ], [ 175.556031711004266, -40.980910382598374 ], [ 175.556191077223701, -40.980911559834801 ], [ 175.559857867030985, -40.981379422640984 ], [ 175.560086999097877, -40.98143771083538 ], [ 175.562034071661856, -40.982207629835884 ], [ 175.563170146776514, -40.980825537979484 ] ], [ [ 176.017719076035206, -40.944665287669679 ], [ 176.017957392754766, -40.944695323815083 ], [ 176.021483380010835, -40.945586567068652 ], [ 176.021697799670676, -40.945670966521469 ], [ 176.024540381739826, -40.947261974688857 ], [ 176.025910208221489, -40.947496501820098 ], [ 176.027142237807226, -40.947761061874367 ], [ 176.027299496250208, -40.947801888953663 ], [ 176.027798440382213, -40.94795466260625 ], [ 176.027828862186567, -40.947845131220618 ], [ 176.028052203526414, -40.946946992599074 ], [ 176.028074674152407, -40.946859033292995 ], [ 176.028077670257687, -40.946847609880713 ], [ 176.028101293557484, -40.946759824382063 ], [ 176.028353550265649, -40.945845643130951 ], [ 176.028583246232358, -40.944930004734971 ], [ 176.028605533502173, -40.944843468804571 ], [ 176.028608503385698, -40.944832230154795 ], [ 176.028631906629954, -40.944745863780639 ], [ 176.028878946052799, -40.94385629209247 ], [ 176.029087432402349, -40.943013435872452 ], [ 176.028922684569807, -40.942777401164193 ], [ 176.028844471576235, -40.942604084667224 ], [ 176.028206128780283, -40.939827770378045 ], [ 176.028202377172988, -40.939644609762901 ], [ 176.02872665665646, -40.936854597794806 ], [ 176.028797723746266, -40.936679522102786 ], [ 176.030433161027759, -40.934148900829243 ], [ 176.030572082152645, -40.933999045505495 ], [ 176.032232906370183, -40.932699670323913 ], [ 176.03278014541948, -40.93184663461372 ], [ 176.032792031037701, -40.931831297477032 ], [ 176.032884640419354, -40.931713846188515 ], [ 176.03419669331069, -40.930078128438311 ], [ 176.034199444257837, -40.930074700466328 ], [ 176.034970710271551, -40.929114832572921 ], [ 176.034902915924931, -40.928732869393251 ], [ 176.034890033755545, -40.928657911372262 ], [ 176.034888413015977, -40.928648161671411 ], [ 176.034876360729299, -40.928573124294651 ], [ 176.034654438271275, -40.927141385112613 ], [ 176.034635410668983, -40.926895804380941 ], [ 176.033491659214206, -40.925105612592439 ], [ 176.033421637411806, -40.924930297198586 ], [ 176.032913950086908, -40.922138523691103 ], [ 176.03291878334764, -40.921955376970693 ], [ 176.033573305138873, -40.919181245147399 ], [ 176.033652510449429, -40.919008194517886 ], [ 176.035405031487585, -40.916523234530821 ], [ 176.035550847992141, -40.916377217003557 ], [ 176.036298877334758, -40.915832010888892 ], [ 176.036356628203492, -40.915606522093981 ], [ 176.036395111686318, -40.915489089083849 ], [ 176.036752825703786, -40.91459739139097 ], [ 176.037165730736831, -40.91373169248569 ], [ 176.03725492280887, -40.913539943476636 ], [ 176.037240009530791, -40.913426729862771 ], [ 176.036814956596089, -40.9129517412279 ], [ 176.036712254531551, -40.912785951796913 ], [ 176.03567768228325, -40.91007923415448 ], [ 176.035655872953441, -40.909947710171366 ], [ 176.035201679937046, -40.909374701484062 ], [ 176.035106940059251, -40.909234581771528 ], [ 176.034600551506344, -40.908314170129842 ], [ 176.034255302693339, -40.908521264687657 ], [ 176.033761766290183, -40.90880181409257 ], [ 176.033696401449419, -40.908836997032239 ], [ 176.032096969103179, -40.909561902472468 ], [ 176.031951828617451, -40.909616451510672 ], [ 176.030222581460492, -40.910142583701621 ], [ 176.030146082675145, -40.910160718187761 ], [ 176.029698006031481, -40.910257320688672 ], [ 176.028834142660088, -40.911052831175837 ], [ 176.028653344031767, -40.911174253220828 ], [ 176.02552079823883, -40.912689138710483 ], [ 176.025299380391374, -40.912762226574124 ], [ 176.021702981788337, -40.91346849782834 ], [ 176.021462625506075, -40.913486094517914 ], [ 176.018657269269482, -40.913356353998836 ], [ 176.017878650127642, -40.913835702984358 ], [ 176.017669654645772, -40.913927461756494 ], [ 176.014202762897099, -40.914940132210567 ], [ 176.013966612627712, -40.914978399362354 ], [ 176.012222567075781, -40.915049062884158 ], [ 176.011459455741175, -40.915702832397031 ], [ 176.011265751301124, -40.915844613033777 ], [ 176.011272297190231, -40.915849162983818 ], [ 176.011226853516831, -40.915886784694912 ], [ 176.01066823825542, -40.916281952663979 ], [ 176.010118561539514, -40.916684271364787 ], [ 176.010066637971107, -40.916716711556838 ], [ 176.010060993555498, -40.916711512884582 ], [ 176.009864130861132, -40.916850770132093 ], [ 176.008459084540021, -40.917698549601056 ], [ 176.008405306908486, -40.917730805443163 ], [ 176.008398299912898, -40.917734983357136 ], [ 176.008344277612508, -40.917767003114541 ], [ 176.007383265755351, -40.91833321697613 ], [ 176.006122271189014, -40.919079547368511 ], [ 176.00530367909019, -40.919523028923763 ], [ 176.005194235909215, -40.919577161698705 ], [ 176.004329087197164, -40.919966491712536 ], [ 176.001717829506305, -40.921030794080465 ], [ 176.001684795380982, -40.921044206701779 ], [ 176.001680497326674, -40.921045945199047 ], [ 176.001647407539082, -40.921059278689519 ], [ 176.001174193571018, -40.921249232586121 ], [ 175.999147960812763, -40.922070864759327 ], [ 175.996525786446483, -40.923139104993112 ], [ 175.995134159835231, -40.923621155379678 ], [ 175.9949486869005, -40.923674740271231 ], [ 175.993486886520031, -40.924017071949123 ], [ 175.98905678526117, -40.924821485568323 ], [ 175.987905769510007, -40.925105733043665 ], [ 175.985085711439524, -40.926450340834592 ], [ 175.985007208254956, -40.926487446767943 ], [ 175.984996978222171, -40.926492240318289 ], [ 175.984918096287572, -40.926528881312777 ], [ 175.984350131178644, -40.926790399377332 ], [ 175.984149306012597, -40.927045641915633 ], [ 175.983993169591741, -40.927238535324157 ], [ 175.983972459626528, -40.927263414084358 ], [ 175.983809981186795, -40.927453270823456 ], [ 175.983661110568306, -40.927622530270057 ], [ 175.983571243586567, -40.927733127052349 ], [ 175.983548994412729, -40.927759701834624 ], [ 175.982429627657126, -40.928889783294601 ], [ 175.982297029246496, -40.929003789584378 ], [ 175.980958310194296, -40.929987133432036 ], [ 175.980926320572166, -40.930007192217559 ], [ 175.980677510747967, -40.930158981234882 ], [ 175.977011969794376, -40.932334143640638 ], [ 175.976294651653177, -40.932763087350374 ], [ 175.975474885339082, -40.933525093902986 ], [ 175.97540101186658, -40.933593079718918 ], [ 175.975391351544914, -40.933601882045423 ], [ 175.975316604684082, -40.933669316636561 ], [ 175.975105052548912, -40.933858288347857 ], [ 175.974194389255842, -40.934585473275249 ], [ 175.974069439856663, -40.934674723576379 ], [ 175.973057804879716, -40.935320619320159 ], [ 175.972227340814982, -40.935793516162093 ], [ 175.972044576838385, -40.935902341572096 ], [ 175.971961791206468, -40.935951188865531 ], [ 175.971950992301657, -40.935957502849014 ], [ 175.971867640936409, -40.936005793762526 ], [ 175.971032978794909, -40.936484949792863 ], [ 175.972895579389558, -40.936334850219474 ], [ 175.972897610932478, -40.936334686620889 ], [ 175.97413705770245, -40.936235076685165 ], [ 175.974590873772627, -40.936221151454028 ], [ 175.975624699850982, -40.935817906199887 ], [ 175.9756654009812, -40.935802105429538 ], [ 175.975670697320226, -40.935800059059346 ], [ 175.97571147832889, -40.935784377211249 ], [ 175.977970562471739, -40.934919780493495 ], [ 175.979695222525464, -40.934383895062034 ], [ 175.979925231571627, -40.934327956057828 ], [ 175.983597764366976, -40.933897689618924 ], [ 175.983839308373632, -40.933898382449698 ], [ 175.987507447487275, -40.934349705035622 ], [ 175.987736892361255, -40.934406962027033 ], [ 175.991041717246077, -40.935695714607228 ], [ 175.991236611214447, -40.935803933347202 ], [ 175.993854708515727, -40.937804010887056 ], [ 175.993995976849646, -40.937952601750801 ], [ 175.995671065544116, -40.940468279297399 ], [ 175.995744876636451, -40.940642700667432 ], [ 175.996312895879129, -40.94342777067385 ], [ 175.996312016428078, -40.943610951041514 ], [ 175.99571721987823, -40.946392806876986 ], [ 175.995641726047324, -40.946566815129209 ], [ 175.993942193946594, -40.949073129808582 ], [ 175.993799467699432, -40.949220930503529 ], [ 175.9930061328308, -40.94981802499003 ], [ 175.993020638667133, -40.949840450372243 ], [ 175.993020882186869, -40.949840916404256 ], [ 175.993570556154225, -40.951195546642779 ], [ 175.99359570543092, -40.951280930651166 ], [ 175.993620951180247, -40.951366298295312 ], [ 175.99362595733092, -40.951392883027054 ], [ 175.994474286251886, -40.95195002754015 ], [ 175.994933104801135, -40.951501011200833 ], [ 175.995265816924871, -40.951189940142335 ], [ 175.995310233364791, -40.951150249655974 ], [ 175.995660851063349, -40.95085069779136 ], [ 175.996036273496031, -40.950543965081437 ], [ 175.996259005124159, -40.950288579855695 ], [ 175.996315387711007, -40.950224527710851 ], [ 175.996322764250749, -40.950216224837042 ], [ 175.996379866890095, -40.950152540461282 ], [ 175.997087008296234, -40.949371085744872 ], [ 175.997114142313137, -40.949341228754243 ], [ 175.997117680023308, -40.949337352742873 ], [ 175.997144972316221, -40.949307578789515 ], [ 175.997697398776097, -40.94870749433953 ], [ 175.99806023276679, -40.948334205411953 ], [ 175.998109016535125, -40.948286630152907 ], [ 175.998496702003195, -40.947927991932346 ], [ 175.998740294099861, -40.947714122688659 ], [ 175.998882186608427, -40.947591796720687 ], [ 175.998900820737589, -40.947576022097834 ], [ 176.000249651645589, -40.946600370809179 ], [ 176.000415578878119, -40.946497939581782 ], [ 176.001949055855533, -40.945694265192124 ], [ 176.001973205884184, -40.945683627966474 ], [ 176.003653580467301, -40.945071714849888 ], [ 176.003853125322536, -40.945013168446216 ], [ 176.005639030694851, -40.944608075855335 ], [ 176.005666333233933, -40.944603616905368 ], [ 176.005876761722476, -40.944570757155176 ], [ 176.006267166479745, -40.944512577182252 ], [ 176.006721022826753, -40.944451847882817 ], [ 176.006780203826054, -40.94444482356289 ], [ 176.00723682448762, -40.944397486391459 ], [ 176.007406579153468, -40.944382424946276 ], [ 176.008402980076653, -40.944085605714839 ], [ 176.008638884247006, -40.944046118425597 ], [ 176.012348818783948, -40.943876533742397 ], [ 176.012589270097777, -40.943894246384758 ], [ 176.016186799029754, -40.944602129742805 ], [ 176.01635400130553, -40.944657377586537 ], [ 176.017719076035206, -40.944665287669679 ] ], [ [ 176.058683427556986, -40.899429144985255 ], [ 176.058725072599742, -40.899604344031118 ], [ 176.058909621344469, -40.900970613449921 ], [ 176.058933297868776, -40.901666122612163 ], [ 176.058982311788526, -40.901669527422051 ], [ 176.060042763934916, -40.901745360887688 ], [ 176.060057230994119, -40.90174640214407 ], [ 176.060059111603437, -40.901746538380678 ], [ 176.060073576995478, -40.901747593072287 ], [ 176.060630175890878, -40.901788434935057 ], [ 176.061018867384462, -40.901508056104724 ], [ 176.061576186189143, -40.901011834399206 ], [ 176.061597855974867, -40.900992594810944 ], [ 176.061600677671322, -40.900990096671769 ], [ 176.061622418600479, -40.900970903349851 ], [ 176.06217117885663, -40.900487816391191 ], [ 176.062220025394851, -40.900440021483341 ], [ 176.062283736886258, -40.900385741042435 ], [ 176.062283777221381, -40.900385651550287 ], [ 176.062396672371392, -40.900223728593787 ], [ 176.064625654211483, -40.8979694094716 ], [ 176.06466021081792, -40.897943980055331 ], [ 176.064753788004452, -40.897555054011612 ], [ 176.064833763971563, -40.897382212739821 ], [ 176.066597150131344, -40.894901888849567 ], [ 176.066743591066341, -40.894756257235343 ], [ 176.06842448264544, -40.893539243878585 ], [ 176.068368966619545, -40.89322922470604 ], [ 176.068365770988947, -40.893211243491109 ], [ 176.068365358659861, -40.893208905617897 ], [ 176.068362210766509, -40.893190919552438 ], [ 176.068210623082933, -40.892318049397694 ], [ 176.068069085106941, -40.891520592439512 ], [ 176.067938807950526, -40.890856559756031 ], [ 176.067929511173105, -40.890808275316687 ], [ 176.067928325006136, -40.890801995901448 ], [ 176.067919373060704, -40.89075367395256 ], [ 176.067787658893366, -40.890028438779908 ], [ 176.067762183953249, -40.889889573994566 ], [ 176.067554399182598, -40.889952368933564 ], [ 176.066978737639346, -40.890129986042858 ], [ 176.064873939777954, -40.89156141836834 ], [ 176.063539301470627, -40.892346619156264 ], [ 176.06335712988863, -40.892438835356202 ], [ 176.061889130430075, -40.893072343650744 ], [ 176.061763773828773, -40.893117811367077 ], [ 176.060276903797529, -40.893939172122614 ], [ 176.058605393394657, -40.89493067388883 ], [ 176.057620086074138, -40.895456263310187 ], [ 176.057487762632633, -40.895519488969427 ], [ 176.056755891606201, -40.895811025738233 ], [ 176.05719833963488, -40.89632242018115 ], [ 176.057304099970395, -40.896468485756344 ], [ 176.058070234070556, -40.89775687512909 ], [ 176.058077689656841, -40.897772600853436 ], [ 176.05813390276046, -40.897893878499907 ], [ 176.058227289047238, -40.898100043735347 ], [ 176.058683427556986, -40.899429144985255 ] ], [ [ 176.056614096335124, -40.984197493376456 ], [ 176.05662456402257, -40.984198118398382 ], [ 176.056705063145387, -40.984203133539239 ], [ 176.056786706013014, -40.98420843155867 ], [ 176.056602386194839, -40.983902770888136 ], [ 176.056590356194874, -40.983882756631068 ], [ 176.056588796489677, -40.983880153335384 ], [ 176.056576831025239, -40.98386011688968 ], [ 176.055970511612344, -40.982841494964312 ], [ 176.055838880524163, -40.98261188857834 ], [ 176.055822319141555, -40.982581865320569 ], [ 176.05569915970139, -40.982349575442733 ], [ 176.055252785621548, -40.981472624734515 ], [ 176.053596041569108, -40.98073485845962 ], [ 176.053409363645983, -40.980618488815288 ], [ 176.050942399388731, -40.978509726180306 ], [ 176.05081232012958, -40.97835533246311 ], [ 176.049326100376561, -40.975772023598189 ], [ 176.049265348530497, -40.975594722274465 ], [ 176.049220156977896, -40.975242720287092 ], [ 176.049122715377166, -40.975196527845874 ], [ 176.049092035620106, -40.975181599436169 ], [ 176.04839124118439, -40.974778424010637 ], [ 176.048276490424286, -40.974770300500218 ], [ 176.048042319875236, -40.974724941828235 ], [ 176.044656066811143, -40.973617651653576 ], [ 176.04466529733088, -40.973625735207989 ], [ 176.044700920570364, -40.973659533726845 ], [ 176.044827972642878, -40.973768825446029 ], [ 176.044957416559043, -40.973923521145394 ], [ 176.044959207194154, -40.973926659922704 ], [ 176.045562095267371, -40.974571069724007 ], [ 176.046291281488294, -40.975453440502434 ], [ 176.046300463274065, -40.975464568998554 ], [ 176.046301655515521, -40.975466016361835 ], [ 176.046310815906139, -40.975477154993371 ], [ 176.047055242279612, -40.976383800648286 ], [ 176.047547000345361, -40.977042941063743 ], [ 176.047606068570957, -40.977130512435529 ], [ 176.048023051827045, -40.97781862419744 ], [ 176.048372392576681, -40.978465491071752 ], [ 176.048393053725647, -40.978504001725383 ], [ 176.04839572441827, -40.978509012780663 ], [ 176.048416150848198, -40.97854759528515 ], [ 176.048429483163432, -40.978572947157218 ], [ 176.048640685378416, -40.978731650333728 ], [ 176.048783591959506, -40.978879387768032 ], [ 176.04972177215447, -40.980260197742879 ], [ 176.050398070787338, -40.980533571438599 ], [ 176.050590926169889, -40.98064400382502 ], [ 176.053170781709014, -40.982673757527635 ], [ 176.053309178353175, -40.982823945148979 ], [ 176.05409193181157, -40.984044045887941 ], [ 176.05459204403013, -40.984066373017292 ], [ 176.054858485985108, -40.984080545223875 ], [ 176.05489309176258, -40.984082682216339 ], [ 176.055159046403617, -40.984101386818054 ], [ 176.055837555878639, -40.984154936594052 ], [ 176.056533554112264, -40.984192892795406 ], [ 176.056614096335124, -40.984197493376456 ] ], [ [ 176.056715272360378, -41.088315977578716 ], [ 176.056694615868878, -41.088307840544523 ], [ 176.056536342421936, -41.0882443433239 ], [ 176.055992429586496, -41.088022147299213 ], [ 176.055843190222618, -41.087999420058104 ], [ 176.055616234402947, -41.087935626969859 ], [ 176.054960311819713, -41.087656214050931 ], [ 176.052524187611027, -41.087576778306349 ], [ 176.052286911189157, -41.087540356472921 ], [ 176.051838502977546, -41.087413721335608 ], [ 176.050666928474783, -41.087771070906904 ], [ 176.050430980869919, -41.087812140545523 ], [ 176.048099415655798, -41.08793411110971 ], [ 176.048423996318746, -41.088137270741413 ], [ 176.049230034391883, -41.088637449439979 ], [ 176.049231343134181, -41.088638261672138 ], [ 176.051368110334579, -41.089964827620939 ], [ 176.051601684711102, -41.090108819274924 ], [ 176.052133169210492, -41.090325888762649 ], [ 176.052139638220808, -41.09032853274536 ], [ 176.052851940278885, -41.090620205425893 ], [ 176.054420141983087, -41.091388425578046 ], [ 176.054612430954222, -41.09149974183758 ], [ 176.057180272835353, -41.093541298767342 ], [ 176.057317693320925, -41.093692118045887 ], [ 176.057494281999851, -41.093971209152095 ], [ 176.057184924597436, -41.093191357520595 ], [ 176.057152463373029, -41.093009832382563 ], [ 176.057236676532597, -41.090192416996807 ], [ 176.05727994885973, -41.090012187401719 ], [ 176.057736400076209, -41.088704692461619 ], [ 176.056874791086784, -41.088377665497816 ], [ 176.056715272360378, -41.088315977578716 ] ], [ [ 175.673650188706517, -40.865323207848952 ], [ 175.673663302186753, -40.865312017526186 ], [ 175.674257286045929, -40.864805986615764 ], [ 175.674814127682595, -40.864323448867978 ], [ 175.674366037187269, -40.864164869721449 ], [ 175.674361379049031, -40.86416322027388 ], [ 175.673430635165829, -40.863833163138992 ], [ 175.673127098736529, -40.863710427632576 ], [ 175.671864103544721, -40.86483731478431 ], [ 175.671734866708704, -40.864921425384857 ], [ 175.671680968751616, -40.86532394821181 ], [ 175.671601942200851, -40.8657919357954 ], [ 175.671589577459343, -40.865852528234129 ], [ 175.671494644858257, -40.866248822567542 ], [ 175.671722117782735, -40.866489239535781 ], [ 175.672376757490383, -40.866111148728059 ], [ 175.673089807233055, -40.865749301897267 ], [ 175.67323038383384, -40.865683224134337 ], [ 175.67363539659118, -40.865335870526884 ], [ 175.673648485548114, -40.865324663665881 ], [ 175.673650188706517, -40.865323207848952 ] ] ] ] } }
]
}
